{
  "results": [
    {
      "command": "npm",
      "mean": 5.36089370638,
      "stddev": 0.020718799398702505,
      "median": 5.355984834180001,
      "user": 5.301812499999999,
      "system": 3.1571927199999994,
      "min": 5.32537619268,
      "max": 5.396220616680001,
      "times": [
        5.36968734968,
        5.341656325680001,
        5.32537619268,
        5.353080745680001,
        5.36781578468,
        5.34983905068,
        5.3578333676800005,
        5.3541363006800005,
        5.396220616680001,
        5.39329132968
      ],
      "exit_codes": [
        0,
        0,
        0,
        0,
        0,
        0,
        0,
        0,
        0,
        0
      ]
    },
    {
      "command": "snpm",
      "mean": 0.10785928168,
      "stddev": 0.0020584684885191712,
      "median": 0.10730371668000001,
      "user": 0.0228008,
      "system": 0.08740682,
      "min": 0.10513995168000001,
      "max": 0.11138327368,
      "times": [
        0.10774026068,
        0.11038627868,
        0.10557255568,
        0.10698986968,
        0.11048607468,
        0.10513995168000001,
        0.10760845768,
        0.11138327368,
        0.10628711868,
        0.10699897568000001
      ],
      "exit_codes": [
        0,
        0,
        0,
        0,
        0,
        0,
        0,
        0,
        0,
        0
      ]
    },
    {
      "command": "yarn",
      "mean": 10.71217966508,
      "stddev": 0.11374443238382842,
      "median": 10.68432119168,
      "user": 14.7414797,
      "system": 8.20700472,
      "min": 10.52165471468,
      "max": 10.935661487680001,
      "times": [
        10.935661487680001,
        10.660233292680001,
        10.77425703868,
        10.84575615568,
        10.64293418668,
        10.76058239268,
        10.63243690768,
        10.52165471468,
        10.70840909068,
        10.639871383680001
      ],
      "exit_codes": [
        0,
        0,
        0,
        0,
        0,
        0,
        0,
        0,
        0,
        0
      ]
    },
    {
      "command": "berry",
      "mean": 4.32237840508,
      "stddev": 0.05796311861743416,
      "median": 4.32007546368,
      "user": 7.184081600000001,
      "system": 2.46560262,
      "min": 4.1841391666800005,
      "max": 4.40530901268,
      "times": [
        4.291152134680001,
        4.383000319680001,
        4.32375169468,
        4.40530901268,
        4.1841391666800005,
        4.31614601468,
        4.342299966680001,
        4.36503208368,
        4.31639923268,
        4.29655442468
      ],
      "exit_codes": [
        0,
        0,
        0,
        0,
        0,
        0,
        0,
        0,
        0,
        0
      ]
    },
    {
      "command": "pnpm",
      "mean": 2.2586068354799997,
      "stddev": 0.05339190611371977,
      "median": 2.2426692086799997,
      "user": 3.7714542,
      "system": 1.57950822,
      "min": 2.20158117468,
      "max": 2.38172540768,
      "times": [
        2.20158117468,
        2.24738187768,
        2.23515624668,
        2.26525913268,
        2.22351699268,
        2.23795653968,
        2.25558728168,
        2.33017184968,
        2.2077318516799997,
        2.38172540768
      ],
      "exit_codes": [
        0,
        0,
        0,
        0,
        0,
        0,
        0,
        0,
        0,
        0
      ]
    },
    {
      "command": "vlt",
      "mean": 2.7512376658799997,
      "stddev": 0.029750824536612895,
      "median": 2.75290095318,
      "user": 3.4232721999999995,
      "system": 1.8215705199999999,
      "min": 2.71339985968,
      "max": 2.7938306166799998,
      "times": [
        2.73243939968,
        2.7586531336799998,
        2.7938306166799998,
        2.71339985968,
        2.78318633168,
        2.71569576168,
        2.75936155668,
        2.71683995368,
        2.74714877268,
        2.79182127268
      ],
      "exit_codes": [
        0,
        0,
        0,
        0,
        0,
        0,
        0,
        0,
        0,
        0
      ]
    },
    {
      "command": "bun",
      "mean": 0.5542349118799998,
      "stddev": 0.013950260037389821,
      "median": 0.55239245568,
      "user": 0.5191126999999999,
      "system": 1.04033852,
      "min": 0.52710516968,
      "max": 0.57624463168,
      "times": [
        0.56373294268,
        0.54759882168,
        0.54428218768,
        0.57486890268,
        0.55679165468,
        0.55226049768,
        0.52710516968,
        0.57624463168,
        0.5525244136799999,
        0.54693989668
      ],
      "exit_codes": [
        0,
        0,
        0,
        0,
        0,
        0,
        0,
        0,
        0,
        0
      ]
    },
    {
      "command": "deno",
      "mean": 3.8430220332799996,
      "stddev": 0.09107214166883867,
      "median": 3.85198187168,
      "user": 1.8180579,
      "system": 1.50031882,
      "min": 3.70701347268,
      "max": 3.96272164968,
      "times": [
        3.87218009968,
        3.72995834068,
        3.89537298668,
        3.82405450868,
        3.93954669168,
        3.94280693568,
        3.96272164968,
        3.70701347268,
        3.72478200368,
        3.83178364368
      ],
      "exit_codes": [
        0,
        0,
        0,
        0,
        0,
        0,
        0,
        0,
        0,
        0
      ]
    }
  ]
}