{
  "results": [
    {
      "command": "npm",
      "mean": 3.4825890473800003,
      "stddev": 0.20129873846736074,
      "median": 3.49576741458,
      "user": 0.78260488,
      "system": 0.17705549999999998,
      "min": 3.13605324058,
      "max": 3.80513854958,
      "times": [
        3.3148315775799997,
        3.80513854958,
        3.27018814458,
        3.59249474558,
        3.13605324058,
        3.48549814658,
        3.69980442458,
        3.50603668258,
        3.6607725045799997,
        3.35507245758
      ],
      "exit_codes": [
        0,
        0,
        0,
        0,
        0,
        0,
        0,
        0,
        0,
        0
      ]
    },
    {
      "command": "snpm",
      "mean": 0.11275350758,
      "stddev": 0.0011901862434071395,
      "median": 0.11277613958,
      "user": 0.06939818,
      "system": 0.046872199999999996,
      "min": 0.11062155558,
      "max": 0.11536352858,
      "times": [
        0.11292300558,
        0.11156097558,
        0.11237729658000001,
        0.11324952458000001,
        0.11218707158,
        0.11323809658,
        0.11262927358000001,
        0.11536352858,
        0.11338474758,
        0.11062155558
      ],
      "exit_codes": [
        0,
        0,
        0,
        0,
        0,
        0,
        0,
        0,
        0,
        0
      ]
    },
    {
      "command": "yarn",
      "mean": 6.184414508679999,
      "stddev": 0.13281255171737444,
      "median": 6.130436041579999,
      "user": 6.750494880000001,
      "system": 2.5934628,
      "min": 5.97877400658,
      "max": 6.42893116958,
      "times": [
        6.04852685958,
        6.13639580258,
        6.29462929858,
        6.1231772395799995,
        6.10878876558,
        6.42893116958,
        5.97877400658,
        6.27272925758,
        6.32771640658,
        6.12447628058
      ],
      "exit_codes": [
        0,
        0,
        0,
        0,
        0,
        0,
        0,
        0,
        0,
        0
      ]
    },
    {
      "command": "berry",
      "mean": 2.81614897638,
      "stddev": 0.06364150951773269,
      "median": 2.80736492658,
      "user": 4.048098779999999,
      "system": 1.0355629,
      "min": 2.74343837658,
      "max": 2.93394214858,
      "times": [
        2.74343837658,
        2.86938622158,
        2.75542803258,
        2.93394214858,
        2.88417565458,
        2.80498839958,
        2.74547368158,
        2.7580625205800002,
        2.8568532745799997,
        2.80974145358
      ],
      "exit_codes": [
        0,
        0,
        0,
        0,
        0,
        0,
        0,
        0,
        0,
        0
      ]
    },
    {
      "command": "pnpm",
      "mean": 1.51863931638,
      "stddev": 0.03690836197013874,
      "median": 1.51641089308,
      "user": 1.7625069799999995,
      "system": 0.448749,
      "min": 1.4601024465799999,
      "max": 1.57367295958,
      "times": [
        1.5088522655799999,
        1.4601024465799999,
        1.57367295958,
        1.51427743058,
        1.49392789858,
        1.51854435558,
        1.5535773065799998,
        1.57201672858,
        1.4700175785799998,
        1.52140419358
      ],
      "exit_codes": [
        0,
        0,
        0,
        0,
        0,
        0,
        0,
        0,
        0,
        0
      ]
    },
    {
      "command": "vlt",
      "mean": 0.27910733988,
      "stddev": 0.002744728724696167,
      "median": 0.27903168158,
      "user": 0.28191588,
      "system": 0.0562642,
      "min": 0.27528911558,
      "max": 0.28407193758000004,
      "times": [
        0.27960887558,
        0.27845448758,
        0.27659538658000005,
        0.27982639158000006,
        0.28407193758000004,
        0.28066550458000006,
        0.27648507858000004,
        0.28300201158000005,
        0.27528911558,
        0.27707460958
      ],
      "exit_codes": [
        0,
        0,
        0,
        0,
        0,
        0,
        0,
        0,
        0,
        0
      ]
    },
    {
      "command": "bun",
      "mean": 0.5934268701800001,
      "stddev": 0.04105666489435043,
      "median": 0.6017824115800001,
      "user": 0.44126297999999997,
      "system": 0.3301618,
      "min": 0.52633453058,
      "max": 0.6520853015800001,
      "times": [
        0.5472067475800001,
        0.6520853015800001,
        0.5909957785800001,
        0.6182518065800001,
        0.52633453058,
        0.62657536158,
        0.63818683058,
        0.54388206758,
        0.5781812325800001,
        0.61256904458
      ],
      "exit_codes": [
        0,
        0,
        0,
        0,
        0,
        0,
        0,
        0,
        0,
        0
      ]
    },
    {
      "command": "deno",
      "mean": 2.23498357878,
      "stddev": 0.0665695411852734,
      "median": 2.24000825858,
      "user": 0.85140578,
      "system": 0.2802119,
      "min": 2.15579400958,
      "max": 2.36760037058,
      "times": [
        2.36760037058,
        2.23412054958,
        2.27512890258,
        2.25189635458,
        2.15754130958,
        2.15677435458,
        2.19911568158,
        2.24589596758,
        2.30596828758,
        2.15579400958
      ],
      "exit_codes": [
        0,
        0,
        0,
        0,
        0,
        0,
        0,
        0,
        0,
        0
      ]
    }
  ]
}