{
  "results": [
    {
      "command": "npm",
      "mean": 23.2859664633,
      "stddev": 1.488758286399164,
      "median": 23.242141993700002,
      "user": 14.97666758,
      "system": 4.469249459999999,
      "min": 21.698023090200003,
      "max": 26.6381054522,
      "times": [
        21.698023090200003,
        23.4458387042,
        23.0384452832,
        24.288812722200003,
        21.7325551222,
        21.7187634912,
        24.039268668200002,
        26.6381054522,
        24.0858843452,
        22.173967754200003
      ],
      "exit_codes": [
        0,
        0,
        0,
        0,
        0,
        0,
        0,
        0,
        0,
        0
      ]
    },
    {
      "command": "snpm",
      "mean": 0.5970370830000001,
      "stddev": 0.003556400328999086,
      "median": 0.5967846242000001,
      "user": 0.38521768,
      "system": 0.22209915999999996,
      "min": 0.5911447982000001,
      "max": 0.6026447682000001,
      "times": [
        0.5974156032000001,
        0.6026447682000001,
        0.5946270112,
        0.6026130872000001,
        0.5992166872000001,
        0.5911447982000001,
        0.5940105832000001,
        0.5981972362000001,
        0.5961536452,
        0.5943474102
      ],
      "exit_codes": [
        0,
        0,
        0,
        0,
        0,
        0,
        0,
        0,
        0,
        0
      ]
    },
    {
      "command": "yarn",
      "mean": 18.545696300700005,
      "stddev": 1.0986295823075467,
      "median": 18.1969201087,
      "user": 18.162055679999998,
      "system": 8.60822456,
      "min": 17.928569944200003,
      "max": 21.7975122442,
      "times": [
        18.1704848922,
        18.492198989200002,
        17.928569944200003,
        18.2233553252,
        21.7975122442,
        18.0494109762,
        18.0700200882,
        18.4690107732,
        17.986576637200002,
        18.269823137200003
      ],
      "exit_codes": [
        0,
        0,
        0,
        0,
        0,
        0,
        0,
        0,
        0,
        0
      ]
    },
    {
      "command": "berry",
      "mean": 6.757621336700001,
      "stddev": 0.3351358125717082,
      "median": 6.6649322827,
      "user": 11.45869798,
      "system": 3.3287477599999997,
      "min": 6.535279409199999,
      "max": 7.7550241512,
      "times": [
        6.6996639822,
        6.671965076199999,
        6.6424859882,
        6.6588730872,
        7.7550241512,
        6.6274624412,
        6.535279409199999,
        6.639811883199999,
        6.6709914781999995,
        6.6746558702
      ],
      "exit_codes": [
        0,
        0,
        0,
        0,
        0,
        0,
        0,
        0,
        0,
        0
      ]
    },
    {
      "command": "pnpm",
      "mean": 4.8080640161999995,
      "stddev": 0.6521651081372871,
      "median": 4.5814189031999994,
      "user": 6.575959079999999,
      "system": 2.4077867599999996,
      "min": 4.5447465662,
      "max": 6.7620460501999995,
      "times": [
        4.5886168972,
        4.5447465662,
        4.5707918441999995,
        4.628843230199999,
        4.5712843822,
        4.6636339501999995,
        6.7620460501999995,
        4.574220909199999,
        4.566167311199999,
        4.6102890212
      ],
      "exit_codes": [
        0,
        0,
        0,
        0,
        0,
        0,
        0,
        0,
        0,
        0
      ]
    },
    {
      "command": "vlt",
      "mean": 6.3048088529,
      "stddev": 0.3101392854237021,
      "median": 6.233158015199999,
      "user": 6.421183479999999,
      "system": 2.62615836,
      "min": 5.9619592412,
      "max": 6.9954985852,
      "times": [
        6.147422240199999,
        6.520606474199999,
        6.288380601199999,
        5.9626708772,
        6.238739025199999,
        5.9619592412,
        6.0665255622,
        6.9954985852,
        6.2275770052,
        6.6387089172
      ],
      "exit_codes": [
        0,
        0,
        0,
        0,
        0,
        0,
        0,
        0,
        0,
        0
      ]
    },
    {
      "command": "bun",
      "mean": 1.5507224405,
      "stddev": 0.03516748378974227,
      "median": 1.5566091542,
      "user": 2.03121728,
      "system": 1.7641446600000001,
      "min": 1.5066149382,
      "max": 1.6105452602,
      "times": [
        1.5146761892,
        1.5671106162,
        1.6105452602,
        1.5887913652,
        1.5066149382,
        1.5468325492,
        1.5663857592000001,
        1.5786328522000002,
        1.5082178962000001,
        1.5194169792
      ],
      "exit_codes": [
        0,
        0,
        0,
        0,
        0,
        0,
        0,
        0,
        0,
        0
      ]
    },
    {
      "command": "deno",
      "mean": 13.197414342799998,
      "stddev": 1.2427417949179667,
      "median": 12.7711746857,
      "user": 4.341232979999999,
      "system": 2.0198357600000003,
      "min": 12.3130533262,
      "max": 16.7619653972,
      "times": [
        13.0772619182,
        12.6212024232,
        12.4215332882,
        13.404305598199999,
        13.3849309212,
        12.7271964772,
        12.4475411842,
        12.3130533262,
        16.7619653972,
        12.815152894199999
      ],
      "exit_codes": [
        0,
        0,
        0,
        0,
        0,
        0,
        0,
        0,
        0,
        0
      ]
    }
  ]
}