{
  "results": [
    {
      "command": "npm",
      "mean": 0.86302671732,
      "stddev": 0.007424420085628171,
      "median": 0.8633742846200001,
      "user": 1.03866444,
      "system": 0.13472835999999996,
      "min": 0.84857875312,
      "max": 0.87872897112,
      "times": [
        0.86380843612,
        0.8589312181200001,
        0.8610868231200001,
        0.8684008951200001,
        0.86486464612,
        0.84857875312,
        0.87872897112,
        0.8658003911200001,
        0.8629401331200001,
        0.85712690612
      ],
      "exit_codes": [
        0,
        0,
        0,
        0,
        0,
        0,
        0,
        0,
        0,
        0
      ]
    },
    {
      "command": "snpm",
      "mean": 0.5264929206200001,
      "stddev": 0.01154342665195027,
      "median": 0.52322722262,
      "user": 0.40187664000000006,
      "system": 0.13465575999999999,
      "min": 0.51394289812,
      "max": 0.55606737412,
      "times": [
        0.51616234912,
        0.52125139412,
        0.51394289812,
        0.55606737412,
        0.51968666312,
        0.53413936112,
        0.52493394812,
        0.53229077312,
        0.52464021012,
        0.52181423512
      ],
      "exit_codes": [
        0,
        0,
        0,
        0,
        0,
        0,
        0,
        0,
        0,
        0
      ]
    },
    {
      "command": "yarn",
      "mean": 7.10159878952,
      "stddev": 0.2171405346648963,
      "median": 7.13002556112,
      "user": 3.8150703399999997,
      "system": 1.0996095599999998,
      "min": 6.72695058512,
      "max": 7.58601830012,
      "times": [
        7.12542962112,
        6.94205068012,
        6.98413444112,
        6.93330842712,
        6.72695058512,
        7.17776668412,
        7.58601830012,
        7.22449104712,
        7.181216608120001,
        7.13462150112
      ],
      "exit_codes": [
        0,
        0,
        0,
        0,
        0,
        0,
        0,
        0,
        0,
        0
      ]
    },
    {
      "command": "berry",
      "mean": 2.63654155752,
      "stddev": 0.03506766392652901,
      "median": 2.64620241212,
      "user": 3.7252322399999995,
      "system": 0.5145589599999999,
      "min": 2.5678304691200005,
      "max": 2.6869977131200002,
      "times": [
        2.65798493112,
        2.6128580791200005,
        2.5926840931200004,
        2.64573131212,
        2.6627544111200003,
        2.6869977131200002,
        2.62320309412,
        2.6466735121200005,
        2.5678304691200005,
        2.6686979601200003
      ],
      "exit_codes": [
        0,
        0,
        0,
        0,
        0,
        0,
        0,
        0,
        0,
        0
      ]
    },
    {
      "command": "pnpm",
      "mean": 1.13409257642,
      "stddev": 0.022944556536340064,
      "median": 1.12929869862,
      "user": 1.62373184,
      "system": 0.22233355999999996,
      "min": 1.10786015112,
      "max": 1.1771917511199999,
      "times": [
        1.10786015112,
        1.11443023112,
        1.13026476312,
        1.12833263412,
        1.11125097112,
        1.17473617612,
        1.12482398512,
        1.13897152012,
        1.1771917511199999,
        1.13306358112
      ],
      "exit_codes": [
        0,
        0,
        0,
        0,
        0,
        0,
        0,
        0,
        0,
        0
      ]
    },
    {
      "command": "vlt",
      "mean": 0.33627289302,
      "stddev": 0.005203815605314363,
      "median": 0.33710579362000004,
      "user": 0.37810263999999993,
      "system": 0.061993660000000006,
      "min": 0.32746045712000005,
      "max": 0.34381311812000004,
      "times": [
        0.32746045712000005,
        0.33045952512000004,
        0.33531038412,
        0.33040007512,
        0.34341939012000006,
        0.33803809012,
        0.33670760512000003,
        0.33750398212000005,
        0.34381311812000004,
        0.33961630312
      ],
      "exit_codes": [
        0,
        0,
        0,
        0,
        0,
        0,
        0,
        0,
        0,
        0
      ]
    },
    {
      "command": "bun",
      "mean": 0.03012558342,
      "stddev": 0.0007261668063865292,
      "median": 0.03017951312,
      "user": 0.009746639999999997,
      "system": 0.025838459999999997,
      "min": 0.02911729812,
      "max": 0.031147755120000002,
      "times": [
        0.03014666112,
        0.02911729812,
        0.03084310412,
        0.03046359812,
        0.031147755120000002,
        0.029507724120000002,
        0.03021236512,
        0.02924578912,
        0.031112672120000004,
        0.02945886712
      ],
      "exit_codes": [
        0,
        0,
        0,
        0,
        0,
        0,
        0,
        0,
        0,
        0
      ]
    },
    {
      "command": "deno",
      "mean": 0.73135724372,
      "stddev": 0.029713415303073587,
      "median": 0.72610746612,
      "user": 0.9748282400000001,
      "system": 0.19458345999999999,
      "min": 0.69078625212,
      "max": 0.8097541031200001,
      "times": [
        0.71536570812,
        0.73574217812,
        0.7109109381200001,
        0.73603072812,
        0.69078625212,
        0.72230945812,
        0.7422919691200001,
        0.72047562812,
        0.8097541031200001,
        0.7299054741200001
      ],
      "exit_codes": [
        0,
        0,
        0,
        0,
        0,
        0,
        0,
        0,
        0,
        0
      ]
    }
  ]
}