{
  "results": [
    {
      "command": "npm",
      "mean": 4.37073130146,
      "stddev": 0.27439000673047803,
      "median": 4.39408936546,
      "user": 1.0791348399999998,
      "system": 0.22058703999999998,
      "min": 3.82511633296,
      "max": 4.801790905960001,
      "times": [
        4.801790905960001,
        4.37781112796,
        4.40774534296,
        4.38043338796,
        4.596694240960001,
        4.56978533096,
        4.14943432996,
        4.05634833496,
        3.82511633296,
        4.54215367996
      ],
      "exit_codes": [
        0,
        0,
        0,
        0,
        0,
        0,
        0,
        0,
        0,
        0
      ]
    },
    {
      "command": "snpm",
      "mean": 0.23517479216000003,
      "stddev": 0.0020946395350009903,
      "median": 0.23537353596000002,
      "user": 0.10722893999999998,
      "system": 0.13461463999999998,
      "min": 0.23130743196000003,
      "max": 0.23794672596000002,
      "times": [
        0.23364631996000002,
        0.23611092696000002,
        0.23757862596000004,
        0.23748888196000004,
        0.23483372096000002,
        0.23130743196000003,
        0.23591335096000002,
        0.23794672596000002,
        0.23388100996000002,
        0.23304092696000003
      ],
      "exit_codes": [
        0,
        0,
        0,
        0,
        0,
        0,
        0,
        0,
        0,
        0
      ]
    },
    {
      "command": "yarn",
      "mean": 12.54962936566,
      "stddev": 0.18521808388231248,
      "median": 12.52521771196,
      "user": 15.626801539999999,
      "system": 8.768395539999998,
      "min": 12.31718311296,
      "max": 13.00660990696,
      "times": [
        12.43882371996,
        12.41960048596,
        12.612089685960001,
        12.31718311296,
        12.672275087960001,
        13.00660990696,
        12.59431169996,
        12.55491088596,
        12.49552453796,
        12.38496453296
      ],
      "exit_codes": [
        0,
        0,
        0,
        0,
        0,
        0,
        0,
        0,
        0,
        0
      ]
    },
    {
      "command": "berry",
      "mean": 3.50687588196,
      "stddev": 0.08035707525123524,
      "median": 3.47890017046,
      "user": 6.508235339999999,
      "system": 1.45187894,
      "min": 3.4083129739599998,
      "max": 3.64776180496,
      "times": [
        3.4415006399599997,
        3.5905521559599998,
        3.59578322096,
        3.5584266319599998,
        3.4083129739599998,
        3.41213233396,
        3.64776180496,
        3.47215545796,
        3.48564488296,
        3.45648871696
      ],
      "exit_codes": [
        0,
        0,
        0,
        0,
        0,
        0,
        0,
        0,
        0,
        0
      ]
    },
    {
      "command": "pnpm",
      "mean": 2.41476562506,
      "stddev": 0.055508629092696424,
      "median": 2.41106387796,
      "user": 3.7490924399999996,
      "system": 1.1957478400000001,
      "min": 2.3339518409599997,
      "max": 2.5194039179599996,
      "times": [
        2.37170698996,
        2.42600863396,
        2.40453234696,
        2.41759540896,
        2.46944726196,
        2.47288132696,
        2.5194039179599996,
        2.37405482396,
        2.3580736989599997,
        2.3339518409599997
      ],
      "exit_codes": [
        0,
        0,
        0,
        0,
        0,
        0,
        0,
        0,
        0,
        0
      ]
    },
    {
      "command": "vlt",
      "mean": 0.30480168906,
      "stddev": 0.005243420189195107,
      "median": 0.30386421396,
      "user": 0.32376554,
      "system": 0.06660234000000001,
      "min": 0.29854177396,
      "max": 0.31910086196,
      "times": [
        0.30255532196,
        0.30421530596,
        0.30531850696,
        0.30103528596,
        0.31910086196,
        0.30257129896,
        0.30365124896,
        0.29854177396,
        0.30407717896,
        0.30695010696
      ],
      "exit_codes": [
        0,
        0,
        0,
        0,
        0,
        0,
        0,
        0,
        0,
        0
      ]
    },
    {
      "command": "bun",
      "mean": 1.30681893006,
      "stddev": 0.15485983564815387,
      "median": 1.2421965894600002,
      "user": 0.86398264,
      "system": 1.01743994,
      "min": 1.1945115189600002,
      "max": 1.7339602819600002,
      "times": [
        1.26329588596,
        1.3424490179600002,
        1.1945115189600002,
        1.2430730379600001,
        1.24132014096,
        1.21210242996,
        1.21316123796,
        1.4000089469600001,
        1.7339602819600002,
        1.22430680196
      ],
      "exit_codes": [
        0,
        0,
        0,
        0,
        0,
        0,
        0,
        0,
        0,
        0
      ]
    },
    {
      "command": "deno",
      "mean": 6.853956322060002,
      "stddev": 0.5179327084093794,
      "median": 7.01620681646,
      "user": 1.57942404,
      "system": 0.37293533999999995,
      "min": 5.9496658379600005,
      "max": 7.74486757196,
      "times": [
        6.784992405960001,
        7.05225026196,
        6.46495788196,
        5.9496658379600005,
        6.9836968849600005,
        7.24087903896,
        7.17101556296,
        6.09852102596,
        7.74486757196,
        7.04871674796
      ],
      "exit_codes": [
        0,
        0,
        0,
        0,
        0,
        0,
        0,
        0,
        0,
        0
      ]
    }
  ]
}