{
  "results": [
    {
      "command": "npm",
      "mean": 10.015735371280002,
      "stddev": 0.07301271844149887,
      "median": 9.99237293778,
      "user": 10.520262319999999,
      "system": 4.6518150799999995,
      "min": 9.91603416128,
      "max": 10.152935383280001,
      "times": [
        10.152935383280001,
        9.998414201280001,
        10.089080346280001,
        9.97433769428,
        9.91603416128,
        9.989387290280002,
        10.116439744280001,
        9.974328728280001,
        9.951037578280001,
        9.99535858528
      ],
      "exit_codes": [
        0,
        0,
        0,
        0,
        0,
        0,
        0,
        0,
        0,
        0
      ]
    },
    {
      "command": "snpm",
      "mean": 0.5981255267800001,
      "stddev": 0.010797640976527101,
      "median": 0.59510936278,
      "user": 0.36699921999999996,
      "system": 0.23898568,
      "min": 0.58740449328,
      "max": 0.62539873128,
      "times": [
        0.59883922428,
        0.5962443482800001,
        0.62539873128,
        0.5883163072800001,
        0.58740449328,
        0.59121647328,
        0.59397437728,
        0.60251990928,
        0.60648034928,
        0.59086105428
      ],
      "exit_codes": [
        0,
        0,
        0,
        0,
        0,
        0,
        0,
        0,
        0,
        0
      ]
    },
    {
      "command": "yarn",
      "mean": 7.21076560648,
      "stddev": 0.15069786092948345,
      "median": 7.18241299328,
      "user": 5.65093062,
      "system": 4.73474028,
      "min": 6.98264323828,
      "max": 7.44922111528,
      "times": [
        7.14894691028,
        7.33781351728,
        6.98264323828,
        7.44922111528,
        7.14779797028,
        7.44552396928,
        7.20924168428,
        7.15558430228,
        7.02073721128,
        7.21014614628
      ],
      "exit_codes": [
        0,
        0,
        0,
        0,
        0,
        0,
        0,
        0,
        0,
        0
      ]
    },
    {
      "command": "berry",
      "mean": 5.60295710058,
      "stddev": 0.03593162337929725,
      "median": 5.60739026028,
      "user": 7.1576159200000005,
      "system": 2.6918787799999992,
      "min": 5.53082935228,
      "max": 5.64827855128,
      "times": [
        5.55207612028,
        5.53082935228,
        5.64827855128,
        5.60948502828,
        5.61945488928,
        5.62948111528,
        5.59450247528,
        5.59378216828,
        5.60529549228,
        5.64638581328
      ],
      "exit_codes": [
        0,
        0,
        0,
        0,
        0,
        0,
        0,
        0,
        0,
        0
      ]
    },
    {
      "command": "pnpm",
      "mean": 3.43425530298,
      "stddev": 0.07320622035785744,
      "median": 3.41758409028,
      "user": 4.696382219999999,
      "system": 1.41352638,
      "min": 3.34727114828,
      "max": 3.5520502072799998,
      "times": [
        3.36390974428,
        3.37001987928,
        3.3701141522799998,
        3.34727114828,
        3.5497513652799997,
        3.5520502072799998,
        3.42656327528,
        3.4523631882799997,
        3.40860490528,
        3.50190516428
      ],
      "exit_codes": [
        0,
        0,
        0,
        0,
        0,
        0,
        0,
        0,
        0,
        0
      ]
    },
    {
      "command": "vlt",
      "mean": 3.5466813939799997,
      "stddev": 0.0516015644762307,
      "median": 3.56675185828,
      "user": 3.649228119999999,
      "system": 2.91968798,
      "min": 3.44822988928,
      "max": 3.6066959812799997,
      "times": [
        3.44822988928,
        3.5240691692799997,
        3.58143122128,
        3.48193766128,
        3.58248832628,
        3.56911551028,
        3.56438820628,
        3.60526457028,
        3.50319340428,
        3.6066959812799997
      ],
      "exit_codes": [
        0,
        0,
        0,
        0,
        0,
        0,
        0,
        0,
        0,
        0
      ]
    },
    {
      "command": "bun",
      "mean": 0.31089549488,
      "stddev": 0.0026554878604726066,
      "median": 0.31042397928,
      "user": 0.015542919999999998,
      "system": 0.30047937999999996,
      "min": 0.30795600628,
      "max": 0.31645445928,
      "times": [
        0.30795600628,
        0.30849001528000003,
        0.30899602928000003,
        0.31183437028,
        0.30992342328,
        0.31092453528,
        0.31375076228,
        0.30797600828,
        0.31645445928,
        0.31264933928
      ],
      "exit_codes": [
        0,
        0,
        0,
        0,
        0,
        0,
        0,
        0,
        0,
        0
      ]
    },
    {
      "command": "deno",
      "mean": 1.08525644308,
      "stddev": 0.016583798663852026,
      "median": 1.07973067528,
      "user": 1.2990420200000001,
      "system": 0.81744328,
      "min": 1.05479302428,
      "max": 1.11142254128,
      "times": [
        1.07212362428,
        1.1008604742800001,
        1.07517604228,
        1.0919206322800001,
        1.11142254128,
        1.1072188062800001,
        1.05479302428,
        1.0795879352800002,
        1.07965655928,
        1.0798047912800002
      ],
      "exit_codes": [
        0,
        0,
        0,
        0,
        0,
        0,
        0,
        0,
        0,
        0
      ]
    }
  ]
}