{
  "results": [
    {
      "command": "npm",
      "mean": 0.97952708546,
      "stddev": 0.012088204917078061,
      "median": 0.9755629242600001,
      "user": 1.04773566,
      "system": 0.19831506000000002,
      "min": 0.9655661572600001,
      "max": 1.00992521026,
      "times": [
        0.97874009626,
        0.9750099682600001,
        0.9655661572600001,
        0.9810633202600001,
        0.9745839322600001,
        0.99150658426,
        0.9761158802600001,
        0.9695666402600001,
        1.00992521026,
        0.97319306526
      ],
      "exit_codes": [
        0,
        0,
        0,
        0,
        0,
        0,
        0,
        0,
        0,
        0
      ]
    },
    {
      "command": "snpm",
      "mean": 0.59036169316,
      "stddev": 0.004340772452428641,
      "median": 0.5901364477600001,
      "user": 0.35513696,
      "system": 0.24180515999999996,
      "min": 0.5833953942600001,
      "max": 0.59970566126,
      "times": [
        0.5867692762600001,
        0.5892867042600001,
        0.59142555626,
        0.59420257726,
        0.5833953942600001,
        0.58761632626,
        0.5928155122600001,
        0.59970566126,
        0.58741373226,
        0.5909861912600001
      ],
      "exit_codes": [
        0,
        0,
        0,
        0,
        0,
        0,
        0,
        0,
        0,
        0
      ]
    },
    {
      "command": "yarn",
      "mean": 5.13150606706,
      "stddev": 0.11175379879608718,
      "median": 5.13255065176,
      "user": 3.94486486,
      "system": 1.5042639599999998,
      "min": 4.95083322826,
      "max": 5.35303573726,
      "times": [
        5.00026156826,
        4.95083322826,
        5.12579921826,
        5.13930208526,
        5.1019646522599995,
        5.35303573726,
        5.20675061626,
        5.23869036326,
        5.15280173826,
        5.04562146326
      ],
      "exit_codes": [
        0,
        0,
        0,
        0,
        0,
        0,
        0,
        0,
        0,
        0
      ]
    },
    {
      "command": "berry",
      "mean": 2.77631311666,
      "stddev": 0.1415821499317386,
      "median": 2.72795708026,
      "user": 3.5576330599999997,
      "system": 0.6794327599999999,
      "min": 2.66990749126,
      "max": 3.18328363926,
      "times": [
        3.18328363926,
        2.66990749126,
        2.70689573526,
        2.73467483126,
        2.82629672026,
        2.69788673326,
        2.71238893726,
        2.74299048426,
        2.72123932926,
        2.76756726526
      ],
      "exit_codes": [
        0,
        0,
        0,
        0,
        0,
        0,
        0,
        0,
        0,
        0
      ]
    },
    {
      "command": "pnpm",
      "mean": 1.1746865882599997,
      "stddev": 0.055076262243389906,
      "median": 1.15381592026,
      "user": 1.7310604599999997,
      "system": 0.3391924599999999,
      "min": 1.12539307426,
      "max": 1.32080759926,
      "times": [
        1.15679993026,
        1.14473322126,
        1.19093286926,
        1.15083191026,
        1.12539307426,
        1.12852594726,
        1.19150524526,
        1.32080759926,
        1.13691505526,
        1.20042103026
      ],
      "exit_codes": [
        0,
        0,
        0,
        0,
        0,
        0,
        0,
        0,
        0,
        0
      ]
    },
    {
      "command": "vlt",
      "mean": 0.32968753806000006,
      "stddev": 0.00748048643965169,
      "median": 0.32807165676000005,
      "user": 0.35259986000000004,
      "system": 0.07781025999999999,
      "min": 0.32139505026000004,
      "max": 0.34783597926000004,
      "times": [
        0.32415636026000005,
        0.32139505026000004,
        0.33075700626000004,
        0.32809897126000004,
        0.34783597926000004,
        0.33828406326000005,
        0.32888566026000005,
        0.32513834326,
        0.32804434226,
        0.32427960426
      ],
      "exit_codes": [
        0,
        0,
        0,
        0,
        0,
        0,
        0,
        0,
        0,
        0
      ]
    },
    {
      "command": "bun",
      "mean": 0.04034075086000001,
      "stddev": 0.0009326730712525379,
      "median": 0.040431295760000006,
      "user": 0.00822376,
      "system": 0.03778846,
      "min": 0.038865803260000005,
      "max": 0.041497717260000004,
      "times": [
        0.03969143826,
        0.039709629260000004,
        0.038865803260000005,
        0.03901459226,
        0.04133665626000001,
        0.040258219260000006,
        0.041140446260000005,
        0.041288634260000005,
        0.041497717260000004,
        0.04060437226000001
      ],
      "exit_codes": [
        0,
        0,
        0,
        0,
        0,
        0,
        0,
        0,
        0,
        0
      ]
    },
    {
      "command": "deno",
      "mean": 0.8535576632599999,
      "stddev": 0.015617796245122143,
      "median": 0.8489685812600001,
      "user": 1.29681706,
      "system": 0.34136135999999995,
      "min": 0.8359640062600001,
      "max": 0.8917559972600001,
      "times": [
        0.8542030812600001,
        0.8446658212600001,
        0.8359640062600001,
        0.86064933726,
        0.8506091932600001,
        0.8917559972600001,
        0.8473279692600001,
        0.86737872126,
        0.84395835626,
        0.8390641492600001
      ],
      "exit_codes": [
        0,
        0,
        0,
        0,
        0,
        0,
        0,
        0,
        0,
        0
      ]
    }
  ]
}