{
  "results": [
    {
      "command": "npm",
      "mean": 3.87220748906,
      "stddev": 0.31887336023736257,
      "median": 3.75300186166,
      "user": 1.3368896799999999,
      "system": 0.18779152,
      "min": 3.55589577216,
      "max": 4.53256808616,
      "times": [
        4.28939108316,
        3.55589577216,
        4.02194191416,
        3.66951924916,
        4.012308523160001,
        4.53256808616,
        3.83648447416,
        3.63470225216,
        3.59903914116,
        3.57022439516
      ],
      "exit_codes": [
        0,
        0,
        0,
        0,
        0,
        0,
        0,
        0,
        0,
        0
      ]
    },
    {
      "command": "snpm",
      "mean": 0.50263473446,
      "stddev": 0.004008155291768907,
      "median": 0.50148615416,
      "user": 0.36314647999999994,
      "system": 0.14747581999999998,
      "min": 0.49665804416000003,
      "max": 0.50847739616,
      "times": [
        0.50847739616,
        0.50033274716,
        0.49665804416000003,
        0.49852230516000007,
        0.50263956116,
        0.50664957816,
        0.49927180916,
        0.50636781716,
        0.50724181616,
        0.50018627016
      ],
      "exit_codes": [
        0,
        0,
        0,
        0,
        0,
        0,
        0,
        0,
        0,
        0
      ]
    },
    {
      "command": "yarn",
      "mean": 17.59262944796,
      "stddev": 0.6201725078184765,
      "median": 17.65006487216,
      "user": 18.011034279999997,
      "system": 5.73922422,
      "min": 16.05881986516,
      "max": 18.49816190216,
      "times": [
        16.05881986516,
        18.49816190216,
        18.205852658159998,
        17.36556554316,
        17.74848144716,
        17.500983988159998,
        17.86139939216,
        17.83049142916,
        17.55164829716,
        17.30488995716
      ],
      "exit_codes": [
        0,
        0,
        0,
        0,
        0,
        0,
        0,
        0,
        0,
        0
      ]
    },
    {
      "command": "berry",
      "mean": 5.018284446960001,
      "stddev": 0.12143683152875581,
      "median": 4.99090456566,
      "user": 9.94438148,
      "system": 1.6950704199999997,
      "min": 4.8937039251600005,
      "max": 5.346208054160001,
      "times": [
        5.346208054160001,
        5.0188875921600005,
        5.09492063516,
        4.99092849516,
        4.966052862160001,
        4.8937039251600005,
        4.907336419160001,
        4.99156602716,
        4.99088063616,
        4.98235982316
      ],
      "exit_codes": [
        0,
        0,
        0,
        0,
        0,
        0,
        0,
        0,
        0,
        0
      ]
    },
    {
      "command": "pnpm",
      "mean": 2.5302557061599993,
      "stddev": 0.1347248086931577,
      "median": 2.49656991166,
      "user": 4.116733379999999,
      "system": 0.86283912,
      "min": 2.39885612416,
      "max": 2.88169255216,
      "times": [
        2.5461838761599997,
        2.5032450111599998,
        2.88169255216,
        2.4182453481599997,
        2.4898948121599997,
        2.5359349611599997,
        2.39885612416,
        2.42358757016,
        2.47128216616,
        2.63363464016
      ],
      "exit_codes": [
        0,
        0,
        0,
        0,
        0,
        0,
        0,
        0,
        0,
        0
      ]
    },
    {
      "command": "vlt",
      "mean": 0.3248436249600001,
      "stddev": 0.006900641699737585,
      "median": 0.3227644606600001,
      "user": 0.38011728,
      "system": 0.06221232,
      "min": 0.31433935616,
      "max": 0.33827647416000006,
      "times": [
        0.31952709416,
        0.33120709116,
        0.32433019116000006,
        0.31433935616,
        0.32119873016000006,
        0.32900180716000005,
        0.31880739716000006,
        0.33827647416000006,
        0.33073457316000004,
        0.32101353516000003
      ],
      "exit_codes": [
        0,
        0,
        0,
        0,
        0,
        0,
        0,
        0,
        0,
        0
      ]
    },
    {
      "command": "bun",
      "mean": 1.5176071691600002,
      "stddev": 0.44136507192673274,
      "median": 1.39721420416,
      "user": 1.87968328,
      "system": 0.9693809199999999,
      "min": 1.22151593816,
      "max": 2.8018583101599996,
      "times": [
        1.46265471816,
        1.4645042321600001,
        1.29700619016,
        2.8018583101599996,
        1.29216595516,
        1.26350129116,
        1.22151593816,
        1.5780386451600001,
        1.4630527211600002,
        1.3317736901600001
      ],
      "exit_codes": [
        0,
        0,
        0,
        0,
        0,
        0,
        0,
        0,
        0,
        0
      ]
    },
    {
      "command": "deno",
      "mean": 13.580938622560002,
      "stddev": 0.7251998016701946,
      "median": 13.651107735659998,
      "user": 3.25341228,
      "system": 0.6062977199999999,
      "min": 12.592627627159999,
      "max": 14.477194297159999,
      "times": [
        13.54167510216,
        14.415579551159999,
        13.76054036916,
        14.14044473616,
        12.64766072016,
        14.477194297159999,
        14.372497491159999,
        12.71593676216,
        12.592627627159999,
        13.14522956916
      ],
      "exit_codes": [
        0,
        0,
        0,
        0,
        0,
        0,
        0,
        0,
        0,
        0
      ]
    }
  ]
}