{
  "results": [
    {
      "command": "npm",
      "mean": 25.22950242696,
      "stddev": 0.8983378617552533,
      "median": 25.06955659386,
      "user": 14.798451080000001,
      "system": 4.457309799999999,
      "min": 23.925940531360002,
      "max": 26.91656682736,
      "times": [
        25.94722487436,
        24.95190894136,
        24.31197721536,
        26.29452667136,
        23.925940531360002,
        25.57962821136,
        24.67396474236,
        25.18720424636,
        26.91656682736,
        24.50608200836
      ],
      "exit_codes": [
        0,
        0,
        0,
        0,
        0,
        0,
        0,
        0,
        0,
        0
      ]
    },
    {
      "command": "snpm",
      "mean": 0.57627398346,
      "stddev": 0.00411246416459769,
      "median": 0.5768380448600001,
      "user": 0.34718938,
      "system": 0.2381796,
      "min": 0.56943806836,
      "max": 0.58297208036,
      "times": [
        0.57831637836,
        0.58039189136,
        0.56943806836,
        0.58297208036,
        0.57354887036,
        0.5777664543600001,
        0.5759096353600001,
        0.57234838536,
        0.57996605936,
        0.57208201136
      ],
      "exit_codes": [
        0,
        0,
        0,
        0,
        0,
        0,
        0,
        0,
        0,
        0
      ]
    },
    {
      "command": "yarn",
      "mean": 18.53033560946,
      "stddev": 0.6161641485372688,
      "median": 18.53255198936,
      "user": 18.327035379999998,
      "system": 8.673748,
      "min": 17.56836101536,
      "max": 19.85723369436,
      "times": [
        18.31416852336,
        19.85723369436,
        19.00864183936,
        18.39107268036,
        17.67640562836,
        18.61945909336,
        18.44564488536,
        18.76552236836,
        18.65684636636,
        17.56836101536
      ],
      "exit_codes": [
        0,
        0,
        0,
        0,
        0,
        0,
        0,
        0,
        0,
        0
      ]
    },
    {
      "command": "berry",
      "mean": 6.69989009236,
      "stddev": 0.21103986137828273,
      "median": 6.6662208108600005,
      "user": 11.566323779999998,
      "system": 3.3323225,
      "min": 6.52561705336,
      "max": 7.31061870236,
      "times": [
        6.68086280336,
        6.700116776360001,
        7.31061870236,
        6.658259749360001,
        6.632828009360001,
        6.678120717360001,
        6.67418187236,
        6.57633092236,
        6.56196431736,
        6.52561705336
      ],
      "exit_codes": [
        0,
        0,
        0,
        0,
        0,
        0,
        0,
        0,
        0,
        0
      ]
    },
    {
      "command": "pnpm",
      "mean": 4.63015651686,
      "stddev": 0.11005638475910526,
      "median": 4.5778823198600005,
      "user": 6.555932379999999,
      "system": 2.4357744,
      "min": 4.50984320636,
      "max": 4.85591221636,
      "times": [
        4.58765608736,
        4.68166637836,
        4.564417076360001,
        4.77181940436,
        4.56810855236,
        4.69512128636,
        4.50984320636,
        4.52709698936,
        4.53992397136,
        4.85591221636
      ],
      "exit_codes": [
        0,
        0,
        0,
        0,
        0,
        0,
        0,
        0,
        0,
        0
      ]
    },
    {
      "command": "vlt",
      "mean": 7.25978732726,
      "stddev": 0.4530163862860009,
      "median": 7.0802651903600005,
      "user": 6.552449779999999,
      "system": 2.7077475,
      "min": 6.47190146536,
      "max": 8.02489529136,
      "times": [
        7.037877482360001,
        7.38865456136,
        6.99408963536,
        7.12265289836,
        7.703608707360001,
        8.02489529136,
        7.023737204360001,
        6.97374665236,
        6.47190146536,
        7.85670937436
      ],
      "exit_codes": [
        0,
        0,
        0,
        0,
        0,
        0,
        0,
        0,
        0,
        0
      ]
    },
    {
      "command": "bun",
      "mean": 1.68058011286,
      "stddev": 0.15412092234529434,
      "median": 1.60963405136,
      "user": 1.9810431800000003,
      "system": 1.7179727,
      "min": 1.47157674536,
      "max": 1.92919521536,
      "times": [
        1.82445472036,
        1.7685035673599998,
        1.47157674536,
        1.92919521536,
        1.61104899436,
        1.60821910836,
        1.53801585236,
        1.56157875836,
        1.9052473343599998,
        1.5879608323599999
      ],
      "exit_codes": [
        0,
        0,
        0,
        0,
        0,
        0,
        0,
        0,
        0,
        0
      ]
    },
    {
      "command": "deno",
      "mean": 14.725677150760001,
      "stddev": 2.107128351898382,
      "median": 14.59759576486,
      "user": 4.359805779999999,
      "system": 2.0120072,
      "min": 12.02694293336,
      "max": 18.13213701136,
      "times": [
        12.35138420836,
        12.02694293336,
        18.13213701136,
        15.21819764036,
        15.12530905536,
        12.71193029036,
        14.06988247436,
        13.169190157360001,
        17.04827204436,
        17.40352569236
      ],
      "exit_codes": [
        0,
        0,
        0,
        0,
        0,
        0,
        0,
        0,
        0,
        0
      ]
    }
  ]
}