{
  "results": [
    {
      "command": "npm",
      "mean": 7.165315638279999,
      "stddev": 0.0290926543763764,
      "median": 7.160581049679999,
      "user": 8.239582839999999,
      "system": 2.7317344599999998,
      "min": 7.12282830818,
      "max": 7.21002786518,
      "times": [
        7.21002786518,
        7.12282830818,
        7.16244191518,
        7.15643331018,
        7.18797654818,
        7.20785455618,
        7.144726589179999,
        7.17730479018,
        7.12484231618,
        7.15872018418
      ],
      "exit_codes": [
        0,
        0,
        0,
        0,
        0,
        0,
        0,
        0,
        0,
        0
      ]
    },
    {
      "command": "snpm",
      "mean": 0.23403652468000002,
      "stddev": 0.004153494442921826,
      "median": 0.23328446918,
      "user": 0.11471203999999999,
      "system": 0.12724696,
      "min": 0.22916121918000001,
      "max": 0.24381710418000002,
      "times": [
        0.23352151518000003,
        0.23510890718000002,
        0.23304742318000002,
        0.22916121918000001,
        0.22957552818000002,
        0.24381710418000002,
        0.23609027818000003,
        0.23741959718000002,
        0.23168723318,
        0.23093644118
      ],
      "exit_codes": [
        0,
        0,
        0,
        0,
        0,
        0,
        0,
        0,
        0,
        0
      ]
    },
    {
      "command": "yarn",
      "mean": 4.960965573879999,
      "stddev": 1.1712830261244993,
      "median": 4.591645873179999,
      "user": 2.86841074,
      "system": 2.41723036,
      "min": 4.433043448179999,
      "max": 8.464444782180001,
      "times": [
        4.68865477818,
        4.433043448179999,
        4.59755145518,
        4.58574029118,
        4.63994541518,
        4.437131917179999,
        4.534408637179999,
        4.712568915179999,
        4.5161660991799994,
        8.464444782180001
      ],
      "exit_codes": [
        0,
        0,
        0,
        0,
        0,
        0,
        0,
        0,
        0,
        0
      ]
    },
    {
      "command": "berry",
      "mean": 3.19729173328,
      "stddev": 0.09638310057283461,
      "median": 3.1826042891800004,
      "user": 3.45840624,
      "system": 1.3148278599999998,
      "min": 3.0807291191800004,
      "max": 3.42309389518,
      "times": [
        3.0807291191800004,
        3.42309389518,
        3.10022448118,
        3.1564815091800003,
        3.19816139518,
        3.11631542118,
        3.19636554118,
        3.25351720618,
        3.2791857271800002,
        3.1688430371800003
      ],
      "exit_codes": [
        0,
        0,
        0,
        0,
        0,
        0,
        0,
        0,
        0,
        0
      ]
    },
    {
      "command": "pnpm",
      "mean": 2.5813102635800003,
      "stddev": 0.12132000065663896,
      "median": 2.54056598418,
      "user": 2.7740564400000003,
      "system": 0.8964312599999997,
      "min": 2.4437975251800004,
      "max": 2.8230901971800004,
      "times": [
        2.8230901971800004,
        2.5340611981800003,
        2.52361360018,
        2.6156480651800003,
        2.4640030091800003,
        2.74218362018,
        2.4437975251800004,
        2.54707077018,
        2.66311352018,
        2.45652113018
      ],
      "exit_codes": [
        0,
        0,
        0,
        0,
        0,
        0,
        0,
        0,
        0,
        0
      ]
    },
    {
      "command": "vlt",
      "mean": 1.7712600841800001,
      "stddev": 0.012790414852769627,
      "median": 1.7731119411799998,
      "user": 1.9687199400000004,
      "system": 1.37903016,
      "min": 1.74714754918,
      "max": 1.78786140318,
      "times": [
        1.75536470518,
        1.78728667018,
        1.78252597718,
        1.76290312518,
        1.7757393801799999,
        1.77048450218,
        1.74714754918,
        1.76655970618,
        1.77672782318,
        1.78786140318
      ],
      "exit_codes": [
        0,
        0,
        0,
        0,
        0,
        0,
        0,
        0,
        0,
        0
      ]
    },
    {
      "command": "bun",
      "mean": 0.17948426668000003,
      "stddev": 0.0007769742147022967,
      "median": 0.17975634568,
      "user": 0.013773539999999997,
      "system": 0.17138296,
      "min": 0.17769508118000002,
      "max": 0.18062822118000002,
      "times": [
        0.17994977118000002,
        0.17938328218000002,
        0.18062822118000002,
        0.17987376618,
        0.17912595118000002,
        0.17870022818,
        0.17769508118000002,
        0.17985066018,
        0.17966203118000001,
        0.17997367418000002
      ],
      "exit_codes": [
        0,
        0,
        0,
        0,
        0,
        0,
        0,
        0,
        0,
        0
      ]
    },
    {
      "command": "deno",
      "mean": 0.58834293738,
      "stddev": 0.004663169473284942,
      "median": 0.58902349068,
      "user": 0.57113424,
      "system": 0.50553146,
      "min": 0.58160111118,
      "max": 0.5960441071800001,
      "times": [
        0.58160111118,
        0.5952805511800001,
        0.58856529418,
        0.5960441071800001,
        0.5900278491800001,
        0.5818364501800001,
        0.5894938851800001,
        0.58948168718,
        0.5862931521800001,
        0.58480528618
      ],
      "exit_codes": [
        0,
        0,
        0,
        0,
        0,
        0,
        0,
        0,
        0,
        0
      ]
    }
  ]
}