{
  "results": [
    {
      "command": "npm",
      "mean": 0.5834643294800002,
      "stddev": 0.010204427088446051,
      "median": 0.58468148038,
      "user": 0.65088944,
      "system": 0.11024297999999999,
      "min": 0.5663672078800001,
      "max": 0.60155076588,
      "times": [
        0.60155076588,
        0.5874741868800001,
        0.5777257788800001,
        0.5733000018800001,
        0.59681539788,
        0.5663672078800001,
        0.58706471388,
        0.58337242688,
        0.58599053388,
        0.57498228088
      ],
      "exit_codes": [
        0,
        0,
        0,
        0,
        0,
        0,
        0,
        0,
        0,
        0
      ]
    },
    {
      "command": "snpm",
      "mean": 0.03506530168000001,
      "stddev": 0.001132947536043908,
      "median": 0.035303369880000005,
      "user": 0.02229814,
      "system": 0.015023479999999997,
      "min": 0.032645735880000006,
      "max": 0.03631014288000001,
      "times": [
        0.03477505688,
        0.036123329880000006,
        0.03441263188,
        0.036107868880000005,
        0.03631014288000001,
        0.03451199188,
        0.035916623880000005,
        0.03583168288000001,
        0.032645735880000006,
        0.03401795188
      ],
      "exit_codes": [
        0,
        0,
        0,
        0,
        0,
        0,
        0,
        0,
        0,
        0
      ]
    },
    {
      "command": "yarn",
      "mean": 0.31889985858000003,
      "stddev": 0.005492705241831668,
      "median": 0.32080929688000004,
      "user": 0.36533024000000003,
      "system": 0.06515467999999999,
      "min": 0.30909972188,
      "max": 0.32755601988000005,
      "times": [
        0.32206591788000005,
        0.30909972188,
        0.32231742488000004,
        0.32333751688,
        0.31563009788,
        0.31160819388000005,
        0.31537690488000003,
        0.31955267588,
        0.32755601988000005,
        0.32245411188000006
      ],
      "exit_codes": [
        0,
        0,
        0,
        0,
        0,
        0,
        0,
        0,
        0,
        0
      ]
    },
    {
      "command": "berry",
      "mean": 1.1478537338799997,
      "stddev": 0.01586228249319525,
      "median": 1.1528192313799999,
      "user": 1.23835714,
      "system": 0.22200698000000002,
      "min": 1.1136259608799999,
      "max": 1.1724876358799998,
      "times": [
        1.13945948488,
        1.12924695488,
        1.1136259608799999,
        1.15697234688,
        1.1467931378799998,
        1.1533317078799998,
        1.15230675488,
        1.15979047388,
        1.1724876358799998,
        1.1545228808799999
      ],
      "exit_codes": [
        0,
        0,
        0,
        0,
        0,
        0,
        0,
        0,
        0,
        0
      ]
    },
    {
      "command": "pnpm",
      "mean": 0.81450800448,
      "stddev": 0.04148385504905806,
      "median": 0.79281213238,
      "user": 0.8449026399999999,
      "system": 0.13028118000000002,
      "min": 0.78190161688,
      "max": 0.90188318288,
      "times": [
        0.7871633868800001,
        0.7961283488800001,
        0.83846152888,
        0.78366375588,
        0.78949591588,
        0.8028572208800001,
        0.78190161688,
        0.8794282628800001,
        0.90188318288,
        0.7840968248800001
      ],
      "exit_codes": [
        0,
        0,
        0,
        0,
        0,
        0,
        0,
        0,
        0,
        0
      ]
    },
    {
      "command": "vlt",
      "mean": 0.35438034648,
      "stddev": 0.008163796514451014,
      "median": 0.3521986783800001,
      "user": 0.38223284,
      "system": 0.07342357999999999,
      "min": 0.34476282288000004,
      "max": 0.37359315788,
      "times": [
        0.35623778688,
        0.34943492688000005,
        0.36254889888,
        0.35284857088000005,
        0.34664356988000006,
        0.34881022288,
        0.34476282288000004,
        0.35737472188,
        0.35154878588000005,
        0.37359315788
      ],
      "exit_codes": [
        0,
        0,
        0,
        0,
        0,
        0,
        0,
        0,
        0,
        0
      ]
    },
    {
      "command": "bun",
      "mean": 0.012657202180000002,
      "stddev": 0.0006150194325599884,
      "median": 0.012632414880000001,
      "user": 0.008611440000000001,
      "system": 0.00972578,
      "min": 0.011500277880000001,
      "max": 0.014121616880000002,
      "times": [
        0.01267429888,
        0.01280996388,
        0.012794241880000001,
        0.012543465880000002,
        0.01219542988,
        0.012556870880000001,
        0.01259053088,
        0.014121616880000002,
        0.011500277880000001,
        0.01278532488
      ],
      "exit_codes": [
        0,
        0,
        0,
        0,
        0,
        0,
        0,
        0,
        0,
        0
      ]
    },
    {
      "command": "deno",
      "mean": 0.18036513878,
      "stddev": 0.00639389076945955,
      "median": 0.18026129338000002,
      "user": 0.14880253999999998,
      "system": 0.051452279999999996,
      "min": 0.17127310988,
      "max": 0.18907356388,
      "times": [
        0.18668253488,
        0.18907356388,
        0.18371909288,
        0.17806165288,
        0.18891355988,
        0.17960978788,
        0.17127310988,
        0.18091279888,
        0.17381586488,
        0.17158942188
      ],
      "exit_codes": [
        0,
        0,
        0,
        0,
        0,
        0,
        0,
        0,
        0,
        0
      ]
    }
  ]
}