{
  "results": [
    {
      "command": "npm",
      "mean": 20.39712629532,
      "stddev": 0.5944056032108115,
      "median": 20.40350438232,
      "user": 14.38840084,
      "system": 5.798103380000001,
      "min": 19.484317833320002,
      "max": 21.46395480132,
      "times": [
        20.64892083232,
        20.74509539132,
        19.484317833320002,
        20.15848644732,
        21.12536798532,
        20.42630608932,
        19.770232927320002,
        19.76787797032,
        21.46395480132,
        20.380702675320002
      ],
      "exit_codes": [
        0,
        0,
        0,
        0,
        0,
        0,
        0,
        0,
        0,
        0
      ]
    },
    {
      "command": "snpm",
      "mean": 0.6162519370200001,
      "stddev": 0.004969703200340072,
      "median": 0.6165524263200002,
      "user": 0.39352714,
      "system": 0.23124768,
      "min": 0.6110333263200001,
      "max": 0.6280004833200001,
      "times": [
        0.6190327123200001,
        0.6280004833200001,
        0.6178814343200001,
        0.6114872333200001,
        0.6177036363200001,
        0.6116810903200001,
        0.6110333263200001,
        0.61850103432,
        0.6117972033200001,
        0.6154012163200001
      ],
      "exit_codes": [
        0,
        0,
        0,
        0,
        0,
        0,
        0,
        0,
        0,
        0
      ]
    },
    {
      "command": "yarn",
      "mean": 24.022561863520004,
      "stddev": 0.33765717567115616,
      "median": 24.08977736432,
      "user": 30.874284539999998,
      "system": 14.686348679999998,
      "min": 23.51895609932,
      "max": 24.703340141320002,
      "times": [
        24.22079592632,
        23.51895609932,
        24.08263294332,
        23.76129748132,
        24.09692178532,
        23.79625526532,
        24.703340141320002,
        23.61678837932,
        24.12226494832,
        24.30636566532
      ],
      "exit_codes": [
        0,
        0,
        0,
        0,
        0,
        0,
        0,
        0,
        0,
        0
      ]
    },
    {
      "command": "berry",
      "mean": 9.272026851620002,
      "stddev": 0.29268048636332444,
      "median": 9.15239860432,
      "user": 15.26003984,
      "system": 5.4271509799999995,
      "min": 8.99954799432,
      "max": 9.92898357932,
      "times": [
        9.25958110232,
        8.99954799432,
        9.73201637732,
        9.14505251732,
        9.246682556320001,
        9.15974469132,
        9.07344911632,
        9.120837062320001,
        9.05437351932,
        9.92898357932
      ],
      "exit_codes": [
        0,
        0,
        0,
        0,
        0,
        0,
        0,
        0,
        0,
        0
      ]
    },
    {
      "command": "pnpm",
      "mean": 5.607824468819999,
      "stddev": 0.5114531726871031,
      "median": 5.40018173132,
      "user": 9.70075934,
      "system": 3.53167258,
      "min": 5.1313738963199995,
      "max": 6.7153223323199995,
      "times": [
        6.7153223323199995,
        5.221619878319999,
        5.713077687319999,
        5.251548468319999,
        5.376955575319999,
        5.29830626132,
        5.1313738963199995,
        5.51242486432,
        6.43420783732,
        5.42340788732
      ],
      "exit_codes": [
        0,
        0,
        0,
        0,
        0,
        0,
        0,
        0,
        0,
        0
      ]
    },
    {
      "command": "vlt",
      "mean": 8.542647686219999,
      "stddev": 0.24218513019426466,
      "median": 8.50650714082,
      "user": 10.18631124,
      "system": 4.799493579999999,
      "min": 8.26212114432,
      "max": 9.060479673320001,
      "times": [
        8.68872414732,
        8.32878204532,
        8.51135056132,
        8.76149938732,
        9.060479673320001,
        8.26212114432,
        8.67922684032,
        8.29449695732,
        8.50166372032,
        8.33813238532
      ],
      "exit_codes": [
        0,
        0,
        0,
        0,
        0,
        0,
        0,
        0,
        0,
        0
      ]
    },
    {
      "command": "bun",
      "mean": 2.86564465412,
      "stddev": 0.13825171975425218,
      "median": 2.85393773032,
      "user": 3.221959439999999,
      "system": 3.1023803799999996,
      "min": 2.6350581623200005,
      "max": 3.07196556832,
      "times": [
        2.90348073132,
        3.0502580583200003,
        2.6350581623200005,
        2.8133894343200003,
        2.7648942253200004,
        3.00653136132,
        3.07196556832,
        2.79837071232,
        2.71801226132,
        2.89448602632
      ],
      "exit_codes": [
        0,
        0,
        0,
        0,
        0,
        0,
        0,
        0,
        0,
        0
      ]
    },
    {
      "command": "deno",
      "mean": 11.09463319322,
      "stddev": 1.1544691757327417,
      "median": 11.034061151820001,
      "user": 6.395082740000001,
      "system": 2.55644268,
      "min": 8.68500573632,
      "max": 12.646960274320001,
      "times": [
        12.12859419832,
        8.68500573632,
        12.05389216432,
        10.26199823432,
        11.118100680320001,
        10.251442156320001,
        12.646960274320001,
        12.284956257320001,
        10.950021623320001,
        10.56536060732
      ],
      "exit_codes": [
        0,
        0,
        0,
        0,
        0,
        0,
        0,
        0,
        0,
        0
      ]
    }
  ]
}