{
  "results": [
    {
      "command": "npm",
      "mean": 0.10217012586000003,
      "stddev": 0.0019067394513305076,
      "median": 0.10242798106,
      "user": 0.09100005999999998,
      "system": 0.027430799999999998,
      "min": 0.09893749606,
      "max": 0.10517136206000001,
      "times": [
        0.10058330706000002,
        0.10171686206000001,
        0.10287037706,
        0.10517136206000001,
        0.10462304606000002,
        0.09966413106000001,
        0.10254345706000001,
        0.09893749606,
        0.10327871506000001,
        0.10231250506000002
      ],
      "exit_codes": [
        0,
        0,
        0,
        0,
        0,
        0,
        0,
        0,
        0,
        0
      ]
    },
    {
      "command": "snpm",
      "mean": 0.028891565060000002,
      "stddev": 0.0029103617438345,
      "median": 0.027536156560000004,
      "user": 0.01603066,
      "system": 0.0151033,
      "min": 0.02723817506,
      "max": 0.035348263059999996,
      "times": [
        0.02773763706,
        0.027558293060000003,
        0.02765472206,
        0.02723817506,
        0.02751402006,
        0.035348263059999996,
        0.03399421706,
        0.02737871906,
        0.027246117060000002,
        0.027245487060000004
      ],
      "exit_codes": [
        0,
        0,
        0,
        0,
        0,
        0,
        0,
        0,
        0,
        0
      ]
    },
    {
      "command": "yarn",
      "mean": 0.17911678766,
      "stddev": 0.0023336936800512275,
      "median": 0.17845309806,
      "user": 0.14576666,
      "system": 0.0437288,
      "min": 0.17636110906000002,
      "max": 0.18515900406000002,
      "times": [
        0.17979114006000002,
        0.17636110906000002,
        0.18085284906000001,
        0.17808126006000002,
        0.17856642006,
        0.17863000506,
        0.17713589506000002,
        0.17825041806000003,
        0.18515900406000002,
        0.17833977606
      ],
      "exit_codes": [
        0,
        0,
        0,
        0,
        0,
        0,
        0,
        0,
        0,
        0
      ]
    },
    {
      "command": "berry",
      "mean": 0.31084030605999996,
      "stddev": 0.017398525658980243,
      "median": 0.30544980256,
      "user": 0.32806346,
      "system": 0.06139589999999999,
      "min": 0.29573883206,
      "max": 0.36101458706,
      "times": [
        0.31265947105999997,
        0.30204702306,
        0.30109401306,
        0.30480573505999997,
        0.36101458706,
        0.30455599006,
        0.29573883206,
        0.31202528506,
        0.30836825406,
        0.30609387006
      ],
      "exit_codes": [
        0,
        0,
        0,
        0,
        0,
        0,
        0,
        0,
        0,
        0
      ]
    },
    {
      "command": "pnpm",
      "mean": 0.42692640056000003,
      "stddev": 0.01206142130728745,
      "median": 0.42468897906,
      "user": 0.42294825999999996,
      "system": 0.07942800000000001,
      "min": 0.41168874806,
      "max": 0.45348052706,
      "times": [
        0.42776864806,
        0.41773918206,
        0.42097608506,
        0.43551318006,
        0.41289677806,
        0.43516314706,
        0.41168874806,
        0.42160931006,
        0.43242840006,
        0.45348052706
      ],
      "exit_codes": [
        0,
        0,
        0,
        0,
        0,
        0,
        0,
        0,
        0,
        0
      ]
    },
    {
      "command": "vlt",
      "mean": 0.22354104126000002,
      "stddev": 0.0015152309984967861,
      "median": 0.22328248456,
      "user": 0.21929115999999998,
      "system": 0.055766300000000005,
      "min": 0.22138100106000003,
      "max": 0.22649623006000003,
      "times": [
        0.22247604306000002,
        0.22349177006,
        0.22274359806000002,
        0.22569966106000003,
        0.22201343906,
        0.22138100106000003,
        0.22426391806,
        0.22307319906,
        0.22649623006000003,
        0.22377155306000002
      ],
      "exit_codes": [
        0,
        0,
        0,
        0,
        0,
        0,
        0,
        0,
        0,
        0
      ]
    },
    {
      "command": "bun",
      "mean": 0.014932064660000003,
      "stddev": 0.0001359951840538482,
      "median": 0.014903767560000001,
      "user": 0.0062701599999999994,
      "system": 0.0086786,
      "min": 0.014770385060000002,
      "max": 0.015276402060000003,
      "times": [
        0.015276402060000003,
        0.014892992060000002,
        0.014911610060000002,
        0.014917049060000001,
        0.01493334106,
        0.014770385060000002,
        0.014843083060000001,
        0.014820099060000001,
        0.01505976006,
        0.01489592506
      ],
      "exit_codes": [
        0,
        0,
        0,
        0,
        0,
        0,
        0,
        0,
        0,
        0
      ]
    },
    {
      "command": "deno",
      "mean": 0.05911460666,
      "stddev": 0.0011195052471596719,
      "median": 0.05895565006,
      "user": 0.03644685999999999,
      "system": 0.0288466,
      "min": 0.057719067060000004,
      "max": 0.06213578106,
      "times": [
        0.05891869606,
        0.05899260406,
        0.06213578106,
        0.057719067060000004,
        0.05880614406,
        0.05863057706,
        0.05933476206,
        0.05923782006,
        0.05811832006,
        0.05925229506
      ],
      "exit_codes": [
        0,
        0,
        0,
        0,
        0,
        0,
        0,
        0,
        0,
        0
      ]
    },
    {
      "command": "nx",
      "mean": 0.8050711825600001,
      "stddev": 0.005743174086417763,
      "median": 0.8055971335600001,
      "user": 0.60563436,
      "system": 0.1513032,
      "min": 0.79598502506,
      "max": 0.81345966906,
      "times": [
        0.79598502506,
        0.80722411506,
        0.80397015206,
        0.80081863306,
        0.80788522706,
        0.80324193806,
        0.79661868506,
        0.81345966906,
        0.81243958406,
        0.80906879706
      ],
      "exit_codes": [
        0,
        0,
        0,
        0,
        0,
        0,
        0,
        0,
        0,
        0
      ]
    },
    {
      "command": "turbo",
      "mean": 0.27839152045999993,
      "stddev": 0.008517009102285866,
      "median": 0.27639500706,
      "user": 0.12325196000000001,
      "system": 0.08341839999999999,
      "min": 0.26906673906,
      "max": 0.29436295206,
      "times": [
        0.26906673906,
        0.27935825606,
        0.27035078806,
        0.29436295206,
        0.27174117006,
        0.29335407306,
        0.27993653706,
        0.27860234406,
        0.27418767006,
        0.27295467506
      ],
      "exit_codes": [
        0,
        0,
        0,
        0,
        0,
        0,
        0,
        0,
        0,
        0
      ]
    },
    {
      "command": "node",
      "mean": 0.005360051860000001,
      "stddev": 0.000171368543788993,
      "median": 0.0053068060600000005,
      "user": 0.00216776,
      "system": 0.0031924,
      "min": 0.005123224060000001,
      "max": 0.005733862060000001,
      "times": [
        0.005123224060000001,
        0.005733862060000001,
        0.00531088306,
        0.005300634060000001,
        0.005302729060000001,
        0.0053162730600000005,
        0.005243868060000001,
        0.005344024060000001,
        0.0053013450600000005,
        0.005623676060000001
      ],
      "exit_codes": [
        0,
        0,
        0,
        0,
        0,
        0,
        0,
        0,
        0,
        0
      ]
    }
  ]
}