{
  "results": [
    {
      "command": "npm",
      "mean": 0.32424099666000006,
      "stddev": 0.0028048335249017983,
      "median": 0.32464196106000004,
      "user": 0.33162475999999996,
      "system": 0.07469595999999998,
      "min": 0.31926451906000003,
      "max": 0.32821089006000004,
      "times": [
        0.32354914506000004,
        0.32821089006000004,
        0.32533881506000006,
        0.32534151806000006,
        0.32816133406000003,
        0.31926451906000003,
        0.32538758306000004,
        0.32394510706,
        0.32312010106000005,
        0.32009095406000004
      ],
      "exit_codes": [
        0,
        0,
        0,
        0,
        0,
        0,
        0,
        0,
        0,
        0
      ]
    },
    {
      "command": "snpm",
      "mean": 0.028596600360000002,
      "stddev": 0.0005988167966827669,
      "median": 0.028513639060000002,
      "user": 0.017146460000000002,
      "system": 0.01380476,
      "min": 0.027930579060000002,
      "max": 0.029916285060000002,
      "times": [
        0.02799407906,
        0.02798988006,
        0.028291348060000002,
        0.02880431106,
        0.02857056306,
        0.02870818006,
        0.028456715060000002,
        0.02930406306,
        0.027930579060000002,
        0.029916285060000002
      ],
      "exit_codes": [
        0,
        0,
        0,
        0,
        0,
        0,
        0,
        0,
        0,
        0
      ]
    },
    {
      "command": "yarn",
      "mean": 0.23248968535999998,
      "stddev": 0.0021249772862235996,
      "median": 0.23270575206,
      "user": 0.20624506,
      "system": 0.05159005999999999,
      "min": 0.22917453206000002,
      "max": 0.23688072806000002,
      "times": [
        0.23379854306,
        0.23296908406,
        0.23195139006,
        0.23688072806000002,
        0.23122906406000002,
        0.23395587306,
        0.23257117606,
        0.22952613506,
        0.22917453206000002,
        0.23284032806000002
      ],
      "exit_codes": [
        0,
        0,
        0,
        0,
        0,
        0,
        0,
        0,
        0,
        0
      ]
    },
    {
      "command": "berry",
      "mean": 0.6384302683599999,
      "stddev": 0.0172035628381054,
      "median": 0.63952016156,
      "user": 0.6905004599999999,
      "system": 0.12127745999999999,
      "min": 0.61269330406,
      "max": 0.67592867606,
      "times": [
        0.67592867606,
        0.64701084206,
        0.61269330406,
        0.63969849306,
        0.64425256306,
        0.63103204006,
        0.65091509806,
        0.62413654406,
        0.61929329306,
        0.63934183006
      ],
      "exit_codes": [
        0,
        0,
        0,
        0,
        0,
        0,
        0,
        0,
        0,
        0
      ]
    },
    {
      "command": "pnpm",
      "mean": 0.6565694095600001,
      "stddev": 0.01711302414849517,
      "median": 0.65152439956,
      "user": 0.6292911599999998,
      "system": 0.09989906,
      "min": 0.63838552906,
      "max": 0.69996270606,
      "times": [
        0.64867910506,
        0.66698115506,
        0.65436969406,
        0.66644153706,
        0.64524456506,
        0.64731909706,
        0.65684328006,
        0.64146742706,
        0.69996270606,
        0.63838552906
      ],
      "exit_codes": [
        0,
        0,
        0,
        0,
        0,
        0,
        0,
        0,
        0,
        0
      ]
    },
    {
      "command": "vlt",
      "mean": 0.26990777006,
      "stddev": 0.001842852136207194,
      "median": 0.26973970906,
      "user": 0.2677449599999999,
      "system": 0.056351460000000006,
      "min": 0.26657991806000003,
      "max": 0.27312126106000006,
      "times": [
        0.26975070906000004,
        0.26734460206000005,
        0.27077235006000006,
        0.26972870906,
        0.27312126106000006,
        0.27099509306,
        0.26959780406000006,
        0.26937569706000003,
        0.27181155706000004,
        0.26657991806000003
      ],
      "exit_codes": [
        0,
        0,
        0,
        0,
        0,
        0,
        0,
        0,
        0,
        0
      ]
    },
    {
      "command": "bun",
      "mean": 0.006265121560000001,
      "stddev": 0.0002396019448415434,
      "median": 0.0062441410600000006,
      "user": 0.0036812599999999987,
      "system": 0.0059104599999999985,
      "min": 0.005979802060000001,
      "max": 0.006637999060000001,
      "times": [
        0.00623742506,
        0.006399356060000001,
        0.006062167060000001,
        0.005982826060000001,
        0.006629851060000001,
        0.006036734060000001,
        0.006637999060000001,
        0.005979802060000001,
        0.006434198060000001,
        0.006250857060000001
      ],
      "exit_codes": [
        0,
        0,
        0,
        0,
        0,
        0,
        0,
        0,
        0,
        0
      ]
    },
    {
      "command": "deno",
      "mean": 0.037056621160000004,
      "stddev": 0.0005407862359710083,
      "median": 0.03708142306000001,
      "user": 0.01996146,
      "system": 0.020399060000000004,
      "min": 0.03617560406,
      "max": 0.03783742206,
      "times": [
        0.03617560406,
        0.037381603060000004,
        0.036529658060000005,
        0.03783742206,
        0.037252279060000004,
        0.03760615106,
        0.03645207006,
        0.03677398806,
        0.03691056706,
        0.037646869060000004
      ],
      "exit_codes": [
        0,
        0,
        0,
        0,
        0,
        0,
        0,
        0,
        0,
        0
      ]
    }
  ]
}