{
  "results": [
    {
      "command": "npm",
      "mean": 3.7390019270400003,
      "stddev": 0.04727698963723264,
      "median": 3.7248812961400004,
      "user": 3.7634761400000003,
      "system": 2.0019318200000003,
      "min": 3.6749485401400004,
      "max": 3.80629365514,
      "times": [
        3.72698716914,
        3.7184072991400003,
        3.6749485401400004,
        3.7227754231400003,
        3.80629365514,
        3.80395204814,
        3.7594436301400003,
        3.7059855821400003,
        3.67586808214,
        3.7953578411400004
      ],
      "exit_codes": [
        0,
        0,
        0,
        0,
        0,
        0,
        0,
        0,
        0,
        0
      ]
    },
    {
      "command": "snpm",
      "mean": 0.07683770044,
      "stddev": 0.0043861240594989135,
      "median": 0.07539993214,
      "user": 0.025615640000000002,
      "system": 0.053762920000000006,
      "min": 0.07242522014,
      "max": 0.08694009714,
      "times": [
        0.07436914714,
        0.07616378614,
        0.07604218514,
        0.07812981614,
        0.07475767914,
        0.07384808914,
        0.08268197014,
        0.07242522014,
        0.07301901414,
        0.08694009714
      ],
      "exit_codes": [
        0,
        0,
        0,
        0,
        0,
        0,
        0,
        0,
        0,
        0
      ]
    },
    {
      "command": "yarn",
      "mean": 2.3527267719400005,
      "stddev": 0.40072042743336717,
      "median": 2.2036028126400002,
      "user": 2.33965554,
      "system": 1.8121695199999999,
      "min": 2.09033946014,
      "max": 3.52347017314,
      "times": [
        2.22644513514,
        2.1781839941400003,
        2.20285252614,
        2.4597740011400004,
        3.52347017314,
        2.09033946014,
        2.18045535314,
        2.1834051271400003,
        2.2779888501400003,
        2.2043530991400004
      ],
      "exit_codes": [
        0,
        0,
        0,
        0,
        0,
        0,
        0,
        0,
        0,
        0
      ]
    },
    {
      "command": "berry",
      "mean": 2.4541652729399996,
      "stddev": 0.031830148089526604,
      "median": 2.4525119481400006,
      "user": 2.84159674,
      "system": 0.9894893199999999,
      "min": 2.40737609014,
      "max": 2.50529063414,
      "times": [
        2.4528296171400004,
        2.50441476214,
        2.40737609014,
        2.44118435914,
        2.46650412014,
        2.4699732581400005,
        2.4521942791400004,
        2.4240864221400003,
        2.41779918714,
        2.50529063414
      ],
      "exit_codes": [
        0,
        0,
        0,
        0,
        0,
        0,
        0,
        0,
        0,
        0
      ]
    },
    {
      "command": "pnpm",
      "mean": 1.10431196274,
      "stddev": 0.02630356396110124,
      "median": 1.09505278414,
      "user": 1.61930914,
      "system": 0.39615002,
      "min": 1.07061825914,
      "max": 1.14366575414,
      "times": [
        1.14366575414,
        1.08466526114,
        1.11828162614,
        1.07061825914,
        1.09141906014,
        1.13499462514,
        1.09868650814,
        1.14076883214,
        1.08143406114,
        1.07858564014
      ],
      "exit_codes": [
        0,
        0,
        0,
        0,
        0,
        0,
        0,
        0,
        0,
        0
      ]
    },
    {
      "command": "vlt",
      "mean": 1.6108171244399998,
      "stddev": 0.028538508013377442,
      "median": 1.6039327561399999,
      "user": 1.7130316399999999,
      "system": 1.0469796199999999,
      "min": 1.58311162914,
      "max": 1.68057568814,
      "times": [
        1.5833329141399999,
        1.61697809114,
        1.61634981914,
        1.61125934414,
        1.59267795714,
        1.58976984314,
        1.58311162914,
        1.59660616814,
        1.68057568814,
        1.63750979014
      ],
      "exit_codes": [
        0,
        0,
        0,
        0,
        0,
        0,
        0,
        0,
        0,
        0
      ]
    },
    {
      "command": "bun",
      "mean": 0.11180153194000002,
      "stddev": 0.004835498095568577,
      "median": 0.11423047014,
      "user": 0.01051504,
      "system": 0.10704302000000002,
      "min": 0.10602236014000001,
      "max": 0.11913595314,
      "times": [
        0.11450541214,
        0.10622091814000001,
        0.10616948614,
        0.10602650214,
        0.10602236014000001,
        0.11605512514,
        0.11540509814000001,
        0.11913595314,
        0.11395552814,
        0.11451893614
      ],
      "exit_codes": [
        0,
        0,
        0,
        0,
        0,
        0,
        0,
        0,
        0,
        0
      ]
    },
    {
      "command": "deno",
      "mean": 0.31878737624000003,
      "stddev": 0.007030362099662979,
      "median": 0.31855733864,
      "user": 0.28257184,
      "system": 0.30955681999999995,
      "min": 0.30965160614000004,
      "max": 0.33424220914,
      "times": [
        0.30965160614000004,
        0.32188600914000004,
        0.33424220914,
        0.32083708414000006,
        0.31063374914,
        0.31771848714000006,
        0.31889284114000005,
        0.31123933214000005,
        0.31822183614000005,
        0.32455060814000003
      ],
      "exit_codes": [
        0,
        0,
        0,
        0,
        0,
        0,
        0,
        0,
        0,
        0
      ]
    }
  ]
}