{
  "results": [
    {
      "command": "npm",
      "mean": 0.82455287934,
      "stddev": 0.005065258516238401,
      "median": 0.82554589264,
      "user": 0.8976419800000001,
      "system": 0.18568758000000002,
      "min": 0.81720055414,
      "max": 0.83533810814,
      "times": [
        0.82585536914,
        0.81912065414,
        0.82597733214,
        0.83533810814,
        0.81816954314,
        0.81720055414,
        0.82523641614,
        0.8258891551399999,
        0.82507733814,
        0.82766432314
      ],
      "exit_codes": [
        0,
        0,
        0,
        0,
        0,
        0,
        0,
        0,
        0,
        0
      ]
    },
    {
      "command": "snpm",
      "mean": 0.23463694783999997,
      "stddev": 0.003279019950163556,
      "median": 0.23429560764000001,
      "user": 0.10539987999999997,
      "system": 0.13586188,
      "min": 0.23101610314,
      "max": 0.24159278014000002,
      "times": [
        0.23848522114,
        0.23537705414,
        0.23409892714000002,
        0.23193448114,
        0.23113985514000002,
        0.23184886514000003,
        0.23101610314,
        0.23449228814,
        0.23638390314000002,
        0.24159278014000002
      ],
      "exit_codes": [
        0,
        0,
        0,
        0,
        0,
        0,
        0,
        0,
        0,
        0
      ]
    },
    {
      "command": "yarn",
      "mean": 3.24106057674,
      "stddev": 0.11429460433500516,
      "median": 3.24374312614,
      "user": 2.0098770800000003,
      "system": 0.87220578,
      "min": 3.0463276811399997,
      "max": 3.40024523214,
      "times": [
        3.28068093214,
        3.14487625914,
        3.0463276811399997,
        3.35542400614,
        3.40024523214,
        3.20680532014,
        3.35758982714,
        3.1441363991399998,
        3.13903569914,
        3.33548441114
      ],
      "exit_codes": [
        0,
        0,
        0,
        0,
        0,
        0,
        0,
        0,
        0,
        0
      ]
    },
    {
      "command": "berry",
      "mean": 1.88638077644,
      "stddev": 0.12684006097259656,
      "median": 1.84456508614,
      "user": 2.1183042799999994,
      "system": 0.36409468,
      "min": 1.79141076714,
      "max": 2.22024855514,
      "times": [
        2.22024855514,
        1.81827934814,
        1.80067341314,
        1.84607336914,
        2.0182927511399997,
        1.86596222814,
        1.84881493014,
        1.84305680314,
        1.81099559914,
        1.79141076714
      ],
      "exit_codes": [
        0,
        0,
        0,
        0,
        0,
        0,
        0,
        0,
        0,
        0
      ]
    },
    {
      "command": "pnpm",
      "mean": 1.04303933814,
      "stddev": 0.012926328412599974,
      "median": 1.04284373814,
      "user": 1.44310678,
      "system": 0.25049888,
      "min": 1.01822669414,
      "max": 1.06077344814,
      "times": [
        1.0596598531399999,
        1.03946480314,
        1.05235301414,
        1.02821291914,
        1.03495240814,
        1.06077344814,
        1.01822669414,
        1.05106276514,
        1.04007812014,
        1.04560935614
      ],
      "exit_codes": [
        0,
        0,
        0,
        0,
        0,
        0,
        0,
        0,
        0,
        0
      ]
    },
    {
      "command": "vlt",
      "mean": 0.32533017834,
      "stddev": 0.0035667614710938014,
      "median": 0.32424940214000003,
      "user": 0.33550578,
      "system": 0.06767767999999999,
      "min": 0.32033246614,
      "max": 0.33296519414000003,
      "times": [
        0.32387711114,
        0.33296519414000003,
        0.32958082114000004,
        0.32233031014,
        0.32286743014,
        0.32503853214,
        0.32781111414,
        0.32450171114000004,
        0.32033246614,
        0.32399709314
      ],
      "exit_codes": [
        0,
        0,
        0,
        0,
        0,
        0,
        0,
        0,
        0,
        0
      ]
    },
    {
      "command": "bun",
      "mean": 0.01928195074,
      "stddev": 0.0015204950967442937,
      "median": 0.018836698140000004,
      "user": 0.0074043799999999995,
      "system": 0.017512479999999997,
      "min": 0.018327206140000003,
      "max": 0.023806600140000002,
      "times": [
        0.023806600140000002,
        0.01887204514,
        0.018891766140000002,
        0.01885600814,
        0.019126560140000002,
        0.018327206140000003,
        0.018664411140000003,
        0.01873130614,
        0.018817388140000002,
        0.01872621614
      ],
      "exit_codes": [
        0,
        0,
        0,
        0,
        0,
        0,
        0,
        0,
        0,
        0
      ]
    },
    {
      "command": "deno",
      "mean": 0.35842220124,
      "stddev": 0.0029544101322499083,
      "median": 0.35786760214,
      "user": 0.47205248,
      "system": 0.16412098000000003,
      "min": 0.35526416814,
      "max": 0.36362402514000003,
      "times": [
        0.35585444214,
        0.36073637114,
        0.35526851114,
        0.35689573114,
        0.35526416814,
        0.36271067614,
        0.35883947314000003,
        0.35580917814,
        0.36362402514000003,
        0.35921943614
      ],
      "exit_codes": [
        0,
        0,
        0,
        0,
        0,
        0,
        0,
        0,
        0,
        0
      ]
    }
  ]
}