{
  "results": [
    {
      "command": "npm",
      "mean": 21.927641353839995,
      "stddev": 0.8634150760361337,
      "median": 21.72383946554,
      "user": 12.236408359999997,
      "system": 4.345702039999999,
      "min": 20.833708511039998,
      "max": 23.74864097204,
      "times": [
        23.11503018504,
        21.86637955704,
        23.74864097204,
        21.73288946604,
        21.32763545004,
        21.167053802039998,
        21.71478946504,
        21.383577977039998,
        22.386708153039997,
        20.833708511039998
      ],
      "exit_codes": [
        0,
        0,
        0,
        0,
        0,
        0,
        0,
        0,
        0,
        0
      ]
    },
    {
      "command": "snpm",
      "mean": 0.23071501784,
      "stddev": 0.0031467465733098303,
      "median": 0.23026154054000003,
      "user": 0.10621606000000001,
      "system": 0.13192514000000002,
      "min": 0.22657936404,
      "max": 0.23772204404,
      "times": [
        0.23443598104000002,
        0.23015750104000002,
        0.22759684304,
        0.23191916904,
        0.23772204404,
        0.23069503404,
        0.22924540804000001,
        0.23036558004000002,
        0.22657936404,
        0.22843325404
      ],
      "exit_codes": [
        0,
        0,
        0,
        0,
        0,
        0,
        0,
        0,
        0,
        0
      ]
    },
    {
      "command": "yarn",
      "mean": 12.079242143640002,
      "stddev": 0.10046446158382287,
      "median": 12.058557763540001,
      "user": 15.61018126,
      "system": 8.34764704,
      "min": 11.97615114004,
      "max": 12.297879232040001,
      "times": [
        12.15107336404,
        12.297879232040001,
        12.093273273040001,
        11.98018362904,
        11.97615114004,
        11.994677647040001,
        12.17662787104,
        11.995313108040001,
        12.103399918040001,
        12.02384225404
      ],
      "exit_codes": [
        0,
        0,
        0,
        0,
        0,
        0,
        0,
        0,
        0,
        0
      ]
    },
    {
      "command": "berry",
      "mean": 4.85553884984,
      "stddev": 0.047321837844008806,
      "median": 4.84996724204,
      "user": 8.133539059999997,
      "system": 2.53025184,
      "min": 4.78776183104,
      "max": 4.94565777204,
      "times": [
        4.81929603504,
        4.8966470180399995,
        4.89520215604,
        4.78776183104,
        4.883615467039999,
        4.8312620610399994,
        4.86867242304,
        4.818115488039999,
        4.94565777204,
        4.80915824704
      ],
      "exit_codes": [
        0,
        0,
        0,
        0,
        0,
        0,
        0,
        0,
        0,
        0
      ]
    },
    {
      "command": "pnpm",
      "mean": 2.9749506084399995,
      "stddev": 0.03369619963695495,
      "median": 2.9796395345400004,
      "user": 4.92153206,
      "system": 1.8912356399999997,
      "min": 2.9147340400400004,
      "max": 3.01792581804,
      "times": [
        3.01792581804,
        3.0063992230400003,
        2.95230519504,
        3.00431007404,
        3.00994647604,
        2.9410647610400003,
        2.94354142804,
        2.9147340400400004,
        2.98719455104,
        2.9720845180400004
      ],
      "exit_codes": [
        0,
        0,
        0,
        0,
        0,
        0,
        0,
        0,
        0,
        0
      ]
    },
    {
      "command": "vlt",
      "mean": 5.30026098754,
      "stddev": 0.16047347926567507,
      "median": 5.28903694904,
      "user": 4.8091453600000005,
      "system": 2.32165234,
      "min": 5.0594545770399995,
      "max": 5.57110557204,
      "times": [
        5.111116336039999,
        5.408833629039999,
        5.22311348204,
        5.35496041604,
        5.172583233039999,
        5.57110557204,
        5.204790001039999,
        5.0594545770399995,
        5.43414223804,
        5.4625103910399995
      ],
      "exit_codes": [
        0,
        0,
        0,
        0,
        0,
        0,
        0,
        0,
        0,
        0
      ]
    },
    {
      "command": "bun",
      "mean": 1.26747204354,
      "stddev": 0.07306400386800403,
      "median": 1.26736999954,
      "user": 0.86650186,
      "system": 1.18796054,
      "min": 1.12638103704,
      "max": 1.3535995090400001,
      "times": [
        1.3535995090400001,
        1.12638103704,
        1.2263199310400001,
        1.26264754204,
        1.3532833610400001,
        1.3357386770400002,
        1.27209245704,
        1.20537368204,
        1.33456982304,
        1.20471441604
      ],
      "exit_codes": [
        0,
        0,
        0,
        0,
        0,
        0,
        0,
        0,
        0,
        0
      ]
    },
    {
      "command": "deno",
      "mean": 7.17417106054,
      "stddev": 0.7168394495308613,
      "median": 7.25909809704,
      "user": 2.6725197599999997,
      "system": 1.4782362400000002,
      "min": 6.07831684504,
      "max": 8.60337784404,
      "times": [
        7.05465074204,
        7.34012156804,
        6.35164625904,
        7.89532744904,
        7.35143630104,
        6.07831684504,
        7.17807462604,
        8.60337784404,
        7.45407285904,
        6.43468611204
      ],
      "exit_codes": [
        0,
        0,
        0,
        0,
        0,
        0,
        0,
        0,
        0,
        0
      ]
    }
  ]
}