{
  "results": [
    {
      "command": "npm",
      "mean": 0.5551766869200001,
      "stddev": 0.002488651400445655,
      "median": 0.55600428992,
      "user": 0.6073072199999998,
      "system": 0.10843596,
      "min": 0.55051516992,
      "max": 0.55808547692,
      "times": [
        0.55714095192,
        0.55533479992,
        0.55690884892,
        0.55808547692,
        0.55051516992,
        0.55428260992,
        0.55777562892,
        0.55667377992,
        0.5532316189200001,
        0.55181798392
      ],
      "exit_codes": [
        0,
        0,
        0,
        0,
        0,
        0,
        0,
        0,
        0,
        0
      ]
    },
    {
      "command": "snpm",
      "mean": 0.03588287182,
      "stddev": 0.0021709751946652664,
      "median": 0.03517976342,
      "user": 0.022271919999999994,
      "system": 0.01592256,
      "min": 0.033767091920000006,
      "max": 0.041460786920000006,
      "times": [
        0.033767091920000006,
        0.034819946920000004,
        0.03553957992,
        0.03453021892,
        0.034107607920000005,
        0.034391489920000004,
        0.03652010992,
        0.037489167920000004,
        0.041460786920000006,
        0.03620271792
      ],
      "exit_codes": [
        0,
        0,
        0,
        0,
        0,
        0,
        0,
        0,
        0,
        0
      ]
    },
    {
      "command": "yarn",
      "mean": 0.31276054082,
      "stddev": 0.005320712656151821,
      "median": 0.31094875592000004,
      "user": 0.35951222000000005,
      "system": 0.06308726,
      "min": 0.30523169392000005,
      "max": 0.32319346892,
      "times": [
        0.30921334392000005,
        0.30523169392000005,
        0.31247269492,
        0.32319346892,
        0.31004386592000005,
        0.31953338392,
        0.31773285492000003,
        0.30880871392000003,
        0.31185364592000003,
        0.30952174192000004
      ],
      "exit_codes": [
        0,
        0,
        0,
        0,
        0,
        0,
        0,
        0,
        0,
        0
      ]
    },
    {
      "command": "berry",
      "mean": 1.09539739832,
      "stddev": 0.02281780664427132,
      "median": 1.0883487864199999,
      "user": 1.21399352,
      "system": 0.20120626000000003,
      "min": 1.0699580919199998,
      "max": 1.15070804192,
      "times": [
        1.0699580919199998,
        1.10286594492,
        1.11461205692,
        1.08451936992,
        1.07207926492,
        1.10308231992,
        1.08876529492,
        1.0879322779199998,
        1.15070804192,
        1.07945131992
      ],
      "exit_codes": [
        0,
        0,
        0,
        0,
        0,
        0,
        0,
        0,
        0,
        0
      ]
    },
    {
      "command": "pnpm",
      "mean": 0.7131015782200001,
      "stddev": 0.020133327760338403,
      "median": 0.7023982044200001,
      "user": 0.7872465199999998,
      "system": 0.12058596000000002,
      "min": 0.6946575919200001,
      "max": 0.74928693692,
      "times": [
        0.70286980992,
        0.74928693692,
        0.7373946599200001,
        0.6946575919200001,
        0.6972544689200001,
        0.69611939292,
        0.7019265989200001,
        0.71230189592,
        0.6976985209200001,
        0.7415059059200001
      ],
      "exit_codes": [
        0,
        0,
        0,
        0,
        0,
        0,
        0,
        0,
        0,
        0
      ]
    },
    {
      "command": "vlt",
      "mean": 0.34372142142000006,
      "stddev": 0.004432761001349684,
      "median": 0.34340375442000004,
      "user": 0.36369081999999997,
      "system": 0.07662586,
      "min": 0.33583262492000004,
      "max": 0.35288063092000005,
      "times": [
        0.34512976892,
        0.33990429692,
        0.34599629592000003,
        0.34670060192,
        0.34163615192,
        0.34135740292000005,
        0.35288063092000005,
        0.34167773992000006,
        0.34609869992000003,
        0.33583262492000004
      ],
      "exit_codes": [
        0,
        0,
        0,
        0,
        0,
        0,
        0,
        0,
        0,
        0
      ]
    },
    {
      "command": "bun",
      "mean": 0.01181820402,
      "stddev": 0.0006935564991391042,
      "median": 0.011577971920000001,
      "user": 0.00843042,
      "system": 0.009093559999999999,
      "min": 0.011226563920000002,
      "max": 0.013358942920000002,
      "times": [
        0.01129478992,
        0.013358942920000002,
        0.011587925920000002,
        0.01292830092,
        0.011452274920000002,
        0.01161389392,
        0.011226563920000002,
        0.01186815092,
        0.01156801792,
        0.011283178920000001
      ],
      "exit_codes": [
        0,
        0,
        0,
        0,
        0,
        0,
        0,
        0,
        0,
        0
      ]
    },
    {
      "command": "deno",
      "mean": 0.17246829092,
      "stddev": 0.005933463897798889,
      "median": 0.17005661342,
      "user": 0.13807892,
      "system": 0.05276605999999999,
      "min": 0.16547444392000002,
      "max": 0.18517202892,
      "times": [
        0.16977342892000002,
        0.18207887292000002,
        0.18517202892,
        0.16944624592000002,
        0.17265871992,
        0.17033979792,
        0.16547444392000002,
        0.16974585292000002,
        0.16789825892000002,
        0.17209525892000002
      ],
      "exit_codes": [
        0,
        0,
        0,
        0,
        0,
        0,
        0,
        0,
        0,
        0
      ]
    }
  ]
}