{
  "results": [
    {
      "command": "npm",
      "mean": 0.9805883507200001,
      "stddev": 0.004726255262448497,
      "median": 0.9798002503200001,
      "user": 1.04987308,
      "system": 0.20100338,
      "min": 0.9723579518200001,
      "max": 0.9912657808200002,
      "times": [
        0.9842262938200002,
        0.9800799788200001,
        0.9833782008200002,
        0.9794019688200001,
        0.9723579518200001,
        0.9772165168200001,
        0.9780606428200002,
        0.9803756508200001,
        0.9912657808200002,
        0.9795205218200002
      ],
      "exit_codes": [
        0,
        0,
        0,
        0,
        0,
        0,
        0,
        0,
        0,
        0
      ]
    },
    {
      "command": "snpm",
      "mean": 0.6044701200200001,
      "stddev": 0.006201519884539401,
      "median": 0.6032297253200001,
      "user": 0.36362928,
      "system": 0.24572088,
      "min": 0.5969742988200001,
      "max": 0.6168930898200001,
      "times": [
        0.6168930898200001,
        0.5969742988200001,
        0.59936639282,
        0.60674428282,
        0.6136379488200001,
        0.6017732328200001,
        0.5992005918200001,
        0.6056736758200001,
        0.6046862178200001,
        0.5997514688200001
      ],
      "exit_codes": [
        0,
        0,
        0,
        0,
        0,
        0,
        0,
        0,
        0,
        0
      ]
    },
    {
      "command": "yarn",
      "mean": 6.29408659692,
      "stddev": 0.2899932616247369,
      "median": 6.2314047513199995,
      "user": 3.8023631799999995,
      "system": 1.5305469800000002,
      "min": 5.94129836582,
      "max": 6.97000145882,
      "times": [
        6.20418426082,
        6.49894812182,
        5.96457853082,
        6.52003154382,
        6.16907080682,
        6.30174945482,
        6.11237818382,
        5.94129836582,
        6.25862524182,
        6.97000145882
      ],
      "exit_codes": [
        0,
        0,
        0,
        0,
        0,
        0,
        0,
        0,
        0,
        0
      ]
    },
    {
      "command": "berry",
      "mean": 2.86288629632,
      "stddev": 0.07740917964958728,
      "median": 2.85334403132,
      "user": 3.5424087799999997,
      "system": 0.6935258799999998,
      "min": 2.77656877282,
      "max": 3.06319541382,
      "times": [
        2.86747400182,
        2.8704689928200002,
        2.77656877282,
        2.8086459228200003,
        2.83921406082,
        3.06319541382,
        2.82870679382,
        2.91039718682,
        2.87359769982,
        2.79059411782
      ],
      "exit_codes": [
        0,
        0,
        0,
        0,
        0,
        0,
        0,
        0,
        0,
        0
      ]
    },
    {
      "command": "pnpm",
      "mean": 1.22641978102,
      "stddev": 0.05577299739882186,
      "median": 1.22826840982,
      "user": 1.7600101799999996,
      "system": 0.34681348,
      "min": 1.13919116382,
      "max": 1.34913030282,
      "times": [
        1.2381817178199999,
        1.22614620982,
        1.22841306082,
        1.1678964728199999,
        1.24817281182,
        1.17310556982,
        1.2658367418199998,
        1.13919116382,
        1.22812375882,
        1.34913030282
      ],
      "exit_codes": [
        0,
        0,
        0,
        0,
        0,
        0,
        0,
        0,
        0,
        0
      ]
    },
    {
      "command": "vlt",
      "mean": 0.36053454852,
      "stddev": 0.006425235283212054,
      "median": 0.36061378932,
      "user": 0.38500017999999997,
      "system": 0.07938208000000001,
      "min": 0.34868854582000003,
      "max": 0.36826345682,
      "times": [
        0.34868854582000003,
        0.35212334382000005,
        0.36087042382,
        0.36597428182,
        0.35706884582000004,
        0.36644769682,
        0.36826345682,
        0.36035715482,
        0.35751916282,
        0.36803257282
      ],
      "exit_codes": [
        0,
        0,
        0,
        0,
        0,
        0,
        0,
        0,
        0,
        0
      ]
    },
    {
      "command": "bun",
      "mean": 0.04063436682,
      "stddev": 0.0008180118038572542,
      "median": 0.04054094732,
      "user": 0.007291579999999999,
      "system": 0.03889147999999999,
      "min": 0.03967368282,
      "max": 0.04241880282,
      "times": [
        0.04086220982,
        0.03967368282,
        0.03972443282,
        0.03987617782,
        0.04014482182,
        0.04241880282,
        0.04041977082,
        0.04066212382,
        0.04134114582,
        0.04122049982
      ],
      "exit_codes": [
        0,
        0,
        0,
        0,
        0,
        0,
        0,
        0,
        0,
        0
      ]
    },
    {
      "command": "deno",
      "mean": 0.8553016750200001,
      "stddev": 0.018089694665113124,
      "median": 0.8542906413200001,
      "user": 1.3126239800000001,
      "system": 0.33622768,
      "min": 0.8350938648200001,
      "max": 0.8918268578200002,
      "times": [
        0.83651862882,
        0.8441608848200001,
        0.8378488528200001,
        0.8350938648200001,
        0.8570341348200001,
        0.8553281348200001,
        0.8918268578200002,
        0.8532531478200001,
        0.8597995888200001,
        0.8821526548200002
      ],
      "exit_codes": [
        0,
        0,
        0,
        0,
        0,
        0,
        0,
        0,
        0,
        0
      ]
    }
  ]
}