{
  "results": [
    {
      "command": "npm",
      "mean": 0.5607006302200002,
      "stddev": 0.0029707115815843592,
      "median": 0.56141948492,
      "user": 0.6039237599999998,
      "system": 0.13867592,
      "min": 0.55666926892,
      "max": 0.5654597289200001,
      "times": [
        0.55666926892,
        0.5583165399200001,
        0.5573670019200001,
        0.5625422129200001,
        0.5570231349200001,
        0.5616081729200001,
        0.5633024189200001,
        0.5654597289200001,
        0.5634870259200001,
        0.5612307969200001
      ],
      "exit_codes": [
        0,
        0,
        0,
        0,
        0,
        0,
        0,
        0,
        0,
        0
      ]
    },
    {
      "command": "snpm",
      "mean": 0.09959617712,
      "stddev": 0.0008346176141564207,
      "median": 0.09955622892000002,
      "user": 0.05703965999999999,
      "system": 0.04566342,
      "min": 0.09857600192000002,
      "max": 0.10109841192,
      "times": [
        0.09957511392000001,
        0.09886355592000001,
        0.10109841192,
        0.09965343792,
        0.10086675892000001,
        0.09857600192000002,
        0.10012838492000001,
        0.09953734392000001,
        0.09866251492000001,
        0.09900024692
      ],
      "exit_codes": [
        0,
        0,
        0,
        0,
        0,
        0,
        0,
        0,
        0,
        0
      ]
    },
    {
      "command": "yarn",
      "mean": 2.7151126320200003,
      "stddev": 0.41959017739511945,
      "median": 2.6089786734200002,
      "user": 0.97884276,
      "system": 0.32294202,
      "min": 2.35628894892,
      "max": 3.7593029709200003,
      "times": [
        2.42960714692,
        2.62274551892,
        3.7593029709200003,
        3.1795887239200002,
        2.7274821579200004,
        2.59521182792,
        2.3671477649200003,
        2.35628894892,
        2.7149919009200003,
        2.39875935892
      ],
      "exit_codes": [
        0,
        0,
        0,
        0,
        0,
        0,
        0,
        0,
        0,
        0
      ]
    },
    {
      "command": "berry",
      "mean": 1.38179556222,
      "stddev": 0.05659125220297906,
      "median": 1.3839308579199998,
      "user": 1.3689753599999999,
      "system": 0.25282002,
      "min": 1.3075221929199998,
      "max": 1.48112183592,
      "times": [
        1.3251653349199999,
        1.38741069092,
        1.3338992809199999,
        1.44909776792,
        1.4387309659199998,
        1.38045102492,
        1.38995592792,
        1.48112183592,
        1.3075221929199998,
        1.32460059992
      ],
      "exit_codes": [
        0,
        0,
        0,
        0,
        0,
        0,
        0,
        0,
        0,
        0
      ]
    },
    {
      "command": "pnpm",
      "mean": 0.70550284452,
      "stddev": 0.013809032103583621,
      "median": 0.7038982679200001,
      "user": 0.9386075599999998,
      "system": 0.15477521999999996,
      "min": 0.6846711739200001,
      "max": 0.7324833139200001,
      "times": [
        0.7088393659200001,
        0.7324833139200001,
        0.71001401192,
        0.7028996099200001,
        0.6983420999200001,
        0.7249216369200001,
        0.6914849689200001,
        0.7048969259200001,
        0.6846711739200001,
        0.69647533792
      ],
      "exit_codes": [
        0,
        0,
        0,
        0,
        0,
        0,
        0,
        0,
        0,
        0
      ]
    },
    {
      "command": "vlt",
      "mean": 0.27312068602000006,
      "stddev": 0.002276255686741119,
      "median": 0.27336025892000004,
      "user": 0.27406516000000003,
      "system": 0.05407322,
      "min": 0.26844487992000005,
      "max": 0.27631529392000004,
      "times": [
        0.27631529392000004,
        0.27102579492000006,
        0.27113647392,
        0.27325241092,
        0.27418749292000005,
        0.26844487992000005,
        0.27293104792000006,
        0.27601961292000005,
        0.27442574592,
        0.27346810692
      ],
      "exit_codes": [
        0,
        0,
        0,
        0,
        0,
        0,
        0,
        0,
        0,
        0
      ]
    },
    {
      "command": "bun",
      "mean": 0.010895086719999999,
      "stddev": 0.0005640279621812734,
      "median": 0.01078607742,
      "user": 0.00585396,
      "system": 0.01057262,
      "min": 0.01022121592,
      "max": 0.01216307292,
      "times": [
        0.01031138392,
        0.01113504192,
        0.01069776892,
        0.01022121592,
        0.01112809392,
        0.01032054192,
        0.01087438592,
        0.01069645192,
        0.01216307292,
        0.01140290992
      ],
      "exit_codes": [
        0,
        0,
        0,
        0,
        0,
        0,
        0,
        0,
        0,
        0
      ]
    },
    {
      "command": "deno",
      "mean": 0.18979838212000003,
      "stddev": 0.004388344724841923,
      "median": 0.18907330842,
      "user": 0.25139265999999993,
      "system": 0.09636791999999998,
      "min": 0.18252785392,
      "max": 0.19871489192,
      "times": [
        0.18252785392,
        0.19871489192,
        0.18912445992000002,
        0.18902215692,
        0.18745178992,
        0.18563662492,
        0.19216041792,
        0.18698853492,
        0.19321087192,
        0.19314621892
      ],
      "exit_codes": [
        0,
        0,
        0,
        0,
        0,
        0,
        0,
        0,
        0,
        0
      ]
    }
  ]
}