{
  "results": [
    {
      "command": "npm",
      "mean": 0.33018887464,
      "stddev": 0.0023213071922178596,
      "median": 0.32984664434,
      "user": 0.34255988000000004,
      "system": 0.07299713999999999,
      "min": 0.32770606284000003,
      "max": 0.33619969384000004,
      "times": [
        0.32875731184,
        0.33060034684,
        0.33071264284,
        0.32909193884000004,
        0.33127337284,
        0.32770606284000003,
        0.32912814684,
        0.33056514184,
        0.32785408784000003,
        0.33619969384000004
      ],
      "exit_codes": [
        0,
        0,
        0,
        0,
        0,
        0,
        0,
        0,
        0,
        0
      ]
    },
    {
      "command": "snpm",
      "mean": 0.028662162140000003,
      "stddev": 0.0002548262060099194,
      "median": 0.02856241934,
      "user": 0.01672278,
      "system": 0.01415894,
      "min": 0.028327731840000002,
      "max": 0.02909517184,
      "times": [
        0.028920849840000002,
        0.02909517184,
        0.02851716584,
        0.028502727840000002,
        0.028327731840000002,
        0.02846634084,
        0.02862644584,
        0.02860767284,
        0.02906761784,
        0.02848989684
      ],
      "exit_codes": [
        0,
        0,
        0,
        0,
        0,
        0,
        0,
        0,
        0,
        0
      ]
    },
    {
      "command": "yarn",
      "mean": 0.23580462084000003,
      "stddev": 0.0015427632981011004,
      "median": 0.23642172234000003,
      "user": 0.20899618000000003,
      "system": 0.05370764,
      "min": 0.23313072984000002,
      "max": 0.23740928784,
      "times": [
        0.23727277284,
        0.23675887184000002,
        0.23314722684000003,
        0.23740928784,
        0.23490081184,
        0.23627627184000002,
        0.23725427584,
        0.23656717284,
        0.23532878684000003,
        0.23313072984000002
      ],
      "exit_codes": [
        0,
        0,
        0,
        0,
        0,
        0,
        0,
        0,
        0,
        0
      ]
    },
    {
      "command": "berry",
      "mean": 0.6602621304400002,
      "stddev": 0.010966958992487369,
      "median": 0.6598234983400001,
      "user": 0.6956364799999999,
      "system": 0.12358943999999998,
      "min": 0.64182753284,
      "max": 0.6803101898400001,
      "times": [
        0.6666190798400001,
        0.64182753284,
        0.65548879684,
        0.6803101898400001,
        0.6472423568400001,
        0.67222270384,
        0.65650326684,
        0.6540644978400001,
        0.6651991498400001,
        0.6631437298400001
      ],
      "exit_codes": [
        0,
        0,
        0,
        0,
        0,
        0,
        0,
        0,
        0,
        0
      ]
    },
    {
      "command": "pnpm",
      "mean": 0.6777866465400002,
      "stddev": 0.005766888153749188,
      "median": 0.6776810798400001,
      "user": 0.6317982799999999,
      "system": 0.10756373999999998,
      "min": 0.6693138768400001,
      "max": 0.6921929728400001,
      "times": [
        0.6805389098400001,
        0.6693138768400001,
        0.6921929728400001,
        0.6755238378400001,
        0.6766621758400001,
        0.6786999838400001,
        0.6788987988400002,
        0.6730727298400001,
        0.6740751598400001,
        0.6788880198400001
      ],
      "exit_codes": [
        0,
        0,
        0,
        0,
        0,
        0,
        0,
        0,
        0,
        0
      ]
    },
    {
      "command": "vlt",
      "mean": 0.27165647514,
      "stddev": 0.0029261557086312424,
      "median": 0.27070085234,
      "user": 0.27238568,
      "system": 0.05440104,
      "min": 0.26824322684,
      "max": 0.27710384484,
      "times": [
        0.26850588384,
        0.27222715384,
        0.27120335484,
        0.26999357184,
        0.26824322684,
        0.26925898384,
        0.27392404084,
        0.27710384484,
        0.27590634084000004,
        0.27019834984
      ],
      "exit_codes": [
        0,
        0,
        0,
        0,
        0,
        0,
        0,
        0,
        0,
        0
      ]
    },
    {
      "command": "bun",
      "mean": 0.0061329841400000005,
      "stddev": 0.0002995479672429945,
      "median": 0.00605906384,
      "user": 0.0033310799999999993,
      "system": 0.006029439999999999,
      "min": 0.005733691840000001,
      "max": 0.006907400840000001,
      "times": [
        0.00611268884,
        0.00600543884,
        0.0061311028399999995,
        0.005733691840000001,
        0.00599162084,
        0.0059765118400000004,
        0.00617529084,
        0.00595473384,
        0.006341360840000001,
        0.006907400840000001
      ],
      "exit_codes": [
        0,
        0,
        0,
        0,
        0,
        0,
        0,
        0,
        0,
        0
      ]
    },
    {
      "command": "deno",
      "mean": 0.03685024374,
      "stddev": 0.0004476026291865261,
      "median": 0.03673366784,
      "user": 0.01982468,
      "system": 0.020383939999999996,
      "min": 0.03636536284,
      "max": 0.037622142840000004,
      "times": [
        0.03680130284,
        0.03636536284,
        0.03761637584,
        0.037111318840000004,
        0.036414800840000004,
        0.03641507184,
        0.03666603284,
        0.03694496984,
        0.037622142840000004,
        0.03654505884
      ],
      "exit_codes": [
        0,
        0,
        0,
        0,
        0,
        0,
        0,
        0,
        0,
        0
      ]
    }
  ]
}