{
  "results": [
    {
      "command": "npm",
      "mean": 0.2685102275000001,
      "stddev": 0.0034569177042984935,
      "median": 0.2682836193,
      "user": 0.29908436,
      "system": 0.0488054,
      "min": 0.2621525228,
      "max": 0.2742497228,
      "times": [
        0.2679914198,
        0.2684218338,
        0.2644895628,
        0.26834833080000003,
        0.2733979218,
        0.2672777518,
        0.2682189078,
        0.2742497228,
        0.27055430080000004,
        0.2621525228
      ],
      "exit_codes": [
        0,
        0,
        0,
        0,
        0,
        0,
        0,
        0,
        0,
        0
      ]
    },
    {
      "command": "snpm",
      "mean": 0.025632887,
      "stddev": 0.002692086939950297,
      "median": 0.024675945300000002,
      "user": 0.01761026,
      "system": 0.0103323,
      "min": 0.024347815800000002,
      "max": 0.0336544358,
      "times": [
        0.0244088488,
        0.024479992800000003,
        0.0336544358,
        0.0253010918,
        0.024347815800000002,
        0.0246694608,
        0.025146288800000003,
        0.024682429800000003,
        0.025090183800000002,
        0.0245483218
      ],
      "exit_codes": [
        0,
        0,
        0,
        0,
        0,
        0,
        0,
        0,
        0,
        0
      ]
    },
    {
      "command": "yarn",
      "mean": 0.21989227430000002,
      "stddev": 0.0023436798299609645,
      "median": 0.2200981123,
      "user": 0.20258636000000002,
      "system": 0.03999499999999999,
      "min": 0.2160437688,
      "max": 0.22434047980000002,
      "times": [
        0.2203285748,
        0.2174027688,
        0.2160437688,
        0.2198676498,
        0.2219341158,
        0.2204944738,
        0.2189598008,
        0.22434047980000002,
        0.2218387698,
        0.21771234080000001
      ],
      "exit_codes": [
        0,
        0,
        0,
        0,
        0,
        0,
        0,
        0,
        0,
        0
      ]
    },
    {
      "command": "berry",
      "mean": 0.621059887,
      "stddev": 0.008179147365956966,
      "median": 0.6211964278,
      "user": 0.67942826,
      "system": 0.09299540000000002,
      "min": 0.6088492348000001,
      "max": 0.6385909448,
      "times": [
        0.6218143128,
        0.6088492348000001,
        0.6205785428,
        0.6109681778,
        0.6271320548,
        0.6198270298,
        0.6143955208,
        0.6261064928000001,
        0.6223365588,
        0.6385909448
      ],
      "exit_codes": [
        0,
        0,
        0,
        0,
        0,
        0,
        0,
        0,
        0,
        0
      ]
    },
    {
      "command": "pnpm",
      "mean": 0.6132198065000001,
      "stddev": 0.00856868137725679,
      "median": 0.6114836643000001,
      "user": 0.58704926,
      "system": 0.07914389999999999,
      "min": 0.6011454228,
      "max": 0.6311620158000001,
      "times": [
        0.6011454228,
        0.6171575968,
        0.6064083418,
        0.6097481328000001,
        0.6132191958000001,
        0.6086666718,
        0.6047022498,
        0.6311620158000001,
        0.6219293538,
        0.6180590838000001
      ],
      "exit_codes": [
        0,
        0,
        0,
        0,
        0,
        0,
        0,
        0,
        0,
        0
      ]
    },
    {
      "command": "vlt",
      "mean": 0.24931244800000002,
      "stddev": 0.003011004914747428,
      "median": 0.2485915983,
      "user": 0.26414696,
      "system": 0.040286999999999996,
      "min": 0.2441034618,
      "max": 0.2557803248,
      "times": [
        0.24860412880000002,
        0.2515839968,
        0.2557803248,
        0.2497094978,
        0.2475144578,
        0.2518331178,
        0.2471587998,
        0.2441034618,
        0.2485790678,
        0.24825762680000002
      ],
      "exit_codes": [
        0,
        0,
        0,
        0,
        0,
        0,
        0,
        0,
        0,
        0
      ]
    },
    {
      "command": "bun",
      "mean": 0.0048765524,
      "stddev": 0.00017435610545845539,
      "median": 0.0047980148,
      "user": 0.00297986,
      "system": 0.004553699999999999,
      "min": 0.0046954088,
      "max": 0.0052774848,
      "times": [
        0.0047946198,
        0.0052774848,
        0.0048014098,
        0.0048660528,
        0.0047896358,
        0.0050480708,
        0.0050219768,
        0.0046954088,
        0.0047385978,
        0.0047322668
      ],
      "exit_codes": [
        0,
        0,
        0,
        0,
        0,
        0,
        0,
        0,
        0,
        0
      ]
    },
    {
      "command": "deno",
      "mean": 0.031398526100000004,
      "stddev": 0.0003872830799580704,
      "median": 0.0315529058,
      "user": 0.020014560000000004,
      "system": 0.014478199999999997,
      "min": 0.030737088800000003,
      "max": 0.0320280498,
      "times": [
        0.031553535800000004,
        0.030737088800000003,
        0.0315522758,
        0.0316577178,
        0.030822294800000004,
        0.0315636128,
        0.0312376558,
        0.0317041018,
        0.0320280498,
        0.031128927800000004
      ],
      "exit_codes": [
        0,
        0,
        0,
        0,
        0,
        0,
        0,
        0,
        0,
        0
      ]
    }
  ]
}