{
  "results": [
    {
      "command": "npm",
      "mean": 0.32449764690000005,
      "stddev": 0.01946399550141341,
      "median": 0.3262753381000001,
      "user": 0.37026548000000004,
      "system": 0.06235484,
      "min": 0.29902467460000004,
      "max": 0.3688342526,
      "times": [
        0.31006507060000005,
        0.33535718960000005,
        0.31425969260000003,
        0.32874738360000005,
        0.33286649860000006,
        0.3688342526,
        0.30003841560000005,
        0.33197999860000005,
        0.32380329260000007,
        0.29902467460000004
      ],
      "exit_codes": [
        0,
        0,
        0,
        0,
        0,
        0,
        0,
        0,
        0,
        0
      ]
    },
    {
      "command": "snpm",
      "mean": 0.030754151000000007,
      "stddev": 0.0027159288778508986,
      "median": 0.0313045731,
      "user": 0.018928580000000004,
      "system": 0.01501024,
      "min": 0.0261933776,
      "max": 0.0357630166,
      "times": [
        0.0261933776,
        0.0317787156,
        0.0310760576,
        0.0315330886,
        0.0274636866,
        0.0322036876,
        0.0334460216,
        0.0357630166,
        0.0288478666,
        0.0292359916
      ],
      "exit_codes": [
        0,
        0,
        0,
        0,
        0,
        0,
        0,
        0,
        0,
        0
      ]
    },
    {
      "command": "yarn",
      "mean": 0.2717309416,
      "stddev": 0.011167472253895501,
      "median": 0.2693553891,
      "user": 0.24170258000000003,
      "system": 0.06150773999999999,
      "min": 0.25871717660000004,
      "max": 0.2903248486,
      "times": [
        0.2595051226,
        0.28459442860000006,
        0.2869923046,
        0.26151215460000005,
        0.2903248486,
        0.27329784860000006,
        0.26365475360000007,
        0.26872545160000005,
        0.2699853266,
        0.25871717660000004
      ],
      "exit_codes": [
        0,
        0,
        0,
        0,
        0,
        0,
        0,
        0,
        0,
        0
      ]
    },
    {
      "command": "berry",
      "mean": 0.7004249246,
      "stddev": 0.026879256551242767,
      "median": 0.7106918516,
      "user": 0.7716302799999999,
      "system": 0.11998354,
      "min": 0.6518846666000001,
      "max": 0.7383454736,
      "times": [
        0.7215907336,
        0.6518846666000001,
        0.6763320196000001,
        0.6625827406000001,
        0.6950693486,
        0.7124744676000001,
        0.7116598166000001,
        0.7383454736,
        0.7097238866000001,
        0.7245860926000001
      ],
      "exit_codes": [
        0,
        0,
        0,
        0,
        0,
        0,
        0,
        0,
        0,
        0
      ]
    },
    {
      "command": "pnpm",
      "mean": 0.7153198636000001,
      "stddev": 0.031108428918952356,
      "median": 0.7192407751000001,
      "user": 0.71106408,
      "system": 0.10338884,
      "min": 0.6675967766,
      "max": 0.7855194856000001,
      "times": [
        0.7209239106,
        0.7188682236,
        0.7125041656000001,
        0.6733141146,
        0.7000692086000001,
        0.6675967766,
        0.7196133266000001,
        0.7349059036000001,
        0.7198835206,
        0.7855194856000001
      ],
      "exit_codes": [
        0,
        0,
        0,
        0,
        0,
        0,
        0,
        0,
        0,
        0
      ]
    },
    {
      "command": "vlt",
      "mean": 0.30147171770000003,
      "stddev": 0.01269800892778048,
      "median": 0.30029623010000006,
      "user": 0.31951088,
      "system": 0.055488039999999995,
      "min": 0.27458901460000007,
      "max": 0.3190540566,
      "times": [
        0.31250761560000007,
        0.3070082746,
        0.29275793060000005,
        0.29220854360000004,
        0.30163819760000005,
        0.31734849360000006,
        0.2986507876,
        0.27458901460000007,
        0.2989542626,
        0.3190540566
      ],
      "exit_codes": [
        0,
        0,
        0,
        0,
        0,
        0,
        0,
        0,
        0,
        0
      ]
    },
    {
      "command": "bun",
      "mean": 0.006652213800000001,
      "stddev": 0.0005662761299266991,
      "median": 0.0064622341,
      "user": 0.00388798,
      "system": 0.00612624,
      "min": 0.0057641516000000005,
      "max": 0.007682807600000001,
      "times": [
        0.0063572986,
        0.006421392600000001,
        0.0074733436,
        0.0069316576,
        0.006076338600000001,
        0.0068906796000000005,
        0.0064984926,
        0.007682807600000001,
        0.0057641516000000005,
        0.006425975600000001
      ],
      "exit_codes": [
        0,
        0,
        0,
        0,
        0,
        0,
        0,
        0,
        0,
        0
      ]
    },
    {
      "command": "deno",
      "mean": 0.0393803236,
      "stddev": 0.002784476516657771,
      "median": 0.0390387966,
      "user": 0.02494468,
      "system": 0.01828764,
      "min": 0.0359139346,
      "max": 0.0466749956,
      "times": [
        0.0407690806,
        0.039257680600000004,
        0.0395628026,
        0.0388199126,
        0.0386130576,
        0.0359139346,
        0.039568032600000004,
        0.0466749956,
        0.0366664936,
        0.0379572456
      ],
      "exit_codes": [
        0,
        0,
        0,
        0,
        0,
        0,
        0,
        0,
        0,
        0
      ]
    }
  ]
}