{
  "results": [
    {
      "command": "npm",
      "mean": 0.34225309702000006,
      "stddev": 0.00957455242980996,
      "median": 0.33995598452000003,
      "user": 0.35307648,
      "system": 0.08405515999999999,
      "min": 0.33232205802000003,
      "max": 0.36622540202000003,
      "times": [
        0.33708948402000005,
        0.34292301002000003,
        0.3485529660200001,
        0.33731732202000003,
        0.33232205802000003,
        0.34704265902000003,
        0.33474154702000003,
        0.33372187502000006,
        0.34259464702000003,
        0.36622540202000003
      ],
      "exit_codes": [
        0,
        0,
        0,
        0,
        0,
        0,
        0,
        0,
        0,
        0
      ]
    },
    {
      "command": "snpm",
      "mean": 0.029958299320000003,
      "stddev": 0.0007067423335197979,
      "median": 0.029812503020000002,
      "user": 0.01813078,
      "system": 0.014343359999999996,
      "min": 0.028909171020000003,
      "max": 0.03129307002,
      "times": [
        0.03028084002,
        0.03086316602,
        0.03028190202,
        0.02945748502,
        0.028909171020000003,
        0.02941031002,
        0.03129307002,
        0.029462404020000003,
        0.029462043020000002,
        0.030162602020000002
      ],
      "exit_codes": [
        0,
        0,
        0,
        0,
        0,
        0,
        0,
        0,
        0,
        0
      ]
    },
    {
      "command": "yarn",
      "mean": 0.24129594332,
      "stddev": 0.012730926869317448,
      "median": 0.23974361052,
      "user": 0.21539767999999998,
      "system": 0.052697759999999996,
      "min": 0.22939723802,
      "max": 0.27582401002000007,
      "times": [
        0.24307752802000002,
        0.27582401002000007,
        0.24213286702,
        0.24547832902000002,
        0.24263268202000002,
        0.23177183402,
        0.23065375002000002,
        0.23463684102000001,
        0.22939723802,
        0.23735435402000002
      ],
      "exit_codes": [
        0,
        0,
        0,
        0,
        0,
        0,
        0,
        0,
        0,
        0
      ]
    },
    {
      "command": "berry",
      "mean": 0.5988478524199999,
      "stddev": 0.020430533490057533,
      "median": 0.5922764540200001,
      "user": 0.70309618,
      "system": 0.12864246000000001,
      "min": 0.56991812302,
      "max": 0.62901173902,
      "times": [
        0.62901173902,
        0.62180510002,
        0.61623317102,
        0.62234695902,
        0.58761953802,
        0.59693337002,
        0.56991812302,
        0.58469678102,
        0.58097021502,
        0.57894352802
      ],
      "exit_codes": [
        0,
        0,
        0,
        0,
        0,
        0,
        0,
        0,
        0,
        0
      ]
    },
    {
      "command": "pnpm",
      "mean": 0.57395075722,
      "stddev": 0.010066756262078418,
      "median": 0.57278830502,
      "user": 0.63926428,
      "system": 0.09546565999999998,
      "min": 0.55739622902,
      "max": 0.58834502802,
      "times": [
        0.57299663302,
        0.55739622902,
        0.5616938890200001,
        0.57900296502,
        0.57257997702,
        0.58834502802,
        0.58317038002,
        0.5687009160200001,
        0.58808797502,
        0.56753358002
      ],
      "exit_codes": [
        0,
        0,
        0,
        0,
        0,
        0,
        0,
        0,
        0,
        0
      ]
    },
    {
      "command": "vlt",
      "mean": 0.26761149522000005,
      "stddev": 0.004832316618369761,
      "median": 0.26576615552000005,
      "user": 0.26495568,
      "system": 0.05686576,
      "min": 0.26358799902,
      "max": 0.28014185602,
      "times": [
        0.26858136202000005,
        0.26532444602000005,
        0.26497712502000004,
        0.26620786502000005,
        0.28014185602,
        0.26484894802000003,
        0.26385104202000004,
        0.26358799902,
        0.27227855402000006,
        0.26631575502000004
      ],
      "exit_codes": [
        0,
        0,
        0,
        0,
        0,
        0,
        0,
        0,
        0,
        0
      ]
    },
    {
      "command": "bun",
      "mean": 0.006206628620000001,
      "stddev": 0.0003040911131115804,
      "median": 0.006226441520000001,
      "user": 0.00395278,
      "system": 0.00561536,
      "min": 0.005860158020000001,
      "max": 0.006733594020000001,
      "times": [
        0.00589811302,
        0.005860158020000001,
        0.00589331502,
        0.005879862020000001,
        0.006733594020000001,
        0.00641896902,
        0.00634771202,
        0.006105171020000001,
        0.006560539020000001,
        0.006368853020000001
      ],
      "exit_codes": [
        0,
        0,
        0,
        0,
        0,
        0,
        0,
        0,
        0,
        0
      ]
    },
    {
      "command": "deno",
      "mean": 0.03719893062,
      "stddev": 0.0020593137620111804,
      "median": 0.03627814552,
      "user": 0.02146188,
      "system": 0.019056959999999998,
      "min": 0.03567792502,
      "max": 0.04153824902,
      "times": [
        0.03593678302,
        0.03591180002,
        0.03567792502,
        0.03600451602,
        0.03588798402,
        0.03655177502,
        0.04153824902,
        0.036916069020000004,
        0.04094519902,
        0.036619006020000004
      ],
      "exit_codes": [
        0,
        0,
        0,
        0,
        0,
        0,
        0,
        0,
        0,
        0
      ]
    }
  ]
}