{
  "results": [
    {
      "command": "npm",
      "mean": 0.32104081584,
      "stddev": 0.0039017442856385015,
      "median": 0.32095402204,
      "user": 0.32284959999999996,
      "system": 0.08040749999999999,
      "min": 0.31603114254,
      "max": 0.32965584054,
      "times": [
        0.32026064054,
        0.32044744454,
        0.32965584054,
        0.31603114254,
        0.32203094154,
        0.31670352654,
        0.32146059954,
        0.31693665254,
        0.32209378154,
        0.32478758854
      ],
      "exit_codes": [
        0,
        0,
        0,
        0,
        0,
        0,
        0,
        0,
        0,
        0
      ]
    },
    {
      "command": "snpm",
      "mean": 0.027475063140000006,
      "stddev": 0.00022953409946942528,
      "median": 0.02743731754,
      "user": 0.0156941,
      "system": 0.013980199999999998,
      "min": 0.02719546654,
      "max": 0.02799249354,
      "times": [
        0.02750787154,
        0.02719546654,
        0.02737931954,
        0.02737677554,
        0.02799249354,
        0.02749531554,
        0.02722154454,
        0.02730311954,
        0.02755932554,
        0.027719399540000002
      ],
      "exit_codes": [
        0,
        0,
        0,
        0,
        0,
        0,
        0,
        0,
        0,
        0
      ]
    },
    {
      "command": "yarn",
      "mean": 0.22982983514000005,
      "stddev": 0.0021676726557744506,
      "median": 0.23026182754000002,
      "user": 0.20473409999999997,
      "system": 0.050348399999999995,
      "min": 0.22546263854,
      "max": 0.23316689154000003,
      "times": [
        0.22875162854000003,
        0.23002165054,
        0.22546263854,
        0.23049858154000002,
        0.22689003254,
        0.23071610954000002,
        0.23203220354,
        0.23316689154000003,
        0.23002507354,
        0.23073354154000003
      ],
      "exit_codes": [
        0,
        0,
        0,
        0,
        0,
        0,
        0,
        0,
        0,
        0
      ]
    },
    {
      "command": "berry",
      "mean": 0.59111648244,
      "stddev": 0.017064737551661165,
      "median": 0.58990073854,
      "user": 0.6833845999999999,
      "system": 0.11664349999999997,
      "min": 0.56359507654,
      "max": 0.62110543154,
      "times": [
        0.59694116854,
        0.58844010254,
        0.59921805054,
        0.61555168754,
        0.57242419954,
        0.58324801654,
        0.57927971654,
        0.62110543154,
        0.59136137454,
        0.56359507654
      ],
      "exit_codes": [
        0,
        0,
        0,
        0,
        0,
        0,
        0,
        0,
        0,
        0
      ]
    },
    {
      "command": "pnpm",
      "mean": 0.6022710818399999,
      "stddev": 0.019110251286513058,
      "median": 0.59824000654,
      "user": 0.6386025,
      "system": 0.10470349999999999,
      "min": 0.57769338054,
      "max": 0.64030369854,
      "times": [
        0.62813245154,
        0.58325988854,
        0.58577979654,
        0.64030369854,
        0.60471526554,
        0.57769338054,
        0.60142126354,
        0.61410325454,
        0.59505874954,
        0.5922430695400001
      ],
      "exit_codes": [
        0,
        0,
        0,
        0,
        0,
        0,
        0,
        0,
        0,
        0
      ]
    },
    {
      "command": "vlt",
      "mean": 0.26620423803999993,
      "stddev": 0.0034072870677949113,
      "median": 0.26508891254,
      "user": 0.26669299999999996,
      "system": 0.0529671,
      "min": 0.26243258654,
      "max": 0.27246976254,
      "times": [
        0.26824459454,
        0.26269527053999997,
        0.26392430554,
        0.27158398454,
        0.26366431054,
        0.26684974054,
        0.26623835154,
        0.26243258654,
        0.27246976254,
        0.26393947353999997
      ],
      "exit_codes": [
        0,
        0,
        0,
        0,
        0,
        0,
        0,
        0,
        0,
        0
      ]
    },
    {
      "command": "bun",
      "mean": 0.006084932540000001,
      "stddev": 0.00025738146759741656,
      "median": 0.006021922040000001,
      "user": 0.0037597999999999998,
      "system": 0.005668899999999999,
      "min": 0.00582746354,
      "max": 0.00676865454,
      "times": [
        0.0059694195400000006,
        0.00604596154,
        0.0058328645400000005,
        0.00596769654,
        0.006235545540000001,
        0.00600465954,
        0.006157875540000001,
        0.006039184540000001,
        0.00676865454,
        0.00582746354
      ],
      "exit_codes": [
        0,
        0,
        0,
        0,
        0,
        0,
        0,
        0,
        0,
        0
      ]
    },
    {
      "command": "deno",
      "mean": 0.03593631114,
      "stddev": 0.00029290542125682797,
      "median": 0.03597074804,
      "user": 0.021080299999999996,
      "system": 0.018108700000000002,
      "min": 0.03540740154,
      "max": 0.03639865254,
      "times": [
        0.03569945354,
        0.03594400954,
        0.03604929554,
        0.03562429354,
        0.03610422554,
        0.03581329354,
        0.03540740154,
        0.03599748654,
        0.03632499954,
        0.03639865254
      ],
      "exit_codes": [
        0,
        0,
        0,
        0,
        0,
        0,
        0,
        0,
        0,
        0
      ]
    }
  ]
}