{
  "results": [
    {
      "command": "npm",
      "mean": 0.3349120906,
      "stddev": 0.00714086662926493,
      "median": 0.33266573120000004,
      "user": 0.34432304,
      "system": 0.08068442,
      "min": 0.32843258170000006,
      "max": 0.3516615907,
      "times": [
        0.3288693207,
        0.3308670637,
        0.33352993770000006,
        0.32898720770000006,
        0.32843258170000006,
        0.3318015247,
        0.33685237970000004,
        0.33407701770000003,
        0.34404228170000006,
        0.3516615907
      ],
      "exit_codes": [
        0,
        0,
        0,
        0,
        0,
        0,
        0,
        0,
        0,
        0
      ]
    },
    {
      "command": "snpm",
      "mean": 0.029525625400000005,
      "stddev": 0.000815000315406816,
      "median": 0.029635423200000004,
      "user": 0.017536839999999998,
      "system": 0.014344619999999999,
      "min": 0.028453373700000003,
      "max": 0.0310189457,
      "times": [
        0.029810869700000003,
        0.029545446700000002,
        0.0310189457,
        0.028654994700000002,
        0.0302071907,
        0.028463115700000003,
        0.029725399700000002,
        0.030295242700000002,
        0.028453373700000003,
        0.0290816747
      ],
      "exit_codes": [
        0,
        0,
        0,
        0,
        0,
        0,
        0,
        0,
        0,
        0
      ]
    },
    {
      "command": "yarn",
      "mean": 0.24387818560000002,
      "stddev": 0.0082733407378372,
      "median": 0.2417400192,
      "user": 0.21726843999999995,
      "system": 0.05407741999999999,
      "min": 0.2328192557,
      "max": 0.26398815370000006,
      "times": [
        0.2421074547,
        0.25015291170000004,
        0.2466018007,
        0.2328192557,
        0.2386288517,
        0.2384142007,
        0.2413725837,
        0.2379056017,
        0.24679104170000002,
        0.26398815370000006
      ],
      "exit_codes": [
        0,
        0,
        0,
        0,
        0,
        0,
        0,
        0,
        0,
        0
      ]
    },
    {
      "command": "berry",
      "mean": 0.6208175858,
      "stddev": 0.01171016649094256,
      "median": 0.6180302127,
      "user": 0.69921304,
      "system": 0.12300202,
      "min": 0.6070744267,
      "max": 0.6399055477,
      "times": [
        0.6397839347000001,
        0.6295491107,
        0.6110246147,
        0.6077353357,
        0.6247598387,
        0.6122826237,
        0.6399055477,
        0.6070744267,
        0.6203881757,
        0.6156722497
      ],
      "exit_codes": [
        0,
        0,
        0,
        0,
        0,
        0,
        0,
        0,
        0,
        0
      ]
    },
    {
      "command": "pnpm",
      "mean": 0.6239993246,
      "stddev": 0.02483551924209763,
      "median": 0.6138142322,
      "user": 0.6350248399999999,
      "system": 0.10873131999999999,
      "min": 0.5957270477,
      "max": 0.6703287317,
      "times": [
        0.6703287317,
        0.6158965177,
        0.6110809197,
        0.6605353447,
        0.6488808837,
        0.6117319467,
        0.6192729567,
        0.5957270477,
        0.6045920447,
        0.6019468527
      ],
      "exit_codes": [
        0,
        0,
        0,
        0,
        0,
        0,
        0,
        0,
        0,
        0
      ]
    },
    {
      "command": "vlt",
      "mean": 0.27470563310000007,
      "stddev": 0.006883155045937784,
      "median": 0.2745124722000001,
      "user": 0.27698914,
      "system": 0.053847919999999994,
      "min": 0.26476276670000004,
      "max": 0.2828049717,
      "times": [
        0.28199661070000004,
        0.27618376270000006,
        0.2828049717,
        0.28252209770000003,
        0.26999052970000004,
        0.26476276670000004,
        0.26558741770000005,
        0.26871932270000004,
        0.27284118170000005,
        0.28164766970000005
      ],
      "exit_codes": [
        0,
        0,
        0,
        0,
        0,
        0,
        0,
        0,
        0,
        0
      ]
    },
    {
      "command": "bun",
      "mean": 0.0060089707,
      "stddev": 0.00019005669713430265,
      "median": 0.0059807362000000005,
      "user": 0.00386024,
      "system": 0.0055200200000000005,
      "min": 0.005790458700000001,
      "max": 0.006482771700000001,
      "times": [
        0.0060010037,
        0.005790458700000001,
        0.006482771700000001,
        0.006020864700000001,
        0.0059031277,
        0.0061881327000000005,
        0.0058471137,
        0.005960468700000001,
        0.0058791067,
        0.0060166587
      ],
      "exit_codes": [
        0,
        0,
        0,
        0,
        0,
        0,
        0,
        0,
        0,
        0
      ]
    },
    {
      "command": "deno",
      "mean": 0.0369330273,
      "stddev": 0.0016765418590460664,
      "median": 0.0366088532,
      "user": 0.01965164,
      "system": 0.020650320000000003,
      "min": 0.0354779057,
      "max": 0.0415575347,
      "times": [
        0.036011182700000005,
        0.0362973767,
        0.0370852017,
        0.0357355187,
        0.035717704700000005,
        0.0369495077,
        0.0415575347,
        0.036920329700000004,
        0.0354779057,
        0.037578010700000004
      ],
      "exit_codes": [
        0,
        0,
        0,
        0,
        0,
        0,
        0,
        0,
        0,
        0
      ]
    }
  ]
}