{
  "results": [
    {
      "command": "npm",
      "mean": 0.3161093081,
      "stddev": 0.001849407770802059,
      "median": 0.3161503962,
      "user": 0.3182357599999999,
      "system": 0.07628717999999998,
      "min": 0.3119460647,
      "max": 0.3193260137,
      "times": [
        0.3173775097,
        0.3149880017,
        0.3159840367,
        0.31684139370000003,
        0.3153542467,
        0.3193260137,
        0.3119460647,
        0.31753278970000004,
        0.3154262687,
        0.3163167557
      ],
      "exit_codes": [
        0,
        0,
        0,
        0,
        0,
        0,
        0,
        0,
        0,
        0
      ]
    },
    {
      "command": "snpm",
      "mean": 0.0279713092,
      "stddev": 0.0004270980836696061,
      "median": 0.0277809572,
      "user": 0.01546896,
      "system": 0.01453408,
      "min": 0.027544038700000002,
      "max": 0.0289731087,
      "times": [
        0.027544038700000002,
        0.0275534797,
        0.0277301857,
        0.028243826700000002,
        0.027710775700000002,
        0.0280091917,
        0.0289731087,
        0.027831728700000002,
        0.0277214657,
        0.028395290700000003
      ],
      "exit_codes": [
        0,
        0,
        0,
        0,
        0,
        0,
        0,
        0,
        0,
        0
      ]
    },
    {
      "command": "yarn",
      "mean": 0.2282500696,
      "stddev": 0.002161037462109548,
      "median": 0.22838484720000002,
      "user": 0.19759045999999997,
      "system": 0.053877180000000004,
      "min": 0.22433748270000003,
      "max": 0.23175414870000002,
      "times": [
        0.22826287170000004,
        0.23112201470000002,
        0.22433748270000003,
        0.22791007170000002,
        0.22568294070000003,
        0.22886957170000002,
        0.22850682270000003,
        0.23175414870000002,
        0.22668368570000003,
        0.22937108570000003
      ],
      "exit_codes": [
        0,
        0,
        0,
        0,
        0,
        0,
        0,
        0,
        0,
        0
      ]
    },
    {
      "command": "berry",
      "mean": 0.775159123,
      "stddev": 0.017005841959261084,
      "median": 0.7709057407000001,
      "user": 0.66991466,
      "system": 0.11291177999999999,
      "min": 0.7520992397,
      "max": 0.8066949647,
      "times": [
        0.7603275207000001,
        0.7888120977,
        0.7520992397,
        0.7628915867,
        0.8066949647,
        0.7693245467000001,
        0.7613184707,
        0.7988920027,
        0.7724869347000001,
        0.7787438657000001
      ],
      "exit_codes": [
        0,
        0,
        0,
        0,
        0,
        0,
        0,
        0,
        0,
        0
      ]
    },
    {
      "command": "pnpm",
      "mean": 0.7475948332000001,
      "stddev": 0.1238328880654352,
      "median": 0.6602716392000001,
      "user": 0.6130298599999999,
      "system": 0.09772447999999997,
      "min": 0.6368976357,
      "max": 0.9557171007,
      "times": [
        0.6467100337,
        0.9557171007,
        0.6383677727,
        0.8451856677,
        0.8758987027,
        0.6667803717,
        0.6509166687000001,
        0.6368976357,
        0.6537629067,
        0.9057114717000001
      ],
      "exit_codes": [
        0,
        0,
        0,
        0,
        0,
        0,
        0,
        0,
        0,
        0
      ]
    },
    {
      "command": "vlt",
      "mean": 0.24819455940000004,
      "stddev": 0.0032362453863034285,
      "median": 0.2475598102,
      "user": 0.24982985999999996,
      "system": 0.049266279999999996,
      "min": 0.24377578670000002,
      "max": 0.25346216270000005,
      "times": [
        0.24377578670000002,
        0.24499582070000003,
        0.24868282670000003,
        0.24747684770000003,
        0.24632872370000003,
        0.2476427727,
        0.2523176647,
        0.25218863970000005,
        0.25346216270000005,
        0.24507434870000003
      ],
      "exit_codes": [
        0,
        0,
        0,
        0,
        0,
        0,
        0,
        0,
        0,
        0
      ]
    },
    {
      "command": "bun",
      "mean": 0.0059190202,
      "stddev": 0.00019933365642522594,
      "median": 0.0058742152,
      "user": 0.00295866,
      "system": 0.006325079999999999,
      "min": 0.005693774700000001,
      "max": 0.006327927700000001,
      "times": [
        0.005884870700000001,
        0.005693774700000001,
        0.0059908607,
        0.0057339817,
        0.0059057347,
        0.005787913700000001,
        0.006327927700000001,
        0.0057716407,
        0.0062299377,
        0.0058635597
      ],
      "exit_codes": [
        0,
        0,
        0,
        0,
        0,
        0,
        0,
        0,
        0,
        0
      ]
    },
    {
      "command": "deno",
      "mean": 0.036391093000000006,
      "stddev": 0.0007614241432255814,
      "median": 0.0362165547,
      "user": 0.02046676,
      "system": 0.01867258,
      "min": 0.03543268770000001,
      "max": 0.03773618470000001,
      "times": [
        0.036128825700000006,
        0.03773618470000001,
        0.0363042837,
        0.037016194700000005,
        0.037530460700000004,
        0.03543268770000001,
        0.036502692700000006,
        0.0358617597,
        0.0355349547,
        0.035862885700000006
      ],
      "exit_codes": [
        0,
        0,
        0,
        0,
        0,
        0,
        0,
        0,
        0,
        0
      ]
    }
  ]
}