{
  "results": [
    {
      "command": "npm",
      "mean": 4.24504076278,
      "stddev": 0.02222112305782466,
      "median": 4.24481509298,
      "user": 4.0741964,
      "system": 2.9459098399999997,
      "min": 4.2076448619799995,
      "max": 4.28355494798,
      "times": [
        4.24847387698,
        4.25850451798,
        4.26401992898,
        4.23725270498,
        4.26129127298,
        4.2076448619799995,
        4.23647689398,
        4.21203231298,
        4.24115630898,
        4.28355494798
      ],
      "exit_codes": [
        0,
        0,
        0,
        0,
        0,
        0,
        0,
        0,
        0,
        0
      ]
    },
    {
      "command": "snpm",
      "mean": 0.12327007638000002,
      "stddev": 0.0025721692168574027,
      "median": 0.12419386698000001,
      "user": 0.0256853,
      "system": 0.09994554,
      "min": 0.11769706698000001,
      "max": 0.12589068798,
      "times": [
        0.11769706698000001,
        0.11904035798000001,
        0.12438128898000002,
        0.12400644498000002,
        0.12502963698,
        0.12385832698000002,
        0.12589068798,
        0.12307445198000001,
        0.12496831298000001,
        0.12475418798
      ],
      "exit_codes": [
        0,
        0,
        0,
        0,
        0,
        0,
        0,
        0,
        0,
        0
      ]
    },
    {
      "command": "yarn",
      "mean": 2.5017252464799995,
      "stddev": 0.2577071392190768,
      "median": 2.40650540998,
      "user": 2.4372358999999997,
      "system": 2.7270761399999994,
      "min": 2.33050697798,
      "max": 3.25342237498,
      "times": [
        2.49211545498,
        2.46289498898,
        2.53885070798,
        2.39825066198,
        3.25342237498,
        2.4029372159799998,
        2.33050697798,
        2.35964955698,
        2.41007360398,
        2.3685509209799998
      ],
      "exit_codes": [
        0,
        0,
        0,
        0,
        0,
        0,
        0,
        0,
        0,
        0
      ]
    },
    {
      "command": "berry",
      "mean": 2.53190061698,
      "stddev": 0.019442589427193475,
      "median": 2.53006373998,
      "user": 2.9095196000000003,
      "system": 1.40931564,
      "min": 2.50546233798,
      "max": 2.57488448198,
      "times": [
        2.50546233798,
        2.52919508598,
        2.5373890599799998,
        2.5528459099800003,
        2.57488448198,
        2.51470615798,
        2.53853511798,
        2.53093239398,
        2.51617857898,
        2.51887704498
      ],
      "exit_codes": [
        0,
        0,
        0,
        0,
        0,
        0,
        0,
        0,
        0,
        0
      ]
    },
    {
      "command": "pnpm",
      "mean": 1.13782922848,
      "stddev": 0.09214577215782263,
      "median": 1.11071839398,
      "user": 1.6472723999999996,
      "system": 0.59593034,
      "min": 1.08774440698,
      "max": 1.41112749098,
      "times": [
        1.41112749098,
        1.13221168598,
        1.09745413398,
        1.0959954779799999,
        1.10416133098,
        1.09172541298,
        1.08774440698,
        1.12017105498,
        1.1204258329799999,
        1.1172754569799999
      ],
      "exit_codes": [
        0,
        0,
        0,
        0,
        0,
        0,
        0,
        0,
        0,
        0
      ]
    },
    {
      "command": "vlt",
      "mean": 1.77513301308,
      "stddev": 0.02110999166359713,
      "median": 1.78245845298,
      "user": 1.8030984999999997,
      "system": 1.55497204,
      "min": 1.7363732729799999,
      "max": 1.80721013198,
      "times": [
        1.78251292198,
        1.75016661398,
        1.80721013198,
        1.78240398398,
        1.80042175398,
        1.7363732729799999,
        1.7844925359800001,
        1.76013720898,
        1.7628767779799999,
        1.7847349289799999
      ],
      "exit_codes": [
        0,
        0,
        0,
        0,
        0,
        0,
        0,
        0,
        0,
        0
      ]
    },
    {
      "command": "bun",
      "mean": 0.20382139928000004,
      "stddev": 0.00665418253310438,
      "median": 0.20173372648,
      "user": 0.0132473,
      "system": 0.19536304,
      "min": 0.20060240998,
      "max": 0.22370548698,
      "times": [
        0.20211563398000001,
        0.20115690498,
        0.20134913798,
        0.20164435498,
        0.22370548698,
        0.20060240998,
        0.20221123598000001,
        0.20095225998,
        0.20182309798,
        0.20265346998
      ],
      "exit_codes": [
        0,
        0,
        0,
        0,
        0,
        0,
        0,
        0,
        0,
        0
      ]
    },
    {
      "command": "deno",
      "mean": 0.39755956238000006,
      "stddev": 0.009868435306350449,
      "median": 0.39863979748000006,
      "user": 0.29603140000000006,
      "system": 0.48662594,
      "min": 0.37921994598000003,
      "max": 0.41123290198000007,
      "times": [
        0.41111113298000007,
        0.39161755198000003,
        0.39730659398000007,
        0.40510694698000005,
        0.40052507798000003,
        0.39997300098000005,
        0.38539119298,
        0.41123290198000007,
        0.37921994598000003,
        0.39411127798000006
      ],
      "exit_codes": [
        0,
        0,
        0,
        0,
        0,
        0,
        0,
        0,
        0,
        0
      ]
    }
  ]
}