{
  "results": [
    {
      "command": "npm",
      "mean": 18.22546806734,
      "stddev": 0.6949527280060952,
      "median": 18.117164678440002,
      "user": 14.46523348,
      "system": 5.75619728,
      "min": 17.26399241744,
      "max": 19.76757962344,
      "times": [
        18.106364075440002,
        18.71521119144,
        18.12796528144,
        18.55422819544,
        17.63976981944,
        18.095228724440002,
        18.57807394444,
        17.26399241744,
        17.40626740044,
        19.76757962344
      ],
      "exit_codes": [
        0,
        0,
        0,
        0,
        0,
        0,
        0,
        0,
        0,
        0
      ]
    },
    {
      "command": "snpm",
      "mean": 0.5795969266400001,
      "stddev": 0.0038712017806416823,
      "median": 0.5797835949400001,
      "user": 0.35537218,
      "system": 0.23193408,
      "min": 0.57213994244,
      "max": 0.58751198844,
      "times": [
        0.57720641744,
        0.58217889944,
        0.57679002344,
        0.58090027044,
        0.57929341444,
        0.57771796144,
        0.58751198844,
        0.58027377544,
        0.58195657344,
        0.57213994244
      ],
      "exit_codes": [
        0,
        0,
        0,
        0,
        0,
        0,
        0,
        0,
        0,
        0
      ]
    },
    {
      "command": "yarn",
      "mean": 23.11920373934,
      "stddev": 0.25703847968737575,
      "median": 23.044540932940002,
      "user": 31.08841018,
      "system": 14.688863779999997,
      "min": 22.844525829440002,
      "max": 23.629157119440002,
      "times": [
        22.84973105644,
        23.02920111744,
        22.91386331144,
        23.28874844944,
        23.05988074844,
        22.97656464444,
        23.09501250344,
        22.844525829440002,
        23.629157119440002,
        23.50535261344
      ],
      "exit_codes": [
        0,
        0,
        0,
        0,
        0,
        0,
        0,
        0,
        0,
        0
      ]
    },
    {
      "command": "berry",
      "mean": 9.253751393940002,
      "stddev": 0.13715810459382038,
      "median": 9.227236729440001,
      "user": 15.66656778,
      "system": 5.49362908,
      "min": 9.062168600440001,
      "max": 9.479091274440002,
      "times": [
        9.15535800444,
        9.43927879944,
        9.062168600440001,
        9.37612970144,
        9.32474812144,
        9.13761663844,
        9.24418994544,
        9.108649340440001,
        9.21028351344,
        9.479091274440002
      ],
      "exit_codes": [
        0,
        0,
        0,
        0,
        0,
        0,
        0,
        0,
        0,
        0
      ]
    },
    {
      "command": "pnpm",
      "mean": 5.271842273940001,
      "stddev": 0.12966420574427714,
      "median": 5.272812120939999,
      "user": 9.73472118,
      "system": 3.6125754799999994,
      "min": 5.06085740244,
      "max": 5.45216436744,
      "times": [
        5.34887015444,
        5.43357839444,
        5.21735794944,
        5.11228561644,
        5.24508094244,
        5.06085740244,
        5.30054329944,
        5.39432204644,
        5.15336256644,
        5.45216436744
      ],
      "exit_codes": [
        0,
        0,
        0,
        0,
        0,
        0,
        0,
        0,
        0,
        0
      ]
    },
    {
      "command": "vlt",
      "mean": 8.684705213640001,
      "stddev": 0.8941412681748349,
      "median": 8.39307213744,
      "user": 10.49581258,
      "system": 4.882863679999999,
      "min": 8.147763456440002,
      "max": 11.312223019440001,
      "times": [
        8.23301708544,
        8.55872680144,
        11.312223019440001,
        8.68639894144,
        8.364109976440002,
        8.422034298440002,
        8.659078887440002,
        8.147763456440002,
        8.242899664440001,
        8.220800005440001
      ],
      "exit_codes": [
        0,
        0,
        0,
        0,
        0,
        0,
        0,
        0,
        0,
        0
      ]
    },
    {
      "command": "bun",
      "mean": 2.51958753104,
      "stddev": 0.06006310758091955,
      "median": 2.5313494514399997,
      "user": 3.38015768,
      "system": 3.2656770799999997,
      "min": 2.42636205044,
      "max": 2.60383604144,
      "times": [
        2.45586509044,
        2.47398363044,
        2.60383604144,
        2.57748559944,
        2.45159591544,
        2.52811588344,
        2.42636205044,
        2.5857149764400003,
        2.55833310344,
        2.53458301944
      ],
      "exit_codes": [
        0,
        0,
        0,
        0,
        0,
        0,
        0,
        0,
        0,
        0
      ]
    },
    {
      "command": "deno",
      "mean": 8.45617255004,
      "stddev": 0.4445540397130377,
      "median": 8.306993273940002,
      "user": 6.75807018,
      "system": 2.680396579999999,
      "min": 7.91284284244,
      "max": 9.368040760440001,
      "times": [
        8.30878810944,
        9.193877157440001,
        8.305198438440001,
        8.428604228440001,
        8.032158798440001,
        8.49008581544,
        8.222226902440001,
        7.91284284244,
        8.299902447440001,
        9.368040760440001
      ],
      "exit_codes": [
        0,
        0,
        0,
        0,
        0,
        0,
        0,
        0,
        0,
        0
      ]
    }
  ]
}