{
  "results": [
    {
      "command": "npm",
      "mean": 9.58729721944,
      "stddev": 0.08936875880324323,
      "median": 9.59445430544,
      "user": 9.737967639999999,
      "system": 5.318178979999999,
      "min": 9.421280870439999,
      "max": 9.74557853444,
      "times": [
        9.65155134944,
        9.529091743439999,
        9.598280428439999,
        9.74557853444,
        9.67448697944,
        9.58037359444,
        9.59062818244,
        9.421280870439999,
        9.602658504439999,
        9.479042007439999
      ],
      "exit_codes": [
        0,
        0,
        0,
        0,
        0,
        0,
        0,
        0,
        0,
        0
      ]
    },
    {
      "command": "snpm",
      "mean": 0.16473121283999997,
      "stddev": 0.0032948396806332272,
      "median": 0.16527344544,
      "user": 0.02864933999999999,
      "system": 0.13835278,
      "min": 0.16031018544,
      "max": 0.16888546244000002,
      "times": [
        0.16700925644,
        0.16814934744,
        0.16113639544,
        0.16194963944000001,
        0.16888546244000002,
        0.16088207144,
        0.16353763444,
        0.16757675344,
        0.16031018544,
        0.16787538244
      ],
      "exit_codes": [
        0,
        0,
        0,
        0,
        0,
        0,
        0,
        0,
        0,
        0
      ]
    },
    {
      "command": "yarn",
      "mean": 19.51036259204,
      "stddev": 0.11092863744846682,
      "median": 19.50186196144,
      "user": 25.96701574,
      "system": 14.626713480000001,
      "min": 19.27501740544,
      "max": 19.66102407044,
      "times": [
        19.46650012644,
        19.66102407044,
        19.52292915244,
        19.45538615944,
        19.64875757044,
        19.48079477044,
        19.27501740544,
        19.43310527744,
        19.62561208744,
        19.53449930044
      ],
      "exit_codes": [
        0,
        0,
        0,
        0,
        0,
        0,
        0,
        0,
        0,
        0
      ]
    },
    {
      "command": "berry",
      "mean": 8.14849580044,
      "stddev": 0.26826316616765283,
      "median": 8.09504658194,
      "user": 12.209874240000001,
      "system": 5.144607679999999,
      "min": 7.82475184644,
      "max": 8.50825722744,
      "times": [
        8.08823502144,
        8.50825722744,
        7.87762516044,
        8.50252669044,
        7.85135055944,
        8.40757208144,
        7.82475184644,
        8.10185814244,
        7.91124142544,
        8.411539849439999
      ],
      "exit_codes": [
        0,
        0,
        0,
        0,
        0,
        0,
        0,
        0,
        0,
        0
      ]
    },
    {
      "command": "pnpm",
      "mean": 3.9493080643400007,
      "stddev": 0.3206917675605016,
      "median": 3.81436437244,
      "user": 7.059626139999999,
      "system": 3.0043394799999996,
      "min": 3.7350579564400004,
      "max": 4.82514660444,
      "times": [
        3.7371293904400003,
        3.8398921884400004,
        3.7612188154400004,
        4.2025395984400005,
        3.81237346744,
        3.9634357294400004,
        3.7999316154400002,
        3.7350579564400004,
        4.82514660444,
        3.81635527744
      ],
      "exit_codes": [
        0,
        0,
        0,
        0,
        0,
        0,
        0,
        0,
        0,
        0
      ]
    },
    {
      "command": "vlt",
      "mean": 4.98994592744,
      "stddev": 0.034419810974262395,
      "median": 4.99175787294,
      "user": 6.580040439999999,
      "system": 3.5760053800000002,
      "min": 4.93566454944,
      "max": 5.06727424444,
      "times": [
        5.06727424444,
        4.96267807544,
        4.99143106844,
        5.01986577744,
        4.93566454944,
        4.99730985844,
        4.99208467744,
        4.955830439440001,
        4.9938653124400005,
        4.9834552714400004
      ],
      "exit_codes": [
        0,
        0,
        0,
        0,
        0,
        0,
        0,
        0,
        0,
        0
      ]
    },
    {
      "command": "bun",
      "mean": 2.28633496764,
      "stddev": 0.46622573657785144,
      "median": 2.04861969944,
      "user": 1.60343984,
      "system": 2.3707760799999997,
      "min": 1.70130512744,
      "max": 3.1612581684400003,
      "times": [
        2.02234867144,
        1.9719050114399999,
        2.66225007144,
        2.01792634444,
        3.1612581684400003,
        1.70130512744,
        2.07489072744,
        2.94458025744,
        1.86130631744,
        2.44557897944
      ],
      "exit_codes": [
        0,
        0,
        0,
        0,
        0,
        0,
        0,
        0,
        0,
        0
      ]
    },
    {
      "command": "deno",
      "mean": 5.98501899714,
      "stddev": 0.43605956288287734,
      "median": 5.77562624494,
      "user": 3.7971973400000003,
      "system": 2.1715506799999997,
      "min": 5.41247203344,
      "max": 6.720511853440001,
      "times": [
        5.41247203344,
        5.67933443044,
        5.80557679244,
        6.36957808144,
        6.65844236444,
        6.13969935044,
        5.73847624344,
        6.720511853440001,
        5.74567569744,
        5.58042312444
      ],
      "exit_codes": [
        0,
        0,
        0,
        0,
        0,
        0,
        0,
        0,
        0,
        0
      ]
    }
  ]
}