{
  "results": [
    {
      "command": "npm",
      "mean": 1.04175991878,
      "stddev": 0.004633556675767933,
      "median": 1.04049024818,
      "user": 1.0487761599999998,
      "system": 0.5686125200000001,
      "min": 1.03561265218,
      "max": 1.05323013518,
      "times": [
        1.03962460918,
        1.03981313418,
        1.03561265218,
        1.05323013518,
        1.03743012018,
        1.0452576951800001,
        1.04083475818,
        1.0401457381800001,
        1.04244995418,
        1.04320039118
      ],
      "exit_codes": [
        0,
        0,
        0,
        0,
        0,
        0,
        0,
        0,
        0,
        0
      ]
    },
    {
      "command": "snpm",
      "mean": 0.04345594218,
      "stddev": 0.00031589162065208425,
      "median": 0.043464735180000005,
      "user": 0.01755136,
      "system": 0.02811902,
      "min": 0.04280189318,
      "max": 0.04392425718,
      "times": [
        0.043366773180000005,
        0.04377800418,
        0.043745914180000005,
        0.04280189318,
        0.04328814318,
        0.043562697180000005,
        0.04392425718,
        0.043220720180000005,
        0.04326331818,
        0.04360770118000001
      ],
      "exit_codes": [
        0,
        0,
        0,
        0,
        0,
        0,
        0,
        0,
        0,
        0
      ]
    },
    {
      "command": "yarn",
      "mean": 0.7713910262800001,
      "stddev": 0.19121449712508537,
      "median": 0.70966187818,
      "user": 0.67577846,
      "system": 0.51172422,
      "min": 0.6960411081800001,
      "max": 1.34469204518,
      "times": [
        0.70153384218,
        0.71554226618,
        0.70924405918,
        0.6960411081800001,
        0.70539660918,
        0.70145439718,
        0.7196065731800001,
        0.71031966518,
        1.34469204518,
        0.7100796971800001
      ],
      "exit_codes": [
        0,
        0,
        0,
        0,
        0,
        0,
        0,
        0,
        0,
        0
      ]
    },
    {
      "command": "berry",
      "mean": 1.1023865961800001,
      "stddev": 0.01490164919947609,
      "median": 1.1010388821800001,
      "user": 1.2631043599999996,
      "system": 0.39553182,
      "min": 1.07784228018,
      "max": 1.13624637518,
      "times": [
        1.1032419041800001,
        1.08877080418,
        1.10186122018,
        1.09552094418,
        1.11021502418,
        1.09606613118,
        1.10021654418,
        1.07784228018,
        1.13624637518,
        1.11388473418
      ],
      "exit_codes": [
        0,
        0,
        0,
        0,
        0,
        0,
        0,
        0,
        0,
        0
      ]
    },
    {
      "command": "pnpm",
      "mean": 0.6990213167800001,
      "stddev": 0.013387090998987588,
      "median": 0.69742788868,
      "user": 0.9257630600000001,
      "system": 0.21525732,
      "min": 0.68254525718,
      "max": 0.73358244518,
      "times": [
        0.69844303618,
        0.68254525718,
        0.6900930511800001,
        0.7026590851800001,
        0.70490356318,
        0.73358244518,
        0.6867174261800001,
        0.6964127411800001,
        0.6932413081800001,
        0.70161525418
      ],
      "exit_codes": [
        0,
        0,
        0,
        0,
        0,
        0,
        0,
        0,
        0,
        0
      ]
    },
    {
      "command": "vlt",
      "mean": 0.52915799768,
      "stddev": 0.003462270534165274,
      "median": 0.5291221836800001,
      "user": 0.53705136,
      "system": 0.34140782000000003,
      "min": 0.52360622518,
      "max": 0.53411618218,
      "times": [
        0.53097796018,
        0.5336208411800001,
        0.5304293331800001,
        0.5278150341800001,
        0.52360622518,
        0.5255173201800001,
        0.53411618218,
        0.53239075018,
        0.52707412318,
        0.52603220718
      ],
      "exit_codes": [
        0,
        0,
        0,
        0,
        0,
        0,
        0,
        0,
        0,
        0
      ]
    },
    {
      "command": "bun",
      "mean": 0.03177116958,
      "stddev": 0.0004355361316819071,
      "median": 0.03163453168000001,
      "user": 0.0058156599999999985,
      "system": 0.03148002,
      "min": 0.031420832180000004,
      "max": 0.03301479118,
      "times": [
        0.03301479118,
        0.03159110818000001,
        0.03175806818,
        0.031451177180000005,
        0.031420832180000004,
        0.031574200180000005,
        0.03179019618000001,
        0.03185598918,
        0.031577378180000004,
        0.03167795518
      ],
      "exit_codes": [
        0,
        0,
        0,
        0,
        0,
        0,
        0,
        0,
        0,
        0
      ]
    },
    {
      "command": "deno",
      "mean": 0.18555977488000003,
      "stddev": 0.0059422880188596235,
      "median": 0.18326155418,
      "user": 0.16129876,
      "system": 0.12543902,
      "min": 0.17919383618,
      "max": 0.19717158318000003,
      "times": [
        0.18259273918000002,
        0.17985527418000002,
        0.18633440118000003,
        0.19717158318000003,
        0.18269404318000002,
        0.17919383618,
        0.19268062418,
        0.19170098718,
        0.17954519518,
        0.18382906518
      ],
      "exit_codes": [
        0,
        0,
        0,
        0,
        0,
        0,
        0,
        0,
        0,
        0
      ]
    }
  ]
}