{
  "results": [
    {
      "command": "npm",
      "mean": 0.32163046524,
      "stddev": 0.0033005610850133766,
      "median": 0.32097790964,
      "user": 0.3266077399999999,
      "system": 0.07721347999999999,
      "min": 0.31699471014,
      "max": 0.32812866314,
      "times": [
        0.31862992914,
        0.31947784014,
        0.32481705014,
        0.32139456814,
        0.32312738014000003,
        0.32458541614,
        0.32056125114,
        0.31858784414,
        0.31699471014,
        0.32812866314
      ],
      "exit_codes": [
        0,
        0,
        0,
        0,
        0,
        0,
        0,
        0,
        0,
        0
      ]
    },
    {
      "command": "snpm",
      "mean": 0.028340315140000006,
      "stddev": 0.00042649256286036253,
      "median": 0.028170664140000003,
      "user": 0.017020539999999997,
      "system": 0.013580779999999997,
      "min": 0.027626100140000002,
      "max": 0.029024743140000003,
      "times": [
        0.028163702140000003,
        0.027954228140000002,
        0.028177626140000002,
        0.028150390140000002,
        0.029024743140000003,
        0.028719140140000002,
        0.028981792140000004,
        0.028443766140000003,
        0.027626100140000002,
        0.028161663140000005
      ],
      "exit_codes": [
        0,
        0,
        0,
        0,
        0,
        0,
        0,
        0,
        0,
        0
      ]
    },
    {
      "command": "yarn",
      "mean": 0.23010646334,
      "stddev": 0.0013197687392835,
      "median": 0.23033567914000003,
      "user": 0.20228523999999998,
      "system": 0.052544879999999995,
      "min": 0.22721215714,
      "max": 0.23224527914,
      "times": [
        0.23054280214,
        0.22721215714,
        0.23063597114,
        0.22939340414,
        0.23105547514000002,
        0.23118744114,
        0.22966133214,
        0.23224527914,
        0.23012855614000002,
        0.22900221514000002
      ],
      "exit_codes": [
        0,
        0,
        0,
        0,
        0,
        0,
        0,
        0,
        0,
        0
      ]
    },
    {
      "command": "berry",
      "mean": 2.1420577754399996,
      "stddev": 0.050120146993049015,
      "median": 2.12446360564,
      "user": 3.4514292400000004,
      "system": 0.9312766800000001,
      "min": 2.10006795914,
      "max": 2.28140129314,
      "times": [
        2.12407214514,
        2.14241569014,
        2.11115331714,
        2.14443394814,
        2.12485506614,
        2.16628480214,
        2.10668560414,
        2.11920792914,
        2.28140129314,
        2.10006795914
      ],
      "exit_codes": [
        0,
        0,
        0,
        0,
        0,
        0,
        0,
        0,
        0,
        0
      ]
    },
    {
      "command": "pnpm",
      "mean": 0.6153055086400002,
      "stddev": 0.0166310633877852,
      "median": 0.6111318756400002,
      "user": 0.7067882400000001,
      "system": 0.13142098,
      "min": 0.59513477014,
      "max": 0.6521633431400001,
      "times": [
        0.63359872914,
        0.6150515561400001,
        0.6269847511400001,
        0.6093986851400001,
        0.6521633431400001,
        0.6128650661400001,
        0.59513477014,
        0.6009941211400001,
        0.6043890851400001,
        0.6024749791400001
      ],
      "exit_codes": [
        0,
        0,
        0,
        0,
        0,
        0,
        0,
        0,
        0,
        0
      ]
    },
    {
      "command": "vlt",
      "mean": 0.25174290914,
      "stddev": 0.002783756228950558,
      "median": 0.25164935264,
      "user": 0.25263833999999996,
      "system": 0.05178028000000001,
      "min": 0.24659105414000002,
      "max": 0.25653171014000004,
      "times": [
        0.25362230814000003,
        0.25144537014,
        0.25456189014,
        0.25020467214000003,
        0.25653171014000004,
        0.24659105414000002,
        0.25185333514,
        0.25367224514000003,
        0.24962826514000003,
        0.24931824114
      ],
      "exit_codes": [
        0,
        0,
        0,
        0,
        0,
        0,
        0,
        0,
        0,
        0
      ]
    },
    {
      "command": "bun",
      "mean": 0.005827993040000001,
      "stddev": 0.0002565677663996201,
      "median": 0.00573040014,
      "user": 0.003646139999999999,
      "system": 0.0056435800000000005,
      "min": 0.005528118140000001,
      "max": 0.006263349140000001,
      "times": [
        0.005543663140000001,
        0.005528118140000001,
        0.006179847140000001,
        0.006263349140000001,
        0.005929591140000001,
        0.006095849140000001,
        0.005643422140000001,
        0.005635290140000001,
        0.0057607881400000005,
        0.00570001214
      ],
      "exit_codes": [
        0,
        0,
        0,
        0,
        0,
        0,
        0,
        0,
        0,
        0
      ]
    },
    {
      "command": "deno",
      "mean": 0.036816463140000005,
      "stddev": 0.0007923178423081228,
      "median": 0.03674398914,
      "user": 0.02092554,
      "system": 0.019491180000000004,
      "min": 0.03612641814,
      "max": 0.03907222814,
      "times": [
        0.03641037814,
        0.03647809714,
        0.03907222814,
        0.03612641814,
        0.03677602214,
        0.03616789714,
        0.03679597614,
        0.03671195614,
        0.03681267914,
        0.03681297914
      ],
      "exit_codes": [
        0,
        0,
        0,
        0,
        0,
        0,
        0,
        0,
        0,
        0
      ]
    }
  ]
}