{
  "results": [
    {
      "command": "npm",
      "mean": 2.0212365550599998,
      "stddev": 0.01649191737908286,
      "median": 2.0180318272599997,
      "user": 2.0482032400000003,
      "system": 0.7913771799999999,
      "min": 2.00186181376,
      "max": 2.05515433276,
      "times": [
        2.00588774476,
        2.03550701776,
        2.03210055476,
        2.03344568376,
        2.05515433276,
        2.00186181376,
        2.01935572476,
        2.00395757276,
        2.0083871757600003,
        2.01670792976
      ],
      "exit_codes": [
        0,
        0,
        0,
        0,
        0,
        0,
        0,
        0,
        0,
        0
      ]
    },
    {
      "command": "snpm",
      "mean": 0.09889443136,
      "stddev": 0.0006658205729630446,
      "median": 0.09907611776000001,
      "user": 0.05736654,
      "system": 0.04480468,
      "min": 0.09764776976000002,
      "max": 0.09995550876,
      "times": [
        0.09888723176000001,
        0.09912490576,
        0.09832207476000002,
        0.09956875976000001,
        0.09911501776000001,
        0.09995550876,
        0.09804205176000001,
        0.09903721776000002,
        0.09764776976000002,
        0.09924377576000001
      ],
      "exit_codes": [
        0,
        0,
        0,
        0,
        0,
        0,
        0,
        0,
        0,
        0
      ]
    },
    {
      "command": "yarn",
      "mean": 2.6909339294600003,
      "stddev": 0.24724084347074377,
      "median": 2.5897961252600004,
      "user": 1.12276164,
      "system": 0.64196808,
      "min": 2.41430419376,
      "max": 3.07958084276,
      "times": [
        3.07958084276,
        2.62810520476,
        2.54211212676,
        2.98708711576,
        2.41430419376,
        2.81605387476,
        2.55148704576,
        2.43913123576,
        3.01641049176,
        2.4350671627600002
      ],
      "exit_codes": [
        0,
        0,
        0,
        0,
        0,
        0,
        0,
        0,
        0,
        0
      ]
    },
    {
      "command": "berry",
      "mean": 1.71807587896,
      "stddev": 0.09233894821743718,
      "median": 1.6833808342600003,
      "user": 1.7918718400000002,
      "system": 0.4698254799999999,
      "min": 1.62588148776,
      "max": 1.8898885287600002,
      "times": [
        1.62588148776,
        1.88888701076,
        1.64054342276,
        1.64668136376,
        1.68248036376,
        1.65581783276,
        1.7436596717600001,
        1.72263780276,
        1.8898885287600002,
        1.6842813047600003
      ],
      "exit_codes": [
        0,
        0,
        0,
        0,
        0,
        0,
        0,
        0,
        0,
        0
      ]
    },
    {
      "command": "pnpm",
      "mean": 1.29303323576,
      "stddev": 0.04801618762970154,
      "median": 1.28854006676,
      "user": 1.58187464,
      "system": 0.39073758,
      "min": 1.22921601076,
      "max": 1.40018745276,
      "times": [
        1.3150243937600001,
        1.22921601076,
        1.31517440476,
        1.2554914747600001,
        1.27023891076,
        1.3301315897600001,
        1.2804974207600002,
        1.29658271276,
        1.40018745276,
        1.2377879867600001
      ],
      "exit_codes": [
        0,
        0,
        0,
        0,
        0,
        0,
        0,
        0,
        0,
        0
      ]
    },
    {
      "command": "vlt",
      "mean": 0.5722512640599999,
      "stddev": 0.005975959531657894,
      "median": 0.57277749276,
      "user": 0.58673524,
      "system": 0.35208717999999994,
      "min": 0.56411659176,
      "max": 0.5822026057599999,
      "times": [
        0.57203360476,
        0.56514239376,
        0.56411659176,
        0.56708692976,
        0.57374076876,
        0.5822026057599999,
        0.58048059476,
        0.57352138076,
        0.56745374376,
        0.57673402676
      ],
      "exit_codes": [
        0,
        0,
        0,
        0,
        0,
        0,
        0,
        0,
        0,
        0
      ]
    },
    {
      "command": "bun",
      "mean": 0.036497716160000006,
      "stddev": 0.0007386648127676326,
      "median": 0.03639686776,
      "user": 0.00664264,
      "system": 0.03540658,
      "min": 0.03559539076,
      "max": 0.038380450760000004,
      "times": [
        0.03692194376,
        0.038380450760000004,
        0.03559539076,
        0.03602859776,
        0.03605347576,
        0.03643645576,
        0.03635727976,
        0.03669747276,
        0.03585500076,
        0.03665109376
      ],
      "exit_codes": [
        0,
        0,
        0,
        0,
        0,
        0,
        0,
        0,
        0,
        0
      ]
    },
    {
      "command": "deno",
      "mean": 0.23884887106,
      "stddev": 0.002328082876798469,
      "median": 0.23875249226,
      "user": 0.26379464,
      "system": 0.15982117999999998,
      "min": 0.23586159976,
      "max": 0.24325363876000003,
      "times": [
        0.23837439476000002,
        0.24028331976000003,
        0.23913058976,
        0.23586159976,
        0.24325363876000003,
        0.23650097376,
        0.23751829376000003,
        0.24195205476000003,
        0.23631902576000002,
        0.23929481976000003
      ],
      "exit_codes": [
        0,
        0,
        0,
        0,
        0,
        0,
        0,
        0,
        0,
        0
      ]
    }
  ]
}