{
  "results": [
    {
      "command": "npm",
      "mean": 3.3823899866600002,
      "stddev": 0.014613648385360266,
      "median": 3.38358803576,
      "user": 3.4932453199999998,
      "system": 2.3454810000000004,
      "min": 3.36064361176,
      "max": 3.4071871267600002,
      "times": [
        3.38942235476,
        3.36537287876,
        3.3979439197600003,
        3.36064361176,
        3.39318516876,
        3.4071871267600002,
        3.37882243176,
        3.38455166576,
        3.36414630276,
        3.38262440576
      ],
      "exit_codes": [
        0,
        0,
        0,
        0,
        0,
        0,
        0,
        0,
        0,
        0
      ]
    },
    {
      "command": "snpm",
      "mean": 0.10902675615999999,
      "stddev": 0.002002670536108433,
      "median": 0.10849843926,
      "user": 0.02575512,
      "system": 0.08561579999999999,
      "min": 0.10671513276,
      "max": 0.11319562976,
      "times": [
        0.11319562976,
        0.11220020676,
        0.10838724476,
        0.10798979676,
        0.10796438976,
        0.10671513276,
        0.10696770476,
        0.10948595576,
        0.10860963376,
        0.10875186676
      ],
      "exit_codes": [
        0,
        0,
        0,
        0,
        0,
        0,
        0,
        0,
        0,
        0
      ]
    },
    {
      "command": "yarn",
      "mean": 2.3384282152600004,
      "stddev": 0.4078958320199623,
      "median": 2.21460837626,
      "user": 2.14253132,
      "system": 2.4590847999999994,
      "min": 2.12831198676,
      "max": 3.5571603737600004,
      "times": [
        2.21146849376,
        2.25491616576,
        2.2224370277600003,
        2.25065003476,
        3.5571603737600004,
        2.2177482587600004,
        2.15988070776,
        2.12831198676,
        2.19727170276,
        2.1844374007600003
      ],
      "exit_codes": [
        0,
        0,
        0,
        0,
        0,
        0,
        0,
        0,
        0,
        0
      ]
    },
    {
      "command": "berry",
      "mean": 2.30061908436,
      "stddev": 0.015259201718757323,
      "median": 2.30454725026,
      "user": 2.6614432199999998,
      "system": 1.25616,
      "min": 2.27249382276,
      "max": 2.31968150576,
      "times": [
        2.3143418877600004,
        2.28006162476,
        2.31003779776,
        2.28456204176,
        2.27249382276,
        2.3141482367600004,
        2.30536536976,
        2.31968150576,
        2.3037291307600003,
        2.3017694257600003
      ],
      "exit_codes": [
        0,
        0,
        0,
        0,
        0,
        0,
        0,
        0,
        0,
        0
      ]
    },
    {
      "command": "pnpm",
      "mean": 1.06441208896,
      "stddev": 0.05646255356778756,
      "median": 1.0394129807599999,
      "user": 1.5900802199999997,
      "system": 0.5544118,
      "min": 1.02078384976,
      "max": 1.1727883397599999,
      "times": [
        1.02821230076,
        1.0230570187599999,
        1.02475392476,
        1.1727883397599999,
        1.08108958976,
        1.04239089176,
        1.03827011676,
        1.02078384976,
        1.0405558447599998,
        1.17221901276
      ],
      "exit_codes": [
        0,
        0,
        0,
        0,
        0,
        0,
        0,
        0,
        0,
        0
      ]
    },
    {
      "command": "vlt",
      "mean": 1.6922715064599998,
      "stddev": 0.018760194822192076,
      "median": 1.68805050626,
      "user": 1.8379082200000003,
      "system": 1.4274365,
      "min": 1.66765641576,
      "max": 1.72529279576,
      "times": [
        1.70464925076,
        1.72529279576,
        1.69321127976,
        1.66765641576,
        1.69448651076,
        1.72171624076,
        1.67117927576,
        1.68177312276,
        1.6798604397599999,
        1.6828897327599999
      ],
      "exit_codes": [
        0,
        0,
        0,
        0,
        0,
        0,
        0,
        0,
        0,
        0
      ]
    },
    {
      "command": "bun",
      "mean": 0.17048860396000004,
      "stddev": 0.00040105128933636485,
      "median": 0.17060172876000002,
      "user": 0.01221162,
      "system": 0.1639085,
      "min": 0.16962500376,
      "max": 0.17096617876,
      "times": [
        0.17051167176,
        0.17069276676,
        0.17088981376,
        0.16987274576,
        0.16962500376,
        0.17062576276,
        0.17047708176,
        0.17064731976,
        0.17096617876,
        0.17057769476
      ],
      "exit_codes": [
        0,
        0,
        0,
        0,
        0,
        0,
        0,
        0,
        0,
        0
      ]
    },
    {
      "command": "deno",
      "mean": 0.38819184105999993,
      "stddev": 0.009093001783546129,
      "median": 0.38597180976,
      "user": 0.2955749199999999,
      "system": 0.4447711,
      "min": 0.37044295176,
      "max": 0.40464629376,
      "times": [
        0.38568368876000003,
        0.39592175076,
        0.38160429576000005,
        0.40464629376,
        0.39185392876,
        0.38625993076000004,
        0.38344293676,
        0.39718745776000003,
        0.37044295176,
        0.38487517576
      ],
      "exit_codes": [
        0,
        0,
        0,
        0,
        0,
        0,
        0,
        0,
        0,
        0
      ]
    }
  ]
}