{
  "results": [
    {
      "command": "npm",
      "mean": 4.473296746600001,
      "stddev": 0.054575189313221015,
      "median": 4.4691540794,
      "user": 4.69580148,
      "system": 2.57387998,
      "min": 4.3911072574,
      "max": 4.5488596984,
      "times": [
        4.3911072574,
        4.4693707064,
        4.5488596984,
        4.3981639334,
        4.5212179084,
        4.5338102604,
        4.4519106214,
        4.4237061344,
        4.5258834934,
        4.4689374524
      ],
      "exit_codes": [
        0,
        0,
        0,
        0,
        0,
        0,
        0,
        0,
        0,
        0
      ]
    },
    {
      "command": "snpm",
      "mean": 0.10952705900000001,
      "stddev": 0.002218431681658338,
      "median": 0.1087586724,
      "user": 0.027110179999999994,
      "system": 0.08486578,
      "min": 0.10683601840000001,
      "max": 0.1133469514,
      "times": [
        0.11181852240000001,
        0.1133469514,
        0.1070500364,
        0.10808618240000001,
        0.1111229754,
        0.1075194834,
        0.1090564994,
        0.11197307540000001,
        0.10683601840000001,
        0.1084608454
      ],
      "exit_codes": [
        0,
        0,
        0,
        0,
        0,
        0,
        0,
        0,
        0,
        0
      ]
    },
    {
      "command": "yarn",
      "mean": 10.8060449857,
      "stddev": 0.12948737633729088,
      "median": 10.7973380089,
      "user": 14.694687180000003,
      "system": 7.77334838,
      "min": 10.5852000864,
      "max": 11.1000231474,
      "times": [
        10.7571983334,
        10.7849531374,
        10.7687832694,
        10.8410352254,
        10.5852000864,
        10.8097228804,
        10.8967694054,
        10.8427700734,
        10.6739942984,
        11.1000231474
      ],
      "exit_codes": [
        0,
        0,
        0,
        0,
        0,
        0,
        0,
        0,
        0,
        0
      ]
    },
    {
      "command": "berry",
      "mean": 4.0470041956,
      "stddev": 0.04943872774257139,
      "median": 4.0391651644,
      "user": 6.84276308,
      "system": 2.29137988,
      "min": 3.9478485784,
      "max": 4.1411385854,
      "times": [
        4.0908879824,
        4.0349395534,
        4.0806830424,
        4.1411385854,
        4.0634256254,
        4.0312639864,
        3.9478485784,
        4.0048717414,
        4.0315920854,
        4.0433907754
      ],
      "exit_codes": [
        0,
        0,
        0,
        0,
        0,
        0,
        0,
        0,
        0,
        0
      ]
    },
    {
      "command": "pnpm",
      "mean": 2.3301724518,
      "stddev": 0.03203678622654893,
      "median": 2.3327690609,
      "user": 3.59343048,
      "system": 1.4949153799999997,
      "min": 2.2713563514,
      "max": 2.4013860184,
      "times": [
        2.3124280694,
        2.2713563514,
        2.3143392134,
        2.3366810574,
        2.3333514524,
        2.3402635184,
        2.3321866694,
        2.3523244234,
        2.3074077444,
        2.4013860184
      ],
      "exit_codes": [
        0,
        0,
        0,
        0,
        0,
        0,
        0,
        0,
        0,
        0
      ]
    },
    {
      "command": "vlt",
      "mean": 2.5322653547,
      "stddev": 0.04005261458420224,
      "median": 2.5288069339,
      "user": 3.3526691800000004,
      "system": 1.6738691799999998,
      "min": 2.4684354594,
      "max": 2.5972630944,
      "times": [
        2.5304628634,
        2.4684354594,
        2.5271510044,
        2.5066689104,
        2.4792786524,
        2.5236458024,
        2.5673295114,
        2.5359929774,
        2.5972630944,
        2.5864252714
      ],
      "exit_codes": [
        0,
        0,
        0,
        0,
        0,
        0,
        0,
        0,
        0,
        0
      ]
    },
    {
      "command": "bun",
      "mean": 0.5370662593999999,
      "stddev": 0.006638308792476107,
      "median": 0.5359049629,
      "user": 0.4993305800000001,
      "system": 0.9168291799999999,
      "min": 0.5275684014,
      "max": 0.5486578354,
      "times": [
        0.5486578354,
        0.5394307094,
        0.5322778924,
        0.5294278174,
        0.5427796964,
        0.5456002634,
        0.5275684014,
        0.5331100524,
        0.5375498394,
        0.5342600864
      ],
      "exit_codes": [
        0,
        0,
        0,
        0,
        0,
        0,
        0,
        0,
        0,
        0
      ]
    },
    {
      "command": "deno",
      "mean": 4.336044092900001,
      "stddev": 0.27098647824610644,
      "median": 4.3379009569,
      "user": 1.7592660799999997,
      "system": 1.3406937799999998,
      "min": 3.7897785484,
      "max": 4.9523361884,
      "times": [
        4.2119983614,
        4.4061328404,
        4.4375980054,
        4.3122442404,
        4.2771605494,
        4.2079647524,
        3.7897785484,
        4.4016697694,
        4.3635576734,
        4.9523361884
      ],
      "exit_codes": [
        0,
        0,
        0,
        0,
        0,
        0,
        0,
        0,
        0,
        0
      ]
    }
  ]
}