{
  "results": [
    {
      "command": "npm",
      "mean": 9.50959129156,
      "stddev": 0.04299212628730865,
      "median": 9.50319858206,
      "user": 9.600878400000001,
      "system": 5.307485959999999,
      "min": 9.443546567559999,
      "max": 9.612847671559999,
      "times": [
        9.52885637256,
        9.46621120156,
        9.52730851756,
        9.490288615559999,
        9.52484659156,
        9.443546567559999,
        9.49561021356,
        9.50543984356,
        9.50095732056,
        9.612847671559999
      ],
      "exit_codes": [
        0,
        0,
        0,
        0,
        0,
        0,
        0,
        0,
        0,
        0
      ]
    },
    {
      "command": "snpm",
      "mean": 0.15095122706000003,
      "stddev": 0.0030640987672694926,
      "median": 0.14997301306000002,
      "user": 0.0308674,
      "system": 0.12241656000000001,
      "min": 0.14729502956,
      "max": 0.15662515156,
      "times": [
        0.15427979756000001,
        0.15662515156,
        0.14906816556000002,
        0.15082359656000002,
        0.15469855756,
        0.14811594056000002,
        0.14912242956000002,
        0.15137473756,
        0.14810886456000003,
        0.14729502956
      ],
      "exit_codes": [
        0,
        0,
        0,
        0,
        0,
        0,
        0,
        0,
        0,
        0
      ]
    },
    {
      "command": "yarn",
      "mean": 19.220871092559996,
      "stddev": 0.1501449341561655,
      "median": 19.22466858106,
      "user": 26.020567999999997,
      "system": 13.983903859999998,
      "min": 18.86685670956,
      "max": 19.48571651456,
      "times": [
        19.23062605956,
        19.21871110256,
        18.86685670956,
        19.292504088559998,
        19.345405621559998,
        19.19821524956,
        19.48571651456,
        19.23283699656,
        19.129098930559998,
        19.20873965256
      ],
      "exit_codes": [
        0,
        0,
        0,
        0,
        0,
        0,
        0,
        0,
        0,
        0
      ]
    },
    {
      "command": "berry",
      "mean": 7.788414287660001,
      "stddev": 0.08615786278749883,
      "median": 7.81644118006,
      "user": 11.960801399999998,
      "system": 5.14027636,
      "min": 7.56667213656,
      "max": 7.88399859456,
      "times": [
        7.854853025560001,
        7.84088949656,
        7.8273336245600005,
        7.88399859456,
        7.56667213656,
        7.80554873556,
        7.79101979856,
        7.8346862475600005,
        7.743474544560001,
        7.73566667256
      ],
      "exit_codes": [
        0,
        0,
        0,
        0,
        0,
        0,
        0,
        0,
        0,
        0
      ]
    },
    {
      "command": "pnpm",
      "mean": 3.56281673836,
      "stddev": 0.023074587641403906,
      "median": 3.56473963156,
      "user": 7.1271561000000005,
      "system": 2.98139866,
      "min": 3.5286607165599997,
      "max": 3.59594708256,
      "times": [
        3.58863116156,
        3.56641851556,
        3.59107317256,
        3.5715252085599998,
        3.59594708256,
        3.54632404556,
        3.54205065156,
        3.53447608156,
        3.5286607165599997,
        3.56306074756
      ],
      "exit_codes": [
        0,
        0,
        0,
        0,
        0,
        0,
        0,
        0,
        0,
        0
      ]
    },
    {
      "command": "vlt",
      "mean": 4.95840343556,
      "stddev": 0.03323853371916908,
      "median": 4.957202455060001,
      "user": 6.6322193,
      "system": 3.4822486600000007,
      "min": 4.89599177056,
      "max": 5.012205374560001,
      "times": [
        4.93026885356,
        4.934586249560001,
        5.00474708556,
        4.97565970856,
        4.95719542856,
        4.9572094815600005,
        5.012205374560001,
        4.94307314956,
        4.973097253560001,
        4.89599177056
      ],
      "exit_codes": [
        0,
        0,
        0,
        0,
        0,
        0,
        0,
        0,
        0,
        0
      ]
    },
    {
      "command": "bun",
      "mean": 1.6033542397600002,
      "stddev": 0.060043823699884445,
      "median": 1.61520849906,
      "user": 1.7970309999999998,
      "system": 2.48151526,
      "min": 1.50315600656,
      "max": 1.71470273856,
      "times": [
        1.71470273856,
        1.55306712956,
        1.57617480356,
        1.53194367356,
        1.6375252765600001,
        1.63268077356,
        1.64283803856,
        1.64371773256,
        1.50315600656,
        1.59773622456
      ],
      "exit_codes": [
        0,
        0,
        0,
        0,
        0,
        0,
        0,
        0,
        0,
        0
      ]
    },
    {
      "command": "deno",
      "mean": 3.7257032830599996,
      "stddev": 0.1795044122169455,
      "median": 3.67959684756,
      "user": 3.987042500000001,
      "system": 2.2412913600000004,
      "min": 3.50126072256,
      "max": 4.060136329560001,
      "times": [
        3.5864537625599997,
        3.8326544015599997,
        4.060136329560001,
        3.97066251156,
        3.62147750656,
        3.5881706315599997,
        3.81139826856,
        3.54710250756,
        3.73771618856,
        3.50126072256
      ],
      "exit_codes": [
        0,
        0,
        0,
        0,
        0,
        0,
        0,
        0,
        0,
        0
      ]
    }
  ]
}