{
  "results": [
    {
      "command": "npm",
      "mean": 1.53112721302,
      "stddev": 0.02139140403153478,
      "median": 1.53198257252,
      "user": 1.57208596,
      "system": 0.6663197399999999,
      "min": 1.49463422902,
      "max": 1.56845243702,
      "times": [
        1.5091231550200002,
        1.54674814502,
        1.54016035702,
        1.52416393202,
        1.51059620102,
        1.53799921402,
        1.49463422902,
        1.55342852902,
        1.56845243702,
        1.52596593102
      ],
      "exit_codes": [
        0,
        0,
        0,
        0,
        0,
        0,
        0,
        0,
        0,
        0
      ]
    },
    {
      "command": "snpm",
      "mean": 0.04038090312,
      "stddev": 0.000934641690072238,
      "median": 0.040186597020000006,
      "user": 0.01908446,
      "system": 0.023652440000000004,
      "min": 0.039125299020000004,
      "max": 0.04260097402,
      "times": [
        0.04029390602,
        0.040190016020000004,
        0.03931308502,
        0.04260097402,
        0.04111814002,
        0.04007604802,
        0.04003007002,
        0.039125299020000004,
        0.04087831502,
        0.04018317802
      ],
      "exit_codes": [
        0,
        0,
        0,
        0,
        0,
        0,
        0,
        0,
        0,
        0
      ]
    },
    {
      "command": "yarn",
      "mean": 3.93292853322,
      "stddev": 0.049474031060447406,
      "median": 3.93580845152,
      "user": 5.816853960000001,
      "system": 2.26298804,
      "min": 3.80622054902,
      "max": 3.99931846002,
      "times": [
        3.91325325202,
        3.80622054902,
        3.99931846002,
        3.92658350102,
        3.94499369602,
        3.92662320702,
        3.9626876540200002,
        3.9172669420200004,
        3.97168300602,
        3.96065506502
      ],
      "exit_codes": [
        0,
        0,
        0,
        0,
        0,
        0,
        0,
        0,
        0,
        0
      ]
    },
    {
      "command": "berry",
      "mean": 2.5266361470199996,
      "stddev": 0.02920577341962964,
      "median": 2.5345710445200003,
      "user": 3.86320216,
      "system": 1.1424914400000001,
      "min": 2.46686887302,
      "max": 2.56269478302,
      "times": [
        2.50001426502,
        2.5544909590200002,
        2.46686887302,
        2.50196519002,
        2.56269478302,
        2.54544313802,
        2.5106294510200002,
        2.5375198340200003,
        2.5316222550200003,
        2.55511272202
      ],
      "exit_codes": [
        0,
        0,
        0,
        0,
        0,
        0,
        0,
        0,
        0,
        0
      ]
    },
    {
      "command": "pnpm",
      "mean": 1.2758760280200003,
      "stddev": 0.026144413691355065,
      "median": 1.27096511852,
      "user": 1.72920746,
      "system": 0.50680454,
      "min": 1.2352570790200001,
      "max": 1.31723275502,
      "times": [
        1.3091275310200001,
        1.27831390102,
        1.2352570790200001,
        1.25594768802,
        1.30399556902,
        1.2636163360200001,
        1.31723275502,
        1.2570271270200002,
        1.25211034402,
        1.2861319500200001
      ],
      "exit_codes": [
        0,
        0,
        0,
        0,
        0,
        0,
        0,
        0,
        0,
        0
      ]
    },
    {
      "command": "vlt",
      "mean": 0.99978866522,
      "stddev": 0.009036726866081021,
      "median": 1.0000847855200001,
      "user": 1.16042376,
      "system": 0.46062694000000004,
      "min": 0.9893859200200001,
      "max": 1.01472175002,
      "times": [
        0.9893859200200001,
        0.9897983090200001,
        1.0004932500200001,
        0.9996763210200001,
        0.9910374670200001,
        1.01472175002,
        1.00860997602,
        1.01226401502,
        1.00072408302,
        0.9911755610200002
      ],
      "exit_codes": [
        0,
        0,
        0,
        0,
        0,
        0,
        0,
        0,
        0,
        0
      ]
    },
    {
      "command": "bun",
      "mean": 0.29709680062,
      "stddev": 0.02919911467565919,
      "median": 0.28657682352,
      "user": 0.18481405999999995,
      "system": 0.20908334,
      "min": 0.27556295102,
      "max": 0.37996770502,
      "times": [
        0.28711407602,
        0.28226176202000003,
        0.30559738202000003,
        0.27556295102,
        0.28852981102,
        0.37996770502,
        0.27763003702,
        0.28603957102,
        0.28387540502,
        0.30438930602000003
      ],
      "exit_codes": [
        0,
        0,
        0,
        0,
        0,
        0,
        0,
        0,
        0,
        0
      ]
    },
    {
      "command": "deno",
      "mean": 2.6000475332199997,
      "stddev": 0.2639940239454603,
      "median": 2.6731136285200003,
      "user": 0.7767741599999999,
      "system": 0.41580934,
      "min": 2.18563641002,
      "max": 2.94917285602,
      "times": [
        2.6576868520200003,
        2.31535712102,
        2.18563641002,
        2.78057984902,
        2.90877539802,
        2.82384588702,
        2.6885404050200004,
        2.38704101002,
        2.30383954402,
        2.94917285602
      ],
      "exit_codes": [
        0,
        0,
        0,
        0,
        0,
        0,
        0,
        0,
        0,
        0
      ]
    }
  ]
}