{
  "results": [
    {
      "command": "npm",
      "mean": 0.32114331370000004,
      "stddev": 0.0023675630494413573,
      "median": 0.3213248167,
      "user": 0.32970686000000005,
      "system": 0.07381436,
      "min": 0.3152159552,
      "max": 0.3242065182,
      "times": [
        0.3213142612,
        0.3219086022,
        0.3213353722,
        0.3228701472,
        0.32075368519999997,
        0.3152159552,
        0.3232450712,
        0.3242065182,
        0.3193213132,
        0.3212622112
      ],
      "exit_codes": [
        0,
        0,
        0,
        0,
        0,
        0,
        0,
        0,
        0,
        0
      ]
    },
    {
      "command": "snpm",
      "mean": 0.027856321300000004,
      "stddev": 0.0006698309091987992,
      "median": 0.027689310200000004,
      "user": 0.017584759999999998,
      "system": 0.01242796,
      "min": 0.027176313200000003,
      "max": 0.029486729200000002,
      "times": [
        0.028570940200000002,
        0.027176313200000003,
        0.027276180200000003,
        0.027653514200000003,
        0.0279789912,
        0.027725106200000002,
        0.0272344022,
        0.027614291200000002,
        0.029486729200000002,
        0.027846745200000002
      ],
      "exit_codes": [
        0,
        0,
        0,
        0,
        0,
        0,
        0,
        0,
        0,
        0
      ]
    },
    {
      "command": "yarn",
      "mean": 0.23293629089999998,
      "stddev": 0.003200016433535304,
      "median": 0.23158952320000004,
      "user": 0.20324306,
      "system": 0.05437175999999999,
      "min": 0.22944948320000003,
      "max": 0.23904090220000002,
      "times": [
        0.2295256032,
        0.23054518620000003,
        0.23429726720000002,
        0.2314065342,
        0.23904090220000002,
        0.2305408432,
        0.23686871720000002,
        0.23177251220000003,
        0.22944948320000003,
        0.23591586020000002
      ],
      "exit_codes": [
        0,
        0,
        0,
        0,
        0,
        0,
        0,
        0,
        0,
        0
      ]
    },
    {
      "command": "berry",
      "mean": 0.6042748663000002,
      "stddev": 0.006157642551566497,
      "median": 0.6047565392,
      "user": 0.67888506,
      "system": 0.11900636,
      "min": 0.5930533702,
      "max": 0.6120511152000001,
      "times": [
        0.5999948572000001,
        0.5994708072000001,
        0.6103610282,
        0.5930533702,
        0.6098166922000001,
        0.6070478232000001,
        0.6102711712000001,
        0.5982165432000001,
        0.6120511152000001,
        0.6024652552
      ],
      "exit_codes": [
        0,
        0,
        0,
        0,
        0,
        0,
        0,
        0,
        0,
        0
      ]
    },
    {
      "command": "pnpm",
      "mean": 0.6114939022000001,
      "stddev": 0.02495870235204689,
      "median": 0.5981516582000002,
      "user": 0.63054266,
      "system": 0.10297066000000002,
      "min": 0.5892246672000001,
      "max": 0.6536204212000001,
      "times": [
        0.5927159542000001,
        0.5980577562000001,
        0.5937826402,
        0.6389115832000001,
        0.5982455602000001,
        0.6534244422000001,
        0.5892246672000001,
        0.5918549262,
        0.6051010712000001,
        0.6536204212000001
      ],
      "exit_codes": [
        0,
        0,
        0,
        0,
        0,
        0,
        0,
        0,
        0,
        0
      ]
    },
    {
      "command": "vlt",
      "mean": 0.2675765401,
      "stddev": 0.002526920316173366,
      "median": 0.2671077662,
      "user": 0.26804746,
      "system": 0.053428059999999986,
      "min": 0.2648100572,
      "max": 0.2738600652,
      "times": [
        0.2670936502,
        0.2671218822,
        0.2656024232,
        0.2738600652,
        0.2683601302,
        0.2648412622,
        0.2668328022,
        0.2648100572,
        0.2677420592,
        0.2695010692
      ],
      "exit_codes": [
        0,
        0,
        0,
        0,
        0,
        0,
        0,
        0,
        0,
        0
      ]
    },
    {
      "command": "bun",
      "mean": 0.006202133100000001,
      "stddev": 0.00029434637562757594,
      "median": 0.0061702957,
      "user": 0.00350366,
      "system": 0.00618216,
      "min": 0.005840885200000001,
      "max": 0.0066108792,
      "times": [
        0.0064713092,
        0.005840885200000001,
        0.0060273742,
        0.006559623200000001,
        0.0063132172,
        0.0058857152,
        0.0066108792,
        0.0059781222,
        0.006461155200000001,
        0.0058730502
      ],
      "exit_codes": [
        0,
        0,
        0,
        0,
        0,
        0,
        0,
        0,
        0,
        0
      ]
    },
    {
      "command": "deno",
      "mean": 0.0364035418,
      "stddev": 0.0008131752877352092,
      "median": 0.0361043942,
      "user": 0.020315859999999998,
      "system": 0.019429159999999994,
      "min": 0.0354089782,
      "max": 0.037803649200000004,
      "times": [
        0.0360938712,
        0.0355096842,
        0.037200888200000004,
        0.0366426952,
        0.0375499892,
        0.0361149172,
        0.0354089782,
        0.035659636200000004,
        0.037803649200000004,
        0.0360511092
      ],
      "exit_codes": [
        0,
        0,
        0,
        0,
        0,
        0,
        0,
        0,
        0,
        0
      ]
    }
  ]
}