{
  "results": [
    {
      "command": "npm",
      "mean": 9.04483069454,
      "stddev": 0.04910550193510422,
      "median": 9.03788056594,
      "user": 11.417981880000001,
      "system": 3.28427054,
      "min": 8.98411345494,
      "max": 9.15917367394,
      "times": [
        9.066587607939999,
        9.15917367394,
        9.02700880994,
        9.05001344394,
        8.98411345494,
        9.091344078939999,
        9.048752321939999,
        9.007964288939998,
        9.00015607294,
        9.01319319194
      ],
      "exit_codes": [
        0,
        0,
        0,
        0,
        0,
        0,
        0,
        0,
        0,
        0
      ]
    },
    {
      "command": "snpm",
      "mean": 0.6006525424400001,
      "stddev": 0.0037900947940090078,
      "median": 0.60036311794,
      "user": 0.38422828,
      "system": 0.22658724000000002,
      "min": 0.59271109294,
      "max": 0.60745148994,
      "times": [
        0.59779410594,
        0.6008060549400001,
        0.5995431049400001,
        0.59992018094,
        0.60102200794,
        0.60339952294,
        0.59935025994,
        0.60745148994,
        0.60452760394,
        0.59271109294
      ],
      "exit_codes": [
        0,
        0,
        0,
        0,
        0,
        0,
        0,
        0,
        0,
        0
      ]
    },
    {
      "command": "yarn",
      "mean": 8.50594160764,
      "stddev": 0.3285836200092868,
      "median": 8.52000813444,
      "user": 4.750349679999999,
      "system": 3.2910050400000004,
      "min": 8.02410599994,
      "max": 8.965811257939999,
      "times": [
        8.87363922194,
        8.71439463394,
        8.502087461939999,
        8.02410599994,
        8.53792880694,
        8.87717989294,
        8.965811257939999,
        8.26378853794,
        8.091797782939999,
        8.208682479939998
      ],
      "exit_codes": [
        0,
        0,
        0,
        0,
        0,
        0,
        0,
        0,
        0,
        0
      ]
    },
    {
      "command": "berry",
      "mean": 4.25889090204,
      "stddev": 0.03177002544528861,
      "median": 4.25398452094,
      "user": 5.942943079999999,
      "system": 1.7654125399999998,
      "min": 4.20793131594,
      "max": 4.31266120794,
      "times": [
        4.20793131594,
        4.30986572594,
        4.25308446494,
        4.31266120794,
        4.26634901994,
        4.23272913094,
        4.22752816394,
        4.25157496694,
        4.27230044694,
        4.25488457694
      ],
      "exit_codes": [
        0,
        0,
        0,
        0,
        0,
        0,
        0,
        0,
        0,
        0
      ]
    },
    {
      "command": "pnpm",
      "mean": 3.2798529203399993,
      "stddev": 0.06396926884783909,
      "median": 3.24470699894,
      "user": 4.296782779999999,
      "system": 1.35620064,
      "min": 3.2183543929400003,
      "max": 3.39859955994,
      "times": [
        3.26207739994,
        3.37659510794,
        3.24509139794,
        3.24040120194,
        3.34892615694,
        3.23182411394,
        3.39859955994,
        3.2443225999400003,
        3.2183543929400003,
        3.23233727194
      ],
      "exit_codes": [
        0,
        0,
        0,
        0,
        0,
        0,
        0,
        0,
        0,
        0
      ]
    },
    {
      "command": "vlt",
      "mean": 2.03933040074,
      "stddev": 0.02422386381456639,
      "median": 2.03525065644,
      "user": 2.41548968,
      "system": 1.6605219399999995,
      "min": 2.00603952294,
      "max": 2.08075156094,
      "times": [
        2.00603952294,
        2.0773579039400003,
        2.05790933894,
        2.08075156094,
        2.03585450994,
        2.03464680294,
        2.04162033494,
        2.0253937679400003,
        2.01908152394,
        2.0146487409400002
      ],
      "exit_codes": [
        0,
        0,
        0,
        0,
        0,
        0,
        0,
        0,
        0,
        0
      ]
    },
    {
      "command": "bun",
      "mean": 0.33688642534,
      "stddev": 0.0049666485923332985,
      "median": 0.33385235994,
      "user": 0.14906117999999996,
      "system": 0.28888394,
      "min": 0.33182937294000003,
      "max": 0.34617018194000004,
      "times": [
        0.33279393994,
        0.33262681194,
        0.33182937294000003,
        0.34004409694000004,
        0.33409014894,
        0.33318182294000004,
        0.34250511094,
        0.34200819594000004,
        0.34617018194000004,
        0.33361457094
      ],
      "exit_codes": [
        0,
        0,
        0,
        0,
        0,
        0,
        0,
        0,
        0,
        0
      ]
    },
    {
      "command": "deno",
      "mean": 1.11244795284,
      "stddev": 0.014982314266066124,
      "median": 1.1213440819400002,
      "user": 1.14558108,
      "system": 0.6812018400000001,
      "min": 1.08990112694,
      "max": 1.1329464479400002,
      "times": [
        1.12292763694,
        1.10125331894,
        1.1236795399400001,
        1.12290159194,
        1.1198958489400002,
        1.1329464479400002,
        1.12279231494,
        1.0962280989400002,
        1.08990112694,
        1.09195360294
      ],
      "exit_codes": [
        0,
        0,
        0,
        0,
        0,
        0,
        0,
        0,
        0,
        0
      ]
    }
  ]
}