{
  "results": [
    {
      "command": "npm",
      "mean": 19.2078747689,
      "stddev": 0.531382564617067,
      "median": 19.203199601399998,
      "user": 14.507437559999996,
      "system": 4.328610039999999,
      "min": 18.4498101089,
      "max": 20.3632423149,
      "times": [
        19.4066061489,
        19.2201830219,
        18.4498101089,
        19.154939608899998,
        19.186216180899997,
        19.6796708109,
        19.3050105759,
        20.3632423149,
        18.531550300899998,
        18.781518616899998
      ],
      "exit_codes": [
        0,
        0,
        0,
        0,
        0,
        0,
        0,
        0,
        0,
        0
      ]
    },
    {
      "command": "snpm",
      "mean": 0.6097643746000001,
      "stddev": 0.015241616317025988,
      "median": 0.6022292589,
      "user": 0.39537336000000006,
      "system": 0.22453053999999995,
      "min": 0.5945152439000001,
      "max": 0.6424879839000001,
      "times": [
        0.5945152439000001,
        0.6173475669,
        0.6207029229000001,
        0.6424879839000001,
        0.6260031849000001,
        0.5984263539000001,
        0.6027717709,
        0.5979990229000001,
        0.6016867469,
        0.5957029489000001
      ],
      "exit_codes": [
        0,
        0,
        0,
        0,
        0,
        0,
        0,
        0,
        0,
        0
      ]
    },
    {
      "command": "yarn",
      "mean": 15.967082366300001,
      "stddev": 1.7898598623037825,
      "median": 15.3916512489,
      "user": 18.03542636,
      "system": 8.25096934,
      "min": 15.0252585869,
      "max": 21.2745418789,
      "times": [
        15.556629905900001,
        15.6692346759,
        21.2745418789,
        15.4160832269,
        15.224287160900001,
        15.939205790900001,
        15.3672192709,
        15.0252585869,
        15.108645817900001,
        15.0897173479
      ],
      "exit_codes": [
        0,
        0,
        0,
        0,
        0,
        0,
        0,
        0,
        0,
        0
      ]
    },
    {
      "command": "berry",
      "mean": 6.6018105862,
      "stddev": 0.3411047009913775,
      "median": 6.504534592400001,
      "user": 11.603802759999997,
      "system": 3.2965975399999996,
      "min": 6.331441555900001,
      "max": 7.5751513219,
      "times": [
        7.5751513219,
        6.4992001609,
        6.509680594900001,
        6.5439178359,
        6.6896905899000005,
        6.617777166900001,
        6.3846213039,
        6.3672367419,
        6.331441555900001,
        6.499388589900001
      ],
      "exit_codes": [
        0,
        0,
        0,
        0,
        0,
        0,
        0,
        0,
        0,
        0
      ]
    },
    {
      "command": "pnpm",
      "mean": 4.080610401,
      "stddev": 0.04895392188272741,
      "median": 4.0864817159,
      "user": 6.71435986,
      "system": 2.42671724,
      "min": 4.0090041839,
      "max": 4.1562130079,
      "times": [
        4.1364746399,
        4.1153805259,
        4.0732371249,
        4.0247340099,
        4.1562130079,
        4.1165332519,
        4.0090041839,
        4.0480138059,
        4.0997263069,
        4.026787152900001
      ],
      "exit_codes": [
        0,
        0,
        0,
        0,
        0,
        0,
        0,
        0,
        0,
        0
      ]
    },
    {
      "command": "vlt",
      "mean": 6.342577898300001,
      "stddev": 0.24396541245359113,
      "median": 6.371356012400001,
      "user": 6.54074396,
      "system": 2.56696354,
      "min": 5.9236851109,
      "max": 6.705112012900001,
      "times": [
        6.114114837900001,
        6.551959125900001,
        6.260324471900001,
        5.9236851109,
        6.705112012900001,
        6.627610795900001,
        6.3583784019000005,
        6.384333622900001,
        6.4564765069000005,
        6.0437840959
      ],
      "exit_codes": [
        0,
        0,
        0,
        0,
        0,
        0,
        0,
        0,
        0,
        0
      ]
    },
    {
      "command": "bun",
      "mean": 1.3718463551,
      "stddev": 0.05758261458397345,
      "median": 1.3722261539,
      "user": 2.0597211599999996,
      "system": 1.69754564,
      "min": 1.3019267309,
      "max": 1.5203725768999998,
      "times": [
        1.3019267309,
        1.3650247189,
        1.3072325078999998,
        1.3384116269,
        1.3858720388999999,
        1.3532809768999998,
        1.3827802518999999,
        1.3794275889,
        1.5203725768999998,
        1.3841345328999999
      ],
      "exit_codes": [
        0,
        0,
        0,
        0,
        0,
        0,
        0,
        0,
        0,
        0
      ]
    },
    {
      "command": "deno",
      "mean": 9.603676486200001,
      "stddev": 0.10863158013782517,
      "median": 9.575337515400001,
      "user": 4.38958726,
      "system": 1.9799283399999996,
      "min": 9.4299167549,
      "max": 9.7981500219,
      "times": [
        9.5822863509,
        9.6246820699,
        9.5683886799,
        9.5532856169,
        9.7981500219,
        9.5465705569,
        9.7300522769,
        9.4875388879,
        9.4299167549,
        9.7158936459
      ],
      "exit_codes": [
        0,
        0,
        0,
        0,
        0,
        0,
        0,
        0,
        0,
        0
      ]
    }
  ]
}