{
  "results": [
    {
      "command": "npm",
      "mean": 20.78582007458,
      "stddev": 0.40416111095503315,
      "median": 20.74404052678,
      "user": 14.705844000000003,
      "system": 5.862277379999999,
      "min": 20.20057235778,
      "max": 21.64899997778,
      "times": [
        20.20057235778,
        20.76049024278,
        20.84568172378,
        20.50840385678,
        20.57077336778,
        20.352883923780002,
        21.64899997778,
        20.72759081078,
        21.155917448780002,
        21.086887035780002
      ],
      "exit_codes": [
        0,
        0,
        0,
        0,
        0,
        0,
        0,
        0,
        0,
        0
      ]
    },
    {
      "command": "snpm",
      "mean": 0.5890716917800001,
      "stddev": 0.00958608548868842,
      "median": 0.5882145162800001,
      "user": 0.3577145,
      "system": 0.23850118,
      "min": 0.5705987167800001,
      "max": 0.60957580178,
      "times": [
        0.58627014578,
        0.60957580178,
        0.5832984387800001,
        0.5861459897800001,
        0.5947607217800001,
        0.58310183278,
        0.5927659637800001,
        0.5940404197800001,
        0.5705987167800001,
        0.5901588867800001
      ],
      "exit_codes": [
        0,
        0,
        0,
        0,
        0,
        0,
        0,
        0,
        0,
        0
      ]
    },
    {
      "command": "yarn",
      "mean": 24.633444308980003,
      "stddev": 0.7303201633583905,
      "median": 24.45371862128,
      "user": 30.837493499999994,
      "system": 14.672904079999999,
      "min": 23.85707384278,
      "max": 26.03343045178,
      "times": [
        23.85707384278,
        23.98058370978,
        24.44192540478,
        25.94401596278,
        26.03343045178,
        24.49879645678,
        24.25995268978,
        24.46551183778,
        24.82597751678,
        24.02717521678
      ],
      "exit_codes": [
        0,
        0,
        0,
        0,
        0,
        0,
        0,
        0,
        0,
        0
      ]
    },
    {
      "command": "berry",
      "mean": 9.496181677180001,
      "stddev": 0.21316600804845356,
      "median": 9.45900793128,
      "user": 15.9803372,
      "system": 5.53923668,
      "min": 9.18819917878,
      "max": 9.94024815078,
      "times": [
        9.27156480778,
        9.18819917878,
        9.53174207478,
        9.37708379078,
        9.39995937878,
        9.36853775478,
        9.66810780378,
        9.94024815078,
        9.69831734778,
        9.51805648378
      ],
      "exit_codes": [
        0,
        0,
        0,
        0,
        0,
        0,
        0,
        0,
        0,
        0
      ]
    },
    {
      "command": "pnpm",
      "mean": 5.72451345728,
      "stddev": 0.46631504841802845,
      "median": 5.52524021578,
      "user": 10.0943134,
      "system": 3.6765530799999993,
      "min": 5.359059874780001,
      "max": 6.84716555478,
      "times": [
        5.365442234780001,
        5.41110889878,
        5.359059874780001,
        5.536088067780001,
        5.877287695780001,
        6.31225951778,
        5.42760904278,
        6.84716555478,
        5.514392363780001,
        5.594721321780001
      ],
      "exit_codes": [
        0,
        0,
        0,
        0,
        0,
        0,
        0,
        0,
        0,
        0
      ]
    },
    {
      "command": "vlt",
      "mean": 10.44934748218,
      "stddev": 2.5431551464024396,
      "median": 9.38151566378,
      "user": 10.8681429,
      "system": 5.009944280000001,
      "min": 8.80534759078,
      "max": 17.34392477378,
      "times": [
        12.86699380778,
        9.39626790478,
        9.19288366578,
        9.08724275678,
        9.36676342278,
        9.62305926878,
        9.49614705578,
        9.31484457478,
        17.34392477378,
        8.80534759078
      ],
      "exit_codes": [
        0,
        0,
        0,
        0,
        0,
        0,
        0,
        0,
        0,
        0
      ]
    },
    {
      "command": "bun",
      "mean": 3.18362386048,
      "stddev": 0.7995474085330833,
      "median": 2.9013057707799996,
      "user": 3.3082308999999994,
      "system": 3.19152228,
      "min": 2.65008586978,
      "max": 5.52807641378,
      "times": [
        3.08108833578,
        5.52807641378,
        3.27974561678,
        2.84060689878,
        2.80054098978,
        3.04777159078,
        2.65008586978,
        2.9620046427799998,
        2.81907227478,
        2.82724597178
      ],
      "exit_codes": [
        0,
        0,
        0,
        0,
        0,
        0,
        0,
        0,
        0,
        0
      ]
    },
    {
      "command": "deno",
      "mean": 10.688619194680001,
      "stddev": 0.7542169403950103,
      "median": 10.59725412628,
      "user": 6.513512099999998,
      "system": 2.61415028,
      "min": 9.96731095578,
      "max": 12.758471011780001,
      "times": [
        12.758471011780001,
        10.08913141178,
        10.52062602278,
        10.74304340678,
        10.79866066878,
        10.87041552678,
        10.67388222978,
        10.10681407278,
        9.96731095578,
        10.35783663978
      ],
      "exit_codes": [
        0,
        0,
        0,
        0,
        0,
        0,
        0,
        0,
        0,
        0
      ]
    }
  ]
}