{
  "results": [
    {
      "command": "npm",
      "mean": 19.46645999932,
      "stddev": 0.5264701608536623,
      "median": 19.35690297252,
      "user": 14.478273179999999,
      "system": 5.86363552,
      "min": 18.75141375002,
      "max": 20.26975210202,
      "times": [
        20.13562180202,
        18.75419078202,
        18.75141375002,
        19.22499918102,
        20.26975210202,
        19.41331017202,
        19.30049577302,
        20.15895395702,
        19.49138357402,
        19.16447890002
      ],
      "exit_codes": [
        0,
        0,
        0,
        0,
        0,
        0,
        0,
        0,
        0,
        0
      ]
    },
    {
      "command": "snpm",
      "mean": 0.63249435062,
      "stddev": 0.007580406510908498,
      "median": 0.63115353302,
      "user": 0.40330427999999996,
      "system": 0.23800411999999996,
      "min": 0.62286739302,
      "max": 0.64464569702,
      "times": [
        0.63651742502,
        0.64043242402,
        0.62418211402,
        0.64464569702,
        0.64207654502,
        0.62286739302,
        0.63130101502,
        0.6310060510200001,
        0.62755119802,
        0.62436364402
      ],
      "exit_codes": [
        0,
        0,
        0,
        0,
        0,
        0,
        0,
        0,
        0,
        0
      ]
    },
    {
      "command": "yarn",
      "mean": 23.83573635422,
      "stddev": 0.19965721326371763,
      "median": 23.87604391702,
      "user": 31.52880848,
      "system": 14.872629519999998,
      "min": 23.47851288802,
      "max": 24.19135207902,
      "times": [
        24.19135207902,
        23.87796155502,
        23.71603139802,
        23.87412627902,
        23.47851288802,
        23.54487276802,
        23.81938859002,
        23.97746294702,
        23.919308678020002,
        23.958346360020002
      ],
      "exit_codes": [
        0,
        0,
        0,
        0,
        0,
        0,
        0,
        0,
        0,
        0
      ]
    },
    {
      "command": "berry",
      "mean": 9.297792144519999,
      "stddev": 0.16331354617391275,
      "median": 9.29048604402,
      "user": 15.550150780000001,
      "system": 5.47226662,
      "min": 9.04085019902,
      "max": 9.58585886602,
      "times": [
        9.22010877102,
        9.04085019902,
        9.14933929202,
        9.58585886602,
        9.36086331702,
        9.47645853602,
        9.42345384402,
        9.16681254402,
        9.17725042602,
        9.37692565002
      ],
      "exit_codes": [
        0,
        0,
        0,
        0,
        0,
        0,
        0,
        0,
        0,
        0
      ]
    },
    {
      "command": "pnpm",
      "mean": 5.3286921876200015,
      "stddev": 0.13667591289357509,
      "median": 5.28265911302,
      "user": 9.883129579999999,
      "system": 3.6068050200000004,
      "min": 5.12668821202,
      "max": 5.55276071902,
      "times": [
        5.55276071902,
        5.282534189020001,
        5.51941707002,
        5.28278403702,
        5.21732266502,
        5.12668821202,
        5.23895200902,
        5.50098229302,
        5.30290396902,
        5.2625767130200005
      ],
      "exit_codes": [
        0,
        0,
        0,
        0,
        0,
        0,
        0,
        0,
        0,
        0
      ]
    },
    {
      "command": "vlt",
      "mean": 8.538211762020001,
      "stddev": 0.13693081547062919,
      "median": 8.55601588152,
      "user": 10.20452098,
      "system": 4.86460162,
      "min": 8.28906053202,
      "max": 8.74672632802,
      "times": [
        8.68333721502,
        8.74672632802,
        8.588337151020001,
        8.37748814302,
        8.45026103302,
        8.673392123020001,
        8.553836073020001,
        8.55819569002,
        8.28906053202,
        8.46148333202
      ],
      "exit_codes": [
        0,
        0,
        0,
        0,
        0,
        0,
        0,
        0,
        0,
        0
      ]
    },
    {
      "command": "bun",
      "mean": 2.66322255822,
      "stddev": 0.13697623670188455,
      "median": 2.6781645980200004,
      "user": 3.3857840799999996,
      "system": 3.2577812199999996,
      "min": 2.47355407602,
      "max": 2.9632027340200002,
      "times": [
        2.7068865150200003,
        2.6417630360200004,
        2.47355407602,
        2.70986927202,
        2.5311260740200003,
        2.9632027340200002,
        2.4924009870200003,
        2.75251278802,
        2.7114674190200003,
        2.64944268102
      ],
      "exit_codes": [
        0,
        0,
        0,
        0,
        0,
        0,
        0,
        0,
        0,
        0
      ]
    },
    {
      "command": "deno",
      "mean": 9.51364577262,
      "stddev": 0.6250298106935048,
      "median": 9.37542352302,
      "user": 6.572574979999999,
      "system": 2.66413962,
      "min": 8.72060045402,
      "max": 10.48440450002,
      "times": [
        9.61855489502,
        8.87983066502,
        8.72060045402,
        9.13229215102,
        10.13146055402,
        9.05550154502,
        8.86282290802,
        10.04397662302,
        10.48440450002,
        10.20701343102
      ],
      "exit_codes": [
        0,
        0,
        0,
        0,
        0,
        0,
        0,
        0,
        0,
        0
      ]
    }
  ]
}