{
  "results": [
    {
      "command": "npm",
      "mean": 20.829791244960003,
      "stddev": 0.38552999190480475,
      "median": 20.71080460446,
      "user": 15.023728939999998,
      "system": 5.98112402,
      "min": 20.349093171960003,
      "max": 21.544601417960003,
      "times": [
        21.161101044960002,
        20.41075536596,
        20.546209442960002,
        20.55020306296,
        21.544601417960003,
        20.78206389496,
        21.002996026960002,
        21.311343706960002,
        20.349093171960003,
        20.639545313960003
      ],
      "exit_codes": [
        0,
        0,
        0,
        0,
        0,
        0,
        0,
        0,
        0,
        0
      ]
    },
    {
      "command": "snpm",
      "mean": 0.6403077135600002,
      "stddev": 0.006537407226718829,
      "median": 0.64155157246,
      "user": 0.4110734399999999,
      "system": 0.23811961999999998,
      "min": 0.62557985796,
      "max": 0.6495650969600001,
      "times": [
        0.6412615089600001,
        0.6437472999600001,
        0.6391885559600001,
        0.6418416359600001,
        0.64373062296,
        0.63914324596,
        0.64636808296,
        0.62557985796,
        0.6495650969600001,
        0.6326512279600001
      ],
      "exit_codes": [
        0,
        0,
        0,
        0,
        0,
        0,
        0,
        0,
        0,
        0
      ]
    },
    {
      "command": "yarn",
      "mean": 25.255240950460003,
      "stddev": 0.20786528535652568,
      "median": 25.291699748960003,
      "user": 32.61467234,
      "system": 15.51859782,
      "min": 24.908064386960003,
      "max": 25.657169561960004,
      "times": [
        25.292630181960003,
        25.290769315960002,
        25.13891861196,
        25.35466846896,
        25.657169561960004,
        24.972862594960002,
        25.189042676960003,
        25.450069647960003,
        24.908064386960003,
        25.298214056960003
      ],
      "exit_codes": [
        0,
        0,
        0,
        0,
        0,
        0,
        0,
        0,
        0,
        0
      ]
    },
    {
      "command": "berry",
      "mean": 9.55955317976,
      "stddev": 0.042942102447308866,
      "median": 9.57433293346,
      "user": 15.95622964,
      "system": 5.59216762,
      "min": 9.47821838496,
      "max": 9.61348180096,
      "times": [
        9.59111580196,
        9.56978294096,
        9.49391175296,
        9.61348180096,
        9.53155714896,
        9.552723006959999,
        9.57888292596,
        9.599052391959999,
        9.58680564196,
        9.47821838496
      ],
      "exit_codes": [
        0,
        0,
        0,
        0,
        0,
        0,
        0,
        0,
        0,
        0
      ]
    },
    {
      "command": "pnpm",
      "mean": 5.733425635560001,
      "stddev": 0.11114637682098522,
      "median": 5.69515766046,
      "user": 10.21082234,
      "system": 3.7094039199999997,
      "min": 5.58885903696,
      "max": 6.02519233396,
      "times": [
        5.70046369796,
        5.67836322596,
        5.68985162296,
        5.68011347596,
        5.68485876096,
        5.78206639296,
        6.02519233396,
        5.79234193896,
        5.71214586896,
        5.58885903696
      ],
      "exit_codes": [
        0,
        0,
        0,
        0,
        0,
        0,
        0,
        0,
        0,
        0
      ]
    },
    {
      "command": "vlt",
      "mean": 9.001192258660001,
      "stddev": 0.23279321736767997,
      "median": 9.040109235460001,
      "user": 10.589454739999999,
      "system": 5.02604812,
      "min": 8.53662937096,
      "max": 9.41666337696,
      "times": [
        8.91944272296,
        9.10137551596,
        9.01878624696,
        8.75953322696,
        8.53662937096,
        9.06143222396,
        9.19943174796,
        8.86678335896,
        9.41666337696,
        9.13184479496
      ],
      "exit_codes": [
        0,
        0,
        0,
        0,
        0,
        0,
        0,
        0,
        0,
        0
      ]
    },
    {
      "command": "bun",
      "mean": 2.81207610676,
      "stddev": 0.0672096427348344,
      "median": 2.8115597694599996,
      "user": 3.3997366399999995,
      "system": 3.320338419999999,
      "min": 2.70599399596,
      "max": 2.91978962096,
      "times": [
        2.91978962096,
        2.76841273796,
        2.73978427796,
        2.70599399596,
        2.83347588696,
        2.89064726896,
        2.79863058196,
        2.75613495296,
        2.88340278696,
        2.82448895696
      ],
      "exit_codes": [
        0,
        0,
        0,
        0,
        0,
        0,
        0,
        0,
        0,
        0
      ]
    },
    {
      "command": "deno",
      "mean": 10.878465218859999,
      "stddev": 0.5978279773982158,
      "median": 10.67662612296,
      "user": 6.5896861399999995,
      "system": 2.71237722,
      "min": 10.19376880196,
      "max": 12.18130683796,
      "times": [
        10.35720722296,
        10.78501140696,
        10.31426969996,
        12.18130683796,
        11.01322727796,
        10.19376880196,
        11.51897781896,
        11.30034025396,
        10.56824083896,
        10.55230202896
      ],
      "exit_codes": [
        0,
        0,
        0,
        0,
        0,
        0,
        0,
        0,
        0,
        0
      ]
    }
  ]
}