{
  "results": [
    {
      "command": "npm",
      "mean": 19.390528422600003,
      "stddev": 0.3319883679009761,
      "median": 19.2929608386,
      "user": 14.344955619999999,
      "system": 5.78592396,
      "min": 18.9161801206,
      "max": 20.1022725126,
      "times": [
        19.197820706599998,
        19.1978670056,
        19.093880417599998,
        20.1022725126,
        19.642574020599998,
        19.6915589796,
        18.9161801206,
        19.3880546716,
        19.1817277746,
        19.4933480166
      ],
      "exit_codes": [
        0,
        0,
        0,
        0,
        0,
        0,
        0,
        0,
        0,
        0
      ]
    },
    {
      "command": "snpm",
      "mean": 0.6242861452999999,
      "stddev": 0.008698670740724359,
      "median": 0.6213936616,
      "user": 0.3965662199999999,
      "system": 0.23626836,
      "min": 0.6174423646,
      "max": 0.6489409146,
      "times": [
        0.6198816516000001,
        0.6489409146,
        0.6187646296,
        0.6238052636,
        0.6212361156,
        0.6174423646,
        0.6280223646,
        0.6215512076,
        0.6197680886,
        0.6234488526
      ],
      "exit_codes": [
        0,
        0,
        0,
        0,
        0,
        0,
        0,
        0,
        0,
        0
      ]
    },
    {
      "command": "yarn",
      "mean": 23.860778561400004,
      "stddev": 0.18112405968619177,
      "median": 23.8474033116,
      "user": 31.18266502,
      "system": 14.845609160000004,
      "min": 23.6075336536,
      "max": 24.2847998476,
      "times": [
        23.6075336536,
        23.8594281686,
        23.8353784546,
        23.9626043256,
        23.6603312146,
        23.8973509086,
        23.8083355686,
        23.9652041836,
        24.2847998476,
        23.726819288599998
      ],
      "exit_codes": [
        0,
        0,
        0,
        0,
        0,
        0,
        0,
        0,
        0,
        0
      ]
    },
    {
      "command": "berry",
      "mean": 9.2155190223,
      "stddev": 0.12156783116714527,
      "median": 9.1935787631,
      "user": 15.45108722,
      "system": 5.43207166,
      "min": 9.0205857036,
      "max": 9.4075243796,
      "times": [
        9.188494707599999,
        9.198662818599999,
        9.0205857036,
        9.1536634686,
        9.2837692186,
        9.3026427366,
        9.135977773599999,
        9.3884073486,
        9.0754620676,
        9.4075243796
      ],
      "exit_codes": [
        0,
        0,
        0,
        0,
        0,
        0,
        0,
        0,
        0,
        0
      ]
    },
    {
      "command": "pnpm",
      "mean": 5.4593565639,
      "stddev": 0.15018349371836462,
      "median": 5.3930153761,
      "user": 9.857657419999999,
      "system": 3.55414126,
      "min": 5.2725386486,
      "max": 5.7435533946,
      "times": [
        5.378267424600001,
        5.2725386486,
        5.6653831576,
        5.5937726496,
        5.3945896066,
        5.4796479916,
        5.3914411456,
        5.7435533946,
        5.3803225976,
        5.2940490226
      ],
      "exit_codes": [
        0,
        0,
        0,
        0,
        0,
        0,
        0,
        0,
        0,
        0
      ]
    },
    {
      "command": "vlt",
      "mean": 8.321634258200001,
      "stddev": 0.18217556011974395,
      "median": 8.3238305576,
      "user": 10.056310620000001,
      "system": 4.79769866,
      "min": 8.0622495596,
      "max": 8.6342854066,
      "times": [
        8.6342854066,
        8.3242121766,
        8.323448938599999,
        8.092129567599999,
        8.0622495596,
        8.5591085996,
        8.1627461856,
        8.2184172306,
        8.4557271486,
        8.3840177686
      ],
      "exit_codes": [
        0,
        0,
        0,
        0,
        0,
        0,
        0,
        0,
        0,
        0
      ]
    },
    {
      "command": "bun",
      "mean": 2.6510088018,
      "stddev": 0.0713789649218082,
      "median": 2.6466431751000004,
      "user": 3.4121116199999997,
      "system": 3.2243748599999997,
      "min": 2.5376498066,
      "max": 2.7686325016000004,
      "times": [
        2.6841605816000005,
        2.7471179036000004,
        2.7028806866000004,
        2.5376498066,
        2.6120907246000002,
        2.6368744546,
        2.5839253156,
        2.5803441476000004,
        2.6564118956000002,
        2.7686325016000004
      ],
      "exit_codes": [
        0,
        0,
        0,
        0,
        0,
        0,
        0,
        0,
        0,
        0
      ]
    },
    {
      "command": "deno",
      "mean": 9.879110475000001,
      "stddev": 0.7492328389017434,
      "median": 9.7208204516,
      "user": 6.572967520000001,
      "system": 2.6393732599999997,
      "min": 8.926814301599999,
      "max": 11.141490167599999,
      "times": [
        8.926814301599999,
        9.6344167946,
        11.141490167599999,
        9.4805600536,
        10.217435414599999,
        11.122224899599999,
        9.3582159526,
        10.160941633599998,
        8.9417814236,
        9.8072241086
      ],
      "exit_codes": [
        0,
        0,
        0,
        0,
        0,
        0,
        0,
        0,
        0,
        0
      ]
    }
  ]
}