{
  "results": [
    {
      "command": "npm",
      "mean": 3.7155372995399993,
      "stddev": 0.33663038237178333,
      "median": 3.57161714744,
      "user": 1.1072092199999999,
      "system": 0.22608725999999998,
      "min": 3.35177280944,
      "max": 4.33788178244,
      "times": [
        3.45182647544,
        3.99561577444,
        3.99632000244,
        3.66624614444,
        3.47698815044,
        3.4287094424399998,
        3.35177280944,
        4.33788178244,
        4.074971742440001,
        3.37504067144
      ],
      "exit_codes": [
        0,
        0,
        0,
        0,
        0,
        0,
        0,
        0,
        0,
        0
      ]
    },
    {
      "command": "snpm",
      "mean": 0.23594418244,
      "stddev": 0.0033714459188278253,
      "median": 0.23483123744,
      "user": 0.10761491999999999,
      "system": 0.13477546,
      "min": 0.23232743544,
      "max": 0.24447220344,
      "times": [
        0.23460838544,
        0.23286872344,
        0.23422894644,
        0.23928732444,
        0.23487004644,
        0.23479242844,
        0.24447220344,
        0.23607041844,
        0.23591591244000001,
        0.23232743544
      ],
      "exit_codes": [
        0,
        0,
        0,
        0,
        0,
        0,
        0,
        0,
        0,
        0
      ]
    },
    {
      "command": "yarn",
      "mean": 12.377189143639999,
      "stddev": 0.24952438485547027,
      "median": 12.33254449244,
      "user": 15.827078519999997,
      "system": 8.84216146,
      "min": 12.16002514044,
      "max": 13.088448166440001,
      "times": [
        12.27990150844,
        12.34708052444,
        12.23906594644,
        13.088448166440001,
        12.16002514044,
        12.31800846044,
        12.18756730444,
        12.39994954544,
        12.36740438544,
        12.38444045444
      ],
      "exit_codes": [
        0,
        0,
        0,
        0,
        0,
        0,
        0,
        0,
        0,
        0
      ]
    },
    {
      "command": "berry",
      "mean": 3.49712108314,
      "stddev": 0.10636586976475802,
      "median": 3.48037050744,
      "user": 6.584698619999999,
      "system": 1.4363033599999997,
      "min": 3.35280383544,
      "max": 3.64364023044,
      "times": [
        3.46241466044,
        3.5358327954399997,
        3.4005880454399997,
        3.62939359544,
        3.36010921444,
        3.44880051644,
        3.35280383544,
        3.64364023044,
        3.63930158344,
        3.49832635444
      ],
      "exit_codes": [
        0,
        0,
        0,
        0,
        0,
        0,
        0,
        0,
        0,
        0
      ]
    },
    {
      "command": "pnpm",
      "mean": 2.2999085763399996,
      "stddev": 0.022844812750512693,
      "median": 2.29558381794,
      "user": 3.7819789200000002,
      "system": 1.20011166,
      "min": 2.26997564444,
      "max": 2.33747564544,
      "times": [
        2.29106557044,
        2.33747564544,
        2.31968922444,
        2.28578918244,
        2.30010206544,
        2.26997564444,
        2.27742329244,
        2.31942788344,
        2.32509476544,
        2.27304248944
      ],
      "exit_codes": [
        0,
        0,
        0,
        0,
        0,
        0,
        0,
        0,
        0,
        0
      ]
    },
    {
      "command": "vlt",
      "mean": 0.30329516064,
      "stddev": 0.003254814516997427,
      "median": 0.30260455494000005,
      "user": 0.32173322,
      "system": 0.06819875999999998,
      "min": 0.29877242044,
      "max": 0.30891561444000004,
      "times": [
        0.30550748644000003,
        0.30061483544000006,
        0.30005848944,
        0.30647458344000006,
        0.30054166444,
        0.30255447144000003,
        0.30265463844000007,
        0.29877242044,
        0.30891561444000004,
        0.30685740244000004
      ],
      "exit_codes": [
        0,
        0,
        0,
        0,
        0,
        0,
        0,
        0,
        0,
        0
      ]
    },
    {
      "command": "bun",
      "mean": 1.10783688554,
      "stddev": 0.20297641696203936,
      "median": 1.0348948519399999,
      "user": 0.87213672,
      "system": 1.0221960599999997,
      "min": 0.97736458544,
      "max": 1.6841073944399998,
      "times": [
        1.10901257244,
        1.01680164344,
        1.6841073944399998,
        0.9837231524400001,
        1.20084219244,
        1.06425143044,
        0.97736458544,
        0.9962020084400001,
        0.9930758154400001,
        1.05298806044
      ],
      "exit_codes": [
        0,
        0,
        0,
        0,
        0,
        0,
        0,
        0,
        0,
        0
      ]
    },
    {
      "command": "deno",
      "mean": 5.2504596364400005,
      "stddev": 0.521023963437068,
      "median": 5.13596140844,
      "user": 1.59171352,
      "system": 0.3779568599999999,
      "min": 4.61294679544,
      "max": 6.37120561944,
      "times": [
        5.08272173044,
        5.316090447440001,
        5.189201086440001,
        5.28639597044,
        4.92035449944,
        4.61294679544,
        5.98684531944,
        5.06054372944,
        4.67829116644,
        6.37120561944
      ],
      "exit_codes": [
        0,
        0,
        0,
        0,
        0,
        0,
        0,
        0,
        0,
        0
      ]
    }
  ]
}