{
  "results": [
    {
      "command": "npm",
      "mean": 16.6953255067,
      "stddev": 0.3634261789004416,
      "median": 16.8210197377,
      "user": 13.786435379999997,
      "system": 4.1306955599999995,
      "min": 16.0016509152,
      "max": 17.2132087492,
      "times": [
        16.0016509152,
        16.4656814602,
        16.789035036199998,
        17.2132087492,
        16.9412308912,
        16.8675982692,
        16.4770452512,
        16.8530044392,
        16.2563633192,
        17.0884367362
      ],
      "exit_codes": [
        0,
        0,
        0,
        0,
        0,
        0,
        0,
        0,
        0,
        0
      ]
    },
    {
      "command": "snpm",
      "mean": 0.5267067815,
      "stddev": 0.005091254606344052,
      "median": 0.5255244967000001,
      "user": 0.39577918,
      "system": 0.13811636,
      "min": 0.5195660642000001,
      "max": 0.5378594542,
      "times": [
        0.5378594542,
        0.5212391492,
        0.5334166432,
        0.5254610902000001,
        0.5255879032,
        0.5195660642000001,
        0.5257706842000001,
        0.5251111712000001,
        0.5253811802,
        0.5276744752
      ],
      "exit_codes": [
        0,
        0,
        0,
        0,
        0,
        0,
        0,
        0,
        0,
        0
      ]
    },
    {
      "command": "yarn",
      "mean": 21.718637036500002,
      "stddev": 0.6920433792583535,
      "median": 21.519672089700002,
      "user": 31.502099180000005,
      "system": 9.649136760000001,
      "min": 21.031825471199998,
      "max": 23.5967677682,
      "times": [
        21.3610265202,
        21.6864988672,
        22.1391360832,
        21.763211165199998,
        21.3948912722,
        21.4926977272,
        23.5967677682,
        21.5466464522,
        21.031825471199998,
        21.1736690382
      ],
      "exit_codes": [
        0,
        0,
        0,
        0,
        0,
        0,
        0,
        0,
        0,
        0
      ]
    },
    {
      "command": "berry",
      "mean": 8.485933358999999,
      "stddev": 0.08540091612667729,
      "median": 8.499299060199998,
      "user": 15.598723779999997,
      "system": 3.9081869600000005,
      "min": 8.298550388199999,
      "max": 8.617171683199999,
      "times": [
        8.5133321652,
        8.516305421199998,
        8.4668559142,
        8.4852659552,
        8.5319368762,
        8.298550388199999,
        8.617171683199999,
        8.3859387492,
        8.4781442522,
        8.5658321852
      ],
      "exit_codes": [
        0,
        0,
        0,
        0,
        0,
        0,
        0,
        0,
        0,
        0
      ]
    },
    {
      "command": "pnpm",
      "mean": 4.7853495512,
      "stddev": 0.16404918465764542,
      "median": 4.726251915200001,
      "user": 9.98550568,
      "system": 2.41574576,
      "min": 4.6308445072,
      "max": 5.0909791992,
      "times": [
        4.6549162462,
        4.7298814222,
        4.6464675362,
        5.0909791992,
        4.9774053192,
        4.7291788962000005,
        4.6569304482,
        5.0135670032,
        4.6308445072,
        4.7233249342
      ],
      "exit_codes": [
        0,
        0,
        0,
        0,
        0,
        0,
        0,
        0,
        0,
        0
      ]
    },
    {
      "command": "vlt",
      "mean": 7.9459986662,
      "stddev": 0.14988990822147374,
      "median": 7.9169035647,
      "user": 10.370743179999998,
      "system": 3.35347426,
      "min": 7.670601828200001,
      "max": 8.1936045262,
      "times": [
        7.876954626200001,
        7.670601828200001,
        8.0429388452,
        8.1377606602,
        7.8929034882,
        7.8075593102,
        7.8630605482,
        7.9409036412,
        8.1936045262,
        8.0336991882
      ],
      "exit_codes": [
        0,
        0,
        0,
        0,
        0,
        0,
        0,
        0,
        0,
        0
      ]
    },
    {
      "command": "bun",
      "mean": 2.1474445720999995,
      "stddev": 0.054899182201756054,
      "median": 2.1456030301999998,
      "user": 3.579887579999999,
      "system": 2.22284556,
      "min": 2.0590525842,
      "max": 2.2619803122,
      "times": [
        2.1924036721999998,
        2.1396350552,
        2.2619803122,
        2.1357197331999997,
        2.1139931061999997,
        2.1835584062,
        2.1515710051999997,
        2.0805510881999996,
        2.0590525842,
        2.1559807581999997
      ],
      "exit_codes": [
        0,
        0,
        0,
        0,
        0,
        0,
        0,
        0,
        0,
        0
      ]
    },
    {
      "command": "deno",
      "mean": 8.111502273600001,
      "stddev": 0.656909151689804,
      "median": 7.9275414087,
      "user": 6.76773168,
      "system": 1.6361157599999998,
      "min": 7.2892159542,
      "max": 9.4470573542,
      "times": [
        7.5582058832,
        8.618529088199999,
        9.0121667902,
        9.4470573542,
        7.2892159542,
        7.9732158082,
        7.8926720022,
        7.5789569842,
        7.9624108152,
        7.7825920562
      ],
      "exit_codes": [
        0,
        0,
        0,
        0,
        0,
        0,
        0,
        0,
        0,
        0
      ]
    }
  ]
}