{
  "results": [
    {
      "command": "npm",
      "mean": 0.10110141507999999,
      "stddev": 0.002667417469376829,
      "median": 0.10142306917999999,
      "user": 0.08927302000000001,
      "system": 0.026720619999999994,
      "min": 0.09706708418,
      "max": 0.10535509218,
      "times": [
        0.10162313818,
        0.09706708418,
        0.10535035318,
        0.10535509218,
        0.10153748318,
        0.09980886518,
        0.10227088518,
        0.09838564318,
        0.10130865518,
        0.09830695118
      ],
      "exit_codes": [
        0,
        0,
        0,
        0,
        0,
        0,
        0,
        0,
        0,
        0
      ]
    },
    {
      "command": "snpm",
      "mean": 0.026998944079999997,
      "stddev": 0.0006081132312475122,
      "median": 0.02702888968,
      "user": 0.017474619999999996,
      "system": 0.011825019999999999,
      "min": 0.02622624118,
      "max": 0.02789224418,
      "times": [
        0.02624599018,
        0.02636213918,
        0.02666392118,
        0.02622624118,
        0.02658916418,
        0.02753333218,
        0.02743986418,
        0.02764268618,
        0.02789224418,
        0.02739385818
      ],
      "exit_codes": [
        0,
        0,
        0,
        0,
        0,
        0,
        0,
        0,
        0,
        0
      ]
    },
    {
      "command": "yarn",
      "mean": 0.17755501728,
      "stddev": 0.0015497286846299532,
      "median": 0.17742878618000002,
      "user": 0.14314912,
      "system": 0.04437342,
      "min": 0.17555602218000002,
      "max": 0.18158726518,
      "times": [
        0.17767466318000003,
        0.18158726518,
        0.17836503418000002,
        0.17724523618000002,
        0.17761233618000002,
        0.17677194118000003,
        0.17669039618000001,
        0.17555602218000002,
        0.17775384118,
        0.17629343718
      ],
      "exit_codes": [
        0,
        0,
        0,
        0,
        0,
        0,
        0,
        0,
        0,
        0
      ]
    },
    {
      "command": "berry",
      "mean": 0.35924513988,
      "stddev": 0.022869633639002365,
      "median": 0.35239684018,
      "user": 0.32494662,
      "system": 0.06320012,
      "min": 0.32624194218,
      "max": 0.40035441918000003,
      "times": [
        0.38946900518,
        0.34211999618,
        0.35242912418,
        0.32624194218,
        0.36150834518,
        0.34221092618,
        0.35236455618,
        0.38323340518,
        0.34251967918,
        0.40035441918000003
      ],
      "exit_codes": [
        0,
        0,
        0,
        0,
        0,
        0,
        0,
        0,
        0,
        0
      ]
    },
    {
      "command": "pnpm",
      "mean": 0.49594096958,
      "stddev": 0.04410568825525378,
      "median": 0.47401648318,
      "user": 0.42782822,
      "system": 0.07185772000000001,
      "min": 0.44060597018000003,
      "max": 0.5782426941800001,
      "times": [
        0.47228920518,
        0.55447604418,
        0.54661251418,
        0.47574376118,
        0.46856034418000003,
        0.5782426941800001,
        0.46291384818000003,
        0.46760398818,
        0.44060597018000003,
        0.49236132618
      ],
      "exit_codes": [
        0,
        0,
        0,
        0,
        0,
        0,
        0,
        0,
        0,
        0
      ]
    },
    {
      "command": "vlt",
      "mean": 0.21447395648,
      "stddev": 0.0034930648281873322,
      "median": 0.21349460068000004,
      "user": 0.19468252000000003,
      "system": 0.05517812,
      "min": 0.20952205918000003,
      "max": 0.21937744118000002,
      "times": [
        0.21090410618000002,
        0.21935818518000003,
        0.21436480118,
        0.21182399118000003,
        0.21190156718000003,
        0.21636296418000003,
        0.20952205918000003,
        0.21937744118000002,
        0.21262440018000003,
        0.21850004918000002
      ],
      "exit_codes": [
        0,
        0,
        0,
        0,
        0,
        0,
        0,
        0,
        0,
        0
      ]
    },
    {
      "command": "bun",
      "mean": 0.00324373158,
      "stddev": 0.000032379035511268625,
      "median": 0.00324351468,
      "user": 0.000741444,
      "system": 0.00260542,
      "min": 0.00319525718,
      "max": 0.0033097441799999996,
      "times": [
        0.0033097441799999996,
        0.00327257418,
        0.00324841818,
        0.00323861118,
        0.00321484718,
        0.00325305818,
        0.00319525718,
        0.00326899118,
        0.0032166091799999998,
        0.00321920518
      ],
      "exit_codes": [
        0,
        0,
        0,
        0,
        0,
        0,
        0,
        0,
        0,
        0
      ]
    },
    {
      "command": "deno",
      "mean": 0.05684255958000001,
      "stddev": 0.0004914129611471801,
      "median": 0.056780553180000005,
      "user": 0.03419392,
      "system": 0.02868942,
      "min": 0.05611416518000001,
      "max": 0.05790514218000001,
      "times": [
        0.05667845918000001,
        0.05647164218,
        0.057072963180000005,
        0.05688264718,
        0.05611416518000001,
        0.05790514218000001,
        0.05693759718000001,
        0.057370438180000004,
        0.05643105818000001,
        0.056561483180000004
      ],
      "exit_codes": [
        0,
        0,
        0,
        0,
        0,
        0,
        0,
        0,
        0,
        0
      ]
    },
    {
      "command": "nx",
      "mean": 0.7996041851800001,
      "stddev": 0.005637203304587895,
      "median": 0.79872439468,
      "user": 0.5932304199999999,
      "system": 0.15095262,
      "min": 0.79126598118,
      "max": 0.81294536318,
      "times": [
        0.79693953918,
        0.81294536318,
        0.79498223818,
        0.80093976718,
        0.79126598118,
        0.80186129618,
        0.7993597571800001,
        0.80385870418,
        0.7958001731800001,
        0.79808903218
      ],
      "exit_codes": [
        0,
        0,
        0,
        0,
        0,
        0,
        0,
        0,
        0,
        0
      ]
    },
    {
      "command": "turbo",
      "mean": 0.31982188708000003,
      "stddev": 0.03465391642080314,
      "median": 0.31138150117999996,
      "user": 0.12170732000000002,
      "system": 0.08206692,
      "min": 0.28616233918,
      "max": 0.41417063118,
      "times": [
        0.41417063118,
        0.31568421418,
        0.33589787018,
        0.29928275618,
        0.32398962218,
        0.32195683318,
        0.29196340318,
        0.30203241318,
        0.28616233918,
        0.30707878818
      ],
      "exit_codes": [
        0,
        0,
        0,
        0,
        0,
        0,
        0,
        0,
        0,
        0
      ]
    },
    {
      "command": "node",
      "mean": 0.00520388138,
      "stddev": 0.00007912254928375366,
      "median": 0.00520006518,
      "user": 0.0024110200000000003,
      "system": 0.0028092200000000003,
      "min": 0.00508040118,
      "max": 0.005343003180000001,
      "times": [
        0.00513301918,
        0.0052026371800000006,
        0.00512877218,
        0.005274304180000001,
        0.00524244518,
        0.00508040118,
        0.00529058418,
        0.00514615418,
        0.005343003180000001,
        0.00519749318
      ],
      "exit_codes": [
        0,
        0,
        0,
        0,
        0,
        0,
        0,
        0,
        0,
        0
      ]
    }
  ]
}