{
  "results": [
    {
      "command": "npm",
      "mean": 3.8724514672,
      "stddev": 0.6614654223469634,
      "median": 3.6252350868,
      "user": 0.7276155999999999,
      "system": 0.17111072,
      "min": 3.3263010908,
      "max": 5.6467102998000005,
      "times": [
        3.7676473238000003,
        3.6274771628,
        3.6437975888,
        5.6467102998000005,
        3.6229930108,
        3.6019618048,
        4.4850646188,
        3.3263010908,
        3.6002436138,
        3.4023181578
      ],
      "exit_codes": [
        0,
        0,
        0,
        0,
        0,
        0,
        0,
        0,
        0,
        0
      ]
    },
    {
      "command": "snpm",
      "mean": 0.5973794771999998,
      "stddev": 0.1529636720250255,
      "median": 0.5539601103,
      "user": 0.5408769999999998,
      "system": 0.10114011999999999,
      "min": 0.43154860180000004,
      "max": 0.9450771268,
      "times": [
        0.5048072738,
        0.7620389658,
        0.9450771268,
        0.43695016580000007,
        0.43154860180000004,
        0.6587503098,
        0.49038418480000007,
        0.6363179228,
        0.5111562918,
        0.5967639288
      ],
      "exit_codes": [
        0,
        0,
        0,
        0,
        0,
        0,
        0,
        0,
        0,
        0
      ]
    },
    {
      "command": "yarn",
      "mean": 6.441579023699999,
      "stddev": 0.47326778308987344,
      "median": 6.3833978563,
      "user": 6.3434851000000005,
      "system": 2.5192779199999995,
      "min": 5.898336677800001,
      "max": 7.6667830218,
      "times": [
        6.6065436118,
        6.4666838218,
        5.898336677800001,
        6.3736980128,
        5.9531172768000005,
        6.3930976998,
        6.6483705598,
        6.1177174668,
        6.2914420878,
        7.6667830218
      ],
      "exit_codes": [
        0,
        0,
        0,
        0,
        0,
        0,
        0,
        0,
        0,
        0
      ]
    },
    {
      "command": "berry",
      "mean": 2.6387087386,
      "stddev": 0.12151686379568187,
      "median": 2.6068432238000003,
      "user": 3.8312318000000003,
      "system": 0.9813753199999999,
      "min": 2.5217653448000004,
      "max": 2.9803219658,
      "times": [
        2.5389562068,
        2.6078030768000002,
        2.5888130088,
        2.5924932258,
        2.9803219658,
        2.6455828068000002,
        2.6418081118,
        2.5217653448000004,
        2.6058833708,
        2.6636602678
      ],
      "exit_codes": [
        0,
        0,
        0,
        0,
        0,
        0,
        0,
        0,
        0,
        0
      ]
    },
    {
      "command": "pnpm",
      "mean": 1.3843059680000003,
      "stddev": 0.13092971754374916,
      "median": 1.3854518713000001,
      "user": 1.6393181999999995,
      "system": 0.42177222,
      "min": 1.1760354228,
      "max": 1.5758736878000001,
      "times": [
        1.3926093508000001,
        1.4582521358,
        1.1760354228,
        1.3334698188,
        1.3217453568000002,
        1.5758736878000001,
        1.5566819008000001,
        1.3782943918000001,
        1.1792003438,
        1.4708972708
      ],
      "exit_codes": [
        0,
        0,
        0,
        0,
        0,
        0,
        0,
        0,
        0,
        0
      ]
    },
    {
      "command": "vlt",
      "mean": 0.2553039820000001,
      "stddev": 0.004972779857417357,
      "median": 0.2548279188,
      "user": 0.25580369999999997,
      "system": 0.05445742,
      "min": 0.2455713348,
      "max": 0.26484532780000003,
      "times": [
        0.26042829580000004,
        0.26484532780000003,
        0.25868664180000006,
        0.2545338098,
        0.25583604080000005,
        0.2455713348,
        0.25168462180000006,
        0.25374484780000006,
        0.25258687180000006,
        0.25512202780000004
      ],
      "exit_codes": [
        0,
        0,
        0,
        0,
        0,
        0,
        0,
        0,
        0,
        0
      ]
    },
    {
      "command": "bun",
      "mean": 0.7098986557,
      "stddev": 0.12400897941056184,
      "median": 0.6799583853,
      "user": 0.4275365,
      "system": 0.31859441999999993,
      "min": 0.5638617678,
      "max": 0.8892577388,
      "times": [
        0.6972930418,
        0.8434801888,
        0.5638617678,
        0.6626237288,
        0.6401351858000001,
        0.5709429288,
        0.5640323178,
        0.8781308588,
        0.7892287998,
        0.8892577388
      ],
      "exit_codes": [
        0,
        0,
        0,
        0,
        0,
        0,
        0,
        0,
        0,
        0
      ]
    },
    {
      "command": "deno",
      "mean": 3.5131074392999997,
      "stddev": 0.5603637005098029,
      "median": 3.4181382363,
      "user": 0.8248182,
      "system": 0.26061271999999996,
      "min": 2.7811198178,
      "max": 4.870258020800001,
      "times": [
        3.5610552308,
        3.6611202948,
        3.2752212418,
        3.2178422918000003,
        3.9727434278000002,
        3.0835901538,
        2.7811198178,
        3.6261756938,
        4.870258020800001,
        3.0819482198
      ],
      "exit_codes": [
        0,
        0,
        0,
        0,
        0,
        0,
        0,
        0,
        0,
        0
      ]
    }
  ]
}