{
  "results": [
    {
      "command": "npm",
      "mean": 0.3199002484,
      "stddev": 0.002635305285444535,
      "median": 0.3194336995,
      "user": 0.32402134,
      "system": 0.07730219999999999,
      "min": 0.3152714215,
      "max": 0.3244513025,
      "times": [
        0.3209958995,
        0.3186271495,
        0.3218323165,
        0.3179708675,
        0.3244513025,
        0.3198844395,
        0.3152714215,
        0.3189829595,
        0.3232759625,
        0.31771016550000003
      ],
      "exit_codes": [
        0,
        0,
        0,
        0,
        0,
        0,
        0,
        0,
        0,
        0
      ]
    },
    {
      "command": "snpm",
      "mean": 0.028532330900000003,
      "stddev": 0.0004882520856959438,
      "median": 0.028714875,
      "user": 0.01665334,
      "system": 0.014072199999999998,
      "min": 0.027680012500000004,
      "max": 0.0294621945,
      "times": [
        0.0287040645,
        0.027680012500000004,
        0.028735555500000003,
        0.0294621945,
        0.0287256855,
        0.028799498500000003,
        0.028307828500000003,
        0.028129048500000003,
        0.028813698500000002,
        0.0279657225
      ],
      "exit_codes": [
        0,
        0,
        0,
        0,
        0,
        0,
        0,
        0,
        0,
        0
      ]
    },
    {
      "command": "yarn",
      "mean": 0.22991269760000005,
      "stddev": 0.0024616420608747523,
      "median": 0.229760821,
      "user": 0.20024764,
      "system": 0.054798599999999996,
      "min": 0.22715049650000002,
      "max": 0.23531195150000003,
      "times": [
        0.22957693850000002,
        0.23531195150000003,
        0.22994470350000001,
        0.22723689850000003,
        0.2307032505,
        0.23245073750000003,
        0.23081571650000002,
        0.22870868150000004,
        0.22722760150000001,
        0.22715049650000002
      ],
      "exit_codes": [
        0,
        0,
        0,
        0,
        0,
        0,
        0,
        0,
        0,
        0
      ]
    },
    {
      "command": "berry",
      "mean": 0.5822124646000002,
      "stddev": 0.0064979287421649806,
      "median": 0.5828614605000001,
      "user": 0.68107064,
      "system": 0.12207620000000001,
      "min": 0.5660990475000001,
      "max": 0.5904501295000001,
      "times": [
        0.5660990475000001,
        0.5836689995000001,
        0.5904501295000001,
        0.5779508945,
        0.5820539215000001,
        0.5815935845000001,
        0.5852964945000001,
        0.5802186705000001,
        0.5855518765000001,
        0.5892410275000001
      ],
      "exit_codes": [
        0,
        0,
        0,
        0,
        0,
        0,
        0,
        0,
        0,
        0
      ]
    },
    {
      "command": "pnpm",
      "mean": 0.5743274011000001,
      "stddev": 0.0055575866378447135,
      "median": 0.5743092565000001,
      "user": 0.6314621399999999,
      "system": 0.10151570000000001,
      "min": 0.5667839665000001,
      "max": 0.5868996485000001,
      "times": [
        0.5725782855000001,
        0.5868996485000001,
        0.5741943815000001,
        0.5744241315,
        0.5681640435,
        0.5694966125,
        0.5667839665000001,
        0.5770278725000001,
        0.5790259865,
        0.5746790825000001
      ],
      "exit_codes": [
        0,
        0,
        0,
        0,
        0,
        0,
        0,
        0,
        0,
        0
      ]
    },
    {
      "command": "vlt",
      "mean": 0.2522098477,
      "stddev": 0.004190937006196907,
      "median": 0.2516251625,
      "user": 0.25052104000000003,
      "system": 0.05351539999999999,
      "min": 0.24546608550000001,
      "max": 0.2596792945,
      "times": [
        0.24817344750000003,
        0.2542314875,
        0.2576815415,
        0.2495529605,
        0.2596792945,
        0.2514734225,
        0.24546608550000001,
        0.2548774775,
        0.2517769025,
        0.24918585750000002
      ],
      "exit_codes": [
        0,
        0,
        0,
        0,
        0,
        0,
        0,
        0,
        0,
        0
      ]
    },
    {
      "command": "bun",
      "mean": 0.006084369,
      "stddev": 0.0001823985472553168,
      "median": 0.0060395990000000005,
      "user": 0.0037687399999999996,
      "system": 0.0056398,
      "min": 0.0058175995,
      "max": 0.006365267500000001,
      "times": [
        0.0058175995,
        0.0060013475,
        0.006077850500000001,
        0.005967918500000001,
        0.0058948525000000005,
        0.0063165885,
        0.006365267500000001,
        0.0059379085,
        0.0061724365000000005,
        0.006291920500000001
      ],
      "exit_codes": [
        0,
        0,
        0,
        0,
        0,
        0,
        0,
        0,
        0,
        0
      ]
    },
    {
      "command": "deno",
      "mean": 0.036148079099999994,
      "stddev": 0.0003174566379539733,
      "median": 0.036194424,
      "user": 0.020289139999999997,
      "system": 0.019103000000000002,
      "min": 0.0356166555,
      "max": 0.0365448865,
      "times": [
        0.0363093835,
        0.0365448865,
        0.0361850755,
        0.0359063135,
        0.0365017545,
        0.0362037725,
        0.0357846845,
        0.0358877035,
        0.0356166555,
        0.0365405615
      ],
      "exit_codes": [
        0,
        0,
        0,
        0,
        0,
        0,
        0,
        0,
        0,
        0
      ]
    }
  ]
}