{
  "results": [
    {
      "command": "npm",
      "mean": 23.090127823,
      "stddev": 0.6124791798314758,
      "median": 22.9425777088,
      "user": 14.6125625,
      "system": 4.301080160000001,
      "min": 22.3076706323,
      "max": 24.233130034299997,
      "times": [
        24.233130034299997,
        23.8768683003,
        22.780966253299997,
        23.4056118343,
        22.3076706323,
        22.7308664933,
        23.470698400299998,
        22.3585123913,
        23.1041891643,
        22.6327647263
      ],
      "exit_codes": [
        0,
        0,
        0,
        0,
        0,
        0,
        0,
        0,
        0,
        0
      ]
    },
    {
      "command": "snpm",
      "mean": 2.6984550785000003,
      "stddev": 0.19826196043075553,
      "median": 2.5981729993,
      "user": 1.8647294999999997,
      "system": 0.9724818599999999,
      "min": 2.4936239633,
      "max": 3.0834351063,
      "times": [
        2.8224215463,
        2.5778259983000003,
        2.7143284703000004,
        2.6103977523000004,
        3.0170490083000003,
        2.5549196583000002,
        2.5246010353000004,
        2.5859482463,
        2.4936239633,
        3.0834351063
      ],
      "exit_codes": [
        0,
        0,
        0,
        0,
        0,
        0,
        0,
        0,
        0,
        0
      ]
    },
    {
      "command": "yarn",
      "mean": 17.385316311,
      "stddev": 0.3199358762647538,
      "median": 17.3427384508,
      "user": 17.8728306,
      "system": 8.249290659999998,
      "min": 16.9115254323,
      "max": 17.945212180299997,
      "times": [
        17.1432386893,
        17.2879793153,
        17.0602910703,
        17.3974975863,
        17.945212180299997,
        17.5849124423,
        17.1503452623,
        16.9115254323,
        17.5523002823,
        17.8198608493
      ],
      "exit_codes": [
        0,
        0,
        0,
        0,
        0,
        0,
        0,
        0,
        0,
        0
      ]
    },
    {
      "command": "berry",
      "mean": 6.6117404507,
      "stddev": 0.05483191465626453,
      "median": 6.6072974523,
      "user": 11.454387400000002,
      "system": 3.2743824600000004,
      "min": 6.5482561413,
      "max": 6.7461740613000005,
      "times": [
        6.6111369733,
        6.6034579313,
        6.7461740613000005,
        6.6299937033,
        6.5483659123,
        6.5700401353,
        6.6160123613,
        6.5482561413,
        6.5939012093,
        6.6500660783
      ],
      "exit_codes": [
        0,
        0,
        0,
        0,
        0,
        0,
        0,
        0,
        0,
        0
      ]
    },
    {
      "command": "pnpm",
      "mean": 4.6464535638,
      "stddev": 0.07138510130304693,
      "median": 4.6298889508,
      "user": 6.537579899999999,
      "system": 2.36436486,
      "min": 4.5661559053000005,
      "max": 4.8178872843,
      "times": [
        4.6105696633,
        4.6336120743,
        4.573725312300001,
        4.6494517973,
        4.615928691300001,
        4.7300980393000005,
        4.6261658273,
        4.5661559053000005,
        4.8178872843,
        4.6409410433
      ],
      "exit_codes": [
        0,
        0,
        0,
        0,
        0,
        0,
        0,
        0,
        0,
        0
      ]
    },
    {
      "command": "vlt",
      "mean": 6.187661326400001,
      "stddev": 0.22657581350121064,
      "median": 6.1984899423,
      "user": 6.5064421999999995,
      "system": 2.65508976,
      "min": 5.7697242883,
      "max": 6.5414801863,
      "times": [
        5.7697242883,
        6.2861689813,
        6.513196515300001,
        6.269512031300001,
        6.0607889783,
        6.1674362653,
        5.9292862233,
        6.2295436193,
        6.1094761753,
        6.5414801863
      ],
      "exit_codes": [
        0,
        0,
        0,
        0,
        0,
        0,
        0,
        0,
        0,
        0
      ]
    },
    {
      "command": "bun",
      "mean": 1.513603916,
      "stddev": 0.057588232026536235,
      "median": 1.5015002133,
      "user": 2.0000519999999997,
      "system": 1.72820346,
      "min": 1.4284369563,
      "max": 1.6424823513,
      "times": [
        1.4620611593,
        1.4797233133,
        1.5105000293,
        1.6424823513,
        1.5650989643,
        1.4825070393,
        1.4284369563,
        1.4925003973,
        1.5224612893,
        1.5502676603
      ],
      "exit_codes": [
        0,
        0,
        0,
        0,
        0,
        0,
        0,
        0,
        0,
        0
      ]
    },
    {
      "command": "deno",
      "mean": 12.809928955200002,
      "stddev": 0.66752427763327,
      "median": 12.5393290668,
      "user": 4.4225948,
      "system": 1.9872047600000002,
      "min": 11.9569557813,
      "max": 13.7985533693,
      "times": [
        13.7182226443,
        11.9569557813,
        12.5729040633,
        12.2792043063,
        13.7461203983,
        13.7985533693,
        12.1750408673,
        12.9721697173,
        12.374364334300001,
        12.5057540703
      ],
      "exit_codes": [
        0,
        0,
        0,
        0,
        0,
        0,
        0,
        0,
        0,
        0
      ]
    }
  ]
}