{
  "results": [
    {
      "command": "npm",
      "mean": 9.117632700500002,
      "stddev": 0.052807186052778406,
      "median": 9.115621645200001,
      "user": 11.345579140000002,
      "system": 3.36584258,
      "min": 9.0204681007,
      "max": 9.2171021027,
      "times": [
        9.151447646700001,
        9.2171021027,
        9.0917910547,
        9.146497961700002,
        9.111955404700002,
        9.1634338667,
        9.1192878857,
        9.0204681007,
        9.092974747700001,
        9.061368233700001
      ],
      "exit_codes": [
        0,
        0,
        0,
        0,
        0,
        0,
        0,
        0,
        0,
        0
      ]
    },
    {
      "command": "snpm",
      "mean": 3.2842873161,
      "stddev": 0.7327821230335644,
      "median": 2.8308597732000003,
      "user": 2.49583254,
      "system": 0.9902763799999997,
      "min": 2.5486529347,
      "max": 4.5711961857,
      "times": [
        2.7370158327000005,
        4.5711961857,
        2.6476151957000003,
        2.6440808377000002,
        3.9582602107000002,
        4.1857516457,
        2.5486529347,
        2.7458857707,
        2.9158337757000004,
        3.8885807717000005
      ],
      "exit_codes": [
        0,
        0,
        0,
        0,
        0,
        0,
        0,
        0,
        0,
        0
      ]
    },
    {
      "command": "yarn",
      "mean": 11.575841253100002,
      "stddev": 1.3829093395137197,
      "median": 11.5014045432,
      "user": 4.92229844,
      "system": 3.45535558,
      "min": 9.7078555637,
      "max": 14.280820465700002,
      "times": [
        14.280820465700002,
        9.835502678700001,
        11.0552684377,
        11.770458535700001,
        9.7078555637,
        10.775778499700001,
        11.4135483447,
        13.6502189567,
        11.5892607417,
        11.679700306700001
      ],
      "exit_codes": [
        0,
        0,
        0,
        0,
        0,
        0,
        0,
        0,
        0,
        0
      ]
    },
    {
      "command": "berry",
      "mean": 4.380468727600001,
      "stddev": 0.0616771669910314,
      "median": 4.3632853192,
      "user": 5.99797994,
      "system": 1.7933067799999995,
      "min": 4.2635828337,
      "max": 4.4879427956999995,
      "times": [
        4.3430819887,
        4.2635828337,
        4.3964285767,
        4.3527792747,
        4.4242732597,
        4.3531400027,
        4.4879427956999995,
        4.3734306357,
        4.4619717617,
        4.348056146699999
      ],
      "exit_codes": [
        0,
        0,
        0,
        0,
        0,
        0,
        0,
        0,
        0,
        0
      ]
    },
    {
      "command": "pnpm",
      "mean": 3.5135040886,
      "stddev": 0.10929465901915159,
      "median": 3.5093260507000004,
      "user": 4.3007984399999994,
      "system": 1.39536858,
      "min": 3.3556456927,
      "max": 3.7372877927,
      "times": [
        3.4368800927,
        3.3556456927,
        3.4750746747,
        3.3809841757,
        3.6428000087,
        3.5224974667000004,
        3.7372877927,
        3.5652188807000003,
        3.5049916487000004,
        3.5136604527000004
      ],
      "exit_codes": [
        0,
        0,
        0,
        0,
        0,
        0,
        0,
        0,
        0,
        0
      ]
    },
    {
      "command": "vlt",
      "mean": 2.1042209644000005,
      "stddev": 0.01413102985027135,
      "median": 2.0995580867,
      "user": 2.4633821399999998,
      "system": 1.7233757799999996,
      "min": 2.0839442017,
      "max": 2.1261246917000003,
      "times": [
        2.1202241707000002,
        2.1261246917000003,
        2.0973536997,
        2.0922813607000004,
        2.1051968527000002,
        2.1008752247,
        2.0921491797000002,
        2.1258193137,
        2.0982409487000004,
        2.0839442017
      ],
      "exit_codes": [
        0,
        0,
        0,
        0,
        0,
        0,
        0,
        0,
        0,
        0
      ]
    },
    {
      "command": "bun",
      "mean": 0.3044752673,
      "stddev": 0.0016204195705075434,
      "median": 0.3045057317,
      "user": 0.14058514,
      "system": 0.27056508,
      "min": 0.3014873187,
      "max": 0.3079022027,
      "times": [
        0.3045313957,
        0.3079022027,
        0.3038930007,
        0.30435360570000003,
        0.30554275870000003,
        0.3026056117,
        0.3051875417,
        0.3044800677,
        0.3014873187,
        0.3047691697
      ],
      "exit_codes": [
        0,
        0,
        0,
        0,
        0,
        0,
        0,
        0,
        0,
        0
      ]
    },
    {
      "command": "deno",
      "mean": 1.1314261399,
      "stddev": 0.02884332396810185,
      "median": 1.1253385921999999,
      "user": 1.1417611399999998,
      "system": 0.7040996799999999,
      "min": 1.0995877877,
      "max": 1.2038436137,
      "times": [
        1.1084178697,
        1.1369551407,
        1.1211196087,
        1.1280441007,
        1.1281490607,
        1.1073370967,
        1.1581740367,
        1.2038436137,
        1.0995877877,
        1.1226330837
      ],
      "exit_codes": [
        0,
        0,
        0,
        0,
        0,
        0,
        0,
        0,
        0,
        0
      ]
    }
  ]
}