{
  "results": [
    {
      "command": "npm",
      "mean": 0.62821748666,
      "stddev": 0.011767256657252688,
      "median": 0.62903116516,
      "user": 0.7091808399999999,
      "system": 0.11419329999999998,
      "min": 0.60990010866,
      "max": 0.64747397966,
      "times": [
        0.61920496566,
        0.6321058846600001,
        0.64747397966,
        0.62121857966,
        0.61343618566,
        0.63775182966,
        0.63028730466,
        0.62777502566,
        0.6430210026600001,
        0.60990010866
      ],
      "exit_codes": [
        0,
        0,
        0,
        0,
        0,
        0,
        0,
        0,
        0,
        0
      ]
    },
    {
      "command": "snpm",
      "mean": 0.03702409996,
      "stddev": 0.0008548237207683287,
      "median": 0.036943628660000005,
      "user": 0.02087514,
      "system": 0.0184191,
      "min": 0.03594671766,
      "max": 0.03823600766,
      "times": [
        0.03594671766,
        0.03815076566,
        0.037316786660000004,
        0.038099122660000005,
        0.036115833660000006,
        0.03678639166,
        0.03710086566,
        0.03823600766,
        0.03642227566,
        0.03606623266
      ],
      "exit_codes": [
        0,
        0,
        0,
        0,
        0,
        0,
        0,
        0,
        0,
        0
      ]
    },
    {
      "command": "yarn",
      "mean": 0.32059309446,
      "stddev": 0.02685080801723717,
      "median": 0.31154815816,
      "user": 0.34816594,
      "system": 0.0647593,
      "min": 0.30313650566,
      "max": 0.40042683066,
      "times": [
        0.31576686866,
        0.31146333866,
        0.31407302066,
        0.30993933566,
        0.31096640866,
        0.31163297766,
        0.31706825766,
        0.31145740066,
        0.30313650566,
        0.40042683066
      ],
      "exit_codes": [
        0,
        0,
        0,
        0,
        0,
        0,
        0,
        0,
        0,
        0
      ]
    },
    {
      "command": "berry",
      "mean": 1.02335003006,
      "stddev": 0.012386422052377144,
      "median": 1.02236888366,
      "user": 1.19528124,
      "system": 0.21130339999999997,
      "min": 1.00785237966,
      "max": 1.0466376486600002,
      "times": [
        1.0413814106600001,
        1.03070944166,
        1.0240165436600002,
        1.0110593516600002,
        1.0172299606600002,
        1.0466376486600002,
        1.00785237966,
        1.02229138666,
        1.00987579666,
        1.0224463806600002
      ],
      "exit_codes": [
        0,
        0,
        0,
        0,
        0,
        0,
        0,
        0,
        0,
        0
      ]
    },
    {
      "command": "pnpm",
      "mean": 0.76871879686,
      "stddev": 0.008421608310402442,
      "median": 0.7675694041600001,
      "user": 0.8685195399999998,
      "system": 0.1450203,
      "min": 0.75757724466,
      "max": 0.78407378266,
      "times": [
        0.76120371466,
        0.78282186866,
        0.76655625666,
        0.77104908766,
        0.75971380066,
        0.76754665666,
        0.76759215166,
        0.75757724466,
        0.76905340466,
        0.78407378266
      ],
      "exit_codes": [
        0,
        0,
        0,
        0,
        0,
        0,
        0,
        0,
        0,
        0
      ]
    },
    {
      "command": "vlt",
      "mean": 0.33199645876,
      "stddev": 0.008360492924270548,
      "median": 0.33148530616000005,
      "user": 0.37444624,
      "system": 0.07128679999999998,
      "min": 0.32028723766,
      "max": 0.34587200666,
      "times": [
        0.34587200666,
        0.34564849566,
        0.33220654166,
        0.32196930166,
        0.32794645566,
        0.33337784066,
        0.32545357366,
        0.33643906366,
        0.32028723766,
        0.33076407066
      ],
      "exit_codes": [
        0,
        0,
        0,
        0,
        0,
        0,
        0,
        0,
        0,
        0
      ]
    },
    {
      "command": "bun",
      "mean": 0.014644832559999998,
      "stddev": 0.0007465346555771481,
      "median": 0.014355635660000001,
      "user": 0.00840544,
      "system": 0.0120116,
      "min": 0.014075189660000001,
      "max": 0.016157287660000002,
      "times": [
        0.01446414566,
        0.01450331566,
        0.01424712566,
        0.01458015766,
        0.014125907660000001,
        0.01408724566,
        0.016037861660000003,
        0.01417008866,
        0.014075189660000001,
        0.016157287660000002
      ],
      "exit_codes": [
        0,
        0,
        0,
        0,
        0,
        0,
        0,
        0,
        0,
        0
      ]
    },
    {
      "command": "deno",
      "mean": 0.04826405776,
      "stddev": 0.0016620968391629558,
      "median": 0.04793615466,
      "user": 0.02865314,
      "system": 0.0249751,
      "min": 0.04676105866000001,
      "max": 0.05251816966,
      "times": [
        0.04710167466,
        0.04769811166,
        0.048357419660000005,
        0.046781167660000005,
        0.05251816966,
        0.04676105866000001,
        0.04817419766,
        0.04979753566,
        0.04820028866000001,
        0.047250953660000004
      ],
      "exit_codes": [
        0,
        0,
        0,
        0,
        0,
        0,
        0,
        0,
        0,
        0
      ]
    }
  ]
}