{
  "results": [
    {
      "command": "npm",
      "mean": 4.57029544918,
      "stddev": 0.1673609297173642,
      "median": 4.51185938288,
      "user": 1.04453912,
      "system": 0.15542482,
      "min": 4.32495285288,
      "max": 4.90225115488,
      "times": [
        4.463753059879999,
        4.90225115488,
        4.71393565788,
        4.439411982879999,
        4.613352432879999,
        4.47898915488,
        4.54472961088,
        4.32495285288,
        4.458357179879999,
        4.7632214048799995
      ],
      "exit_codes": [
        0,
        0,
        0,
        0,
        0,
        0,
        0,
        0,
        0,
        0
      ]
    },
    {
      "command": "snpm",
      "mean": 0.17240443718,
      "stddev": 0.0008303979155140078,
      "median": 0.17230754488,
      "user": 0.10773032,
      "system": 0.07162392,
      "min": 0.17121339788,
      "max": 0.17428280188,
      "times": [
        0.17284089488,
        0.17220681488,
        0.17121339788,
        0.17240827488000002,
        0.17276170088,
        0.17175626788,
        0.17159612288,
        0.17198716988,
        0.17428280188,
        0.17299092588
      ],
      "exit_codes": [
        0,
        0,
        0,
        0,
        0,
        0,
        0,
        0,
        0,
        0
      ]
    },
    {
      "command": "yarn",
      "mean": 11.49805846448,
      "stddev": 0.13627200333429174,
      "median": 11.518328372880001,
      "user": 14.652175320000001,
      "system": 5.430273519999999,
      "min": 11.219428628880001,
      "max": 11.69969574788,
      "times": [
        11.51701588088,
        11.69969574788,
        11.608828350880001,
        11.44407151288,
        11.46432587888,
        11.643324102880001,
        11.519640864880001,
        11.330971720880001,
        11.219428628880001,
        11.533281955880001
      ],
      "exit_codes": [
        0,
        0,
        0,
        0,
        0,
        0,
        0,
        0,
        0,
        0
      ]
    },
    {
      "command": "berry",
      "mean": 3.521014915680001,
      "stddev": 0.06223852362955575,
      "median": 3.5070847693800005,
      "user": 6.368846719999999,
      "system": 1.08570332,
      "min": 3.44244297588,
      "max": 3.6388576388800002,
      "times": [
        3.50629099088,
        3.44244297588,
        3.55491026888,
        3.52870250888,
        3.6388576388800002,
        3.47114785188,
        3.45929237388,
        3.5078785478800003,
        3.61763824488,
        3.4829877548800003
      ],
      "exit_codes": [
        0,
        0,
        0,
        0,
        0,
        0,
        0,
        0,
        0,
        0
      ]
    },
    {
      "command": "pnpm",
      "mean": 2.51470128598,
      "stddev": 0.028039639096968764,
      "median": 2.52570796138,
      "user": 3.62395612,
      "system": 0.74995352,
      "min": 2.4639721048800003,
      "max": 2.54405582388,
      "times": [
        2.51067829588,
        2.5281959618800003,
        2.54405582388,
        2.54125653088,
        2.52920352288,
        2.52321996088,
        2.4639721048800003,
        2.5440354478800002,
        2.4729746448800003,
        2.48942056588
      ],
      "exit_codes": [
        0,
        0,
        0,
        0,
        0,
        0,
        0,
        0,
        0,
        0
      ]
    },
    {
      "command": "vlt",
      "mean": 0.29781091368,
      "stddev": 0.0030069998613585255,
      "median": 0.29715755188000004,
      "user": 0.32732051999999995,
      "system": 0.05441962,
      "min": 0.29140329388,
      "max": 0.30129211288,
      "times": [
        0.29523120188,
        0.30094820188000004,
        0.29140329388,
        0.29657923088000004,
        0.29732382888000003,
        0.30023983888000005,
        0.30121223088000004,
        0.29699127488000004,
        0.29688792188,
        0.30129211288
      ],
      "exit_codes": [
        0,
        0,
        0,
        0,
        0,
        0,
        0,
        0,
        0,
        0
      ]
    },
    {
      "command": "bun",
      "mean": 1.15164796048,
      "stddev": 0.04533125851943313,
      "median": 1.13274507088,
      "user": 0.84804582,
      "system": 0.61152592,
      "min": 1.09108305688,
      "max": 1.24441001688,
      "times": [
        1.09108305688,
        1.13866462188,
        1.16499314088,
        1.11838720188,
        1.1268255198800001,
        1.12422374488,
        1.2099704818800001,
        1.11702984188,
        1.18089197788,
        1.24441001688
      ],
      "exit_codes": [
        0,
        0,
        0,
        0,
        0,
        0,
        0,
        0,
        0,
        0
      ]
    },
    {
      "command": "deno",
      "mean": 6.1684178640799985,
      "stddev": 0.37445027566531613,
      "median": 6.04074109588,
      "user": 1.6182934199999999,
      "system": 0.27572672,
      "min": 5.680328761879999,
      "max": 6.917495457879999,
      "times": [
        5.680328761879999,
        5.97504524788,
        6.398925869879999,
        5.869207514879999,
        6.917495457879999,
        6.688993872879999,
        6.2335030498799995,
        5.98371756988,
        6.09776462188,
        5.839196673879999
      ],
      "exit_codes": [
        0,
        0,
        0,
        0,
        0,
        0,
        0,
        0,
        0,
        0
      ]
    }
  ]
}