{
  "results": [
    {
      "command": "npm",
      "mean": 0.5754794082600001,
      "stddev": 0.020155799472626378,
      "median": 0.5690683921600002,
      "user": 0.63424866,
      "system": 0.10293493999999999,
      "min": 0.55919640266,
      "max": 0.6322438746600001,
      "times": [
        0.5624656146600001,
        0.55919640266,
        0.5719347146600001,
        0.5652988766600001,
        0.57568638266,
        0.5662020696600001,
        0.6322438746600001,
        0.56389455466,
        0.5741692046600001,
        0.58370238766
      ],
      "exit_codes": [
        0,
        0,
        0,
        0,
        0,
        0,
        0,
        0,
        0,
        0
      ]
    },
    {
      "command": "snpm",
      "mean": 0.032723424359999996,
      "stddev": 0.00040885579976467166,
      "median": 0.03261939416,
      "user": 0.020682159999999998,
      "system": 0.01419954,
      "min": 0.03209606466,
      "max": 0.03338618166,
      "times": [
        0.03318644366,
        0.032388701660000005,
        0.03209606466,
        0.032296250660000005,
        0.03338618166,
        0.03284709066,
        0.03267489566,
        0.03256389266,
        0.032560988660000005,
        0.03323373366
      ],
      "exit_codes": [
        0,
        0,
        0,
        0,
        0,
        0,
        0,
        0,
        0,
        0
      ]
    },
    {
      "command": "yarn",
      "mean": 0.31776881726,
      "stddev": 0.010754095443845159,
      "median": 0.31449649666,
      "user": 0.3591762599999999,
      "system": 0.06684093999999999,
      "min": 0.30879854766000003,
      "max": 0.34726780666,
      "times": [
        0.31186562466,
        0.31609122666,
        0.31648201466000003,
        0.30879854766000003,
        0.30919017966,
        0.31469068566,
        0.32522063666,
        0.31377914266,
        0.34726780666,
        0.31430230766
      ],
      "exit_codes": [
        0,
        0,
        0,
        0,
        0,
        0,
        0,
        0,
        0,
        0
      ]
    },
    {
      "command": "berry",
      "mean": 1.11767054836,
      "stddev": 0.012053500652607614,
      "median": 1.11749249316,
      "user": 1.2000596599999998,
      "system": 0.20809553999999997,
      "min": 1.10249830466,
      "max": 1.14085524266,
      "times": [
        1.13372852766,
        1.1152373096600001,
        1.11974767666,
        1.1237559296600002,
        1.1061792616600001,
        1.14085524266,
        1.12063238266,
        1.10958318866,
        1.10249830466,
        1.10448765966
      ],
      "exit_codes": [
        0,
        0,
        0,
        0,
        0,
        0,
        0,
        0,
        0,
        0
      ]
    },
    {
      "command": "pnpm",
      "mean": 0.7770888485600002,
      "stddev": 0.06336293009647838,
      "median": 0.7552170891600001,
      "user": 0.79747506,
      "system": 0.13000644,
      "min": 0.7461654796600001,
      "max": 0.9657944276600001,
      "times": [
        0.7461654796600001,
        0.7530797456600001,
        0.7545984076600001,
        0.7486998276600001,
        0.76374688566,
        0.7558357706600001,
        0.7496381166600001,
        0.7735134316600001,
        0.9657944276600001,
        0.7598163926600001
      ],
      "exit_codes": [
        0,
        0,
        0,
        0,
        0,
        0,
        0,
        0,
        0,
        0
      ]
    },
    {
      "command": "vlt",
      "mean": 0.33506666525999995,
      "stddev": 0.0026675710235719826,
      "median": 0.33434365916000003,
      "user": 0.35327285999999997,
      "system": 0.07476414,
      "min": 0.33124287266,
      "max": 0.34037212766,
      "times": [
        0.33554787066,
        0.33124287266,
        0.33949060266000003,
        0.33440238366,
        0.34037212766,
        0.33428493466000003,
        0.33379842466,
        0.33414912366,
        0.33288619366,
        0.33449211866
      ],
      "exit_codes": [
        0,
        0,
        0,
        0,
        0,
        0,
        0,
        0,
        0,
        0
      ]
    },
    {
      "command": "bun",
      "mean": 0.011915038159999999,
      "stddev": 0.0006342379892282157,
      "median": 0.011544750660000002,
      "user": 0.00793426,
      "system": 0.009757440000000001,
      "min": 0.01137308866,
      "max": 0.013003247660000002,
      "times": [
        0.01146401466,
        0.012999952660000001,
        0.012597129660000001,
        0.01151313066,
        0.01137308866,
        0.011548973660000001,
        0.011600657660000001,
        0.011509658660000002,
        0.011540527660000001,
        0.013003247660000002
      ],
      "exit_codes": [
        0,
        0,
        0,
        0,
        0,
        0,
        0,
        0,
        0,
        0
      ]
    },
    {
      "command": "deno",
      "mean": 0.17654744845999998,
      "stddev": 0.0035802686773197035,
      "median": 0.17583629866,
      "user": 0.14182515999999998,
      "system": 0.053186239999999996,
      "min": 0.17189009166,
      "max": 0.18639204466,
      "times": [
        0.18639204466,
        0.17452541766,
        0.17189009166,
        0.17587469766,
        0.17579789966,
        0.17700825666,
        0.17655043366,
        0.17517760166,
        0.17512051466,
        0.17713752666
      ],
      "exit_codes": [
        0,
        0,
        0,
        0,
        0,
        0,
        0,
        0,
        0,
        0
      ]
    }
  ]
}