{
  "results": [
    {
      "command": "npm",
      "mean": 10.30558452376,
      "stddev": 0.06866073516609389,
      "median": 10.284135897559999,
      "user": 10.6348469,
      "system": 4.868161639999999,
      "min": 10.21084425956,
      "max": 10.42726977856,
      "times": [
        10.28792943156,
        10.27964138756,
        10.280342363559999,
        10.29967713456,
        10.41815117656,
        10.261374504559999,
        10.21084425956,
        10.23671525156,
        10.353899949559999,
        10.42726977856
      ],
      "exit_codes": [
        0,
        0,
        0,
        0,
        0,
        0,
        0,
        0,
        0,
        0
      ]
    },
    {
      "command": "snpm",
      "mean": 0.6270789492600001,
      "stddev": 0.005036280184055643,
      "median": 0.6271657880599999,
      "user": 0.3933204999999999,
      "system": 0.24238463999999996,
      "min": 0.61992872556,
      "max": 0.63652484956,
      "times": [
        0.63391617156,
        0.62887597856,
        0.62820509856,
        0.63652484956,
        0.62088285456,
        0.62356577256,
        0.62855342056,
        0.62612647756,
        0.62421014356,
        0.61992872556
      ],
      "exit_codes": [
        0,
        0,
        0,
        0,
        0,
        0,
        0,
        0,
        0,
        0
      ]
    },
    {
      "command": "yarn",
      "mean": 8.17327852086,
      "stddev": 0.13263561927980652,
      "median": 8.12876330356,
      "user": 5.6173294,
      "system": 4.89084134,
      "min": 8.01043930656,
      "max": 8.49400586756,
      "times": [
        8.10710181656,
        8.062591487559999,
        8.13862678256,
        8.19020592156,
        8.01043930656,
        8.23068246856,
        8.11889982456,
        8.08618817356,
        8.29404355956,
        8.49400586756
      ],
      "exit_codes": [
        0,
        0,
        0,
        0,
        0,
        0,
        0,
        0,
        0,
        0
      ]
    },
    {
      "command": "berry",
      "mean": 5.86561383676,
      "stddev": 0.23752897977270557,
      "median": 5.7744068000599995,
      "user": 7.196049200000002,
      "system": 2.73608094,
      "min": 5.63616315956,
      "max": 6.33430905056,
      "times": [
        5.7639694085599995,
        5.83523352956,
        6.28340562156,
        5.66422579356,
        5.7848441915599995,
        6.33430905056,
        5.70820270456,
        5.63616315956,
        5.6992731995599994,
        5.946511708559999
      ],
      "exit_codes": [
        0,
        0,
        0,
        0,
        0,
        0,
        0,
        0,
        0,
        0
      ]
    },
    {
      "command": "pnpm",
      "mean": 3.4570987234599997,
      "stddev": 0.10116509888178887,
      "median": 3.43893037456,
      "user": 4.5337242,
      "system": 1.43567044,
      "min": 3.35087870456,
      "max": 3.73289097556,
      "times": [
        3.46141298956,
        3.43058701156,
        3.45342680456,
        3.73289097556,
        3.41787874356,
        3.35087870456,
        3.41032074456,
        3.44727373756,
        3.50133348856,
        3.36498403456
      ],
      "exit_codes": [
        0,
        0,
        0,
        0,
        0,
        0,
        0,
        0,
        0,
        0
      ]
    },
    {
      "command": "vlt",
      "mean": 3.56689607116,
      "stddev": 0.04414562255571327,
      "median": 3.5871933465600003,
      "user": 3.5671660999999992,
      "system": 2.91196494,
      "min": 3.47442778956,
      "max": 3.61544679156,
      "times": [
        3.60349921456,
        3.59268965656,
        3.54408736656,
        3.47442778956,
        3.5142256075600002,
        3.61544679156,
        3.59159070256,
        3.58279599056,
        3.6088929435600003,
        3.54130464856
      ],
      "exit_codes": [
        0,
        0,
        0,
        0,
        0,
        0,
        0,
        0,
        0,
        0
      ]
    },
    {
      "command": "bun",
      "mean": 0.31130446596000005,
      "stddev": 0.007123028707379171,
      "median": 0.30896995806000005,
      "user": 0.0156728,
      "system": 0.29999023999999996,
      "min": 0.30752348856,
      "max": 0.33218806056000005,
      "times": [
        0.30926615556000003,
        0.30758865656,
        0.30773806556000005,
        0.30752348856,
        0.31034050556000004,
        0.30756752356,
        0.30867376056,
        0.31255534256,
        0.30960310056,
        0.33218806056000005
      ],
      "exit_codes": [
        0,
        0,
        0,
        0,
        0,
        0,
        0,
        0,
        0,
        0
      ]
    },
    {
      "command": "deno",
      "mean": 1.0801009169600002,
      "stddev": 0.024018594983003815,
      "median": 1.07918558656,
      "user": 1.3118993999999997,
      "system": 0.81531214,
      "min": 1.04163173356,
      "max": 1.1308379235600001,
      "times": [
        1.10742484956,
        1.07873836256,
        1.0523033965600002,
        1.0796328105600002,
        1.04163173356,
        1.06758243656,
        1.07654697256,
        1.1308379235600001,
        1.08480308756,
        1.08150759656
      ],
      "exit_codes": [
        0,
        0,
        0,
        0,
        0,
        0,
        0,
        0,
        0,
        0
      ]
    }
  ]
}