{
  "results": [
    {
      "command": "npm",
      "mean": 0.32704387604,
      "stddev": 0.00445143619873014,
      "median": 0.32917069084000006,
      "user": 0.33439118,
      "system": 0.07717188,
      "min": 0.32078436284,
      "max": 0.33279507284000004,
      "times": [
        0.33001928784,
        0.33142248084000003,
        0.32970245484000005,
        0.32863892684,
        0.32129966984,
        0.33033778984,
        0.33279507284000004,
        0.32084734084,
        0.32078436284,
        0.32459137384000003
      ],
      "exit_codes": [
        0,
        0,
        0,
        0,
        0,
        0,
        0,
        0,
        0,
        0
      ]
    },
    {
      "command": "snpm",
      "mean": 0.02801483404000001,
      "stddev": 0.00026537079458403097,
      "median": 0.028049471840000003,
      "user": 0.01672228,
      "system": 0.013501379999999999,
      "min": 0.027287426840000004,
      "max": 0.028333067840000004,
      "times": [
        0.028103203840000004,
        0.02804204684,
        0.027287426840000004,
        0.027995264840000002,
        0.028333067840000004,
        0.027957944840000002,
        0.028044835840000004,
        0.028081618840000003,
        0.028248822840000003,
        0.028054107840000002
      ],
      "exit_codes": [
        0,
        0,
        0,
        0,
        0,
        0,
        0,
        0,
        0,
        0
      ]
    },
    {
      "command": "yarn",
      "mean": 0.23623838694,
      "stddev": 0.002302754133163438,
      "median": 0.23564227534,
      "user": 0.20697198,
      "system": 0.05484588,
      "min": 0.23346624184,
      "max": 0.24009338284,
      "times": [
        0.23849726884000003,
        0.23465794284000002,
        0.23506556084000002,
        0.23370588784000002,
        0.23849848184000003,
        0.23831931084000002,
        0.23346624184,
        0.23386080184000002,
        0.23621898984,
        0.24009338284
      ],
      "exit_codes": [
        0,
        0,
        0,
        0,
        0,
        0,
        0,
        0,
        0,
        0
      ]
    },
    {
      "command": "berry",
      "mean": 0.63720410974,
      "stddev": 0.08444789726669377,
      "median": 0.61091750434,
      "user": 0.70686348,
      "system": 0.12104878,
      "min": 0.58993459384,
      "max": 0.88450962784,
      "times": [
        0.6248512818399999,
        0.61677027084,
        0.6519177068399999,
        0.60506473784,
        0.61733721184,
        0.5900798738399999,
        0.58993459384,
        0.88450962784,
        0.60100762384,
        0.59056816884
      ],
      "exit_codes": [
        0,
        0,
        0,
        0,
        0,
        0,
        0,
        0,
        0,
        0
      ]
    },
    {
      "command": "pnpm",
      "mean": 0.61315487274,
      "stddev": 0.02376087541397333,
      "median": 0.6063937233400001,
      "user": 0.6562575799999999,
      "system": 0.10526838000000001,
      "min": 0.58334471484,
      "max": 0.67144832184,
      "times": [
        0.58334471484,
        0.59277223784,
        0.60007784984,
        0.67144832184,
        0.6159237828399999,
        0.62289232684,
        0.61126460784,
        0.60013159884,
        0.60152283884,
        0.63217044784
      ],
      "exit_codes": [
        0,
        0,
        0,
        0,
        0,
        0,
        0,
        0,
        0,
        0
      ]
    },
    {
      "command": "vlt",
      "mean": 0.27884222134,
      "stddev": 0.004682253363619538,
      "median": 0.27727616884000006,
      "user": 0.28252828,
      "system": 0.05494927999999999,
      "min": 0.27296618584000004,
      "max": 0.28982942584000004,
      "times": [
        0.27457230684,
        0.27751799984000003,
        0.28982942584000004,
        0.28102832584000004,
        0.27575463584000004,
        0.28250090984000004,
        0.28115141884,
        0.27296618584000004,
        0.27703433784000003,
        0.27606666684000003
      ],
      "exit_codes": [
        0,
        0,
        0,
        0,
        0,
        0,
        0,
        0,
        0,
        0
      ]
    },
    {
      "command": "bun",
      "mean": 0.00640785224,
      "stddev": 0.0003227570001565264,
      "median": 0.006468773340000001,
      "user": 0.0028679799999999996,
      "system": 0.006945079999999999,
      "min": 0.00594117884,
      "max": 0.00697005584,
      "times": [
        0.00653355584,
        0.00621781984,
        0.00652484284,
        0.006054609840000001,
        0.00594117884,
        0.00681351384,
        0.00697005584,
        0.006561821840000001,
        0.006412703840000001,
        0.00604841984
      ],
      "exit_codes": [
        0,
        0,
        0,
        0,
        0,
        0,
        0,
        0,
        0,
        0
      ]
    },
    {
      "command": "deno",
      "mean": 0.03811197704000001,
      "stddev": 0.0010974926315931964,
      "median": 0.03750923684,
      "user": 0.02146668,
      "system": 0.020050079999999998,
      "min": 0.03712521784,
      "max": 0.04040673084,
      "times": [
        0.037402424840000004,
        0.037616048840000006,
        0.03734051184,
        0.04040673084,
        0.03712521784,
        0.039716177840000005,
        0.03850319084000001,
        0.03718008984000001,
        0.038542373840000005,
        0.037287003840000006
      ],
      "exit_codes": [
        0,
        0,
        0,
        0,
        0,
        0,
        0,
        0,
        0,
        0
      ]
    }
  ]
}