{
  "results": [
    {
      "command": "npm",
      "mean": 1.43662225766,
      "stddev": 0.005776831967445982,
      "median": 1.43606666626,
      "user": 1.5165569799999998,
      "system": 0.6427350200000002,
      "min": 1.43010909126,
      "max": 1.44527347826,
      "times": [
        1.4414975802599999,
        1.4430624432599999,
        1.43074667926,
        1.4321368002600001,
        1.43999653226,
        1.43024514126,
        1.44527347826,
        1.43185994526,
        1.43010909126,
        1.44129488526
      ],
      "exit_codes": [
        0,
        0,
        0,
        0,
        0,
        0,
        0,
        0,
        0,
        0
      ]
    },
    {
      "command": "snpm",
      "mean": 0.042959888560000006,
      "stddev": 0.00027989009234878376,
      "median": 0.04302308226,
      "user": 0.01843788,
      "system": 0.02667642,
      "min": 0.04246127426,
      "max": 0.043377991260000005,
      "times": [
        0.042843070260000005,
        0.043232663260000005,
        0.04308651126,
        0.04295965326,
        0.04272707926,
        0.04246127426,
        0.04314163126000001,
        0.04260408026,
        0.043377991260000005,
        0.043164931260000004
      ],
      "exit_codes": [
        0,
        0,
        0,
        0,
        0,
        0,
        0,
        0,
        0,
        0
      ]
    },
    {
      "command": "yarn",
      "mean": 3.8075196341600006,
      "stddev": 0.061819571484238195,
      "median": 3.80824800976,
      "user": 5.693711679999999,
      "system": 2.25902612,
      "min": 3.71434994226,
      "max": 3.88780066326,
      "times": [
        3.88780066326,
        3.71434994226,
        3.76700614126,
        3.82428459126,
        3.8638730432600004,
        3.7922114282600003,
        3.7715121912600003,
        3.71526882826,
        3.85756377026,
        3.88132574226
      ],
      "exit_codes": [
        0,
        0,
        0,
        0,
        0,
        0,
        0,
        0,
        0,
        0
      ]
    },
    {
      "command": "berry",
      "mean": 2.3639610712600003,
      "stddev": 0.019425976487546404,
      "median": 2.3633645542600004,
      "user": 3.7276863800000006,
      "system": 1.1519323199999998,
      "min": 2.32405652626,
      "max": 2.3912526292600003,
      "times": [
        2.36578677526,
        2.3570262002600004,
        2.36094233326,
        2.3848436912600004,
        2.32405652626,
        2.3737413172600004,
        2.3912526292600003,
        2.34055444526,
        2.3605687962600004,
        2.38083799826
      ],
      "exit_codes": [
        0,
        0,
        0,
        0,
        0,
        0,
        0,
        0,
        0,
        0
      ]
    },
    {
      "command": "pnpm",
      "mean": 1.1091575315599997,
      "stddev": 0.040670810190471154,
      "median": 1.0914682572599999,
      "user": 1.6550629799999999,
      "system": 0.49792852,
      "min": 1.06937110026,
      "max": 1.18451080226,
      "times": [
        1.09645451126,
        1.14232540126,
        1.10065772626,
        1.06937110026,
        1.07823262126,
        1.18451080226,
        1.07400897326,
        1.08291005626,
        1.17662212026,
        1.08648200326
      ],
      "exit_codes": [
        0,
        0,
        0,
        0,
        0,
        0,
        0,
        0,
        0,
        0
      ]
    },
    {
      "command": "vlt",
      "mean": 0.92380435636,
      "stddev": 0.006530781827800165,
      "median": 0.92353612476,
      "user": 1.13338448,
      "system": 0.43521941999999997,
      "min": 0.9131054952600001,
      "max": 0.93467789426,
      "times": [
        0.92585351326,
        0.92393084626,
        0.9131054952600001,
        0.91593267026,
        0.92314140326,
        0.93467789426,
        0.9308666022600001,
        0.91834977326,
        0.93039924726,
        0.92178611826
      ],
      "exit_codes": [
        0,
        0,
        0,
        0,
        0,
        0,
        0,
        0,
        0,
        0
      ]
    },
    {
      "command": "bun",
      "mean": 0.23148569335999997,
      "stddev": 0.05313491936674349,
      "median": 0.21237136476000001,
      "user": 0.19349187999999998,
      "system": 0.22319291999999996,
      "min": 0.18915780826,
      "max": 0.37878501826000005,
      "times": [
        0.20602921326,
        0.20119568926,
        0.24577936526,
        0.21871351626,
        0.24619830226,
        0.19696141926,
        0.23751986426,
        0.18915780826,
        0.37878501826000005,
        0.19451673726
      ],
      "exit_codes": [
        0,
        0,
        0,
        0,
        0,
        0,
        0,
        0,
        0,
        0
      ]
    },
    {
      "command": "deno",
      "mean": 2.686628892260001,
      "stddev": 0.22563253560591648,
      "median": 2.61594451776,
      "user": 0.8316655799999999,
      "system": 0.44909801999999993,
      "min": 2.4967068562600003,
      "max": 3.26544640026,
      "times": [
        3.26544640026,
        2.7507049362600005,
        2.86158948426,
        2.5032595412600003,
        2.51751974226,
        2.7063773012600003,
        2.5327956252600003,
        2.4967068562600003,
        2.55672493926,
        2.67516409626
      ],
      "exit_codes": [
        0,
        0,
        0,
        0,
        0,
        0,
        0,
        0,
        0,
        0
      ]
    }
  ]
}