{
  "results": [
    {
      "command": "npm",
      "mean": 1.63960356138,
      "stddev": 0.028263940598477175,
      "median": 1.63662980408,
      "user": 1.7853145600000002,
      "system": 0.7403121600000001,
      "min": 1.60516271558,
      "max": 1.7050992725799998,
      "times": [
        1.7050992725799998,
        1.64064603358,
        1.60516271558,
        1.63261357458,
        1.66200307458,
        1.65698501358,
        1.62473457458,
        1.6416230105799998,
        1.61989532958,
        1.6072730145799998
      ],
      "exit_codes": [
        0,
        0,
        0,
        0,
        0,
        0,
        0,
        0,
        0,
        0
      ]
    },
    {
      "command": "snpm",
      "mean": 0.04645981108,
      "stddev": 0.001130279028733193,
      "median": 0.046338936580000004,
      "user": 0.022508860000000002,
      "system": 0.026783460000000002,
      "min": 0.04499981058,
      "max": 0.04845399458,
      "times": [
        0.04766937358,
        0.04845399458,
        0.046227829580000004,
        0.04520009458,
        0.047331594580000004,
        0.04572435858,
        0.04499981058,
        0.04645004358,
        0.04522395658,
        0.047317054580000004
      ],
      "exit_codes": [
        0,
        0,
        0,
        0,
        0,
        0,
        0,
        0,
        0,
        0
      ]
    },
    {
      "command": "yarn",
      "mean": 5.21775046778,
      "stddev": 0.07827689472809495,
      "median": 5.211295939579999,
      "user": 7.78618086,
      "system": 3.01553866,
      "min": 5.08399561558,
      "max": 5.3421018905799995,
      "times": [
        5.17713288458,
        5.24545899458,
        5.3421018905799995,
        5.26971469358,
        5.17203755258,
        5.26469841658,
        5.31547427758,
        5.13490886358,
        5.17198148858,
        5.08399561558
      ],
      "exit_codes": [
        0,
        0,
        0,
        0,
        0,
        0,
        0,
        0,
        0,
        0
      ]
    },
    {
      "command": "berry",
      "mean": 2.68020852348,
      "stddev": 0.1453738324018302,
      "median": 2.63415415558,
      "user": 4.22684286,
      "system": 1.2597188599999998,
      "min": 2.55045196358,
      "max": 3.0651994305800003,
      "times": [
        2.68872919458,
        2.55045196358,
        2.5783308105800002,
        2.6906521605800005,
        3.0651994305800003,
        2.64989728858,
        2.56840812158,
        2.6011762815800004,
        2.7908289605800003,
        2.61841102258
      ],
      "exit_codes": [
        0,
        0,
        0,
        0,
        0,
        0,
        0,
        0,
        0,
        0
      ]
    },
    {
      "command": "pnpm",
      "mean": 1.21283138838,
      "stddev": 0.05616484558757614,
      "median": 1.19207640258,
      "user": 1.8617988599999997,
      "system": 0.55040636,
      "min": 1.15803538458,
      "max": 1.35789009258,
      "times": [
        1.35789009258,
        1.1909278695799999,
        1.17359889658,
        1.19322493558,
        1.15803538458,
        1.18451787458,
        1.22797379158,
        1.26115369958,
        1.2096417095799998,
        1.1713496295799999
      ],
      "exit_codes": [
        0,
        0,
        0,
        0,
        0,
        0,
        0,
        0,
        0,
        0
      ]
    },
    {
      "command": "vlt",
      "mean": 1.00738955038,
      "stddev": 0.021258220099147115,
      "median": 1.0180713410799997,
      "user": 1.24650716,
      "system": 0.50000466,
      "min": 0.9654147675800001,
      "max": 1.03221091358,
      "times": [
        1.0203627175799999,
        1.02076578758,
        1.03221091358,
        0.9908197815800001,
        1.0222744745799999,
        1.00605500358,
        1.0157799645799999,
        1.02376521858,
        0.9764468745800001,
        0.9654147675800001
      ],
      "exit_codes": [
        0,
        0,
        0,
        0,
        0,
        0,
        0,
        0,
        0,
        0
      ]
    },
    {
      "command": "bun",
      "mean": 0.22817991498000004,
      "stddev": 0.02768358450401786,
      "median": 0.22203306308000004,
      "user": 0.20678935999999998,
      "system": 0.23554605999999997,
      "min": 0.19811476558000002,
      "max": 0.28351423858,
      "times": [
        0.22313710458000002,
        0.22092902158000002,
        0.19811476558000002,
        0.27374995958,
        0.23196011458000002,
        0.20656075258000003,
        0.20709161658000003,
        0.20380127858000002,
        0.23294029758000004,
        0.28351423858
      ],
      "exit_codes": [
        0,
        0,
        0,
        0,
        0,
        0,
        0,
        0,
        0,
        0
      ]
    },
    {
      "command": "deno",
      "mean": 2.86710485258,
      "stddev": 0.5147072259684475,
      "median": 2.8439814535800005,
      "user": 0.9111906600000002,
      "system": 0.45903746000000006,
      "min": 2.02686654058,
      "max": 3.82962328658,
      "times": [
        2.02686654058,
        2.88885317158,
        2.8576865385800003,
        2.8302763685800003,
        2.1576881675800004,
        2.6426730285800004,
        3.40645238858,
        3.82962328658,
        3.26677754458,
        2.76415149058
      ],
      "exit_codes": [
        0,
        0,
        0,
        0,
        0,
        0,
        0,
        0,
        0,
        0
      ]
    }
  ]
}