{
  "results": [
    {
      "command": "npm",
      "mean": 1.5217708801400003,
      "stddev": 0.013367856828010099,
      "median": 1.52140627994,
      "user": 1.60320186,
      "system": 0.69571806,
      "min": 1.49169921594,
      "max": 1.5454013469399999,
      "times": [
        1.49169921594,
        1.5217975189400001,
        1.51990472794,
        1.52773779794,
        1.51788414594,
        1.52373737994,
        1.51301392094,
        1.53551770594,
        1.5454013469399999,
        1.52101504094
      ],
      "exit_codes": [
        0,
        0,
        0,
        0,
        0,
        0,
        0,
        0,
        0,
        0
      ]
    },
    {
      "command": "snpm",
      "mean": 0.04115905884,
      "stddev": 0.0006882623813954173,
      "median": 0.04142800494,
      "user": 0.018522459999999998,
      "system": 0.02505706,
      "min": 0.04016278294,
      "max": 0.042267819940000007,
      "times": [
        0.04147644794,
        0.04037703294,
        0.040864922940000006,
        0.04175509094,
        0.04159640794,
        0.04153957794,
        0.04016278294,
        0.042267819940000007,
        0.04017094294,
        0.041379561940000004
      ],
      "exit_codes": [
        0,
        0,
        0,
        0,
        0,
        0,
        0,
        0,
        0,
        0
      ]
    },
    {
      "command": "yarn",
      "mean": 4.779304019740001,
      "stddev": 0.04110395391751222,
      "median": 4.763647777440001,
      "user": 7.000434360000002,
      "system": 2.79285916,
      "min": 4.725966239940001,
      "max": 4.84828271094,
      "times": [
        4.843915427940001,
        4.807577016940001,
        4.7552663199400005,
        4.79778417294,
        4.7306379219400005,
        4.84828271094,
        4.725966239940001,
        4.76120641594,
        4.75631483194,
        4.766089138940001
      ],
      "exit_codes": [
        0,
        0,
        0,
        0,
        0,
        0,
        0,
        0,
        0,
        0
      ]
    },
    {
      "command": "berry",
      "mean": 2.41906525184,
      "stddev": 0.024292633494489693,
      "median": 2.41746870494,
      "user": 3.8329908599999998,
      "system": 1.16100766,
      "min": 2.38476860794,
      "max": 2.45179963994,
      "times": [
        2.45179963994,
        2.43435648194,
        2.44568148394,
        2.41565460594,
        2.45054098994,
        2.41928280394,
        2.38756766294,
        2.38476860794,
        2.40420462794,
        2.3967956139399997
      ],
      "exit_codes": [
        0,
        0,
        0,
        0,
        0,
        0,
        0,
        0,
        0,
        0
      ]
    },
    {
      "command": "pnpm",
      "mean": 1.1069710699399997,
      "stddev": 0.02811554110182243,
      "median": 1.10383392544,
      "user": 1.73242796,
      "system": 0.50620806,
      "min": 1.07952284294,
      "max": 1.17986864294,
      "times": [
        1.08290657794,
        1.12306914594,
        1.11209961494,
        1.09148526794,
        1.17986864294,
        1.11091032394,
        1.07952284294,
        1.09738262594,
        1.11028522494,
        1.08218043194
      ],
      "exit_codes": [
        0,
        0,
        0,
        0,
        0,
        0,
        0,
        0,
        0,
        0
      ]
    },
    {
      "command": "vlt",
      "mean": 0.9646959803400001,
      "stddev": 0.014145373403107236,
      "median": 0.96092028044,
      "user": 1.1589529599999997,
      "system": 0.4689121599999999,
      "min": 0.94802878494,
      "max": 0.99342244294,
      "times": [
        0.95721805094,
        0.94802878494,
        0.96330462594,
        0.95853593494,
        0.99342244294,
        0.98538738994,
        0.96616123394,
        0.95072751294,
        0.9530565359400001,
        0.97111729094
      ],
      "exit_codes": [
        0,
        0,
        0,
        0,
        0,
        0,
        0,
        0,
        0,
        0
      ]
    },
    {
      "command": "bun",
      "mean": 0.20828708233999998,
      "stddev": 0.03040709313731766,
      "median": 0.19768135844,
      "user": 0.19576895999999996,
      "system": 0.22265056000000003,
      "min": 0.18516685994,
      "max": 0.29295842694,
      "times": [
        0.19333814894,
        0.29295842694,
        0.20621763694,
        0.19703088194,
        0.22356508494,
        0.21061086394,
        0.18533525294,
        0.19031583194,
        0.19833183494,
        0.18516685994
      ],
      "exit_codes": [
        0,
        0,
        0,
        0,
        0,
        0,
        0,
        0,
        0,
        0
      ]
    },
    {
      "command": "deno",
      "mean": 2.12019840064,
      "stddev": 0.24796602410917196,
      "median": 2.1401326104400002,
      "user": 0.8346096599999999,
      "system": 0.44078786000000003,
      "min": 1.68078344094,
      "max": 2.54327508794,
      "times": [
        1.7131896389399999,
        1.68078344094,
        2.14526227194,
        2.54327508794,
        2.3474532839399997,
        2.13500294894,
        2.09139044294,
        2.22118864094,
        2.09121417794,
        2.23322407194
      ],
      "exit_codes": [
        0,
        0,
        0,
        0,
        0,
        0,
        0,
        0,
        0,
        0
      ]
    }
  ]
}