{
  "results": [
    {
      "command": "npm",
      "mean": 1.6902387557999998,
      "stddev": 0.017054974126002757,
      "median": 1.6858162324000001,
      "user": 1.65876338,
      "system": 0.7317356800000001,
      "min": 1.6613393394,
      "max": 1.7171381514000001,
      "times": [
        1.6613393394,
        1.7171381514000001,
        1.6722711174,
        1.6838950484,
        1.6896321434000001,
        1.6836767844,
        1.7119795214000002,
        1.7108339524,
        1.6877374164,
        1.6838840834
      ],
      "exit_codes": [
        0,
        0,
        0,
        0,
        0,
        0,
        0,
        0,
        0,
        0
      ]
    },
    {
      "command": "snpm",
      "mean": 0.0532001697,
      "stddev": 0.0007176133200597733,
      "median": 0.0533966924,
      "user": 0.02141118,
      "system": 0.03402178,
      "min": 0.0520212914,
      "max": 0.054272792400000006,
      "times": [
        0.054272792400000006,
        0.0534118484,
        0.0538261094,
        0.052344700400000006,
        0.052768217400000005,
        0.053725809400000005,
        0.0524413904,
        0.053808001400000006,
        0.0520212914,
        0.053381536400000006
      ],
      "exit_codes": [
        0,
        0,
        0,
        0,
        0,
        0,
        0,
        0,
        0,
        0
      ]
    },
    {
      "command": "yarn",
      "mean": 4.769395426099999,
      "stddev": 0.037792915867453834,
      "median": 4.7775447184,
      "user": 5.597566379999999,
      "system": 2.22313538,
      "min": 4.696960428400001,
      "max": 4.8101453174,
      "times": [
        4.8101453174,
        4.759313891400001,
        4.7746754074,
        4.7981644644,
        4.696960428400001,
        4.7804140294,
        4.8051531204,
        4.8011094954,
        4.761470790400001,
        4.7065473164
      ],
      "exit_codes": [
        0,
        0,
        0,
        0,
        0,
        0,
        0,
        0,
        0,
        0
      ]
    },
    {
      "command": "berry",
      "mean": 3.0545158897999998,
      "stddev": 0.024396313381250482,
      "median": 3.0570833108999995,
      "user": 3.6492038799999995,
      "system": 1.1608620799999998,
      "min": 3.0139965483999998,
      "max": 3.0973215803999996,
      "times": [
        3.0973215803999996,
        3.0556310543999996,
        3.0895498073999996,
        3.0585355674,
        3.0628063423999996,
        3.0139965483999998,
        3.0613815293999997,
        3.0351204933999996,
        3.0377108363999996,
        3.0331051384
      ],
      "exit_codes": [
        0,
        0,
        0,
        0,
        0,
        0,
        0,
        0,
        0,
        0
      ]
    },
    {
      "command": "pnpm",
      "mean": 1.4486914498,
      "stddev": 0.03608163662059188,
      "median": 1.4377143264,
      "user": 1.4858396799999998,
      "system": 0.43810718,
      "min": 1.4185643364,
      "max": 1.5445981424000002,
      "times": [
        1.4771841954,
        1.4242777034,
        1.4185643364,
        1.4361749904,
        1.4537778114,
        1.5445981424000002,
        1.4442503384,
        1.4202106084,
        1.4286227094000001,
        1.4392536624
      ],
      "exit_codes": [
        0,
        0,
        0,
        0,
        0,
        0,
        0,
        0,
        0,
        0
      ]
    },
    {
      "command": "vlt",
      "mean": 1.0949168461999998,
      "stddev": 0.02222044580623308,
      "median": 1.0957707169,
      "user": 1.1331491799999998,
      "system": 0.49384648000000003,
      "min": 1.0574578144,
      "max": 1.1342714104,
      "times": [
        1.0675370644,
        1.1342714104,
        1.1200804434,
        1.1095684094,
        1.0901907514,
        1.0834682214,
        1.1013506824,
        1.1021784674,
        1.0574578144,
        1.0830651974
      ],
      "exit_codes": [
        0,
        0,
        0,
        0,
        0,
        0,
        0,
        0,
        0,
        0
      ]
    },
    {
      "command": "bun",
      "mean": 0.27771183000000005,
      "stddev": 0.0300176766889061,
      "median": 0.2665172449,
      "user": 0.21778008,
      "system": 0.23218277999999998,
      "min": 0.2600503074,
      "max": 0.36522750340000004,
      "times": [
        0.2678708274,
        0.2814385264,
        0.26252944040000004,
        0.2651636624,
        0.36522750340000004,
        0.2691620364,
        0.2608197244,
        0.2644684074,
        0.2803878644,
        0.2600503074
      ],
      "exit_codes": [
        0,
        0,
        0,
        0,
        0,
        0,
        0,
        0,
        0,
        0
      ]
    },
    {
      "command": "deno",
      "mean": 2.1614759826000003,
      "stddev": 0.2690924216679617,
      "median": 2.1401283444,
      "user": 0.8562373799999999,
      "system": 0.43449808,
      "min": 1.7682433304,
      "max": 2.7216188594,
      "times": [
        2.7216188594,
        2.1538184323999996,
        2.0935692043999996,
        2.3773756813999998,
        2.1264382563999997,
        2.3702336544,
        1.7682433304,
        1.9931578344,
        1.8021496984,
        2.2081548744
      ],
      "exit_codes": [
        0,
        0,
        0,
        0,
        0,
        0,
        0,
        0,
        0,
        0
      ]
    }
  ]
}