{
  "results": [
    {
      "command": "npm",
      "mean": 1.4492744389399999,
      "stddev": 0.02688104647340177,
      "median": 1.44587544284,
      "user": 1.5518191999999997,
      "system": 0.47034760000000003,
      "min": 1.41620296134,
      "max": 1.50467277234,
      "times": [
        1.41991759234,
        1.45025158134,
        1.44582155334,
        1.42775326834,
        1.43986684134,
        1.44592933234,
        1.48943069434,
        1.41620296134,
        1.45289779234,
        1.50467277234
      ],
      "exit_codes": [
        0,
        0,
        0,
        0,
        0,
        0,
        0,
        0,
        0,
        0
      ]
    },
    {
      "command": "snpm",
      "mean": 0.03562049634,
      "stddev": 0.000719476374744717,
      "median": 0.03552152834,
      "user": 0.018600399999999996,
      "system": 0.0197897,
      "min": 0.03474602934,
      "max": 0.03665325734,
      "times": [
        0.03482059834,
        0.03659242534,
        0.03659037934,
        0.03518731834,
        0.03665325734,
        0.03552605434,
        0.03474602934,
        0.03551700234,
        0.034844983339999996,
        0.03572691534
      ],
      "exit_codes": [
        0,
        0,
        0,
        0,
        0,
        0,
        0,
        0,
        0,
        0
      ]
    },
    {
      "command": "yarn",
      "mean": 3.8242029262399995,
      "stddev": 0.04673594801255309,
      "median": 3.8310847488400004,
      "user": 5.9267468,
      "system": 1.5198462,
      "min": 3.74524259334,
      "max": 3.8955292323400004,
      "times": [
        3.8749666403400003,
        3.77844357434,
        3.74524259334,
        3.8354493153400004,
        3.76506505034,
        3.8955292323400004,
        3.8130379423400003,
        3.8669060183400004,
        3.8406687133400004,
        3.8267201823400003
      ],
      "exit_codes": [
        0,
        0,
        0,
        0,
        0,
        0,
        0,
        0,
        0,
        0
      ]
    },
    {
      "command": "berry",
      "mean": 2.5512430797400003,
      "stddev": 0.020687011501199646,
      "median": 2.55485451384,
      "user": 4.0093177,
      "system": 0.951698,
      "min": 2.5088772353400004,
      "max": 2.58209910834,
      "times": [
        2.58209910834,
        2.5815263093400005,
        2.55888062134,
        2.54002039634,
        2.5562888913400004,
        2.55596840334,
        2.55374062434,
        2.53786230234,
        2.5088772353400004,
        2.5371669053400003
      ],
      "exit_codes": [
        0,
        0,
        0,
        0,
        0,
        0,
        0,
        0,
        0,
        0
      ]
    },
    {
      "command": "pnpm",
      "mean": 1.22440946404,
      "stddev": 0.03042608120647052,
      "median": 1.2322670578400001,
      "user": 1.7399335999999999,
      "system": 0.36877990000000005,
      "min": 1.17286963634,
      "max": 1.26355967834,
      "times": [
        1.26355967834,
        1.24202834934,
        1.25746803234,
        1.22632791834,
        1.23820619734,
        1.19016450034,
        1.25510704634,
        1.20562762634,
        1.17286963634,
        1.19273565534
      ],
      "exit_codes": [
        0,
        0,
        0,
        0,
        0,
        0,
        0,
        0,
        0,
        0
      ]
    },
    {
      "command": "vlt",
      "mean": 0.8510498705400001,
      "stddev": 0.006798450250870143,
      "median": 0.85398508834,
      "user": 1.0181018,
      "system": 0.316013,
      "min": 0.83415444634,
      "max": 0.8599610293400001,
      "times": [
        0.8543026233400001,
        0.84773576334,
        0.85417911634,
        0.8544318253400001,
        0.8537910603400001,
        0.85115934934,
        0.85519483234,
        0.83415444634,
        0.8599610293400001,
        0.84558865934
      ],
      "exit_codes": [
        0,
        0,
        0,
        0,
        0,
        0,
        0,
        0,
        0,
        0
      ]
    },
    {
      "command": "bun",
      "mean": 0.27744476914,
      "stddev": 0.008841199985881823,
      "median": 0.28011727934,
      "user": 0.18312199999999998,
      "system": 0.13329979999999997,
      "min": 0.26200792334,
      "max": 0.29149370834,
      "times": [
        0.27648604434,
        0.26486495534,
        0.29149370834,
        0.28195906034,
        0.28125122934,
        0.28340331734,
        0.26200792334,
        0.27898332934000003,
        0.26945944434,
        0.28453867934
      ],
      "exit_codes": [
        0,
        0,
        0,
        0,
        0,
        0,
        0,
        0,
        0,
        0
      ]
    },
    {
      "command": "deno",
      "mean": 2.3690310423400005,
      "stddev": 0.2375190335415109,
      "median": 2.3623140668400002,
      "user": 0.7956027999999999,
      "system": 0.2679035,
      "min": 2.06124800234,
      "max": 2.7723155263400003,
      "times": [
        2.1293019173400003,
        2.63086560234,
        2.1812852133400003,
        2.1223412883400004,
        2.06124800234,
        2.24764864234,
        2.4909816353400003,
        2.57734310434,
        2.4769794913400003,
        2.7723155263400003
      ],
      "exit_codes": [
        0,
        0,
        0,
        0,
        0,
        0,
        0,
        0,
        0,
        0
      ]
    }
  ]
}