{
  "results": [
    {
      "command": "npm",
      "mean": 1.1693741571199998,
      "stddev": 0.010086852960990638,
      "median": 1.16583404472,
      "user": 1.1171034599999998,
      "system": 0.5440229,
      "min": 1.15953927822,
      "max": 1.19111088122,
      "times": [
        1.16712095222,
        1.18229143522,
        1.15953927822,
        1.16179710922,
        1.16454713722,
        1.16176157022,
        1.19111088122,
        1.17692187322,
        1.16817905722,
        1.16047227722
      ],
      "exit_codes": [
        0,
        0,
        0,
        0,
        0,
        0,
        0,
        0,
        0,
        0
      ]
    },
    {
      "command": "snpm",
      "mean": 0.052855787620000004,
      "stddev": 0.0005870975933452973,
      "median": 0.05305199422000001,
      "user": 0.02154956,
      "system": 0.0335901,
      "min": 0.051411339220000005,
      "max": 0.05363731422,
      "times": [
        0.05294631122000001,
        0.053157677220000005,
        0.05319865322,
        0.05363731422,
        0.05322333322000001,
        0.052702736220000004,
        0.051411339220000005,
        0.052399752220000005,
        0.052664755220000005,
        0.05321600422000001
      ],
      "exit_codes": [
        0,
        0,
        0,
        0,
        0,
        0,
        0,
        0,
        0,
        0
      ]
    },
    {
      "command": "yarn",
      "mean": 0.91441062302,
      "stddev": 0.08097615891700673,
      "median": 0.8915272432200001,
      "user": 0.73102636,
      "system": 0.4850301,
      "min": 0.84581107222,
      "max": 1.14044466222,
      "times": [
        0.85475276122,
        0.8907682892200001,
        0.91556957722,
        0.84581107222,
        0.89228619722,
        0.87805811622,
        0.9484224532200001,
        0.86258457822,
        1.14044466222,
        0.91540852322
      ],
      "exit_codes": [
        0,
        0,
        0,
        0,
        0,
        0,
        0,
        0,
        0,
        0
      ]
    },
    {
      "command": "berry",
      "mean": 1.3590608470199999,
      "stddev": 0.013511900363349778,
      "median": 1.35634364272,
      "user": 1.46885126,
      "system": 0.4290583,
      "min": 1.34215094522,
      "max": 1.37876524922,
      "times": [
        1.34215094522,
        1.37497815622,
        1.35751307622,
        1.3551742092199999,
        1.37838791822,
        1.3643031082200001,
        1.3470982842199999,
        1.37876524922,
        1.34699310522,
        1.34524441822
      ],
      "exit_codes": [
        0,
        0,
        0,
        0,
        0,
        0,
        0,
        0,
        0,
        0
      ]
    },
    {
      "command": "pnpm",
      "mean": 0.8275034225200001,
      "stddev": 0.010319794726057673,
      "median": 0.82862590922,
      "user": 0.7860964599999999,
      "system": 0.18495910000000002,
      "min": 0.80043573022,
      "max": 0.83686499322,
      "times": [
        0.8354935142200001,
        0.83672823722,
        0.80043573022,
        0.82975667722,
        0.82678301522,
        0.82747608722,
        0.82030560722,
        0.82749514122,
        0.83369522222,
        0.83686499322
      ],
      "exit_codes": [
        0,
        0,
        0,
        0,
        0,
        0,
        0,
        0,
        0,
        0
      ]
    },
    {
      "command": "vlt",
      "mean": 0.6478131572200001,
      "stddev": 0.006249271509990026,
      "median": 0.64600979322,
      "user": 0.58110756,
      "system": 0.371876,
      "min": 0.64061084822,
      "max": 0.66389267322,
      "times": [
        0.64550003422,
        0.64730756922,
        0.64536917022,
        0.65353647022,
        0.64061084822,
        0.64799165122,
        0.64333948222,
        0.64406412122,
        0.66389267322,
        0.64651955222
      ],
      "exit_codes": [
        0,
        0,
        0,
        0,
        0,
        0,
        0,
        0,
        0,
        0
      ]
    },
    {
      "command": "bun",
      "mean": 0.03441144662000001,
      "stddev": 0.0009690621652566166,
      "median": 0.03400565572000001,
      "user": 0.007717159999999998,
      "system": 0.032143,
      "min": 0.033851171220000004,
      "max": 0.03722177822000001,
      "times": [
        0.03722177822000001,
        0.03394955722,
        0.03398256822,
        0.034114138220000007,
        0.03402686522000001,
        0.03389481422000001,
        0.034370365220000004,
        0.034718762220000005,
        0.033984446220000006,
        0.033851171220000004
      ],
      "exit_codes": [
        0,
        0,
        0,
        0,
        0,
        0,
        0,
        0,
        0,
        0
      ]
    },
    {
      "command": "deno",
      "mean": 0.21100645602,
      "stddev": 0.012221711762424172,
      "median": 0.20725427772,
      "user": 0.15772496,
      "system": 0.12928600000000004,
      "min": 0.19679133022,
      "max": 0.23428970522,
      "times": [
        0.23428970522,
        0.19711626322,
        0.21099871022,
        0.21770603322,
        0.20120670122,
        0.22574917422000002,
        0.19679133022,
        0.21977113822,
        0.20350984522,
        0.20292565922
      ],
      "exit_codes": [
        0,
        0,
        0,
        0,
        0,
        0,
        0,
        0,
        0,
        0
      ]
    }
  ]
}