{
  "results": [
    {
      "command": "npm",
      "mean": 5.78927723028,
      "stddev": 0.03904715701999513,
      "median": 5.79554500698,
      "user": 5.88853142,
      "system": 2.7514519199999996,
      "min": 5.72089294998,
      "max": 5.83844032898,
      "times": [
        5.83844032898,
        5.76789589598,
        5.73328194998,
        5.82681836798,
        5.77147341298,
        5.72089294998,
        5.77762553198,
        5.81670652098,
        5.82617286198,
        5.8134644819800005
      ],
      "exit_codes": [
        0,
        0,
        0,
        0,
        0,
        0,
        0,
        0,
        0,
        0
      ]
    },
    {
      "command": "snpm",
      "mean": 0.9563573959800001,
      "stddev": 0.054125518967710416,
      "median": 0.9587543444800001,
      "user": 0.10970712,
      "system": 0.6846591199999998,
      "min": 0.8638901859800001,
      "max": 1.08347314998,
      "times": [
        0.8638901859800001,
        1.08347314998,
        0.9542713729800001,
        0.9632373159800001,
        0.9146791719800001,
        0.9680110439800002,
        0.9353196489800001,
        0.9632540169800001,
        0.9258461899800001,
        0.9915918629800001
      ],
      "exit_codes": [
        0,
        0,
        0,
        0,
        0,
        0,
        0,
        0,
        0,
        0
      ]
    },
    {
      "command": "yarn",
      "mean": 14.240594243580002,
      "stddev": 0.900223408560945,
      "median": 13.93194723198,
      "user": 14.614593019999997,
      "system": 7.5804676199999985,
      "min": 13.50321306398,
      "max": 16.08251374198,
      "times": [
        16.08251374198,
        13.81139556598,
        14.13690671198,
        13.55925043098,
        13.50321306398,
        13.67881083698,
        15.88486221498,
        13.578098582980001,
        14.05249889798,
        14.11839238798
      ],
      "exit_codes": [
        0,
        0,
        0,
        0,
        0,
        0,
        0,
        0,
        0,
        0
      ]
    },
    {
      "command": "berry",
      "mean": 7.4198660085800014,
      "stddev": 0.15664803962325574,
      "median": 7.37504573048,
      "user": 9.191705119999998,
      "system": 3.2055114199999992,
      "min": 7.28594741298,
      "max": 7.84858832698,
      "times": [
        7.3361842499800005,
        7.32205479298,
        7.44824864398,
        7.29407674498,
        7.49981125398,
        7.84858832698,
        7.28594741298,
        7.37634514398,
        7.37374631698,
        7.41365719898
      ],
      "exit_codes": [
        0,
        0,
        0,
        0,
        0,
        0,
        0,
        0,
        0,
        0
      ]
    },
    {
      "command": "pnpm",
      "mean": 4.04287904958,
      "stddev": 0.040838638442402896,
      "median": 4.05432415298,
      "user": 3.8126765199999992,
      "system": 1.56575802,
      "min": 3.97269171898,
      "max": 4.09907863098,
      "times": [
        4.08325818698,
        3.97269171898,
        4.0294049449800005,
        4.0598080019800005,
        4.04884030398,
        4.09907863098,
        3.99321606298,
        4.07987856598,
        4.0656285929800005,
        3.9969854859800003
      ],
      "exit_codes": [
        0,
        0,
        0,
        0,
        0,
        0,
        0,
        0,
        0,
        0
      ]
    },
    {
      "command": "vlt",
      "mean": 4.42792836678,
      "stddev": 0.0591797670054896,
      "median": 4.41991644248,
      "user": 4.11833402,
      "system": 2.154604419999999,
      "min": 4.31468765198,
      "max": 4.52961139598,
      "times": [
        4.37821499298,
        4.52961139598,
        4.38709040198,
        4.41925318398,
        4.47664607798,
        4.40406601598,
        4.48677276498,
        4.46236148098,
        4.42057970098,
        4.31468765198
      ],
      "exit_codes": [
        0,
        0,
        0,
        0,
        0,
        0,
        0,
        0,
        0,
        0
      ]
    },
    {
      "command": "bun",
      "mean": 0.9710645446800001,
      "stddev": 0.034343177461472335,
      "median": 0.9601487504800001,
      "user": 0.66509782,
      "system": 1.08689632,
      "min": 0.9458267469800001,
      "max": 1.06698789398,
      "times": [
        0.9458267469800001,
        0.9612851669800001,
        0.9635774669800001,
        1.06698789398,
        0.9580851099800001,
        0.9517508499800001,
        0.9487162709800001,
        0.9590123339800001,
        0.9939855129800002,
        0.9614180939800001
      ],
      "exit_codes": [
        0,
        0,
        0,
        0,
        0,
        0,
        0,
        0,
        0,
        0
      ]
    },
    {
      "command": "deno",
      "mean": 4.001525218079999,
      "stddev": 0.17645671443374084,
      "median": 4.03763478348,
      "user": 2.7615906199999998,
      "system": 1.85936002,
      "min": 3.7405712069800003,
      "max": 4.26188349498,
      "times": [
        4.26188349498,
        4.14597634198,
        3.96949186098,
        4.13806187198,
        4.1057777059800005,
        3.83871297498,
        4.17299899298,
        3.78272393298,
        3.85905379698,
        3.7405712069800003
      ],
      "exit_codes": [
        0,
        0,
        0,
        0,
        0,
        0,
        0,
        0,
        0,
        0
      ]
    }
  ]
}