{
  "results": [
    {
      "command": "npm",
      "mean": 3.75958205456,
      "stddev": 0.19461949435314002,
      "median": 3.76086382126,
      "user": 1.3011982,
      "system": 0.23723155999999998,
      "min": 3.4482940537599998,
      "max": 4.08350120176,
      "times": [
        3.93491146576,
        3.4482940537599998,
        3.98935615176,
        3.65643943376,
        4.08350120176,
        3.53852913376,
        3.78489397076,
        3.73683367176,
        3.59293842776,
        3.8301230347599997
      ],
      "exit_codes": [
        0,
        0,
        0,
        0,
        0,
        0,
        0,
        0,
        0,
        0
      ]
    },
    {
      "command": "snpm",
      "mean": 0.5748620797600001,
      "stddev": 0.0033128349187095045,
      "median": 0.5753425942600001,
      "user": 0.381507,
      "system": 0.20304506,
      "min": 0.5698252637600001,
      "max": 0.5799584037600001,
      "times": [
        0.5778537977600001,
        0.5787583577600001,
        0.5799584037600001,
        0.5754334527600001,
        0.5714149537600001,
        0.57121546176,
        0.5698252637600001,
        0.5752517357600001,
        0.5764899517600001,
        0.5724194187600001
      ],
      "exit_codes": [
        0,
        0,
        0,
        0,
        0,
        0,
        0,
        0,
        0,
        0
      ]
    },
    {
      "command": "yarn",
      "mean": 16.91042084956,
      "stddev": 0.28244819369081386,
      "median": 16.84564296026,
      "user": 17.667813399999996,
      "system": 8.593126559999998,
      "min": 16.494574883760002,
      "max": 17.40422633776,
      "times": [
        17.206671284760002,
        16.69918353276,
        16.58688915376,
        17.40422633776,
        16.90834439676,
        16.76685256276,
        17.20798459876,
        17.04654022076,
        16.78294152376,
        16.494574883760002
      ],
      "exit_codes": [
        0,
        0,
        0,
        0,
        0,
        0,
        0,
        0,
        0,
        0
      ]
    },
    {
      "command": "berry",
      "mean": 5.019205007759999,
      "stddev": 0.12801233033160522,
      "median": 4.97209569676,
      "user": 9.358446999999998,
      "system": 2.13420366,
      "min": 4.91523661776,
      "max": 5.339754968759999,
      "times": [
        5.339754968759999,
        4.94510803776,
        4.91523661776,
        4.9173951657599995,
        5.11285489276,
        4.91688958276,
        4.98401088776,
        5.11660853076,
        4.96705264376,
        4.97713874976
      ],
      "exit_codes": [
        0,
        0,
        0,
        0,
        0,
        0,
        0,
        0,
        0,
        0
      ]
    },
    {
      "command": "pnpm",
      "mean": 2.5749903581599995,
      "stddev": 0.06778594282783315,
      "median": 2.55601886226,
      "user": 4.026547,
      "system": 1.3696209599999998,
      "min": 2.49493092776,
      "max": 2.73139169776,
      "times": [
        2.5872498337599996,
        2.55582642576,
        2.62890055376,
        2.6240985057599997,
        2.54930604676,
        2.51544449976,
        2.49493092776,
        2.73139169776,
        2.55621129876,
        2.50654379176
      ],
      "exit_codes": [
        0,
        0,
        0,
        0,
        0,
        0,
        0,
        0,
        0,
        0
      ]
    },
    {
      "command": "vlt",
      "mean": 0.3495145391600001,
      "stddev": 0.0038248023594461282,
      "median": 0.34854357126,
      "user": 0.37176780000000004,
      "system": 0.07807156,
      "min": 0.34476703876000003,
      "max": 0.35641455776000003,
      "times": [
        0.34638768076000004,
        0.34568016976,
        0.34627935876,
        0.35149538176,
        0.34743247076,
        0.35641455776000003,
        0.34965467176000004,
        0.35285452476,
        0.35417953676,
        0.34476703876000003
      ],
      "exit_codes": [
        0,
        0,
        0,
        0,
        0,
        0,
        0,
        0,
        0,
        0
      ]
    },
    {
      "command": "bun",
      "mean": 1.37849564386,
      "stddev": 0.4789318156374123,
      "median": 1.20388425876,
      "user": 1.8690219999999997,
      "system": 1.44088216,
      "min": 1.10339800376,
      "max": 2.78578005976,
      "times": [
        1.17254843576,
        1.17189821576,
        1.12138434476,
        1.10339800376,
        1.4378579957600002,
        1.23522008176,
        1.15844913676,
        1.32548830676,
        2.78578005976,
        1.27293185776
      ],
      "exit_codes": [
        0,
        0,
        0,
        0,
        0,
        0,
        0,
        0,
        0,
        0
      ]
    },
    {
      "command": "deno",
      "mean": 11.75457344576,
      "stddev": 0.45326920793599057,
      "median": 11.82478910826,
      "user": 3.0804974999999994,
      "system": 0.8809172600000001,
      "min": 10.61849247676,
      "max": 12.50929538876,
      "times": [
        12.50929538876,
        12.06302410776,
        11.90981826276,
        11.581288132760001,
        11.614401287760002,
        11.725971259760001,
        11.81035554276,
        11.87386532476,
        10.61849247676,
        11.83922267376
      ],
      "exit_codes": [
        0,
        0,
        0,
        0,
        0,
        0,
        0,
        0,
        0,
        0
      ]
    }
  ]
}