{
  "results": [
    {
      "command": "npm",
      "mean": 2.9543757638000003,
      "stddev": 0.06158705869971525,
      "median": 2.9580338196,
      "user": 1.2845575399999998,
      "system": 0.23780704,
      "min": 2.8044348021,
      "max": 3.0324327441,
      "times": [
        2.9621053481,
        3.0324327441,
        2.9428767831,
        2.9539622911,
        2.8044348021,
        2.9326695941,
        3.0225898281,
        2.9624156771,
        3.0083894101,
        2.9218811601
      ],
      "exit_codes": [
        0,
        0,
        0,
        0,
        0,
        0,
        0,
        0,
        0,
        0
      ]
    },
    {
      "command": "snpm",
      "mean": 0.5726596311000001,
      "stddev": 0.008090356885959422,
      "median": 0.5714377111,
      "user": 0.33898303999999996,
      "system": 0.24174113999999997,
      "min": 0.5605082161,
      "max": 0.5915622061000001,
      "times": [
        0.5689269431,
        0.5760216301000001,
        0.5658744431,
        0.5605082161,
        0.5763072921000001,
        0.5915622061000001,
        0.5739484791,
        0.5678837301,
        0.5772813611000001,
        0.5682820101
      ],
      "exit_codes": [
        0,
        0,
        0,
        0,
        0,
        0,
        0,
        0,
        0,
        0
      ]
    },
    {
      "command": "yarn",
      "mean": 15.552252585100002,
      "stddev": 0.1910745677761779,
      "median": 15.5085367791,
      "user": 17.65375804,
      "system": 8.60374244,
      "min": 15.2094557441,
      "max": 15.9741610231,
      "times": [
        15.6424017401,
        15.9741610231,
        15.4253929281,
        15.4614743711,
        15.475026274100001,
        15.4840990391,
        15.5329745191,
        15.2094557441,
        15.617266154100001,
        15.7002740581
      ],
      "exit_codes": [
        0,
        0,
        0,
        0,
        0,
        0,
        0,
        0,
        0,
        0
      ]
    },
    {
      "command": "berry",
      "mean": 4.8707926599,
      "stddev": 0.06187176349849088,
      "median": 4.8686883851000005,
      "user": 9.375302639999997,
      "system": 2.11529614,
      "min": 4.7813994491,
      "max": 4.9736785751,
      "times": [
        4.9736785751,
        4.8963397391,
        4.9200854281,
        4.9015375991,
        4.841037031100001,
        4.9424253451,
        4.8381994691,
        4.793204187100001,
        4.7813994491,
        4.8200197761000005
      ],
      "exit_codes": [
        0,
        0,
        0,
        0,
        0,
        0,
        0,
        0,
        0,
        0
      ]
    },
    {
      "command": "pnpm",
      "mean": 2.3013027094,
      "stddev": 0.03012791065294882,
      "median": 2.2961600975999996,
      "user": 4.049372139999999,
      "system": 1.3484946399999997,
      "min": 2.2500642071,
      "max": 2.3428195321,
      "times": [
        2.3428195321,
        2.3129484911,
        2.2933053010999997,
        2.2500642071,
        2.2760414701,
        2.2688452871,
        2.2969523770999998,
        2.2953678181,
        2.3427469040999997,
        2.3339357061
      ],
      "exit_codes": [
        0,
        0,
        0,
        0,
        0,
        0,
        0,
        0,
        0,
        0
      ]
    },
    {
      "command": "vlt",
      "mean": 0.3602726240000001,
      "stddev": 0.008605694274470641,
      "median": 0.36007977860000007,
      "user": 0.39407714,
      "system": 0.07805674,
      "min": 0.34747549010000006,
      "max": 0.37092409010000005,
      "times": [
        0.35399726310000007,
        0.36892450410000005,
        0.37092409010000005,
        0.34747549010000006,
        0.36756554310000006,
        0.35581867810000006,
        0.36434087910000007,
        0.34964817110000007,
        0.35363151610000004,
        0.37040010510000004
      ],
      "exit_codes": [
        0,
        0,
        0,
        0,
        0,
        0,
        0,
        0,
        0,
        0
      ]
    },
    {
      "command": "bun",
      "mean": 1.0509001806999998,
      "stddev": 0.0440134948383544,
      "median": 1.0408223026,
      "user": 1.89649944,
      "system": 1.44126784,
      "min": 0.9990114571,
      "max": 1.1348901501,
      "times": [
        1.0053053181,
        1.0492502201,
        1.0488325190999999,
        1.1306245290999999,
        1.0344078011,
        1.0291009131,
        1.1348901501,
        0.9990114571,
        1.0472368041,
        1.0303420951
      ],
      "exit_codes": [
        0,
        0,
        0,
        0,
        0,
        0,
        0,
        0,
        0,
        0
      ]
    },
    {
      "command": "deno",
      "mean": 9.260085654300001,
      "stddev": 0.5705872749516793,
      "median": 9.2720410646,
      "user": 3.1701559399999995,
      "system": 0.8642155399999998,
      "min": 8.3039065391,
      "max": 10.3311634771,
      "times": [
        9.0877910931,
        9.0999533821,
        8.772509469100001,
        8.6396766761,
        8.3039065391,
        9.763283171100001,
        9.4441287471,
        10.3311634771,
        9.6920736131,
        9.4663703751
      ],
      "exit_codes": [
        0,
        0,
        0,
        0,
        0,
        0,
        0,
        0,
        0,
        0
      ]
    }
  ]
}