{
  "results": [
    {
      "command": "npm",
      "mean": 3.22450741766,
      "stddev": 0.19314310020535633,
      "median": 3.21736662996,
      "user": 1.35444798,
      "system": 0.25466407999999996,
      "min": 2.96236981846,
      "max": 3.60186300646,
      "times": [
        3.1622124704599996,
        3.25021775946,
        3.0195820144599996,
        3.50906161746,
        3.04644008346,
        2.96236981846,
        3.60186300646,
        3.19043939146,
        3.24429386846,
        3.2585941464599997
      ],
      "exit_codes": [
        0,
        0,
        0,
        0,
        0,
        0,
        0,
        0,
        0,
        0
      ]
    },
    {
      "command": "snpm",
      "mean": 0.6051859637600001,
      "stddev": 0.015579761633483008,
      "median": 0.60473441246,
      "user": 0.40399248000000004,
      "system": 0.21069507999999998,
      "min": 0.5862829104600001,
      "max": 0.6409572724600001,
      "times": [
        0.6051676784600001,
        0.6409572724600001,
        0.59469189446,
        0.5896253764600001,
        0.6159605924600001,
        0.5915056664600001,
        0.6166663584600001,
        0.6067007414600001,
        0.6043011464600001,
        0.5862829104600001
      ],
      "exit_codes": [
        0,
        0,
        0,
        0,
        0,
        0,
        0,
        0,
        0,
        0
      ]
    },
    {
      "command": "yarn",
      "mean": 16.44872118886,
      "stddev": 0.1969336482123363,
      "median": 16.44401536996,
      "user": 17.79906018,
      "system": 8.63647458,
      "min": 16.15112815646,
      "max": 16.80282445746,
      "times": [
        16.57697744946,
        16.53109842346,
        16.397854837460002,
        16.30101044246,
        16.17131151346,
        16.47230697746,
        16.80282445746,
        16.66697586846,
        16.15112815646,
        16.41572376246
      ],
      "exit_codes": [
        0,
        0,
        0,
        0,
        0,
        0,
        0,
        0,
        0,
        0
      ]
    },
    {
      "command": "berry",
      "mean": 4.911689471859999,
      "stddev": 0.090043757357291,
      "median": 4.87006905396,
      "user": 9.417909980000001,
      "system": 2.1581500799999995,
      "min": 4.80931468646,
      "max": 5.04996316946,
      "times": [
        4.98897005546,
        4.84351718846,
        4.80931468646,
        4.83551664246,
        5.03900389746,
        4.84021442946,
        5.04996316946,
        4.89662091946,
        4.98894076646,
        4.82483296346
      ],
      "exit_codes": [
        0,
        0,
        0,
        0,
        0,
        0,
        0,
        0,
        0,
        0
      ]
    },
    {
      "command": "pnpm",
      "mean": 2.3493810617599995,
      "stddev": 0.0657081634898303,
      "median": 2.3350466809599997,
      "user": 4.10796288,
      "system": 1.3546874799999997,
      "min": 2.2672152834599997,
      "max": 2.4822308514599998,
      "times": [
        2.3548262904599997,
        2.2672152834599997,
        2.28485057646,
        2.4476145254599997,
        2.34779489546,
        2.32229846646,
        2.2974566464599997,
        2.31777181546,
        2.4822308514599998,
        2.37175126646
      ],
      "exit_codes": [
        0,
        0,
        0,
        0,
        0,
        0,
        0,
        0,
        0,
        0
      ]
    },
    {
      "command": "vlt",
      "mean": 0.35831320716000004,
      "stddev": 0.012720000142699299,
      "median": 0.36257032896,
      "user": 0.38436958000000004,
      "system": 0.07885048000000001,
      "min": 0.33883119246000004,
      "max": 0.37237282046000003,
      "times": [
        0.33883119246000004,
        0.34020230046,
        0.37233685546,
        0.37237282046000003,
        0.36001442146,
        0.34329156646000003,
        0.37083398546,
        0.36631641246,
        0.36512623646000003,
        0.35380628046
      ],
      "exit_codes": [
        0,
        0,
        0,
        0,
        0,
        0,
        0,
        0,
        0,
        0
      ]
    },
    {
      "command": "bun",
      "mean": 1.12982382666,
      "stddev": 0.0532005670256042,
      "median": 1.1278873159600002,
      "user": 1.8854864800000002,
      "system": 1.46827858,
      "min": 1.04561889746,
      "max": 1.20623944146,
      "times": [
        1.1215182564600001,
        1.19759523146,
        1.04561889746,
        1.09751549346,
        1.20623944146,
        1.05700972846,
        1.09758955446,
        1.1686819884600002,
        1.17221329946,
        1.1342563754600001
      ],
      "exit_codes": [
        0,
        0,
        0,
        0,
        0,
        0,
        0,
        0,
        0,
        0
      ]
    },
    {
      "command": "deno",
      "mean": 10.01158644466,
      "stddev": 0.6840263888370656,
      "median": 10.22212379546,
      "user": 3.117831679999999,
      "system": 0.88541928,
      "min": 8.75078585846,
      "max": 11.04348927646,
      "times": [
        10.322117886460001,
        8.75078585846,
        10.65378145046,
        10.39519090846,
        9.54331435946,
        8.987516667460001,
        9.975420448460001,
        10.14957980346,
        11.04348927646,
        10.29466778746
      ],
      "exit_codes": [
        0,
        0,
        0,
        0,
        0,
        0,
        0,
        0,
        0,
        0
      ]
    }
  ]
}