{
  "results": [
    {
      "command": "npm",
      "mean": 3.66943085818,
      "stddev": 0.1545178860537538,
      "median": 3.6249860941799996,
      "user": 1.32446068,
      "system": 0.24275547999999997,
      "min": 3.46962788468,
      "max": 4.02244718868,
      "times": [
        3.55796323468,
        3.53508093768,
        3.82651701968,
        3.7407834806799998,
        4.02244718868,
        3.46962788468,
        3.70371026968,
        3.5882063776799997,
        3.5914402016799998,
        3.65853198668
      ],
      "exit_codes": [
        0,
        0,
        0,
        0,
        0,
        0,
        0,
        0,
        0,
        0
      ]
    },
    {
      "command": "snpm",
      "mean": 0.57874882538,
      "stddev": 0.0042997425227347145,
      "median": 0.57933874718,
      "user": 0.38514678,
      "system": 0.20307328,
      "min": 0.5699220836800001,
      "max": 0.58466883268,
      "times": [
        0.58257939368,
        0.58037811368,
        0.58466883268,
        0.58313054068,
        0.57955466968,
        0.57388466268,
        0.57544123668,
        0.57912282468,
        0.5699220836800001,
        0.5788058956800001
      ],
      "exit_codes": [
        0,
        0,
        0,
        0,
        0,
        0,
        0,
        0,
        0,
        0
      ]
    },
    {
      "command": "yarn",
      "mean": 17.20284093218,
      "stddev": 0.15179643933712608,
      "median": 17.240273373679997,
      "user": 17.72559698,
      "system": 8.66539388,
      "min": 16.90288432668,
      "max": 17.39520037068,
      "times": [
        17.32994752668,
        17.04331070568,
        17.24613139968,
        16.90288432668,
        17.22117877268,
        17.28252136968,
        17.23441534768,
        17.34725636668,
        17.02556313568,
        17.39520037068
      ],
      "exit_codes": [
        0,
        0,
        0,
        0,
        0,
        0,
        0,
        0,
        0,
        0
      ]
    },
    {
      "command": "berry",
      "mean": 5.02474640918,
      "stddev": 0.04489656833154653,
      "median": 5.02834748818,
      "user": 9.35477288,
      "system": 2.1485220800000002,
      "min": 4.95081405768,
      "max": 5.08344391568,
      "times": [
        5.08344391568,
        5.0511465936799995,
        5.01453792768,
        4.96244420068,
        5.07464471468,
        5.00274163568,
        4.99303640868,
        5.04215704868,
        5.07249758868,
        4.95081405768
      ],
      "exit_codes": [
        0,
        0,
        0,
        0,
        0,
        0,
        0,
        0,
        0,
        0
      ]
    },
    {
      "command": "pnpm",
      "mean": 2.74093311838,
      "stddev": 0.039140665065264514,
      "median": 2.73287568768,
      "user": 4.009865979999999,
      "system": 1.3412801799999996,
      "min": 2.68794117968,
      "max": 2.82394036468,
      "times": [
        2.7201597996799998,
        2.72234008968,
        2.7434112856799997,
        2.68794117968,
        2.77624783068,
        2.82394036468,
        2.75350075468,
        2.76837266768,
        2.69371711768,
        2.71970009368
      ],
      "exit_codes": [
        0,
        0,
        0,
        0,
        0,
        0,
        0,
        0,
        0,
        0
      ]
    },
    {
      "command": "vlt",
      "mean": 0.34589467088000003,
      "stddev": 0.002519446235640587,
      "median": 0.34562764668,
      "user": 0.36530228000000003,
      "system": 0.07880968,
      "min": 0.34285261068,
      "max": 0.35073522468,
      "times": [
        0.35073522468,
        0.34411917868,
        0.34977475568,
        0.34654645168000003,
        0.34502195868,
        0.34407464868000004,
        0.34285261068,
        0.34312870968000003,
        0.34623333468,
        0.34645983568
      ],
      "exit_codes": [
        0,
        0,
        0,
        0,
        0,
        0,
        0,
        0,
        0,
        0
      ]
    },
    {
      "command": "bun",
      "mean": 1.24525133538,
      "stddev": 0.043147107793170346,
      "median": 1.2481783286800001,
      "user": 1.88462738,
      "system": 1.46074448,
      "min": 1.15844695268,
      "max": 1.3079333236800001,
      "times": [
        1.21483696668,
        1.28861679268,
        1.15844695268,
        1.3079333236800001,
        1.2723838256800002,
        1.21114229168,
        1.2173630936800002,
        1.2854334496800002,
        1.2438188516800002,
        1.25253780568
      ],
      "exit_codes": [
        0,
        0,
        0,
        0,
        0,
        0,
        0,
        0,
        0,
        0
      ]
    },
    {
      "command": "deno",
      "mean": 11.468409483780002,
      "stddev": 0.7399484092196061,
      "median": 11.130546948180001,
      "user": 3.17860428,
      "system": 0.86482028,
      "min": 10.76246981768,
      "max": 13.15631243368,
      "times": [
        11.44018496968,
        11.05838610768,
        10.76246981768,
        11.01394155068,
        11.10739609168,
        11.15369780468,
        13.15631243368,
        12.61156269868,
        11.365136185679999,
        11.01500717768
      ],
      "exit_codes": [
        0,
        0,
        0,
        0,
        0,
        0,
        0,
        0,
        0,
        0
      ]
    }
  ]
}