{
  "results": [
    {
      "command": "npm",
      "mean": 3.5630730746799997,
      "stddev": 0.23297313330427888,
      "median": 3.51242852698,
      "user": 1.31801098,
      "system": 0.18016004,
      "min": 3.34371250648,
      "max": 4.172310652479999,
      "times": [
        3.55490862648,
        3.49629224748,
        3.58082916248,
        3.39633650848,
        3.3599627904800005,
        3.34371250648,
        3.75026708148,
        4.172310652479999,
        3.5285648064800004,
        3.4475463644800004
      ],
      "exit_codes": [
        0,
        0,
        0,
        0,
        0,
        0,
        0,
        0,
        0,
        0
      ]
    },
    {
      "command": "snpm",
      "mean": 0.50904447038,
      "stddev": 0.008397350937725638,
      "median": 0.5068535509800001,
      "user": 0.38800187999999997,
      "system": 0.13074294,
      "min": 0.49959756048000004,
      "max": 0.52961533448,
      "times": [
        0.51925122148,
        0.52961533448,
        0.50792091648,
        0.50240792348,
        0.50755247348,
        0.50669780548,
        0.50613726248,
        0.50425490948,
        0.50700929648,
        0.49959756048000004
      ],
      "exit_codes": [
        0,
        0,
        0,
        0,
        0,
        0,
        0,
        0,
        0,
        0
      ]
    },
    {
      "command": "yarn",
      "mean": 16.20757753778,
      "stddev": 0.3266177604246753,
      "median": 16.151912877979996,
      "user": 17.753242179999997,
      "system": 5.58950054,
      "min": 15.77608448448,
      "max": 16.88014561748,
      "times": [
        15.91874945848,
        15.93218295348,
        15.77608448448,
        15.99799423648,
        16.303598861479998,
        16.004228343479998,
        16.57063788648,
        16.299597412479997,
        16.39255612348,
        16.88014561748
      ],
      "exit_codes": [
        0,
        0,
        0,
        0,
        0,
        0,
        0,
        0,
        0,
        0
      ]
    },
    {
      "command": "berry",
      "mean": 5.00863321768,
      "stddev": 0.06389442811750412,
      "median": 5.0074041214800005,
      "user": 9.83836258,
      "system": 1.6876365399999997,
      "min": 4.91547748048,
      "max": 5.131658455479999,
      "times": [
        5.01779663748,
        5.00172954748,
        4.99895864548,
        5.09431309648,
        5.131658455479999,
        4.91547748048,
        5.01307869548,
        5.01696836248,
        4.91619099248,
        4.98016026348
      ],
      "exit_codes": [
        0,
        0,
        0,
        0,
        0,
        0,
        0,
        0,
        0,
        0
      ]
    },
    {
      "command": "pnpm",
      "mean": 2.56674916148,
      "stddev": 0.052593221653645994,
      "median": 2.5563143439800005,
      "user": 3.96260828,
      "system": 0.8316668399999999,
      "min": 2.4840294424800002,
      "max": 2.6624553304800003,
      "times": [
        2.5419550224800003,
        2.6518496124800004,
        2.56813987748,
        2.5543655744800002,
        2.52158327748,
        2.5582631134800002,
        2.6624553304800003,
        2.5350686484800002,
        2.5897817154800005,
        2.4840294424800002
      ],
      "exit_codes": [
        0,
        0,
        0,
        0,
        0,
        0,
        0,
        0,
        0,
        0
      ]
    },
    {
      "command": "vlt",
      "mean": 0.32886117507999996,
      "stddev": 0.007122020811542172,
      "median": 0.32588760098,
      "user": 0.36786848,
      "system": 0.06283314,
      "min": 0.32300072248,
      "max": 0.34570868548,
      "times": [
        0.32411591948,
        0.32552335748,
        0.32363215248,
        0.32625184448,
        0.33311810348,
        0.32300072248,
        0.32370601348,
        0.34570868548,
        0.33723328848,
        0.32632166348
      ],
      "exit_codes": [
        0,
        0,
        0,
        0,
        0,
        0,
        0,
        0,
        0,
        0
      ]
    },
    {
      "command": "bun",
      "mean": 1.1660187412799998,
      "stddev": 0.03858209213731848,
      "median": 1.1545685739799998,
      "user": 1.9511909800000002,
      "system": 0.9734153399999999,
      "min": 1.11958572348,
      "max": 1.22252401348,
      "times": [
        1.13362941948,
        1.12194501748,
        1.21778761248,
        1.18172137348,
        1.22252401348,
        1.13839993048,
        1.16321690848,
        1.1459202394799999,
        1.11958572348,
        1.21545717448
      ],
      "exit_codes": [
        0,
        0,
        0,
        0,
        0,
        0,
        0,
        0,
        0,
        0
      ]
    },
    {
      "command": "deno",
      "mean": 11.06008114568,
      "stddev": 0.707215489861144,
      "median": 10.85040886198,
      "user": 3.2175288800000006,
      "system": 0.6117713399999999,
      "min": 10.36931501548,
      "max": 12.75378422348,
      "times": [
        11.97326878448,
        10.74397810648,
        10.631930334480002,
        10.990107420480001,
        10.490725259480001,
        12.75378422348,
        10.61441913548,
        10.36931501548,
        10.95683961748,
        11.076443559480001
      ],
      "exit_codes": [
        0,
        0,
        0,
        0,
        0,
        0,
        0,
        0,
        0,
        0
      ]
    }
  ]
}