{
  "results": [
    {
      "command": "npm",
      "mean": 9.12347603774,
      "stddev": 0.026689902237262853,
      "median": 9.12500150844,
      "user": 11.480202239999999,
      "system": 3.28994684,
      "min": 9.09431302144,
      "max": 9.186476646440001,
      "times": [
        9.09431302144,
        9.10057000844,
        9.09713251244,
        9.12485540144,
        9.13421036744,
        9.140411437440001,
        9.186476646440001,
        9.13257540544,
        9.12514761544,
        9.09906796144
      ],
      "exit_codes": [
        0,
        0,
        0,
        0,
        0,
        0,
        0,
        0,
        0,
        0
      ]
    },
    {
      "command": "snpm",
      "mean": 0.6006152310400001,
      "stddev": 0.013578235610288517,
      "median": 0.5952975059400001,
      "user": 0.38357943999999994,
      "system": 0.22701973999999997,
      "min": 0.5834544634400001,
      "max": 0.6272142944400001,
      "times": [
        0.59294371544,
        0.59765129644,
        0.5928376634400001,
        0.6061890404400001,
        0.61579624444,
        0.6128672994400001,
        0.6272142944400001,
        0.5860360614400001,
        0.59116223144,
        0.5834544634400001
      ],
      "exit_codes": [
        0,
        0,
        0,
        0,
        0,
        0,
        0,
        0,
        0,
        0
      ]
    },
    {
      "command": "yarn",
      "mean": 8.829428182240001,
      "stddev": 0.4927520942502313,
      "median": 8.64294877144,
      "user": 4.81678524,
      "system": 3.25786954,
      "min": 8.175674131440001,
      "max": 9.73278927144,
      "times": [
        9.73278927144,
        8.61688468144,
        8.41597784744,
        8.66901286144,
        8.81354884244,
        9.60105375144,
        8.53272672244,
        9.22609773244,
        8.510515980440001,
        8.175674131440001
      ],
      "exit_codes": [
        0,
        0,
        0,
        0,
        0,
        0,
        0,
        0,
        0,
        0
      ]
    },
    {
      "command": "berry",
      "mean": 4.31450335654,
      "stddev": 0.0717700294448669,
      "median": 4.3040014409400005,
      "user": 6.054402139999999,
      "system": 1.7261942399999999,
      "min": 4.224497174440001,
      "max": 4.478193082440001,
      "times": [
        4.478193082440001,
        4.3431160364400005,
        4.23948586544,
        4.224497174440001,
        4.364202032440001,
        4.29102762744,
        4.31697525444,
        4.35882672144,
        4.27290313544,
        4.25580663544
      ],
      "exit_codes": [
        0,
        0,
        0,
        0,
        0,
        0,
        0,
        0,
        0,
        0
      ]
    },
    {
      "command": "pnpm",
      "mean": 3.37530472574,
      "stddev": 0.15136254894057866,
      "median": 3.3243321949399998,
      "user": 4.36008994,
      "system": 1.36829454,
      "min": 3.2150530374399997,
      "max": 3.78593079844,
      "times": [
        3.3252124724399996,
        3.32345191744,
        3.3000913604399997,
        3.33521066844,
        3.3164760584399997,
        3.27405772344,
        3.4217682574399997,
        3.45579496344,
        3.78593079844,
        3.2150530374399997
      ],
      "exit_codes": [
        0,
        0,
        0,
        0,
        0,
        0,
        0,
        0,
        0,
        0
      ]
    },
    {
      "command": "vlt",
      "mean": 2.08216270934,
      "stddev": 0.010943011860043437,
      "median": 2.08200502494,
      "user": 2.4919165400000005,
      "system": 1.7054165399999999,
      "min": 2.06663112044,
      "max": 2.10341795544,
      "times": [
        2.06663112044,
        2.0938289754399997,
        2.0888442804399996,
        2.07210094044,
        2.08043444044,
        2.08357560944,
        2.07353058444,
        2.0876995894399997,
        2.07156359744,
        2.10341795544
      ],
      "exit_codes": [
        0,
        0,
        0,
        0,
        0,
        0,
        0,
        0,
        0,
        0
      ]
    },
    {
      "command": "bun",
      "mean": 0.30285770564000003,
      "stddev": 0.0026034052566893096,
      "median": 0.30369473844000006,
      "user": 0.13834574,
      "system": 0.27128104000000003,
      "min": 0.29692427744000005,
      "max": 0.30663433344,
      "times": [
        0.30421689744,
        0.30488810844,
        0.30226910444000005,
        0.30663433344,
        0.30135790344,
        0.30354466444000006,
        0.30384481244000006,
        0.30444368144000006,
        0.30045327344000006,
        0.29692427744000005
      ],
      "exit_codes": [
        0,
        0,
        0,
        0,
        0,
        0,
        0,
        0,
        0,
        0
      ]
    },
    {
      "command": "deno",
      "mean": 1.13739611024,
      "stddev": 0.018584900587015046,
      "median": 1.1364467709400001,
      "user": 1.1546043400000001,
      "system": 0.69798684,
      "min": 1.10635685044,
      "max": 1.1720280864400001,
      "times": [
        1.12651778044,
        1.15658235144,
        1.10635685044,
        1.13310017144,
        1.11413012544,
        1.13257428344,
        1.14131953244,
        1.1720280864400001,
        1.15155855044,
        1.13979337044
      ],
      "exit_codes": [
        0,
        0,
        0,
        0,
        0,
        0,
        0,
        0,
        0,
        0
      ]
    }
  ]
}