{
  "results": [
    {
      "command": "npm",
      "mean": 9.086166686159999,
      "stddev": 0.026448156966139988,
      "median": 9.084765874359999,
      "user": 11.392707420000002,
      "system": 3.30981004,
      "min": 9.04780735736,
      "max": 9.13050223936,
      "times": [
        9.09075359936,
        9.096210061359999,
        9.055733052359999,
        9.13050223936,
        9.04780735736,
        9.06888543136,
        9.07877814936,
        9.11029703236,
        9.063776279359999,
        9.11892365936
      ],
      "exit_codes": [
        0,
        0,
        0,
        0,
        0,
        0,
        0,
        0,
        0,
        0
      ]
    },
    {
      "command": "snpm",
      "mean": 0.60609690976,
      "stddev": 0.007602302084111303,
      "median": 0.6035938213600001,
      "user": 0.38999582,
      "system": 0.22624953999999997,
      "min": 0.59885776336,
      "max": 0.62082167636,
      "times": [
        0.59885776336,
        0.59948895636,
        0.60415884036,
        0.60392082636,
        0.60712342236,
        0.60326681636,
        0.62082167636,
        0.6031249293600001,
        0.59993983336,
        0.62026603336
      ],
      "exit_codes": [
        0,
        0,
        0,
        0,
        0,
        0,
        0,
        0,
        0,
        0
      ]
    },
    {
      "command": "yarn",
      "mean": 8.66285937276,
      "stddev": 0.48729692383952644,
      "median": 8.55094551536,
      "user": 4.73307242,
      "system": 3.46805824,
      "min": 8.24855202336,
      "max": 9.97404767136,
      "times": [
        8.27535247036,
        8.78681399636,
        8.24855202336,
        8.71479499636,
        8.30077524536,
        8.84176445336,
        8.39298142436,
        8.38460184036,
        9.97404767136,
        8.70890960636
      ],
      "exit_codes": [
        0,
        0,
        0,
        0,
        0,
        0,
        0,
        0,
        0,
        0
      ]
    },
    {
      "command": "berry",
      "mean": 4.32527939276,
      "stddev": 0.0742491933318052,
      "median": 4.34489640936,
      "user": 5.956483619999999,
      "system": 1.7572560399999997,
      "min": 4.22064592236,
      "max": 4.44509050636,
      "times": [
        4.38579192736,
        4.22064592236,
        4.309457689359999,
        4.37532120136,
        4.22084550536,
        4.36565389936,
        4.37318418036,
        4.23266417636,
        4.32413891936,
        4.44509050636
      ],
      "exit_codes": [
        0,
        0,
        0,
        0,
        0,
        0,
        0,
        0,
        0,
        0
      ]
    },
    {
      "command": "pnpm",
      "mean": 3.34423839076,
      "stddev": 0.07166260273209829,
      "median": 3.32744921886,
      "user": 4.37387222,
      "system": 1.39809824,
      "min": 3.27670540636,
      "max": 3.5137038413600004,
      "times": [
        3.3372182333600002,
        3.27670540636,
        3.2830933323600004,
        3.5137038413600004,
        3.2952783443600002,
        3.42947650936,
        3.3662113443600004,
        3.31840403736,
        3.2857984583600004,
        3.3364944003600003
      ],
      "exit_codes": [
        0,
        0,
        0,
        0,
        0,
        0,
        0,
        0,
        0,
        0
      ]
    },
    {
      "command": "vlt",
      "mean": 2.0502280725600004,
      "stddev": 0.02224019514607806,
      "median": 2.04037804736,
      "user": 2.4574323199999997,
      "system": 1.6593441399999995,
      "min": 2.0313633753600002,
      "max": 2.10753769236,
      "times": [
        2.0663372473600004,
        2.10753769236,
        2.03939740336,
        2.0321889303600003,
        2.03776426236,
        2.04932430236,
        2.0619766523600003,
        2.0313633753600002,
        2.04135869136,
        2.0350321683600003
      ],
      "exit_codes": [
        0,
        0,
        0,
        0,
        0,
        0,
        0,
        0,
        0,
        0
      ]
    },
    {
      "command": "bun",
      "mean": 0.33717915155999995,
      "stddev": 0.0021684573127994868,
      "median": 0.33713165636,
      "user": 0.14436591999999998,
      "system": 0.29521214,
      "min": 0.33362402936,
      "max": 0.34098662736,
      "times": [
        0.33362402936,
        0.33535491136,
        0.33511941836,
        0.33846643936,
        0.33711655236,
        0.34098662736,
        0.33714676036,
        0.33743795436,
        0.33624338536,
        0.34029543736
      ],
      "exit_codes": [
        0,
        0,
        0,
        0,
        0,
        0,
        0,
        0,
        0,
        0
      ]
    },
    {
      "command": "deno",
      "mean": 1.1276009618599998,
      "stddev": 0.011838496702383208,
      "median": 1.13165918536,
      "user": 1.14774822,
      "system": 0.6989290400000001,
      "min": 1.09997743436,
      "max": 1.14325976436,
      "times": [
        1.1280839543599999,
        1.13420972036,
        1.13343349636,
        1.13002266136,
        1.09997743436,
        1.11400838236,
        1.13329570936,
        1.13626481336,
        1.1234536823599999,
        1.14325976436
      ],
      "exit_codes": [
        0,
        0,
        0,
        0,
        0,
        0,
        0,
        0,
        0,
        0
      ]
    }
  ]
}