{
  "results": [
    {
      "command": "npm",
      "mean": 8.88929577252,
      "stddev": 0.03486796232393509,
      "median": 8.88982573852,
      "user": 11.3912035,
      "system": 2.34318284,
      "min": 8.83541657202,
      "max": 8.94066742402,
      "times": [
        8.94066742402,
        8.86185909502,
        8.89154201802,
        8.93744691102,
        8.90895656402,
        8.91798704402,
        8.88810945902,
        8.85089923402,
        8.83541657202,
        8.86007340402
      ],
      "exit_codes": [
        0,
        0,
        0,
        0,
        0,
        0,
        0,
        0,
        0,
        0
      ]
    },
    {
      "command": "snpm",
      "mean": 0.48800238032000004,
      "stddev": 0.0036460981446464454,
      "median": 0.4882423825200001,
      "user": 0.3499254,
      "system": 0.14713394,
      "min": 0.48097690002000004,
      "max": 0.49470893002000005,
      "times": [
        0.48920202502000004,
        0.48952149802000006,
        0.48728274002000005,
        0.48688827602,
        0.49470893002000005,
        0.48388869802,
        0.48645299702000006,
        0.48992373602000006,
        0.49117800302000003,
        0.48097690002000004
      ],
      "exit_codes": [
        0,
        0,
        0,
        0,
        0,
        0,
        0,
        0,
        0,
        0
      ]
    },
    {
      "command": "yarn",
      "mean": 8.659465427819999,
      "stddev": 0.8215278945248498,
      "median": 8.454895591020001,
      "user": 4.633894,
      "system": 2.23395744,
      "min": 8.029275482020001,
      "max": 11.06423750902,
      "times": [
        8.53862932002,
        8.340051796020001,
        8.464979381020001,
        8.72801749602,
        8.44481180102,
        8.27457518502,
        11.06423750902,
        8.23196615402,
        8.029275482020001,
        8.478110154020001
      ],
      "exit_codes": [
        0,
        0,
        0,
        0,
        0,
        0,
        0,
        0,
        0,
        0
      ]
    },
    {
      "command": "berry",
      "mean": 4.11880663382,
      "stddev": 0.04866956104388704,
      "median": 4.1073384845200005,
      "user": 5.87862,
      "system": 1.2582613399999998,
      "min": 4.04664580902,
      "max": 4.21903572202,
      "times": [
        4.09198618302,
        4.1151140690200005,
        4.0995629000200005,
        4.09578929102,
        4.06601037602,
        4.15367083702,
        4.17057559102,
        4.129675560020001,
        4.04664580902,
        4.21903572202
      ],
      "exit_codes": [
        0,
        0,
        0,
        0,
        0,
        0,
        0,
        0,
        0,
        0
      ]
    },
    {
      "command": "pnpm",
      "mean": 3.2023891966199995,
      "stddev": 0.019133900251733876,
      "median": 3.20413980502,
      "user": 4.2275142,
      "system": 0.97969804,
      "min": 3.16051738602,
      "max": 3.22469600202,
      "times": [
        3.19574894802,
        3.22276660902,
        3.20574113702,
        3.20253847302,
        3.22317848002,
        3.21112027802,
        3.16051738602,
        3.18324914002,
        3.22469600202,
        3.19433551302
      ],
      "exit_codes": [
        0,
        0,
        0,
        0,
        0,
        0,
        0,
        0,
        0,
        0
      ]
    },
    {
      "command": "vlt",
      "mean": 1.7132941978199998,
      "stddev": 0.020633701073839023,
      "median": 1.70872000252,
      "user": 2.077262,
      "system": 1.08335714,
      "min": 1.68814735102,
      "max": 1.76752843702,
      "times": [
        1.70096961402,
        1.68814735102,
        1.7110020590200001,
        1.7131643210199998,
        1.69877934502,
        1.7147836650200001,
        1.76752843702,
        1.7064379460199999,
        1.70485401502,
        1.72727522502
      ],
      "exit_codes": [
        0,
        0,
        0,
        0,
        0,
        0,
        0,
        0,
        0,
        0
      ]
    },
    {
      "command": "bun",
      "mean": 0.19075656582000003,
      "stddev": 0.00425133284132501,
      "median": 0.19183298302000001,
      "user": 0.1393229,
      "system": 0.15436294,
      "min": 0.18481753202,
      "max": 0.19943693502,
      "times": [
        0.19324775002000003,
        0.18681062102,
        0.18533468402,
        0.18826540202,
        0.19155631902,
        0.19210964702000002,
        0.19335466902,
        0.19943693502,
        0.18481753202,
        0.19263209902
      ],
      "exit_codes": [
        0,
        0,
        0,
        0,
        0,
        0,
        0,
        0,
        0,
        0
      ]
    },
    {
      "command": "deno",
      "mean": 0.9613270324200001,
      "stddev": 0.01546686164029116,
      "median": 0.95614628852,
      "user": 1.0900402,
      "system": 0.44628224000000005,
      "min": 0.94032078202,
      "max": 0.98715213902,
      "times": [
        0.94974464702,
        0.98715213902,
        0.94032078202,
        0.97526675702,
        0.94591348502,
        0.95086180702,
        0.98388865502,
        0.95746626102,
        0.95482631602,
        0.96782947502
      ],
      "exit_codes": [
        0,
        0,
        0,
        0,
        0,
        0,
        0,
        0,
        0,
        0
      ]
    }
  ]
}