{
  "results": [
    {
      "command": "npm",
      "mean": 9.47009579122,
      "stddev": 0.027937142145576712,
      "median": 9.466284435919999,
      "user": 11.876688099999999,
      "system": 3.51937524,
      "min": 9.429076521919999,
      "max": 9.51759619492,
      "times": [
        9.485081319919999,
        9.50491950092,
        9.46027819692,
        9.47229067492,
        9.429076521919999,
        9.49274212192,
        9.43818376692,
        9.453558637919999,
        9.44723097592,
        9.51759619492
      ],
      "exit_codes": [
        0,
        0,
        0,
        0,
        0,
        0,
        0,
        0,
        0,
        0
      ]
    },
    {
      "command": "snpm",
      "mean": 0.63341277752,
      "stddev": 0.013751293347361608,
      "median": 0.6323447029200001,
      "user": 0.41165519999999994,
      "system": 0.23262233999999998,
      "min": 0.6177228409200001,
      "max": 0.6654722379200001,
      "times": [
        0.62085461492,
        0.6450093279200001,
        0.63889498592,
        0.6300390549200001,
        0.6346503509200001,
        0.62075321792,
        0.6231889929200001,
        0.6375421509200001,
        0.6177228409200001,
        0.6654722379200001
      ],
      "exit_codes": [
        0,
        0,
        0,
        0,
        0,
        0,
        0,
        0,
        0,
        0
      ]
    },
    {
      "command": "yarn",
      "mean": 9.664611840019997,
      "stddev": 0.2005974609470242,
      "median": 9.63018908842,
      "user": 5.219865899999999,
      "system": 3.6426585400000002,
      "min": 9.38312289392,
      "max": 9.987678232919999,
      "times": [
        9.621937077919998,
        9.69381123092,
        9.964917071919999,
        9.987678232919999,
        9.48837712692,
        9.474145030919999,
        9.38312289392,
        9.63844109892,
        9.529767287919999,
        9.86392134792
      ],
      "exit_codes": [
        0,
        0,
        0,
        0,
        0,
        0,
        0,
        0,
        0,
        0
      ]
    },
    {
      "command": "berry",
      "mean": 4.67796442922,
      "stddev": 0.08339260871467097,
      "median": 4.672719384920001,
      "user": 6.388908,
      "system": 1.8919429399999999,
      "min": 4.55500943292,
      "max": 4.87689414292,
      "times": [
        4.72334789892,
        4.70987778192,
        4.70305647392,
        4.87689414292,
        4.66259417092,
        4.55500943292,
        4.68284459892,
        4.64871607292,
        4.59415038092,
        4.62315333792
      ],
      "exit_codes": [
        0,
        0,
        0,
        0,
        0,
        0,
        0,
        0,
        0,
        0
      ]
    },
    {
      "command": "pnpm",
      "mean": 3.67309370192,
      "stddev": 0.03740306231127981,
      "median": 3.65807339892,
      "user": 4.6380148000000005,
      "system": 1.4601647400000002,
      "min": 3.6226242119200003,
      "max": 3.7411728709200003,
      "times": [
        3.6226242119200003,
        3.6382925689200003,
        3.7072827949200002,
        3.6521726179200003,
        3.6759506339200003,
        3.7411728709200003,
        3.6595391059200004,
        3.65660769192,
        3.72765199992,
        3.6496425229200002
      ],
      "exit_codes": [
        0,
        0,
        0,
        0,
        0,
        0,
        0,
        0,
        0,
        0
      ]
    },
    {
      "command": "vlt",
      "mean": 2.17668729422,
      "stddev": 0.01993715412749871,
      "median": 2.1850167649200003,
      "user": 2.5795096,
      "system": 1.7704668399999999,
      "min": 2.1400831519200003,
      "max": 2.2012793089200002,
      "times": [
        2.19239163892,
        2.1857100479200002,
        2.1888746069200002,
        2.15911603292,
        2.1843234819200004,
        2.19063943592,
        2.17916598192,
        2.2012793089200002,
        2.14528925492,
        2.1400831519200003
      ],
      "exit_codes": [
        0,
        0,
        0,
        0,
        0,
        0,
        0,
        0,
        0,
        0
      ]
    },
    {
      "command": "bun",
      "mean": 0.30835310272000005,
      "stddev": 0.0032985366814048266,
      "median": 0.30893033292000005,
      "user": 0.1423371,
      "system": 0.27551324,
      "min": 0.30079217592,
      "max": 0.31374836092,
      "times": [
        0.30977435392,
        0.31007901592000003,
        0.30908798392000003,
        0.31123632392,
        0.30663801492000003,
        0.30877268192,
        0.30079217592,
        0.31374836092,
        0.30647835392,
        0.30692376192000004
      ],
      "exit_codes": [
        0,
        0,
        0,
        0,
        0,
        0,
        0,
        0,
        0,
        0
      ]
    },
    {
      "command": "deno",
      "mean": 1.14865869932,
      "stddev": 0.014470575048220153,
      "median": 1.14995156042,
      "user": 1.1673939,
      "system": 0.71063804,
      "min": 1.12582686392,
      "max": 1.17344540192,
      "times": [
        1.15670842492,
        1.13009085092,
        1.14714928792,
        1.15595851092,
        1.1348640399199998,
        1.17344540192,
        1.1446887509199999,
        1.15275383292,
        1.12582686392,
        1.16510102892
      ],
      "exit_codes": [
        0,
        0,
        0,
        0,
        0,
        0,
        0,
        0,
        0,
        0
      ]
    }
  ]
}