{
  "results": [
    {
      "command": "npm",
      "mean": 9.17012778704,
      "stddev": 0.051044985430231136,
      "median": 9.172918063440001,
      "user": 11.391993479999998,
      "system": 3.3840983600000003,
      "min": 9.109213884939999,
      "max": 9.29555167494,
      "times": [
        9.12059020694,
        9.18786075894,
        9.29555167494,
        9.13142831294,
        9.17936252494,
        9.19216518894,
        9.18697534694,
        9.13165636894,
        9.109213884939999,
        9.16647360194
      ],
      "exit_codes": [
        0,
        0,
        0,
        0,
        0,
        0,
        0,
        0,
        0,
        0
      ]
    },
    {
      "command": "snpm",
      "mean": 0.5981065146400001,
      "stddev": 0.006476985472269421,
      "median": 0.59643373244,
      "user": 0.38527908,
      "system": 0.22298155999999997,
      "min": 0.5924894349400001,
      "max": 0.6146141699400001,
      "times": [
        0.5926181539400001,
        0.5930043809400001,
        0.6146141699400001,
        0.59936866694,
        0.59735788694,
        0.6038050249400001,
        0.59388282894,
        0.59550957794,
        0.5924894349400001,
        0.5984150209400001
      ],
      "exit_codes": [
        0,
        0,
        0,
        0,
        0,
        0,
        0,
        0,
        0,
        0
      ]
    },
    {
      "command": "yarn",
      "mean": 8.982287221140002,
      "stddev": 0.12294672932921769,
      "median": 8.97020600194,
      "user": 4.851393179999999,
      "system": 3.4865185599999995,
      "min": 8.78529397594,
      "max": 9.17764428294,
      "times": [
        9.17764428294,
        8.91620629194,
        8.86379347494,
        9.156496408939999,
        8.92103686894,
        9.07888436594,
        8.78529397594,
        8.88444023394,
        9.01970117294,
        9.01937513494
      ],
      "exit_codes": [
        0,
        0,
        0,
        0,
        0,
        0,
        0,
        0,
        0,
        0
      ]
    },
    {
      "command": "berry",
      "mean": 4.4075387379399995,
      "stddev": 0.038871386834189336,
      "median": 4.41713874294,
      "user": 5.94891908,
      "system": 1.8103605600000001,
      "min": 4.35096584494,
      "max": 4.46277561294,
      "times": [
        4.42056173394,
        4.41371575194,
        4.382835893939999,
        4.35623716594,
        4.45827916694,
        4.43564863694,
        4.35096584494,
        4.42742613394,
        4.36694143794,
        4.46277561294
      ],
      "exit_codes": [
        0,
        0,
        0,
        0,
        0,
        0,
        0,
        0,
        0,
        0
      ]
    },
    {
      "command": "pnpm",
      "mean": 3.4755695800399997,
      "stddev": 0.014617967020317363,
      "median": 3.4784981124399996,
      "user": 4.35327508,
      "system": 1.37800046,
      "min": 3.44555348294,
      "max": 3.49816973594,
      "times": [
        3.48038794494,
        3.49816973594,
        3.4841326059399997,
        3.44555348294,
        3.48845253294,
        3.4693528789399997,
        3.45550016294,
        3.47715023094,
        3.47762518594,
        3.4793710389399997
      ],
      "exit_codes": [
        0,
        0,
        0,
        0,
        0,
        0,
        0,
        0,
        0,
        0
      ]
    },
    {
      "command": "vlt",
      "mean": 2.1055452507399997,
      "stddev": 0.026154882005121526,
      "median": 2.0958999129399998,
      "user": 2.5045564799999998,
      "system": 1.7010892599999998,
      "min": 2.07572550994,
      "max": 2.16542364794,
      "times": [
        2.1077941489399996,
        2.16542364794,
        2.07572550994,
        2.0992597419399996,
        2.08370289794,
        2.0887472779399996,
        2.11568747194,
        2.08909412394,
        2.09254008394,
        2.1374776029399998
      ],
      "exit_codes": [
        0,
        0,
        0,
        0,
        0,
        0,
        0,
        0,
        0,
        0
      ]
    },
    {
      "command": "bun",
      "mean": 0.34188203604000006,
      "stddev": 0.012852296890139283,
      "median": 0.33929135494000007,
      "user": 0.14776738,
      "system": 0.29429816,
      "min": 0.33236980794000004,
      "max": 0.37939858194000003,
      "times": [
        0.34167560294000004,
        0.33999934894000006,
        0.37939858194000003,
        0.33962960794,
        0.33457951994,
        0.34131578594,
        0.33576577494000004,
        0.33236980794000004,
        0.33895310194000006,
        0.33513322794000006
      ],
      "exit_codes": [
        0,
        0,
        0,
        0,
        0,
        0,
        0,
        0,
        0,
        0
      ]
    },
    {
      "command": "deno",
      "mean": 1.12101263864,
      "stddev": 0.011405542063586389,
      "median": 1.1200510554399998,
      "user": 1.1318262799999999,
      "system": 0.69797386,
      "min": 1.10388504194,
      "max": 1.14593487194,
      "times": [
        1.13175928794,
        1.12014354794,
        1.10871987194,
        1.12405482894,
        1.11325697994,
        1.10388504194,
        1.11995856294,
        1.11628520494,
        1.12612818794,
        1.14593487194
      ],
      "exit_codes": [
        0,
        0,
        0,
        0,
        0,
        0,
        0,
        0,
        0,
        0
      ]
    }
  ]
}