{
  "results": [
    {
      "command": "npm",
      "mean": 3.6018872038400005,
      "stddev": 0.045841181206070836,
      "median": 3.5838793088400003,
      "user": 3.960283939999999,
      "system": 2.55802376,
      "min": 3.56270004434,
      "max": 3.72752905334,
      "times": [
        3.60036074734,
        3.63510954834,
        3.72752905334,
        3.56270004434,
        3.58601488734,
        3.57683899634,
        3.58174373034,
        3.59398830434,
        3.57346141634,
        3.58112531034
      ],
      "exit_codes": [
        0,
        0,
        0,
        0,
        0,
        0,
        0,
        0,
        0,
        0
      ]
    },
    {
      "command": "snpm",
      "mean": 0.8691572952400002,
      "stddev": 0.030307009038009296,
      "median": 0.85243495034,
      "user": 0.09770174000000001,
      "system": 0.6791274599999999,
      "min": 0.8432806853400001,
      "max": 0.9239220073400001,
      "times": [
        0.9239220073400001,
        0.9221697333400001,
        0.8620918643400001,
        0.8436364243400001,
        0.8486168383400001,
        0.8432806853400001,
        0.8539932073400001,
        0.8939412743400001,
        0.84904422434,
        0.85087669334
      ],
      "exit_codes": [
        0,
        0,
        0,
        0,
        0,
        0,
        0,
        0,
        0,
        0
      ]
    },
    {
      "command": "yarn",
      "mean": 2.8540548552400002,
      "stddev": 0.3493302358767859,
      "median": 2.7396964003399997,
      "user": 2.85960174,
      "system": 2.97558086,
      "min": 2.69799226534,
      "max": 3.89882521134,
      "times": [
        2.7203563813400002,
        2.74554093234,
        2.75805653234,
        3.89882521134,
        2.80370416234,
        2.71972811334,
        2.73673434934,
        2.74265845134,
        2.69799226534,
        2.71695215334
      ],
      "exit_codes": [
        0,
        0,
        0,
        0,
        0,
        0,
        0,
        0,
        0,
        0
      ]
    },
    {
      "command": "berry",
      "mean": 3.05238408424,
      "stddev": 0.021292014650948134,
      "median": 3.04629499684,
      "user": 3.67198894,
      "system": 1.62130656,
      "min": 3.02789995234,
      "max": 3.09280783534,
      "times": [
        3.09280783534,
        3.0318978363399998,
        3.05444853634,
        3.06496064234,
        3.0798567973399997,
        3.02789995234,
        3.06400996734,
        3.03223483634,
        3.03814145734,
        3.03758298134
      ],
      "exit_codes": [
        0,
        0,
        0,
        0,
        0,
        0,
        0,
        0,
        0,
        0
      ]
    },
    {
      "command": "pnpm",
      "mean": 1.23865625264,
      "stddev": 0.018209274210866735,
      "median": 1.23697393784,
      "user": 1.8459022399999998,
      "system": 0.6676588599999999,
      "min": 1.21225238534,
      "max": 1.27602056734,
      "times": [
        1.23477266534,
        1.22043744834,
        1.21802400234,
        1.27602056734,
        1.21225238534,
        1.23865905734,
        1.23528881834,
        1.25236787534,
        1.25260349834,
        1.2461362083399998
      ],
      "exit_codes": [
        0,
        0,
        0,
        0,
        0,
        0,
        0,
        0,
        0,
        0
      ]
    },
    {
      "command": "vlt",
      "mean": 1.8659610288400004,
      "stddev": 0.022661004554345412,
      "median": 1.86677369234,
      "user": 2.0834172399999993,
      "system": 1.6913095599999999,
      "min": 1.82757721734,
      "max": 1.9117703073399999,
      "times": [
        1.88624007334,
        1.88099350234,
        1.8474561763400001,
        1.8661324373400001,
        1.87061111634,
        1.84382837334,
        1.86741494734,
        1.82757721734,
        1.9117703073399999,
        1.85758613734
      ],
      "exit_codes": [
        0,
        0,
        0,
        0,
        0,
        0,
        0,
        0,
        0,
        0
      ]
    },
    {
      "command": "bun",
      "mean": 0.27683526674000003,
      "stddev": 0.007573615237141981,
      "median": 0.27530502034,
      "user": 0.13739014,
      "system": 0.24508596,
      "min": 0.26984602834,
      "max": 0.29856996134,
      "times": [
        0.27508387834,
        0.27384635634,
        0.27552616234,
        0.29856996134,
        0.27190749334,
        0.27329883034,
        0.27782343734,
        0.27597491734,
        0.26984602834,
        0.27647560234
      ],
      "exit_codes": [
        0,
        0,
        0,
        0,
        0,
        0,
        0,
        0,
        0,
        0
      ]
    },
    {
      "command": "deno",
      "mean": 0.54988239934,
      "stddev": 0.010144106881121346,
      "median": 0.55382015084,
      "user": 0.4923651400000001,
      "system": 0.5586018599999999,
      "min": 0.5369655133400001,
      "max": 0.5624442863400001,
      "times": [
        0.5386051893400001,
        0.5534960213400001,
        0.5380118623400001,
        0.55588341734,
        0.5624442863400001,
        0.5541442803400001,
        0.5369655133400001,
        0.5587692903400001,
        0.53821436034,
        0.5622897723400001
      ],
      "exit_codes": [
        0,
        0,
        0,
        0,
        0,
        0,
        0,
        0,
        0,
        0
      ]
    }
  ]
}