{
  "results": [
    {
      "command": "npm",
      "mean": 3.6326919160599997,
      "stddev": 0.014927208818511634,
      "median": 3.62900970336,
      "user": 4.08035024,
      "system": 2.51646178,
      "min": 3.61415844736,
      "max": 3.66233522436,
      "times": [
        3.6152882693599997,
        3.65516705936,
        3.61415844736,
        3.62415365536,
        3.66233522436,
        3.63779090736,
        3.62855336836,
        3.62946603836,
        3.6353456823599997,
        3.62466050836
      ],
      "exit_codes": [
        0,
        0,
        0,
        0,
        0,
        0,
        0,
        0,
        0,
        0
      ]
    },
    {
      "command": "snpm",
      "mean": 0.14612001755999998,
      "stddev": 0.0008951209708235844,
      "median": 0.14621024236000002,
      "user": 0.030277940000000003,
      "system": 0.11809498,
      "min": 0.14437967536000001,
      "max": 0.14745785036,
      "times": [
        0.14593407536000003,
        0.14480302636,
        0.14745785036,
        0.14692989436,
        0.14587192036000002,
        0.14437967536000001,
        0.14613189236000002,
        0.14628859236000002,
        0.14673511736,
        0.14666813136
      ],
      "exit_codes": [
        0,
        0,
        0,
        0,
        0,
        0,
        0,
        0,
        0,
        0
      ]
    },
    {
      "command": "yarn",
      "mean": 2.77188158506,
      "stddev": 0.03633608123157996,
      "median": 2.7756110008599997,
      "user": 2.9414848399999998,
      "system": 2.95020458,
      "min": 2.7123590593599998,
      "max": 2.8512355343599998,
      "times": [
        2.77252454936,
        2.75138504336,
        2.8512355343599998,
        2.78552199136,
        2.77869745236,
        2.7123590593599998,
        2.7831897683599998,
        2.7269642363599997,
        2.76301182536,
        2.79392639036
      ],
      "exit_codes": [
        0,
        0,
        0,
        0,
        0,
        0,
        0,
        0,
        0,
        0
      ]
    },
    {
      "command": "berry",
      "mean": 3.06378884016,
      "stddev": 0.01605598625014303,
      "median": 3.06619199286,
      "user": 3.66904024,
      "system": 1.61944728,
      "min": 3.0364981053599998,
      "max": 3.08959621736,
      "times": [
        3.07715892336,
        3.07342133536,
        3.0454436813599997,
        3.06367038536,
        3.0364981053599998,
        3.06535573036,
        3.06702825536,
        3.08959621736,
        3.0438081913599997,
        3.0759075763599997
      ],
      "exit_codes": [
        0,
        0,
        0,
        0,
        0,
        0,
        0,
        0,
        0,
        0
      ]
    },
    {
      "command": "pnpm",
      "mean": 1.29885135286,
      "stddev": 0.012244880414669645,
      "median": 1.29579630336,
      "user": 1.87986694,
      "system": 0.68004968,
      "min": 1.2813355133600002,
      "max": 1.32638320136,
      "times": [
        1.30312187336,
        1.29534376036,
        1.3137096963600001,
        1.29053307836,
        1.29861763536,
        1.2962488463600002,
        1.29052463136,
        1.32638320136,
        1.2813355133600002,
        1.2926952923600001
      ],
      "exit_codes": [
        0,
        0,
        0,
        0,
        0,
        0,
        0,
        0,
        0,
        0
      ]
    },
    {
      "command": "vlt",
      "mean": 1.9188125925600001,
      "stddev": 0.020838125194379643,
      "median": 1.9190207858600001,
      "user": 2.1798339400000004,
      "system": 1.6400924800000003,
      "min": 1.8898053663600003,
      "max": 1.96205782236,
      "times": [
        1.8898053663600003,
        1.96205782236,
        1.9226477263600001,
        1.9314904883600001,
        1.9278750343600002,
        1.91145903836,
        1.89546324036,
        1.93527972336,
        1.9153938453600001,
        1.89665364036
      ],
      "exit_codes": [
        0,
        0,
        0,
        0,
        0,
        0,
        0,
        0,
        0,
        0
      ]
    },
    {
      "command": "bun",
      "mean": 0.31108935596,
      "stddev": 0.0023300508472060585,
      "median": 0.31079119986,
      "user": 0.14694054,
      "system": 0.26559977999999995,
      "min": 0.30768863636,
      "max": 0.31463065136,
      "times": [
        0.31424314336,
        0.30880534336,
        0.31367849436,
        0.31463065136,
        0.30768863636,
        0.31173102736,
        0.30991608136,
        0.31114062136,
        0.30861778236,
        0.31044177836
      ],
      "exit_codes": [
        0,
        0,
        0,
        0,
        0,
        0,
        0,
        0,
        0,
        0
      ]
    },
    {
      "command": "deno",
      "mean": 0.55565725356,
      "stddev": 0.01725412289847453,
      "median": 0.54786362786,
      "user": 0.49924254,
      "system": 0.5531638799999999,
      "min": 0.54172988236,
      "max": 0.59430785236,
      "times": [
        0.55089778236,
        0.54913684436,
        0.54293527636,
        0.54555075436,
        0.54202701336,
        0.54172988236,
        0.54659041136,
        0.56227966636,
        0.58111705236,
        0.59430785236
      ],
      "exit_codes": [
        0,
        0,
        0,
        0,
        0,
        0,
        0,
        0,
        0,
        0
      ]
    }
  ]
}