{
  "results": [
    {
      "command": "npm",
      "mean": 3.5937017147200003,
      "stddev": 0.030271624813964115,
      "median": 3.59173433532,
      "user": 4.00193748,
      "system": 2.5379531999999996,
      "min": 3.55671611782,
      "max": 3.6506102628200003,
      "times": [
        3.55671611782,
        3.5668532448200003,
        3.5644752098200003,
        3.62653563482,
        3.6204978158200003,
        3.5996086968200003,
        3.56315333182,
        3.60470685882,
        3.58385997382,
        3.6506102628200003
      ],
      "exit_codes": [
        0,
        0,
        0,
        0,
        0,
        0,
        0,
        0,
        0,
        0
      ]
    },
    {
      "command": "snpm",
      "mean": 0.15094130792000005,
      "stddev": 0.0036760940140302557,
      "median": 0.15236672832000003,
      "user": 0.02838068,
      "system": 0.12483609999999998,
      "min": 0.14558655182000002,
      "max": 0.15514449282,
      "times": [
        0.15076467882000003,
        0.14742177582000002,
        0.14704028082,
        0.14558655182000002,
        0.14665504382000003,
        0.15396877782,
        0.15411439782000003,
        0.15404302582,
        0.15514449282,
        0.15467405382000002
      ],
      "exit_codes": [
        0,
        0,
        0,
        0,
        0,
        0,
        0,
        0,
        0,
        0
      ]
    },
    {
      "command": "yarn",
      "mean": 2.7086155707200006,
      "stddev": 0.02229296177709197,
      "median": 2.7159755153200003,
      "user": 2.8651271799999996,
      "system": 2.9017328999999994,
      "min": 2.6619959528200003,
      "max": 2.74419269882,
      "times": [
        2.72919640982,
        2.71473692182,
        2.7172543898200003,
        2.6619959528200003,
        2.70002684682,
        2.6816455038200004,
        2.74419269882,
        2.7023194588200004,
        2.7175734158200004,
        2.7172141088200004
      ],
      "exit_codes": [
        0,
        0,
        0,
        0,
        0,
        0,
        0,
        0,
        0,
        0
      ]
    },
    {
      "command": "berry",
      "mean": 3.0922370121199996,
      "stddev": 0.030531265301292305,
      "median": 3.08451053982,
      "user": 3.8168176799999998,
      "system": 1.6131007,
      "min": 3.04647539782,
      "max": 3.14671393882,
      "times": [
        3.04647539782,
        3.12262126782,
        3.14671393882,
        3.08101373682,
        3.08307757682,
        3.12121638782,
        3.06932952482,
        3.0551374798200004,
        3.08594350282,
        3.1108413078200003
      ],
      "exit_codes": [
        0,
        0,
        0,
        0,
        0,
        0,
        0,
        0,
        0,
        0
      ]
    },
    {
      "command": "pnpm",
      "mean": 1.2539326668200002,
      "stddev": 0.02469758297469868,
      "median": 1.24792252832,
      "user": 1.87139108,
      "system": 0.6737374999999999,
      "min": 1.22833455282,
      "max": 1.29868804982,
      "times": [
        1.23116241382,
        1.23933846582,
        1.22935347282,
        1.24860950682,
        1.2958042058199999,
        1.2472355498199998,
        1.25050794082,
        1.29868804982,
        1.22833455282,
        1.27029250982
      ],
      "exit_codes": [
        0,
        0,
        0,
        0,
        0,
        0,
        0,
        0,
        0,
        0
      ]
    },
    {
      "command": "vlt",
      "mean": 1.9311021701200002,
      "stddev": 0.024119192291602476,
      "median": 1.93055669032,
      "user": 2.19612888,
      "system": 1.653832,
      "min": 1.89775458782,
      "max": 1.98692430182,
      "times": [
        1.9450032108200002,
        1.98692430182,
        1.9257204598200002,
        1.93838203282,
        1.93166815682,
        1.94095789182,
        1.90025239682,
        1.92944522382,
        1.91491343882,
        1.89775458782
      ],
      "exit_codes": [
        0,
        0,
        0,
        0,
        0,
        0,
        0,
        0,
        0,
        0
      ]
    },
    {
      "command": "bun",
      "mean": 0.31339832382,
      "stddev": 0.009353659232494137,
      "median": 0.31012202332000005,
      "user": 0.15129807999999995,
      "system": 0.2669228,
      "min": 0.30711135882,
      "max": 0.34000695882000004,
      "times": [
        0.31117560382000004,
        0.31145092982000006,
        0.30838271782000004,
        0.31145293582000005,
        0.30906844282,
        0.31825939582,
        0.34000695882000004,
        0.30711135882,
        0.30836977482000005,
        0.30870511982000004
      ],
      "exit_codes": [
        0,
        0,
        0,
        0,
        0,
        0,
        0,
        0,
        0,
        0
      ]
    },
    {
      "command": "deno",
      "mean": 0.56427915282,
      "stddev": 0.014809946673896384,
      "median": 0.56032607682,
      "user": 0.5069677800000001,
      "system": 0.5668365999999999,
      "min": 0.54553938382,
      "max": 0.59258875782,
      "times": [
        0.55504474382,
        0.57263632882,
        0.54553938382,
        0.57634960482,
        0.58080787482,
        0.55063283882,
        0.59258875782,
        0.54853984182,
        0.56119784182,
        0.5594543118199999
      ],
      "exit_codes": [
        0,
        0,
        0,
        0,
        0,
        0,
        0,
        0,
        0,
        0
      ]
    }
  ]
}