{
  "results": [
    {
      "command": "npm",
      "mean": 3.56096323188,
      "stddev": 0.04076553047760286,
      "median": 3.56851789498,
      "user": 3.9981377399999998,
      "system": 2.48281676,
      "min": 3.49930400848,
      "max": 3.61007741148,
      "times": [
        3.51352866448,
        3.5772463004799997,
        3.60858045348,
        3.60985324548,
        3.61007741148,
        3.52514404348,
        3.5228722384799998,
        3.55978948948,
        3.58323646348,
        3.49930400848
      ],
      "exit_codes": [
        0,
        0,
        0,
        0,
        0,
        0,
        0,
        0,
        0,
        0
      ]
    },
    {
      "command": "snpm",
      "mean": 0.14676302078000003,
      "stddev": 0.001274940377195113,
      "median": 0.14708481598,
      "user": 0.029091440000000003,
      "system": 0.11994526000000001,
      "min": 0.14400617148,
      "max": 0.14866629548000002,
      "times": [
        0.14866629548000002,
        0.14718153348000002,
        0.14732411348000002,
        0.14770274648,
        0.14747098648,
        0.14501626948000002,
        0.14698809848000002,
        0.14400617148,
        0.14652696248000002,
        0.14674703048
      ],
      "exit_codes": [
        0,
        0,
        0,
        0,
        0,
        0,
        0,
        0,
        0,
        0
      ]
    },
    {
      "command": "yarn",
      "mean": 2.7130230331800007,
      "stddev": 0.06404226742916268,
      "median": 2.70718201348,
      "user": 2.8711581399999995,
      "system": 2.87247246,
      "min": 2.6316902234799997,
      "max": 2.88220989048,
      "times": [
        2.68485254448,
        2.70016739448,
        2.69463470148,
        2.88220989048,
        2.64920114248,
        2.6316902234799997,
        2.71419663248,
        2.72640137548,
        2.72151677348,
        2.72535965348
      ],
      "exit_codes": [
        0,
        0,
        0,
        0,
        0,
        0,
        0,
        0,
        0,
        0
      ]
    },
    {
      "command": "berry",
      "mean": 3.06765365268,
      "stddev": 0.15550998659957668,
      "median": 3.02292920098,
      "user": 3.6794751399999996,
      "system": 1.5951278599999998,
      "min": 2.96371036948,
      "max": 3.51956575348,
      "times": [
        3.04413851748,
        3.51956575348,
        3.10063357548,
        2.96586138148,
        3.01395730548,
        3.0382071424799997,
        2.96371036948,
        3.01414502348,
        2.98460407948,
        3.03171337848
      ],
      "exit_codes": [
        0,
        0,
        0,
        0,
        0,
        0,
        0,
        0,
        0,
        0
      ]
    },
    {
      "command": "pnpm",
      "mean": 1.2262642084799997,
      "stddev": 0.01756349030511052,
      "median": 1.22606667448,
      "user": 1.86768294,
      "system": 0.6897333599999999,
      "min": 1.20142416448,
      "max": 1.2663356174799998,
      "times": [
        1.23030579348,
        1.2338114164799998,
        1.23037399648,
        1.22182755548,
        1.21899088148,
        1.20653945548,
        1.20142416448,
        1.23896756048,
        1.21406564348,
        1.2663356174799998
      ],
      "exit_codes": [
        0,
        0,
        0,
        0,
        0,
        0,
        0,
        0,
        0,
        0
      ]
    },
    {
      "command": "vlt",
      "mean": 1.86898113118,
      "stddev": 0.021300406378759875,
      "median": 1.85981588798,
      "user": 2.1469922399999994,
      "system": 1.65977596,
      "min": 1.84627045948,
      "max": 1.92158538348,
      "times": [
        1.89329552848,
        1.85608039448,
        1.86018759148,
        1.85944418448,
        1.84627045948,
        1.85889521548,
        1.86357919348,
        1.92158538348,
        1.87443570448,
        1.8560376564799999
      ],
      "exit_codes": [
        0,
        0,
        0,
        0,
        0,
        0,
        0,
        0,
        0,
        0
      ]
    },
    {
      "command": "bun",
      "mean": 0.28020960048,
      "stddev": 0.004859903231336796,
      "median": 0.27968038448,
      "user": 0.14132373999999998,
      "system": 0.24489435999999998,
      "min": 0.27140234448,
      "max": 0.28872218948,
      "times": [
        0.28369562948000004,
        0.27722258748,
        0.27758845648,
        0.28013705748,
        0.27140234448,
        0.27639508048,
        0.27922371148,
        0.28101619848000003,
        0.28669274948,
        0.28872218948
      ],
      "exit_codes": [
        0,
        0,
        0,
        0,
        0,
        0,
        0,
        0,
        0,
        0
      ]
    },
    {
      "command": "deno",
      "mean": 0.5571873294799999,
      "stddev": 0.016441896133904434,
      "median": 0.55098157798,
      "user": 0.50553244,
      "system": 0.56194956,
      "min": 0.53963679448,
      "max": 0.59257999248,
      "times": [
        0.56546190448,
        0.59257999248,
        0.54456552548,
        0.53963679448,
        0.57565201448,
        0.54196151648,
        0.56568745348,
        0.54720927348,
        0.55475388248,
        0.54436493748
      ],
      "exit_codes": [
        0,
        0,
        0,
        0,
        0,
        0,
        0,
        0,
        0,
        0
      ]
    }
  ]
}