{
  "results": [
    {
      "command": "npm",
      "mean": 3.7354698675,
      "stddev": 0.018779455123218707,
      "median": 3.7357259573999997,
      "user": 4.119336659999999,
      "system": 2.5986890399999996,
      "min": 3.6985507744,
      "max": 3.7637860774,
      "times": [
        3.7221677663999997,
        3.7345498054,
        3.7369021094,
        3.7601110463999996,
        3.7216956874,
        3.6985507744,
        3.7377757754,
        3.7527326134,
        3.7264270194,
        3.7637860774
      ],
      "exit_codes": [
        0,
        0,
        0,
        0,
        0,
        0,
        0,
        0,
        0,
        0
      ]
    },
    {
      "command": "snpm",
      "mean": 0.14857961220000002,
      "stddev": 0.003410043567208803,
      "median": 0.1474761524,
      "user": 0.03132186,
      "system": 0.11954974,
      "min": 0.1442163374,
      "max": 0.1541043934,
      "times": [
        0.14737871940000002,
        0.14622817440000002,
        0.1476474304,
        0.1469902924,
        0.1528495004,
        0.1536319374,
        0.1541043934,
        0.1442163374,
        0.14517575140000002,
        0.1475735854
      ],
      "exit_codes": [
        0,
        0,
        0,
        0,
        0,
        0,
        0,
        0,
        0,
        0
      ]
    },
    {
      "command": "yarn",
      "mean": 3.0309378431000003,
      "stddev": 0.48998255860539575,
      "median": 2.8804902844,
      "user": 2.9778067600000004,
      "system": 3.0394909399999994,
      "min": 2.8247561913999997,
      "max": 4.4990891074,
      "times": [
        2.8968201844,
        2.8547233664,
        2.8920235824,
        4.4990891074,
        2.8247561913999997,
        2.8918464494,
        2.8326395723999998,
        2.8890776504,
        2.8719029184,
        2.8564994084
      ],
      "exit_codes": [
        0,
        0,
        0,
        0,
        0,
        0,
        0,
        0,
        0,
        0
      ]
    },
    {
      "command": "berry",
      "mean": 3.1648679939,
      "stddev": 0.014821607980008542,
      "median": 3.1587684509,
      "user": 3.7641844600000005,
      "system": 1.65692934,
      "min": 3.1479905244,
      "max": 3.1927541363999996,
      "times": [
        3.1781816754,
        3.1617355554,
        3.1479905244,
        3.1516156064,
        3.1549387324,
        3.1839511824,
        3.1558013463999997,
        3.1509950254,
        3.1927541363999996,
        3.1707161544
      ],
      "exit_codes": [
        0,
        0,
        0,
        0,
        0,
        0,
        0,
        0,
        0,
        0
      ]
    },
    {
      "command": "pnpm",
      "mean": 1.3237060531,
      "stddev": 0.00885354382648119,
      "median": 1.3223666934000002,
      "user": 1.8784887599999998,
      "system": 0.67863714,
      "min": 1.3127866544,
      "max": 1.3381754964,
      "times": [
        1.3318442224,
        1.3318662114000002,
        1.3148891114,
        1.3211855934,
        1.3140851144,
        1.3235477934000002,
        1.3158268404,
        1.3328534934,
        1.3127866544,
        1.3381754964
      ],
      "exit_codes": [
        0,
        0,
        0,
        0,
        0,
        0,
        0,
        0,
        0,
        0
      ]
    },
    {
      "command": "vlt",
      "mean": 1.9901657663,
      "stddev": 0.0395410264810088,
      "median": 1.9848429519000002,
      "user": 2.2148108599999996,
      "system": 1.69825384,
      "min": 1.9494323894,
      "max": 2.0962288264,
      "times": [
        1.9946597584,
        1.9961624144,
        1.9750704954,
        2.0055863163999996,
        1.9573038024,
        1.9575277564,
        1.9860086384000002,
        1.9836772654000001,
        2.0962288264,
        1.9494323894
      ],
      "exit_codes": [
        0,
        0,
        0,
        0,
        0,
        0,
        0,
        0,
        0,
        0
      ]
    },
    {
      "command": "bun",
      "mean": 0.3100752106,
      "stddev": 0.0026975970459886616,
      "median": 0.3096985339,
      "user": 0.14695355999999998,
      "system": 0.26541614,
      "min": 0.30569521439999997,
      "max": 0.3167043884,
      "times": [
        0.3111856694,
        0.3087387324,
        0.3084084374,
        0.3095946484,
        0.3111141364,
        0.3098024194,
        0.30569521439999997,
        0.3086931624,
        0.31081529739999997,
        0.3167043884
      ],
      "exit_codes": [
        0,
        0,
        0,
        0,
        0,
        0,
        0,
        0,
        0,
        0
      ]
    },
    {
      "command": "deno",
      "mean": 0.5596717976000001,
      "stddev": 0.012052071655929635,
      "median": 0.5597042999,
      "user": 0.50608116,
      "system": 0.5653661400000001,
      "min": 0.5438272704000001,
      "max": 0.5747559014000001,
      "times": [
        0.5747559014000001,
        0.5717263864000001,
        0.5460990514,
        0.5521448704,
        0.5462513774000001,
        0.5515067144000001,
        0.5718416274000001,
        0.5713010474000001,
        0.5438272704000001,
        0.5672637294
      ],
      "exit_codes": [
        0,
        0,
        0,
        0,
        0,
        0,
        0,
        0,
        0,
        0
      ]
    }
  ]
}