{
  "results": [
    {
      "command": "npm",
      "mean": 3.6525693137,
      "stddev": 0.03296156239299767,
      "median": 3.6493982351999996,
      "user": 4.11792318,
      "system": 2.52328652,
      "min": 3.6063004057,
      "max": 3.7138206887,
      "times": [
        3.6570924327,
        3.6424824847,
        3.7138206887,
        3.6264506447,
        3.6127042826999998,
        3.6063004057,
        3.6396028336999997,
        3.6746832087,
        3.6563139856999998,
        3.6962421697
      ],
      "exit_codes": [
        0,
        0,
        0,
        0,
        0,
        0,
        0,
        0,
        0,
        0
      ]
    },
    {
      "command": "snpm",
      "mean": 0.15163516159999998,
      "stddev": 0.0063276124793306765,
      "median": 0.1516005242,
      "user": 0.02888938,
      "system": 0.12509061999999999,
      "min": 0.14455204670000002,
      "max": 0.1645750937,
      "times": [
        0.1464244147,
        0.14551293270000001,
        0.1645750937,
        0.1448187967,
        0.14455204670000002,
        0.1484643477,
        0.15491623370000002,
        0.1547367007,
        0.1562433597,
        0.15610768970000002
      ],
      "exit_codes": [
        0,
        0,
        0,
        0,
        0,
        0,
        0,
        0,
        0,
        0
      ]
    },
    {
      "command": "yarn",
      "mean": 2.7110964383999994,
      "stddev": 0.021306985239251376,
      "median": 2.7121336226999997,
      "user": 2.8694334800000005,
      "system": 2.89843182,
      "min": 2.6714541386999997,
      "max": 2.7423746906999997,
      "times": [
        2.7423746906999997,
        2.7072509756999996,
        2.7379362097,
        2.6714541386999997,
        2.7198440617,
        2.7001967256999997,
        2.7253425257,
        2.6822978106999997,
        2.7156752457,
        2.7085919997
      ],
      "exit_codes": [
        0,
        0,
        0,
        0,
        0,
        0,
        0,
        0,
        0,
        0
      ]
    },
    {
      "command": "berry",
      "mean": 3.012425637,
      "stddev": 0.016012467999460194,
      "median": 3.0125347746999998,
      "user": 3.69677118,
      "system": 1.58026092,
      "min": 2.9846882307,
      "max": 3.0437134227,
      "times": [
        3.0149137006999998,
        2.9973264506999997,
        2.9846882307,
        3.0079236977,
        3.0101558486999997,
        3.0247202016999997,
        3.0259349137,
        2.9981465187,
        3.0437134227,
        3.0167333846999997
      ],
      "exit_codes": [
        0,
        0,
        0,
        0,
        0,
        0,
        0,
        0,
        0,
        0
      ]
    },
    {
      "command": "pnpm",
      "mean": 1.2319267646,
      "stddev": 0.015357711550236167,
      "median": 1.2263283862,
      "user": 1.83898938,
      "system": 0.67634812,
      "min": 1.2141467797,
      "max": 1.2604463637,
      "times": [
        1.2394959537,
        1.2141467797,
        1.2252704107,
        1.2261036957,
        1.2200147467,
        1.2604463637,
        1.2265530767,
        1.2597152807,
        1.2266971037,
        1.2208242347
      ],
      "exit_codes": [
        0,
        0,
        0,
        0,
        0,
        0,
        0,
        0,
        0,
        0
      ]
    },
    {
      "command": "vlt",
      "mean": 1.8485225576999997,
      "stddev": 0.026810554672011135,
      "median": 1.8389612667000002,
      "user": 2.1250110799999997,
      "system": 1.64182642,
      "min": 1.8208498767,
      "max": 1.9214400827,
      "times": [
        1.8364246317000001,
        1.8626943447000002,
        1.8369887437,
        1.8208498767,
        1.8539811857000001,
        1.8306087237,
        1.8474678077,
        1.8409337897,
        1.9214400827,
        1.8338363907
      ],
      "exit_codes": [
        0,
        0,
        0,
        0,
        0,
        0,
        0,
        0,
        0,
        0
      ]
    },
    {
      "command": "bun",
      "mean": 0.30645467590000003,
      "stddev": 0.001453820321706979,
      "median": 0.30608419270000004,
      "user": 0.14823707999999997,
      "system": 0.25956181999999994,
      "min": 0.3043410247,
      "max": 0.30870264070000003,
      "times": [
        0.3047747857,
        0.3080762517,
        0.3051987707,
        0.30870264070000003,
        0.3057048257,
        0.30788586570000004,
        0.30637115470000004,
        0.3043410247,
        0.3076942087,
        0.30579723070000003
      ],
      "exit_codes": [
        0,
        0,
        0,
        0,
        0,
        0,
        0,
        0,
        0,
        0
      ]
    },
    {
      "command": "deno",
      "mean": 0.5650515373999999,
      "stddev": 0.018455044843770262,
      "median": 0.5617068477,
      "user": 0.51481228,
      "system": 0.56218432,
      "min": 0.5407871977,
      "max": 0.6117871757000001,
      "times": [
        0.5668835287,
        0.5557732367,
        0.5478308937,
        0.5651407347,
        0.5605431777000001,
        0.5628705177000001,
        0.5407871977,
        0.6117871757000001,
        0.5790187197000001,
        0.5598801917
      ],
      "exit_codes": [
        0,
        0,
        0,
        0,
        0,
        0,
        0,
        0,
        0,
        0
      ]
    }
  ]
}