{
  "results": [
    {
      "command": "npm",
      "mean": 3.3019778775399997,
      "stddev": 0.09560679373364017,
      "median": 3.28781282164,
      "user": 3.9165732400000004,
      "system": 1.79928918,
      "min": 3.14579798764,
      "max": 3.44678930964,
      "times": [
        3.14579798764,
        3.24458024064,
        3.27767158264,
        3.29795406064,
        3.30734880464,
        3.1994719056400003,
        3.44678930964,
        3.25789700464,
        3.39596623564,
        3.44630164364
      ],
      "exit_codes": [
        0,
        0,
        0,
        0,
        0,
        0,
        0,
        0,
        0,
        0
      ]
    },
    {
      "command": "snpm",
      "mean": 0.11414145154000002,
      "stddev": 0.004800456360979933,
      "median": 0.11451091714,
      "user": 0.029454940000000002,
      "system": 0.08739278,
      "min": 0.10714549664,
      "max": 0.12146239464000001,
      "times": [
        0.12146239464000001,
        0.10827505064000001,
        0.11946674264000001,
        0.10797341364,
        0.10714549664,
        0.11541044864000001,
        0.11361138564,
        0.11832562464,
        0.11305261464000001,
        0.11669134364
      ],
      "exit_codes": [
        0,
        0,
        0,
        0,
        0,
        0,
        0,
        0,
        0,
        0
      ]
    },
    {
      "command": "yarn",
      "mean": 2.7128237364400003,
      "stddev": 0.376139351139656,
      "median": 2.6158480546400003,
      "user": 2.877954439999999,
      "system": 2.0411017800000004,
      "min": 2.44817083064,
      "max": 3.82640045264,
      "times": [
        2.60902327364,
        2.64644455064,
        2.66250954164,
        2.52775776364,
        3.82640045264,
        2.61149014364,
        2.62554941164,
        2.44817083064,
        2.6202059656400003,
        2.55068543064
      ],
      "exit_codes": [
        0,
        0,
        0,
        0,
        0,
        0,
        0,
        0,
        0,
        0
      ]
    },
    {
      "command": "berry",
      "mean": 3.12341573554,
      "stddev": 0.10405603237077586,
      "median": 3.09210352864,
      "user": 3.8084396399999996,
      "system": 1.26204148,
      "min": 2.95985498164,
      "max": 3.2882686966400003,
      "times": [
        3.0942054156400003,
        3.08208258364,
        3.03009591064,
        3.11281165664,
        2.95985498164,
        3.05659979164,
        3.0900016416400002,
        3.2882686966400003,
        3.26226028464,
        3.2579763926400003
      ],
      "exit_codes": [
        0,
        0,
        0,
        0,
        0,
        0,
        0,
        0,
        0,
        0
      ]
    },
    {
      "command": "pnpm",
      "mean": 1.2680092846399997,
      "stddev": 0.03269553681316324,
      "median": 1.26889542364,
      "user": 1.8975647399999995,
      "system": 0.47412138,
      "min": 1.20949251964,
      "max": 1.3264467976399998,
      "times": [
        1.27036646864,
        1.20949251964,
        1.30595494964,
        1.24667586164,
        1.25130915264,
        1.27182432064,
        1.26742437864,
        1.2939505656399999,
        1.2366478316399998,
        1.3264467976399998
      ],
      "exit_codes": [
        0,
        0,
        0,
        0,
        0,
        0,
        0,
        0,
        0,
        0
      ]
    },
    {
      "command": "vlt",
      "mean": 1.77906585394,
      "stddev": 0.10444097774605332,
      "median": 1.80567498664,
      "user": 2.0697943399999996,
      "system": 1.17610548,
      "min": 1.62430724464,
      "max": 1.9541020136399998,
      "times": [
        1.82307446264,
        1.83087052764,
        1.90252803764,
        1.73686385564,
        1.6581582066399998,
        1.62430724464,
        1.64940421764,
        1.80564618164,
        1.9541020136399998,
        1.8057037916399998
      ],
      "exit_codes": [
        0,
        0,
        0,
        0,
        0,
        0,
        0,
        0,
        0,
        0
      ]
    },
    {
      "command": "bun",
      "mean": 0.18894798854,
      "stddev": 0.01049342542978109,
      "median": 0.18530578714,
      "user": 0.14724964,
      "system": 0.14926048000000003,
      "min": 0.17949706764000004,
      "max": 0.21665140264000002,
      "times": [
        0.18446380164000004,
        0.18521576364000003,
        0.18639178364000003,
        0.18324115664,
        0.17949706764000004,
        0.18539581064000002,
        0.17989394464000003,
        0.19137220164000002,
        0.19735695264000003,
        0.21665140264000002
      ],
      "exit_codes": [
        0,
        0,
        0,
        0,
        0,
        0,
        0,
        0,
        0,
        0
      ]
    },
    {
      "command": "deno",
      "mean": 0.49916988974,
      "stddev": 0.030488883225305324,
      "median": 0.48796247614000005,
      "user": 0.5083044400000001,
      "system": 0.38786748000000004,
      "min": 0.45873820064000004,
      "max": 0.54931943064,
      "times": [
        0.48542846564000003,
        0.53510935264,
        0.49049648664000006,
        0.47086777064,
        0.48477552864000006,
        0.49129810264000007,
        0.45873820064000004,
        0.54559556864,
        0.54931943064,
        0.48006999064000005
      ],
      "exit_codes": [
        0,
        0,
        0,
        0,
        0,
        0,
        0,
        0,
        0,
        0
      ]
    }
  ]
}