{
  "results": [
    {
      "command": "npm",
      "mean": 3.7036318661400003,
      "stddev": 0.04648480342380192,
      "median": 3.70177878454,
      "user": 4.187431259999999,
      "system": 2.5754786,
      "min": 3.62992813504,
      "max": 3.7838676550400003,
      "times": [
        3.6758431480400002,
        3.6361079820400004,
        3.73311206404,
        3.62992813504,
        3.6934110860400002,
        3.7552865950400003,
        3.69116897504,
        3.71014648304,
        3.7838676550400003,
        3.72744653804
      ],
      "exit_codes": [
        0,
        0,
        0,
        0,
        0,
        0,
        0,
        0,
        0,
        0
      ]
    },
    {
      "command": "snpm",
      "mean": 0.18749311084,
      "stddev": 0.006960147220535922,
      "median": 0.18777915754000002,
      "user": 0.03268906,
      "system": 0.1572569,
      "min": 0.17955146704000002,
      "max": 0.20099976504,
      "times": [
        0.18029733304,
        0.18008017804,
        0.18695235204000002,
        0.18860596304000002,
        0.17955146704000002,
        0.18099222404,
        0.19067949904,
        0.19128798704000002,
        0.20099976504,
        0.19548434004
      ],
      "exit_codes": [
        0,
        0,
        0,
        0,
        0,
        0,
        0,
        0,
        0,
        0
      ]
    },
    {
      "command": "yarn",
      "mean": 2.82349531644,
      "stddev": 0.11714566246079454,
      "median": 2.7945988570400004,
      "user": 2.96968216,
      "system": 2.9232875,
      "min": 2.70642407304,
      "max": 3.1402238340400004,
      "times": [
        2.80357288204,
        2.8740990350400004,
        2.8586315530400004,
        3.1402238340400004,
        2.70642407304,
        2.7407687050400003,
        2.81746887204,
        2.7310238840400003,
        2.7771154940400002,
        2.7856248320400003
      ],
      "exit_codes": [
        0,
        0,
        0,
        0,
        0,
        0,
        0,
        0,
        0,
        0
      ]
    },
    {
      "command": "berry",
      "mean": 3.0732890606399996,
      "stddev": 0.028986917274260164,
      "median": 3.0669206465400003,
      "user": 3.67571226,
      "system": 1.6046552999999997,
      "min": 3.0367588690400003,
      "max": 3.1289024000400003,
      "times": [
        3.1289024000400003,
        3.1253827690400002,
        3.0651372290400003,
        3.0687040640400003,
        3.06431700004,
        3.0367588690400003,
        3.0688751890400003,
        3.04845803104,
        3.0744211910400003,
        3.05193386404
      ],
      "exit_codes": [
        0,
        0,
        0,
        0,
        0,
        0,
        0,
        0,
        0,
        0
      ]
    },
    {
      "command": "pnpm",
      "mean": 1.30618291314,
      "stddev": 0.015749601855002248,
      "median": 1.30488221554,
      "user": 1.8974630599999998,
      "system": 0.6783263,
      "min": 1.28235161604,
      "max": 1.32976257504,
      "times": [
        1.32280939304,
        1.32063625704,
        1.28235161604,
        1.32976257504,
        1.29069624404,
        1.31943306804,
        1.28714753504,
        1.30031461204,
        1.29922801204,
        1.30944981904
      ],
      "exit_codes": [
        0,
        0,
        0,
        0,
        0,
        0,
        0,
        0,
        0,
        0
      ]
    },
    {
      "command": "vlt",
      "mean": 1.8901539577400002,
      "stddev": 0.017284623504986763,
      "median": 1.88982314104,
      "user": 2.1240623599999995,
      "system": 1.6976432,
      "min": 1.8585539710399999,
      "max": 1.91795313804,
      "times": [
        1.90592602304,
        1.91795313804,
        1.88375862704,
        1.88506529304,
        1.8946020430400001,
        1.90852413904,
        1.86751006104,
        1.88592046604,
        1.8585539710399999,
        1.8937258160400001
      ],
      "exit_codes": [
        0,
        0,
        0,
        0,
        0,
        0,
        0,
        0,
        0,
        0
      ]
    },
    {
      "command": "bun",
      "mean": 0.27964569044000004,
      "stddev": 0.004517570569077395,
      "median": 0.27884533154,
      "user": 0.14199755999999997,
      "system": 0.24349939999999998,
      "min": 0.27121972104000003,
      "max": 0.28816383304000004,
      "times": [
        0.28102323804,
        0.27877333004000004,
        0.28816383304000004,
        0.28162377404,
        0.27644296004,
        0.27891733304,
        0.27121972104000003,
        0.27645990004000004,
        0.27854686004,
        0.28528595504000004
      ],
      "exit_codes": [
        0,
        0,
        0,
        0,
        0,
        0,
        0,
        0,
        0,
        0
      ]
    },
    {
      "command": "deno",
      "mean": 0.57656967494,
      "stddev": 0.01911214296991507,
      "median": 0.5718953115400001,
      "user": 0.51947926,
      "system": 0.5722195,
      "min": 0.54538834404,
      "max": 0.6195084010399999,
      "times": [
        0.5944186540399999,
        0.57375984904,
        0.5620841450399999,
        0.5796005130399999,
        0.58573284504,
        0.6195084010399999,
        0.57003077404,
        0.5688358140399999,
        0.54538834404,
        0.5663374100399999
      ],
      "exit_codes": [
        0,
        0,
        0,
        0,
        0,
        0,
        0,
        0,
        0,
        0
      ]
    }
  ]
}