{
  "results": [
    {
      "command": "npm",
      "mean": 3.63141684088,
      "stddev": 0.014245863304660262,
      "median": 3.62878923018,
      "user": 4.0412588199999995,
      "system": 2.58803448,
      "min": 3.61063255368,
      "max": 3.65901183768,
      "times": [
        3.65901183768,
        3.64475339868,
        3.6243891336800003,
        3.61698684068,
        3.63318932668,
        3.61063255368,
        3.62327614168,
        3.63898252868,
        3.61977204768,
        3.64317459968
      ],
      "exit_codes": [
        0,
        0,
        0,
        0,
        0,
        0,
        0,
        0,
        0,
        0
      ]
    },
    {
      "command": "snpm",
      "mean": 0.18150105788,
      "stddev": 0.003377037134291537,
      "median": 0.18251998118,
      "user": 0.029748619999999996,
      "system": 0.15408567999999997,
      "min": 0.17698803568000002,
      "max": 0.18731875168000003,
      "times": [
        0.17877655168000003,
        0.18157024368000002,
        0.17698803568000002,
        0.17778791968000002,
        0.17735308968000002,
        0.18346971868000003,
        0.18409147668000003,
        0.18731875168000003,
        0.18381125068000004,
        0.18384354068000003
      ],
      "exit_codes": [
        0,
        0,
        0,
        0,
        0,
        0,
        0,
        0,
        0,
        0
      ]
    },
    {
      "command": "yarn",
      "mean": 2.7682970684800003,
      "stddev": 0.030203042243703508,
      "median": 2.7688127486800003,
      "user": 2.89989252,
      "system": 3.01962598,
      "min": 2.72576763268,
      "max": 2.83368941168,
      "times": [
        2.73862456868,
        2.76635086268,
        2.77485238768,
        2.78550165668,
        2.72576763268,
        2.74870816268,
        2.74245271568,
        2.77127463468,
        2.7957486516800003,
        2.83368941168
      ],
      "exit_codes": [
        0,
        0,
        0,
        0,
        0,
        0,
        0,
        0,
        0,
        0
      ]
    },
    {
      "command": "berry",
      "mean": 3.12537677008,
      "stddev": 0.0414009843053661,
      "median": 3.12294749468,
      "user": 3.7442934199999995,
      "system": 1.67417798,
      "min": 3.07371630768,
      "max": 3.2097559326800003,
      "times": [
        3.13562655568,
        3.13048499868,
        3.12346048568,
        3.18179320168,
        3.07787016768,
        3.11362941668,
        3.2097559326800003,
        3.12243450368,
        3.07371630768,
        3.08499613068
      ],
      "exit_codes": [
        0,
        0,
        0,
        0,
        0,
        0,
        0,
        0,
        0,
        0
      ]
    },
    {
      "command": "pnpm",
      "mean": 1.26394051798,
      "stddev": 0.022348056794440005,
      "median": 1.25969321418,
      "user": 1.9108206199999997,
      "system": 0.68179898,
      "min": 1.23989199268,
      "max": 1.31724332668,
      "times": [
        1.25079564368,
        1.26011657468,
        1.28851932368,
        1.26067656668,
        1.25158824068,
        1.23989199268,
        1.25926985368,
        1.31724332668,
        1.24047198168,
        1.27083167568
      ],
      "exit_codes": [
        0,
        0,
        0,
        0,
        0,
        0,
        0,
        0,
        0,
        0
      ]
    },
    {
      "command": "vlt",
      "mean": 1.89731782068,
      "stddev": 0.02326611492519102,
      "median": 1.89481515968,
      "user": 2.15226182,
      "system": 1.7152661799999998,
      "min": 1.86870070768,
      "max": 1.9440257276800001,
      "times": [
        1.90830429068,
        1.92725017068,
        1.9440257276800001,
        1.86954915868,
        1.86870070768,
        1.89717382968,
        1.89121666368,
        1.87381126268,
        1.89245648968,
        1.9006899056800002
      ],
      "exit_codes": [
        0,
        0,
        0,
        0,
        0,
        0,
        0,
        0,
        0,
        0
      ]
    },
    {
      "command": "bun",
      "mean": 0.28278718558000004,
      "stddev": 0.007850831517020197,
      "median": 0.28101323818,
      "user": 0.14152541999999999,
      "system": 0.24903068,
      "min": 0.27726994568,
      "max": 0.30575774768,
      "times": [
        0.30575774768,
        0.28096095868000004,
        0.27983993968000004,
        0.28221236768,
        0.27726994568,
        0.27881128868000005,
        0.27772567668000003,
        0.28106551768000004,
        0.28155718468,
        0.28267122868000005
      ],
      "exit_codes": [
        0,
        0,
        0,
        0,
        0,
        0,
        0,
        0,
        0,
        0
      ]
    },
    {
      "command": "deno",
      "mean": 0.5684834214800001,
      "stddev": 0.02025656709342379,
      "median": 0.5629071531800001,
      "user": 0.51033742,
      "system": 0.57038108,
      "min": 0.54760614068,
      "max": 0.62159068368,
      "times": [
        0.55795492968,
        0.54760614068,
        0.5843823396800001,
        0.62159068368,
        0.55144202568,
        0.5663175676800001,
        0.55949673868,
        0.5663347976800001,
        0.57104331068,
        0.55866568068
      ],
      "exit_codes": [
        0,
        0,
        0,
        0,
        0,
        0,
        0,
        0,
        0,
        0
      ]
    }
  ]
}