{
  "results": [
    {
      "command": "npm",
      "mean": 3.5134788329199997,
      "stddev": 0.014374430345731097,
      "median": 3.51165548752,
      "user": 3.907905219999999,
      "system": 2.49500154,
      "min": 3.49416459102,
      "max": 3.5392724810200002,
      "times": [
        3.51596376602,
        3.49529124302,
        3.52479393302,
        3.53237187102,
        3.51304128202,
        3.49416459102,
        3.50956115502,
        3.5000583140200003,
        3.51026969302,
        3.5392724810200002
      ],
      "exit_codes": [
        0,
        0,
        0,
        0,
        0,
        0,
        0,
        0,
        0,
        0
      ]
    },
    {
      "command": "snpm",
      "mean": 0.18103979822,
      "stddev": 0.004372205761339274,
      "median": 0.18097978552,
      "user": 0.03017742,
      "system": 0.15308444,
      "min": 0.17569740102,
      "max": 0.18700738102,
      "times": [
        0.17675754102000002,
        0.18395119402000001,
        0.17998386302,
        0.17663830902,
        0.17598835702,
        0.17569740102,
        0.18197570802000002,
        0.18639463502,
        0.18600359302,
        0.18700738102
      ],
      "exit_codes": [
        0,
        0,
        0,
        0,
        0,
        0,
        0,
        0,
        0,
        0
      ]
    },
    {
      "command": "yarn",
      "mean": 2.64198169352,
      "stddev": 0.024473034236394187,
      "median": 2.6435646445200005,
      "user": 2.78835592,
      "system": 2.8765879400000003,
      "min": 2.5984579020200003,
      "max": 2.6813664800200003,
      "times": [
        2.6355206890200003,
        2.66523947502,
        2.6581567340200003,
        2.63173828602,
        2.5984579020200003,
        2.6813664800200003,
        2.61807756302,
        2.6516086000200003,
        2.6612872160200003,
        2.61836399002
      ],
      "exit_codes": [
        0,
        0,
        0,
        0,
        0,
        0,
        0,
        0,
        0,
        0
      ]
    },
    {
      "command": "berry",
      "mean": 2.97277013252,
      "stddev": 0.01492037360314276,
      "median": 2.97307195202,
      "user": 3.6369331199999997,
      "system": 1.5748386399999998,
      "min": 2.9488502320200003,
      "max": 3.0064245450200002,
      "times": [
        2.97485000602,
        3.0064245450200002,
        2.96580201002,
        2.96403178002,
        2.98588890002,
        2.97281199302,
        2.95859705902,
        2.9488502320200003,
        2.9733319110200003,
        2.9771128890200003
      ],
      "exit_codes": [
        0,
        0,
        0,
        0,
        0,
        0,
        0,
        0,
        0,
        0
      ]
    },
    {
      "command": "pnpm",
      "mean": 1.2003131053200002,
      "stddev": 0.009633902118386327,
      "median": 1.19684160502,
      "user": 1.82004692,
      "system": 0.67410574,
      "min": 1.18563768502,
      "max": 1.2157923620200002,
      "times": [
        1.2157923620200002,
        1.2066801280200001,
        1.19594163202,
        1.19774157802,
        1.1893862290200001,
        1.1956143320200001,
        1.19512426302,
        1.2069608820200002,
        1.18563768502,
        1.21425196202
      ],
      "exit_codes": [
        0,
        0,
        0,
        0,
        0,
        0,
        0,
        0,
        0,
        0
      ]
    },
    {
      "command": "vlt",
      "mean": 1.8050365407200002,
      "stddev": 0.01436723966402155,
      "median": 1.8062037555200001,
      "user": 2.0518172199999993,
      "system": 1.6371776399999998,
      "min": 1.7774076620200001,
      "max": 1.82828811102,
      "times": [
        1.8097938350200002,
        1.8033772170200002,
        1.80498580702,
        1.7774076620200001,
        1.82828811102,
        1.81632855902,
        1.8074217040200002,
        1.8016052770200002,
        1.8171629340200002,
        1.7839943010200001
      ],
      "exit_codes": [
        0,
        0,
        0,
        0,
        0,
        0,
        0,
        0,
        0,
        0
      ]
    },
    {
      "command": "bun",
      "mean": 0.27724687091999994,
      "stddev": 0.002236891024702125,
      "median": 0.27702517752,
      "user": 0.13771861999999999,
      "system": 0.24486333999999998,
      "min": 0.27344217202,
      "max": 0.28231470802,
      "times": [
        0.27344217202,
        0.27717804502,
        0.28231470802,
        0.27687231002,
        0.27780669302,
        0.27619253002,
        0.27950374802,
        0.27605575302,
        0.27590780902,
        0.27719494102000003
      ],
      "exit_codes": [
        0,
        0,
        0,
        0,
        0,
        0,
        0,
        0,
        0,
        0
      ]
    },
    {
      "command": "deno",
      "mean": 0.5578576613200001,
      "stddev": 0.014187044721717484,
      "median": 0.55996943052,
      "user": 0.51445382,
      "system": 0.56968194,
      "min": 0.52453889402,
      "max": 0.5798816050200001,
      "times": [
        0.5685968290200001,
        0.5798816050200001,
        0.55639775002,
        0.52453889402,
        0.5478552520200001,
        0.5644344050200001,
        0.5613644680200001,
        0.5669285540200001,
        0.55857439302,
        0.5500044630200001
      ],
      "exit_codes": [
        0,
        0,
        0,
        0,
        0,
        0,
        0,
        0,
        0,
        0
      ]
    }
  ]
}