{
  "results": [
    {
      "command": "npm",
      "mean": 4.280385535240001,
      "stddev": 0.01773731287469417,
      "median": 4.2769014943400006,
      "user": 4.1126769,
      "system": 2.9626674,
      "min": 4.2612047653400005,
      "max": 4.31737405634,
      "times": [
        4.28275481334,
        4.31737405634,
        4.292448584340001,
        4.2612047653400005,
        4.263901173340001,
        4.261213751340001,
        4.2830344913400005,
        4.30083898034,
        4.27003656134,
        4.271048175340001
      ],
      "exit_codes": [
        0,
        0,
        0,
        0,
        0,
        0,
        0,
        0,
        0,
        0
      ]
    },
    {
      "command": "snpm",
      "mean": 0.11000645824,
      "stddev": 0.002814264098324262,
      "median": 0.10916848634000001,
      "user": 0.024775400000000003,
      "system": 0.08756349999999999,
      "min": 0.10581236134000001,
      "max": 0.11527134334,
      "times": [
        0.10581236134000001,
        0.10866830634,
        0.10888965634,
        0.11171312534,
        0.10759498934,
        0.10728729334,
        0.10944731634,
        0.11277743034,
        0.11527134334,
        0.11260276034
      ],
      "exit_codes": [
        0,
        0,
        0,
        0,
        0,
        0,
        0,
        0,
        0,
        0
      ]
    },
    {
      "command": "yarn",
      "mean": 2.38174917354,
      "stddev": 0.05884329549127712,
      "median": 2.38104989134,
      "user": 2.4298490000000004,
      "system": 2.7173267,
      "min": 2.31979447534,
      "max": 2.53009194834,
      "times": [
        2.39017149834,
        2.40412249134,
        2.37649234734,
        2.53009194834,
        2.32344050834,
        2.31979447534,
        2.38560743534,
        2.35350532634,
        2.32504686634,
        2.40921883834
      ],
      "exit_codes": [
        0,
        0,
        0,
        0,
        0,
        0,
        0,
        0,
        0,
        0
      ]
    },
    {
      "command": "berry",
      "mean": 2.5165646782400004,
      "stddev": 0.02213649515272651,
      "median": 2.52094031534,
      "user": 2.9273669,
      "system": 1.4018658000000002,
      "min": 2.46457529534,
      "max": 2.54852090134,
      "times": [
        2.54852090134,
        2.46457529534,
        2.53002104134,
        2.53074740434,
        2.49960432834,
        2.50231659934,
        2.5318845153400003,
        2.51706384834,
        2.52481678234,
        2.51609606634
      ],
      "exit_codes": [
        0,
        0,
        0,
        0,
        0,
        0,
        0,
        0,
        0,
        0
      ]
    },
    {
      "command": "pnpm",
      "mean": 1.0923829547400001,
      "stddev": 0.02103722159887938,
      "median": 1.08919662584,
      "user": 1.6481393999999998,
      "system": 0.5871488999999999,
      "min": 1.06478969834,
      "max": 1.13718661434,
      "times": [
        1.07377402034,
        1.06478969834,
        1.08715613634,
        1.07652890334,
        1.09527317934,
        1.09469861034,
        1.12217494734,
        1.13718661434,
        1.08101032234,
        1.09123711534
      ],
      "exit_codes": [
        0,
        0,
        0,
        0,
        0,
        0,
        0,
        0,
        0,
        0
      ]
    },
    {
      "command": "vlt",
      "mean": 1.8747853558399998,
      "stddev": 0.012030975095947555,
      "median": 1.87584877934,
      "user": 1.9447478,
      "system": 1.5646697,
      "min": 1.85251285534,
      "max": 1.89380825334,
      "times": [
        1.8718571053400002,
        1.87984045334,
        1.8696236913400002,
        1.89380825334,
        1.86764746734,
        1.86062865634,
        1.85251285534,
        1.88064795634,
        1.88374561334,
        1.88754150634
      ],
      "exit_codes": [
        0,
        0,
        0,
        0,
        0,
        0,
        0,
        0,
        0,
        0
      ]
    },
    {
      "command": "bun",
      "mean": 0.20183585814,
      "stddev": 0.0005352960265071646,
      "median": 0.20174406034000003,
      "user": 0.014252499999999996,
      "system": 0.1931568,
      "min": 0.20115694634000003,
      "max": 0.20308323134000003,
      "times": [
        0.20237131934000002,
        0.20140106134000002,
        0.20173852034000003,
        0.20181052134000002,
        0.20205277434000002,
        0.20169597634000003,
        0.20308323134000003,
        0.20115694634000003,
        0.20129863034000003,
        0.20174960034000003
      ],
      "exit_codes": [
        0,
        0,
        0,
        0,
        0,
        0,
        0,
        0,
        0,
        0
      ]
    },
    {
      "command": "deno",
      "mean": 0.39862142854000004,
      "stddev": 0.010500729500661802,
      "median": 0.39812586634,
      "user": 0.29191939999999994,
      "system": 0.4806903,
      "min": 0.37927119734,
      "max": 0.42199844834,
      "times": [
        0.39982300134,
        0.39543177234,
        0.42199844834,
        0.39362204634000003,
        0.39642873134,
        0.37927119734,
        0.40236988434,
        0.40321735334000003,
        0.40409885134,
        0.38995299934
      ],
      "exit_codes": [
        0,
        0,
        0,
        0,
        0,
        0,
        0,
        0,
        0,
        0
      ]
    }
  ]
}