{
  "results": [
    {
      "command": "npm",
      "mean": 4.2138373821199995,
      "stddev": 0.017404364715526536,
      "median": 4.215381944320001,
      "user": 4.02260102,
      "system": 2.9414016600000004,
      "min": 4.19148627182,
      "max": 4.24890269682,
      "times": [
        4.19713108782,
        4.23134617582,
        4.24890269682,
        4.22260653682,
        4.21256426582,
        4.1933580278200004,
        4.21819962282,
        4.20176208182,
        4.22101705382,
        4.19148627182
      ],
      "exit_codes": [
        0,
        0,
        0,
        0,
        0,
        0,
        0,
        0,
        0,
        0
      ]
    },
    {
      "command": "snpm",
      "mean": 0.10667259892,
      "stddev": 0.0015518682252438486,
      "median": 0.10625058732,
      "user": 0.026251919999999995,
      "system": 0.08266356,
      "min": 0.10491495482,
      "max": 0.11014389282,
      "times": [
        0.11014389282,
        0.10905847482,
        0.10491495482,
        0.10625922482,
        0.10645390482,
        0.10547820982,
        0.10624194982,
        0.10615127482,
        0.10638366782,
        0.10564043482
      ],
      "exit_codes": [
        0,
        0,
        0,
        0,
        0,
        0,
        0,
        0,
        0,
        0
      ]
    },
    {
      "command": "yarn",
      "mean": 2.4688271585199995,
      "stddev": 0.27895539505084066,
      "median": 2.33815112932,
      "user": 2.36061622,
      "system": 2.72277606,
      "min": 2.3046478608200003,
      "max": 3.03411711782,
      "times": [
        2.34700472982,
        2.35088001682,
        2.32187688182,
        3.03411711782,
        3.01723273482,
        2.3046478608200003,
        2.32929752882,
        2.35656422782,
        2.32123339282,
        2.30541709382
      ],
      "exit_codes": [
        0,
        0,
        0,
        0,
        0,
        0,
        0,
        0,
        0,
        0
      ]
    },
    {
      "command": "berry",
      "mean": 2.47932205802,
      "stddev": 0.021711809388869876,
      "median": 2.47370365882,
      "user": 2.89384962,
      "system": 1.40535566,
      "min": 2.44903960082,
      "max": 2.5211403848200002,
      "times": [
        2.5109399428200003,
        2.49534195682,
        2.46234032482,
        2.46745177382,
        2.4741402738200002,
        2.47326704382,
        2.46213154482,
        2.47742773382,
        2.44903960082,
        2.5211403848200002
      ],
      "exit_codes": [
        0,
        0,
        0,
        0,
        0,
        0,
        0,
        0,
        0,
        0
      ]
    },
    {
      "command": "pnpm",
      "mean": 1.07240714722,
      "stddev": 0.018867826078491575,
      "median": 1.06948242082,
      "user": 1.6348745200000003,
      "system": 0.5901972599999998,
      "min": 1.0513780728200002,
      "max": 1.1105686438200002,
      "times": [
        1.0748938838200002,
        1.05268714082,
        1.08700930582,
        1.05397152882,
        1.0572805408200001,
        1.1105686438200002,
        1.0513780728200002,
        1.0816524788200002,
        1.06407095782,
        1.09055891882
      ],
      "exit_codes": [
        0,
        0,
        0,
        0,
        0,
        0,
        0,
        0,
        0,
        0
      ]
    },
    {
      "command": "vlt",
      "mean": 1.8538664602200001,
      "stddev": 0.01835913631262082,
      "median": 1.86282873432,
      "user": 1.92233732,
      "system": 1.56155716,
      "min": 1.82326632482,
      "max": 1.8789118718200002,
      "times": [
        1.83234009382,
        1.8712718758200002,
        1.8337162148200001,
        1.8789118718200002,
        1.8632699318200001,
        1.86581910682,
        1.86238753682,
        1.84098252782,
        1.86669911782,
        1.82326632482
      ],
      "exit_codes": [
        0,
        0,
        0,
        0,
        0,
        0,
        0,
        0,
        0,
        0
      ]
    },
    {
      "command": "bun",
      "mean": 0.20118311691999996,
      "stddev": 0.0009263480517156053,
      "median": 0.20140525082,
      "user": 0.014584719999999995,
      "system": 0.19227186,
      "min": 0.19951847682,
      "max": 0.20231376782000002,
      "times": [
        0.20220629982000002,
        0.20231376782000002,
        0.20172034582,
        0.20093100582,
        0.20167563082,
        0.19951847682,
        0.19996655782,
        0.20034311482,
        0.20202109882000002,
        0.20113487082
      ],
      "exit_codes": [
        0,
        0,
        0,
        0,
        0,
        0,
        0,
        0,
        0,
        0
      ]
    },
    {
      "command": "deno",
      "mean": 0.3943866610200001,
      "stddev": 0.012345897654909989,
      "median": 0.39111604282,
      "user": 0.2939456199999999,
      "system": 0.47514435999999993,
      "min": 0.37277348982,
      "max": 0.42138107182000006,
      "times": [
        0.42138107182000006,
        0.39888832682,
        0.37277348982,
        0.39049864582000005,
        0.39173343982000003,
        0.39716328982000004,
        0.3890619228200001,
        0.40686152182000007,
        0.38952065882000003,
        0.38598424282000005
      ],
      "exit_codes": [
        0,
        0,
        0,
        0,
        0,
        0,
        0,
        0,
        0,
        0
      ]
    }
  ]
}