{
  "results": [
    {
      "command": "npm",
      "mean": 3.5356649229799997,
      "stddev": 0.03025053322919346,
      "median": 3.54259342208,
      "user": 3.57492418,
      "system": 1.89122138,
      "min": 3.47410809008,
      "max": 3.58070173708,
      "times": [
        3.54239805308,
        3.58070173708,
        3.48978697608,
        3.47410809008,
        3.52726889708,
        3.55218788908,
        3.56188941508,
        3.54331721008,
        3.54278879108,
        3.54220217108
      ],
      "exit_codes": [
        0,
        0,
        0,
        0,
        0,
        0,
        0,
        0,
        0,
        0
      ]
    },
    {
      "command": "snpm",
      "mean": 0.07321772948000001,
      "stddev": 0.0035529546302691855,
      "median": 0.07329664258,
      "user": 0.02518398,
      "system": 0.050440280000000004,
      "min": 0.06895081808,
      "max": 0.08158043108,
      "times": [
        0.07382484508,
        0.08158043108,
        0.07442408508000001,
        0.07493910208,
        0.07531549708,
        0.06895081808,
        0.07008340808,
        0.07276844008,
        0.07012458808,
        0.07016608008
      ],
      "exit_codes": [
        0,
        0,
        0,
        0,
        0,
        0,
        0,
        0,
        0,
        0
      ]
    },
    {
      "command": "yarn",
      "mean": 2.3024190242800002,
      "stddev": 0.5561675582754897,
      "median": 2.1192918885800003,
      "user": 2.2178131800000003,
      "system": 1.7536360799999997,
      "min": 2.03288626608,
      "max": 3.96289809508,
      "times": [
        2.17202377508,
        2.09038276608,
        2.18806860408,
        2.20330550608,
        3.96289809508,
        2.03288626608,
        2.07674828108,
        2.14588617908,
        2.09269759808,
        2.05929317208
      ],
      "exit_codes": [
        0,
        0,
        0,
        0,
        0,
        0,
        0,
        0,
        0,
        0
      ]
    },
    {
      "command": "berry",
      "mean": 2.37524132418,
      "stddev": 0.032326605875783995,
      "median": 2.3764593110799996,
      "user": 2.75431418,
      "system": 0.96148938,
      "min": 2.32560836908,
      "max": 2.43675695608,
      "times": [
        2.35669173008,
        2.33875079308,
        2.3761214970799998,
        2.43675695608,
        2.39479309808,
        2.38512431808,
        2.37679712508,
        2.32560836908,
        2.3494203370799998,
        2.41234901808
      ],
      "exit_codes": [
        0,
        0,
        0,
        0,
        0,
        0,
        0,
        0,
        0,
        0
      ]
    },
    {
      "command": "pnpm",
      "mean": 1.0535068027799999,
      "stddev": 0.012794814681974423,
      "median": 1.0517588140799998,
      "user": 1.5995693800000002,
      "system": 0.36537507999999996,
      "min": 1.03208986808,
      "max": 1.07753981308,
      "times": [
        1.05141920308,
        1.05204530708,
        1.04443140008,
        1.0431347390799999,
        1.03208986808,
        1.05255215408,
        1.07313659408,
        1.0514723210799999,
        1.05724662808,
        1.07753981308
      ],
      "exit_codes": [
        0,
        0,
        0,
        0,
        0,
        0,
        0,
        0,
        0,
        0
      ]
    },
    {
      "command": "vlt",
      "mean": 1.4744527779799999,
      "stddev": 0.016752842724029784,
      "median": 1.47128622908,
      "user": 1.5658406799999998,
      "system": 0.98616948,
      "min": 1.45062415408,
      "max": 1.50455319308,
      "times": [
        1.46889054608,
        1.4561375240799999,
        1.4713735910799999,
        1.46319196008,
        1.47816022808,
        1.47119886708,
        1.5026458160799998,
        1.45062415408,
        1.50455319308,
        1.47775190008
      ],
      "exit_codes": [
        0,
        0,
        0,
        0,
        0,
        0,
        0,
        0,
        0,
        0
      ]
    },
    {
      "command": "bun",
      "mean": 0.10814467807999999,
      "stddev": 0.011395720064982838,
      "median": 0.10362872558,
      "user": 0.013088279999999999,
      "system": 0.10048987999999999,
      "min": 0.10262775208000001,
      "max": 0.14106291308000002,
      "times": [
        0.10262775208000001,
        0.10272626608,
        0.10376001008,
        0.10306140808,
        0.10320021208,
        0.10386414108,
        0.10408702808,
        0.11355960908,
        0.14106291308000002,
        0.10349744108
      ],
      "exit_codes": [
        0,
        0,
        0,
        0,
        0,
        0,
        0,
        0,
        0,
        0
      ]
    },
    {
      "command": "deno",
      "mean": 0.31471128128,
      "stddev": 0.009963658577988204,
      "median": 0.31496008358,
      "user": 0.27815027999999997,
      "system": 0.29813907999999995,
      "min": 0.30054435608,
      "max": 0.33135859508,
      "times": [
        0.32806639508,
        0.31433982208,
        0.30054435608,
        0.31077815408,
        0.31588951908,
        0.30402016708,
        0.33135859508,
        0.31558034508,
        0.32327603708,
        0.30325942208
      ],
      "exit_codes": [
        0,
        0,
        0,
        0,
        0,
        0,
        0,
        0,
        0,
        0
      ]
    }
  ]
}