{
  "results": [
    {
      "command": "npm",
      "mean": 1.0434806131799998,
      "stddev": 0.005172314098542431,
      "median": 1.0434539054799998,
      "user": 1.0565247,
      "system": 0.56374328,
      "min": 1.0359056979799999,
      "max": 1.0514783909799998,
      "times": [
        1.0428105349799999,
        1.03645455498,
        1.04016328398,
        1.0440972759799998,
        1.04483633398,
        1.0484595579799998,
        1.05038626398,
        1.0514783909799998,
        1.0359056979799999,
        1.0402142369799998
      ],
      "exit_codes": [
        0,
        0,
        0,
        0,
        0,
        0,
        0,
        0,
        0,
        0
      ]
    },
    {
      "command": "snpm",
      "mean": 0.039933182479999996,
      "stddev": 0.0004738900100044837,
      "median": 0.03985706748,
      "user": 0.018011199999999998,
      "system": 0.024192579999999998,
      "min": 0.03918550898,
      "max": 0.04073062398,
      "times": [
        0.03992152098,
        0.04036124898,
        0.04031315898,
        0.039742528980000004,
        0.04073062398,
        0.03918550898,
        0.03939657898,
        0.03950885198,
        0.04037918898,
        0.03979261398
      ],
      "exit_codes": [
        0,
        0,
        0,
        0,
        0,
        0,
        0,
        0,
        0,
        0
      ]
    },
    {
      "command": "yarn",
      "mean": 0.70769246448,
      "stddev": 0.01196895264768676,
      "median": 0.70537991848,
      "user": 0.6744765,
      "system": 0.51615248,
      "min": 0.69201354798,
      "max": 0.72951093298,
      "times": [
        0.7074945409800001,
        0.69201354798,
        0.7005533189800001,
        0.7113845699800001,
        0.72951093298,
        0.6964479329800001,
        0.71416791398,
        0.7258016689800001,
        0.69628492198,
        0.7032652959800001
      ],
      "exit_codes": [
        0,
        0,
        0,
        0,
        0,
        0,
        0,
        0,
        0,
        0
      ]
    },
    {
      "command": "berry",
      "mean": 1.1072459570799997,
      "stddev": 0.010245318068182995,
      "median": 1.1080640489799998,
      "user": 1.2675502,
      "system": 0.3971874799999999,
      "min": 1.08654158698,
      "max": 1.1243914849799999,
      "times": [
        1.09810923798,
        1.1074726529799999,
        1.1043391009799999,
        1.1214674809799998,
        1.1243914849799999,
        1.1026411139799999,
        1.1096874099799998,
        1.08654158698,
        1.10865544498,
        1.1091540569799998
      ],
      "exit_codes": [
        0,
        0,
        0,
        0,
        0,
        0,
        0,
        0,
        0,
        0
      ]
    },
    {
      "command": "pnpm",
      "mean": 0.71620963198,
      "stddev": 0.017052304488556866,
      "median": 0.7165789734800001,
      "user": 0.9378122000000001,
      "system": 0.21660207999999997,
      "min": 0.68801866598,
      "max": 0.7407167559800001,
      "times": [
        0.7187214819800001,
        0.7286082149800001,
        0.71443646498,
        0.6998762729800001,
        0.68801866598,
        0.72694054198,
        0.6987406419800001,
        0.7407167559800001,
        0.70614438398,
        0.7398928949800001
      ],
      "exit_codes": [
        0,
        0,
        0,
        0,
        0,
        0,
        0,
        0,
        0,
        0
      ]
    },
    {
      "command": "vlt",
      "mean": 0.5501063807800001,
      "stddev": 0.005718035185740848,
      "median": 0.54755671448,
      "user": 0.5699207,
      "system": 0.34465367999999996,
      "min": 0.5451355199800001,
      "max": 0.56166505598,
      "times": [
        0.5451355199800001,
        0.5526147599800001,
        0.5459485739800001,
        0.54557941598,
        0.54597519998,
        0.56166505598,
        0.55935540898,
        0.5491382289800001,
        0.54552107598,
        0.55013056798
      ],
      "exit_codes": [
        0,
        0,
        0,
        0,
        0,
        0,
        0,
        0,
        0,
        0
      ]
    },
    {
      "command": "bun",
      "mean": 0.03171478378,
      "stddev": 0.0002196202590075886,
      "median": 0.03170304548,
      "user": 0.0067316,
      "system": 0.03050258,
      "min": 0.03136399898,
      "max": 0.03210034098,
      "times": [
        0.03193996298,
        0.03180645098,
        0.03192745998,
        0.03154380898,
        0.03136399898,
        0.031594603980000004,
        0.03170434598,
        0.03210034098,
        0.03146511998,
        0.03170174498
      ],
      "exit_codes": [
        0,
        0,
        0,
        0,
        0,
        0,
        0,
        0,
        0,
        0
      ]
    },
    {
      "command": "deno",
      "mean": 0.18941606538000003,
      "stddev": 0.005835486087589947,
      "median": 0.19039257798000003,
      "user": 0.1729519,
      "system": 0.13688257999999998,
      "min": 0.17838191898000003,
      "max": 0.19979347798000002,
      "times": [
        0.19024879198000003,
        0.18715520398000002,
        0.17838191898000003,
        0.18338726298000002,
        0.19319484198,
        0.19226933198,
        0.18484310598,
        0.19053636398,
        0.19435035398000003,
        0.19979347798000002
      ],
      "exit_codes": [
        0,
        0,
        0,
        0,
        0,
        0,
        0,
        0,
        0,
        0
      ]
    }
  ]
}