{
  "results": [
    {
      "command": "npm",
      "mean": 1.06515310628,
      "stddev": 0.005945392710056911,
      "median": 1.06659493038,
      "user": 1.0604623399999997,
      "system": 0.5880157799999999,
      "min": 1.05562181738,
      "max": 1.07462147138,
      "times": [
        1.06013150538,
        1.0699789933800001,
        1.06079030838,
        1.05562181738,
        1.06848822938,
        1.07035560138,
        1.07462147138,
        1.05789594738,
        1.06470163138,
        1.06894555738
      ],
      "exit_codes": [
        0,
        0,
        0,
        0,
        0,
        0,
        0,
        0,
        0,
        0
      ]
    },
    {
      "command": "snpm",
      "mean": 0.03985256108,
      "stddev": 0.0003571657454448984,
      "median": 0.039982253380000006,
      "user": 0.01800504,
      "system": 0.024089480000000003,
      "min": 0.039201234380000005,
      "max": 0.040221685380000004,
      "times": [
        0.039201234380000005,
        0.039875130380000005,
        0.040075209380000004,
        0.039934597380000006,
        0.03950990638,
        0.040156232380000004,
        0.040221685380000004,
        0.04020833538,
        0.040029909380000006,
        0.039313370380000004
      ],
      "exit_codes": [
        0,
        0,
        0,
        0,
        0,
        0,
        0,
        0,
        0,
        0
      ]
    },
    {
      "command": "yarn",
      "mean": 0.74891521538,
      "stddev": 0.09223755032029111,
      "median": 0.71629076938,
      "user": 0.67648474,
      "system": 0.53046228,
      "min": 0.71059112038,
      "max": 1.02489294038,
      "times": [
        0.73245026438,
        0.7168447963800001,
        0.7288762843800001,
        0.7151662633800001,
        0.71059112038,
        0.71096144638,
        0.7157367423800001,
        0.71805290038,
        0.71557939538,
        1.02489294038
      ],
      "exit_codes": [
        0,
        0,
        0,
        0,
        0,
        0,
        0,
        0,
        0,
        0
      ]
    },
    {
      "command": "berry",
      "mean": 1.08509815428,
      "stddev": 0.010604506992149612,
      "median": 1.08275025338,
      "user": 1.2638929399999999,
      "system": 0.39642958,
      "min": 1.07367311738,
      "max": 1.11244974438,
      "times": [
        1.08463924238,
        1.08734131538,
        1.08086126438,
        1.07805154138,
        1.07916550638,
        1.11244974438,
        1.0918901193800001,
        1.08716413138,
        1.07367311738,
        1.0757455603800001
      ],
      "exit_codes": [
        0,
        0,
        0,
        0,
        0,
        0,
        0,
        0,
        0,
        0
      ]
    },
    {
      "command": "pnpm",
      "mean": 0.68064005508,
      "stddev": 0.01065331012516096,
      "median": 0.67775100338,
      "user": 0.9306905399999998,
      "system": 0.21407737999999998,
      "min": 0.6679769643800001,
      "max": 0.7016687383800001,
      "times": [
        0.6679769643800001,
        0.6778729223800001,
        0.6684760913800001,
        0.7016687383800001,
        0.68526491838,
        0.6729852083800001,
        0.6952871113800001,
        0.68558136138,
        0.6736581503800001,
        0.67762908438
      ],
      "exit_codes": [
        0,
        0,
        0,
        0,
        0,
        0,
        0,
        0,
        0,
        0
      ]
    },
    {
      "command": "vlt",
      "mean": 0.57367605538,
      "stddev": 0.00785613781478286,
      "median": 0.57213564788,
      "user": 0.5847421399999999,
      "system": 0.35152988,
      "min": 0.5591739033800001,
      "max": 0.5915503983800001,
      "times": [
        0.5591739033800001,
        0.5706964563800001,
        0.5775686803800001,
        0.57276859538,
        0.5915503983800001,
        0.5715027003800001,
        0.5769258833800001,
        0.5684374013800001,
        0.57094621438,
        0.5771903203800001
      ],
      "exit_codes": [
        0,
        0,
        0,
        0,
        0,
        0,
        0,
        0,
        0,
        0
      ]
    },
    {
      "command": "bun",
      "mean": 0.03176621308000001,
      "stddev": 0.0002057991917253556,
      "median": 0.031761588880000004,
      "user": 0.0071943400000000005,
      "system": 0.03011068,
      "min": 0.031478218380000006,
      "max": 0.03223004438,
      "times": [
        0.03223004438,
        0.03179751438,
        0.03167557138,
        0.03177018938,
        0.031616442380000005,
        0.03156997738,
        0.03176983338,
        0.031478218380000006,
        0.03200099538,
        0.031753344380000006
      ],
      "exit_codes": [
        0,
        0,
        0,
        0,
        0,
        0,
        0,
        0,
        0,
        0
      ]
    },
    {
      "command": "deno",
      "mean": 0.19188690578000006,
      "stddev": 0.0073363217578886804,
      "median": 0.19352989488000003,
      "user": 0.17553064,
      "system": 0.13867978,
      "min": 0.18207640038000003,
      "max": 0.20106154438,
      "times": [
        0.18340464438,
        0.20051633138000002,
        0.19813082938,
        0.19329273338000003,
        0.18207640038000003,
        0.18420558238,
        0.20106154438,
        0.18389413138000002,
        0.19376705638000002,
        0.19851980438000003
      ],
      "exit_codes": [
        0,
        0,
        0,
        0,
        0,
        0,
        0,
        0,
        0,
        0
      ]
    }
  ]
}