{
  "results": [
    {
      "command": "npm",
      "mean": 0.9153652037200001,
      "stddev": 0.00838903298271871,
      "median": 0.91651224592,
      "user": 0.9894335,
      "system": 0.37404761999999997,
      "min": 0.90153776942,
      "max": 0.9284384814200001,
      "times": [
        0.9284384814200001,
        0.92493879542,
        0.91337734142,
        0.90153776942,
        0.90285749042,
        0.9139499694200001,
        0.91907452242,
        0.92003187842,
        0.91978437442,
        0.90966141442
      ],
      "exit_codes": [
        0,
        0,
        0,
        0,
        0,
        0,
        0,
        0,
        0,
        0
      ]
    },
    {
      "command": "snpm",
      "mean": 0.03182702172,
      "stddev": 0.0003680149245490051,
      "median": 0.031924100920000004,
      "user": 0.017785699999999998,
      "system": 0.016593220000000002,
      "min": 0.031175644420000002,
      "max": 0.03226344742,
      "times": [
        0.03217634842,
        0.031773539420000003,
        0.03143808942,
        0.031175644420000002,
        0.031351040420000004,
        0.03226344742,
        0.032089687420000006,
        0.03206897042,
        0.031779231420000005,
        0.032154218420000005
      ],
      "exit_codes": [
        0,
        0,
        0,
        0,
        0,
        0,
        0,
        0,
        0,
        0
      ]
    },
    {
      "command": "yarn",
      "mean": 0.74971020242,
      "stddev": 0.2885515725548959,
      "median": 0.65628553692,
      "user": 0.6605028,
      "system": 0.34334961999999997,
      "min": 0.63476519542,
      "max": 1.61471807142,
      "times": [
        0.65633709742,
        0.65905479142,
        0.67653779142,
        0.65973521642,
        0.63476519542,
        0.64589128442,
        0.65623397642,
        0.63878028642,
        0.65504831342,
        1.61471807142
      ],
      "exit_codes": [
        0,
        0,
        0,
        0,
        0,
        0,
        0,
        0,
        0,
        0
      ]
    },
    {
      "command": "berry",
      "mean": 1.08623711702,
      "stddev": 0.024355813999237422,
      "median": 1.08183437292,
      "user": 1.3038653,
      "system": 0.30986292,
      "min": 1.05199089042,
      "max": 1.11564108642,
      "times": [
        1.05880626642,
        1.11564108642,
        1.06753161142,
        1.05199089042,
        1.06535314042,
        1.09023981042,
        1.07342893542,
        1.11138811642,
        1.1128878524199999,
        1.11510346042
      ],
      "exit_codes": [
        0,
        0,
        0,
        0,
        0,
        0,
        0,
        0,
        0,
        0
      ]
    },
    {
      "command": "pnpm",
      "mean": 0.6508143825199999,
      "stddev": 0.034744534464214,
      "median": 0.63977376892,
      "user": 0.9206002,
      "system": 0.15287701999999997,
      "min": 0.62931706842,
      "max": 0.75124238242,
      "times": [
        0.64425212242,
        0.64356948442,
        0.64103962742,
        0.63336614142,
        0.75124238242,
        0.62931706842,
        0.66310897242,
        0.63386871342,
        0.62987140242,
        0.63850791042
      ],
      "exit_codes": [
        0,
        0,
        0,
        0,
        0,
        0,
        0,
        0,
        0,
        0
      ]
    },
    {
      "command": "vlt",
      "mean": 0.50416436102,
      "stddev": 0.004405190917734486,
      "median": 0.50530294842,
      "user": 0.5530451000000001,
      "system": 0.23313911999999998,
      "min": 0.49361922442000006,
      "max": 0.50927063042,
      "times": [
        0.50503509742,
        0.50927063042,
        0.49361922442000006,
        0.50828058942,
        0.5055707994199999,
        0.50583101242,
        0.50271872142,
        0.50721039742,
        0.50470373542,
        0.49940340242000003
      ],
      "exit_codes": [
        0,
        0,
        0,
        0,
        0,
        0,
        0,
        0,
        0,
        0
      ]
    },
    {
      "command": "bun",
      "mean": 0.017997485320000003,
      "stddev": 0.00015503882200174882,
      "median": 0.01797507592,
      "user": 0.0066562999999999995,
      "system": 0.016812220000000003,
      "min": 0.017697312420000003,
      "max": 0.01825877542,
      "times": [
        0.017987778420000003,
        0.01790899442,
        0.01787155542,
        0.017946490420000002,
        0.01825877542,
        0.017697312420000003,
        0.01805782342,
        0.018209106420000003,
        0.01807464342,
        0.01796237342
      ],
      "exit_codes": [
        0,
        0,
        0,
        0,
        0,
        0,
        0,
        0,
        0,
        0
      ]
    },
    {
      "command": "deno",
      "mean": 0.16138345072,
      "stddev": 0.010525619860864453,
      "median": 0.16229341341999998,
      "user": 0.168039,
      "system": 0.09156992,
      "min": 0.13786395042,
      "max": 0.17533647142,
      "times": [
        0.15734832142,
        0.17533647142,
        0.16364906242,
        0.13786395042,
        0.15087476242,
        0.16737629442,
        0.16093776442,
        0.17336829641999998,
        0.15911620142,
        0.16796338242
      ],
      "exit_codes": [
        0,
        0,
        0,
        0,
        0,
        0,
        0,
        0,
        0,
        0
      ]
    }
  ]
}