{
  "results": [
    {
      "command": "npm",
      "mean": 1.04496103978,
      "stddev": 0.004104105549362699,
      "median": 1.0456924699799999,
      "user": 1.05967928,
      "system": 0.5626941000000001,
      "min": 1.0364372794799999,
      "max": 1.05159413148,
      "times": [
        1.0467964164799999,
        1.04767183348,
        1.04115869648,
        1.04814766248,
        1.04751737048,
        1.0435057724799999,
        1.05159413148,
        1.0445885234799999,
        1.0364372794799999,
        1.04219271148
      ],
      "exit_codes": [
        0,
        0,
        0,
        0,
        0,
        0,
        0,
        0,
        0,
        0
      ]
    },
    {
      "command": "snpm",
      "mean": 0.04436463008000001,
      "stddev": 0.0005863713150816984,
      "median": 0.04409436048000001,
      "user": 0.01763468,
      "system": 0.028925600000000003,
      "min": 0.04389894348000001,
      "max": 0.04573717848000001,
      "times": [
        0.04405295748000001,
        0.04395618348000001,
        0.04512008548000001,
        0.04462210348000001,
        0.04573717848000001,
        0.04425565948000001,
        0.04395553748000001,
        0.04389894348000001,
        0.044135763480000006,
        0.04391188848000001
      ],
      "exit_codes": [
        0,
        0,
        0,
        0,
        0,
        0,
        0,
        0,
        0,
        0
      ]
    },
    {
      "command": "yarn",
      "mean": 0.7130958366800001,
      "stddev": 0.00797800332896491,
      "median": 0.71148412298,
      "user": 0.6845429799999999,
      "system": 0.5184084999999999,
      "min": 0.70306293848,
      "max": 0.72867114948,
      "times": [
        0.72867114948,
        0.71931696848,
        0.72104011248,
        0.70791848848,
        0.71782960648,
        0.70306293848,
        0.71330678248,
        0.70414937948,
        0.70966146348,
        0.70600147748
      ],
      "exit_codes": [
        0,
        0,
        0,
        0,
        0,
        0,
        0,
        0,
        0,
        0
      ]
    },
    {
      "command": "berry",
      "mean": 1.1157011169800002,
      "stddev": 0.012450213681893755,
      "median": 1.11691590848,
      "user": 1.28616408,
      "system": 0.3993019,
      "min": 1.09581612548,
      "max": 1.14109064148,
      "times": [
        1.12596576248,
        1.11364107348,
        1.11681042848,
        1.12240713448,
        1.14109064148,
        1.11702138848,
        1.11895318348,
        1.10348602448,
        1.09581612548,
        1.10181940748
      ],
      "exit_codes": [
        0,
        0,
        0,
        0,
        0,
        0,
        0,
        0,
        0,
        0
      ]
    },
    {
      "command": "pnpm",
      "mean": 0.7038596476800001,
      "stddev": 0.011251082280104293,
      "median": 0.70319662698,
      "user": 0.9399998799999999,
      "system": 0.2204764,
      "min": 0.68633123948,
      "max": 0.72067024948,
      "times": [
        0.71874966648,
        0.72067024948,
        0.69945956448,
        0.68633123948,
        0.69412316848,
        0.70494765448,
        0.70654730048,
        0.71590746048,
        0.70144559948,
        0.69041457348
      ],
      "exit_codes": [
        0,
        0,
        0,
        0,
        0,
        0,
        0,
        0,
        0,
        0
      ]
    },
    {
      "command": "vlt",
      "mean": 0.53029047928,
      "stddev": 0.0029668724549192895,
      "median": 0.53121367748,
      "user": 0.53473068,
      "system": 0.34297599999999995,
      "min": 0.52476938948,
      "max": 0.53368657048,
      "times": [
        0.53310416748,
        0.52831792548,
        0.52774147448,
        0.53114517748,
        0.53234276248,
        0.53128217748,
        0.5335571354799999,
        0.52476938948,
        0.53368657048,
        0.52695801248
      ],
      "exit_codes": [
        0,
        0,
        0,
        0,
        0,
        0,
        0,
        0,
        0,
        0
      ]
    },
    {
      "command": "bun",
      "mean": 0.031743372980000004,
      "stddev": 0.0002351159382654658,
      "median": 0.03168479398000001,
      "user": 0.00754178,
      "system": 0.029732299999999996,
      "min": 0.03142202048000001,
      "max": 0.03234327848000001,
      "times": [
        0.03165513048000001,
        0.031848662480000005,
        0.03234327848000001,
        0.03184343648000001,
        0.031596001480000004,
        0.031714457480000006,
        0.03142202048000001,
        0.031625238480000005,
        0.031790528480000003,
        0.03159497548
      ],
      "exit_codes": [
        0,
        0,
        0,
        0,
        0,
        0,
        0,
        0,
        0,
        0
      ]
    },
    {
      "command": "deno",
      "mean": 0.18660473238,
      "stddev": 0.00891651032052236,
      "median": 0.18648670748,
      "user": 0.15476088000000002,
      "system": 0.13508910000000002,
      "min": 0.17222447148,
      "max": 0.20569387448,
      "times": [
        0.18860380948,
        0.19385444248,
        0.20569387448,
        0.17883852848,
        0.17222447148,
        0.18112538548,
        0.18436960548,
        0.18048896048,
        0.19206555448,
        0.18878269148000001
      ],
      "exit_codes": [
        0,
        0,
        0,
        0,
        0,
        0,
        0,
        0,
        0,
        0
      ]
    }
  ]
}