{
  "results": [
    {
      "command": "npm",
      "mean": 1.08370108978,
      "stddev": 0.0023197151523487113,
      "median": 1.08373405688,
      "user": 1.0911167599999998,
      "system": 0.58405784,
      "min": 1.07975835688,
      "max": 1.08859014388,
      "times": [
        1.07975835688,
        1.08361260988,
        1.08115754188,
        1.08859014388,
        1.0823222748799999,
        1.0855056648799999,
        1.08385550388,
        1.08499057188,
        1.08289351088,
        1.08432471888
      ],
      "exit_codes": [
        0,
        0,
        0,
        0,
        0,
        0,
        0,
        0,
        0,
        0
      ]
    },
    {
      "command": "snpm",
      "mean": 0.040208319080000006,
      "stddev": 0.0003801285609682082,
      "median": 0.04028389638,
      "user": 0.01752616,
      "system": 0.024878239999999996,
      "min": 0.039292844880000004,
      "max": 0.040600584880000005,
      "times": [
        0.040042569880000004,
        0.039292844880000004,
        0.03990268988,
        0.040392373880000006,
        0.04055500788000001,
        0.04017541888000001,
        0.040122639880000005,
        0.040600584880000005,
        0.040495717880000004,
        0.04050334288000001
      ],
      "exit_codes": [
        0,
        0,
        0,
        0,
        0,
        0,
        0,
        0,
        0,
        0
      ]
    },
    {
      "command": "yarn",
      "mean": 0.7629373327800001,
      "stddev": 0.07352247448901261,
      "median": 0.73876814238,
      "user": 0.7008235599999999,
      "system": 0.5398906399999999,
      "min": 0.73169232688,
      "max": 0.98275450688,
      "times": [
        0.73864374788,
        0.73889253688,
        0.73369569888,
        0.75383981688,
        0.73169232688,
        0.7391601008800001,
        0.74260180288,
        0.73566975288,
        0.73242303688,
        0.98275450688
      ],
      "exit_codes": [
        0,
        0,
        0,
        0,
        0,
        0,
        0,
        0,
        0,
        0
      ]
    },
    {
      "command": "berry",
      "mean": 1.0968968538800001,
      "stddev": 0.009182473402040231,
      "median": 1.0936631988799999,
      "user": 1.2710280600000003,
      "system": 0.41113743999999997,
      "min": 1.08477298688,
      "max": 1.11841318988,
      "times": [
        1.08477298688,
        1.10465934188,
        1.09092690588,
        1.09408530588,
        1.09070925288,
        1.0938120548799999,
        1.09351368388,
        1.11841318988,
        1.09351434288,
        1.10456147388
      ],
      "exit_codes": [
        0,
        0,
        0,
        0,
        0,
        0,
        0,
        0,
        0,
        0
      ]
    },
    {
      "command": "pnpm",
      "mean": 0.67706382238,
      "stddev": 0.006960064511257619,
      "median": 0.6762582153800001,
      "user": 0.93568106,
      "system": 0.22182343999999996,
      "min": 0.66331999888,
      "max": 0.68724015488,
      "times": [
        0.68113020188,
        0.67340839988,
        0.68512676488,
        0.68724015488,
        0.67373271588,
        0.66331999888,
        0.67168846988,
        0.67878371488,
        0.68320065088,
        0.67300715188
      ],
      "exit_codes": [
        0,
        0,
        0,
        0,
        0,
        0,
        0,
        0,
        0,
        0
      ]
    },
    {
      "command": "vlt",
      "mean": 0.57925126338,
      "stddev": 0.004100441302315507,
      "median": 0.57789734488,
      "user": 0.5936135600000001,
      "system": 0.35637914,
      "min": 0.57471645988,
      "max": 0.58775125388,
      "times": [
        0.57704156488,
        0.57471645988,
        0.58775125388,
        0.58582082988,
        0.57788288588,
        0.57900193188,
        0.57640577288,
        0.57791180388,
        0.58046727188,
        0.57551285888
      ],
      "exit_codes": [
        0,
        0,
        0,
        0,
        0,
        0,
        0,
        0,
        0,
        0
      ]
    },
    {
      "command": "bun",
      "mean": 0.03192663708,
      "stddev": 0.00017958087166109886,
      "median": 0.03194109038000001,
      "user": 0.00755406,
      "system": 0.029943039999999997,
      "min": 0.03165554688,
      "max": 0.032230855880000006,
      "times": [
        0.032230855880000006,
        0.03207179688,
        0.031858017880000006,
        0.031727059880000005,
        0.031952250880000005,
        0.03165554688,
        0.031720126880000005,
        0.031929929880000006,
        0.03198374988,
        0.032137035880000005
      ],
      "exit_codes": [
        0,
        0,
        0,
        0,
        0,
        0,
        0,
        0,
        0,
        0
      ]
    },
    {
      "command": "deno",
      "mean": 0.19094333657999998,
      "stddev": 0.008687062572821942,
      "median": 0.19397242088,
      "user": 0.16707006,
      "system": 0.13458614,
      "min": 0.17407227288,
      "max": 0.20056799488,
      "times": [
        0.19533850488,
        0.18634831288,
        0.19895212988,
        0.19383668288,
        0.17669631688,
        0.19810057388,
        0.19410815888,
        0.20056799488,
        0.19141241788,
        0.17407227288
      ],
      "exit_codes": [
        0,
        0,
        0,
        0,
        0,
        0,
        0,
        0,
        0,
        0
      ]
    }
  ]
}