{
  "results": [
    {
      "command": "npm",
      "mean": 0.5561706902199999,
      "stddev": 0.0030936629191092254,
      "median": 0.55647456582,
      "user": 0.5998511000000001,
      "system": 0.13453608,
      "min": 0.55007131182,
      "max": 0.56053288582,
      "times": [
        0.55389642782,
        0.55747907182,
        0.5547379328200001,
        0.55007131182,
        0.55547005982,
        0.56053288582,
        0.55768011882,
        0.55329945682,
        0.55887170982,
        0.55966792682
      ],
      "exit_codes": [
        0,
        0,
        0,
        0,
        0,
        0,
        0,
        0,
        0,
        0
      ]
    },
    {
      "command": "snpm",
      "mean": 0.10891617122,
      "stddev": 0.0023535025608613703,
      "median": 0.10811301582000002,
      "user": 0.06702529999999998,
      "system": 0.04519468,
      "min": 0.10728067782,
      "max": 0.11572696182,
      "times": [
        0.10824467682000001,
        0.10728067782,
        0.10740969682000001,
        0.10941436882000001,
        0.10798135482000001,
        0.10797231182000001,
        0.11572696182,
        0.10772763682000001,
        0.10891458282000001,
        0.10848944382
      ],
      "exit_codes": [
        0,
        0,
        0,
        0,
        0,
        0,
        0,
        0,
        0,
        0
      ]
    },
    {
      "command": "yarn",
      "mean": 2.3667054476200002,
      "stddev": 0.1274399779476374,
      "median": 2.41028807032,
      "user": 0.9760302,
      "system": 0.31789177999999996,
      "min": 2.15645555482,
      "max": 2.52498656682,
      "times": [
        2.48821460482,
        2.52498656682,
        2.15645555482,
        2.43149596082,
        2.23355963482,
        2.38908017982,
        2.26380209982,
        2.46208751782,
        2.49312086882,
        2.22425148782
      ],
      "exit_codes": [
        0,
        0,
        0,
        0,
        0,
        0,
        0,
        0,
        0,
        0
      ]
    },
    {
      "command": "berry",
      "mean": 1.3783601775199998,
      "stddev": 0.043572600525039334,
      "median": 1.39227415082,
      "user": 1.3564520000000002,
      "system": 0.26129758000000003,
      "min": 1.29727743382,
      "max": 1.42819229282,
      "times": [
        1.29727743382,
        1.3975791928199999,
        1.42378600982,
        1.38696910882,
        1.31221105582,
        1.37501065082,
        1.40929270382,
        1.40882411382,
        1.34445921282,
        1.42819229282
      ],
      "exit_codes": [
        0,
        0,
        0,
        0,
        0,
        0,
        0,
        0,
        0,
        0
      ]
    },
    {
      "command": "pnpm",
      "mean": 0.70256175592,
      "stddev": 0.016264509949052684,
      "median": 0.70296837682,
      "user": 0.9369714,
      "system": 0.15105107999999998,
      "min": 0.68498453082,
      "max": 0.74050850982,
      "times": [
        0.71222495982,
        0.68649913382,
        0.74050850982,
        0.7132171538200001,
        0.68498453082,
        0.70396323982,
        0.7019735138200001,
        0.68876566582,
        0.68749145382,
        0.70598939782
      ],
      "exit_codes": [
        0,
        0,
        0,
        0,
        0,
        0,
        0,
        0,
        0,
        0
      ]
    },
    {
      "command": "vlt",
      "mean": 0.27055589562,
      "stddev": 0.004466081355377479,
      "median": 0.26927892132,
      "user": 0.27169390000000004,
      "system": 0.05484918,
      "min": 0.26496084982,
      "max": 0.27927628381999997,
      "times": [
        0.26496084982,
        0.26562925181999997,
        0.27422336782,
        0.27486508882,
        0.27927628381999997,
        0.27350921382,
        0.26952030482,
        0.26624278681999997,
        0.26903753782,
        0.26829427082
      ],
      "exit_codes": [
        0,
        0,
        0,
        0,
        0,
        0,
        0,
        0,
        0,
        0
      ]
    },
    {
      "command": "bun",
      "mean": 0.010557363420000002,
      "stddev": 0.00015660353211865974,
      "median": 0.01051656532,
      "user": 0.0057512,
      "system": 0.010385679999999998,
      "min": 0.01034906382,
      "max": 0.010886867820000002,
      "times": [
        0.010517074820000001,
        0.010886867820000002,
        0.010407581820000001,
        0.01034906382,
        0.010516055820000002,
        0.010771771820000001,
        0.010596525820000001,
        0.01048993682,
        0.010598699820000002,
        0.01044005582
      ],
      "exit_codes": [
        0,
        0,
        0,
        0,
        0,
        0,
        0,
        0,
        0,
        0
      ]
    },
    {
      "command": "deno",
      "mean": 0.17624029942,
      "stddev": 0.0026708783761249474,
      "median": 0.17605790632,
      "user": 0.23367679999999996,
      "system": 0.09121098,
      "min": 0.17218215882000001,
      "max": 0.18095347382000002,
      "times": [
        0.17636389482,
        0.17218215882000001,
        0.17923045082,
        0.17575191782000002,
        0.17324718882,
        0.17504070882,
        0.18095347382000002,
        0.17369054882,
        0.17850364882,
        0.17743900282000002
      ],
      "exit_codes": [
        0,
        0,
        0,
        0,
        0,
        0,
        0,
        0,
        0,
        0
      ]
    }
  ]
}