{
  "results": [
    {
      "command": "npm",
      "mean": 3.01445746114,
      "stddev": 0.03394478570253768,
      "median": 3.0050210162399997,
      "user": 3.55557188,
      "system": 1.58471428,
      "min": 2.97566254224,
      "max": 3.08107302224,
      "times": [
        3.06057791724,
        3.00034434724,
        2.98204917124,
        2.9894245852399997,
        3.08107302224,
        2.97566254224,
        2.9861962372399997,
        3.00969768524,
        3.01781610924,
        3.0417329942399998
      ],
      "exit_codes": [
        0,
        0,
        0,
        0,
        0,
        0,
        0,
        0,
        0,
        0
      ]
    },
    {
      "command": "snpm",
      "mean": 0.08719051664,
      "stddev": 0.003787557834900114,
      "median": 0.08682076624000001,
      "user": 0.027576780000000002,
      "system": 0.06190768,
      "min": 0.08273199224000001,
      "max": 0.09292449324,
      "times": [
        0.08289089224,
        0.08415978924,
        0.08273199224000001,
        0.08301911124000001,
        0.08561301724,
        0.08802851524000001,
        0.08993976324000001,
        0.09055003424000001,
        0.09292449324,
        0.09204755824000001
      ],
      "exit_codes": [
        0,
        0,
        0,
        0,
        0,
        0,
        0,
        0,
        0,
        0
      ]
    },
    {
      "command": "yarn",
      "mean": 2.395113727339999,
      "stddev": 0.07486763923339929,
      "median": 2.37726714274,
      "user": 2.6156356799999996,
      "system": 1.87302948,
      "min": 2.30867956624,
      "max": 2.49689507624,
      "times": [
        2.49689507624,
        2.43613678924,
        2.34808544824,
        2.48674538424,
        2.4949623702399997,
        2.3125506642399998,
        2.34789747524,
        2.30867956624,
        2.3127356622399997,
        2.4064488372399997
      ],
      "exit_codes": [
        0,
        0,
        0,
        0,
        0,
        0,
        0,
        0,
        0,
        0
      ]
    },
    {
      "command": "berry",
      "mean": 2.87469494484,
      "stddev": 0.0315928680582021,
      "median": 2.8670591647399997,
      "user": 3.53867228,
      "system": 1.1304530799999999,
      "min": 2.82626190124,
      "max": 2.93930729224,
      "times": [
        2.88507770424,
        2.86616254124,
        2.86062464624,
        2.93930729224,
        2.82626190124,
        2.85704596024,
        2.8876105982399998,
        2.91401877224,
        2.84288424424,
        2.8679557882399997
      ],
      "exit_codes": [
        0,
        0,
        0,
        0,
        0,
        0,
        0,
        0,
        0,
        0
      ]
    },
    {
      "command": "pnpm",
      "mean": 1.15739923344,
      "stddev": 0.005808289689081739,
      "median": 1.15683497574,
      "user": 1.7429484799999997,
      "system": 0.41777688,
      "min": 1.14902463324,
      "max": 1.16481797524,
      "times": [
        1.1635365822400001,
        1.14902463324,
        1.16286759824,
        1.15663653124,
        1.15703342024,
        1.1526326742400002,
        1.15443863324,
        1.16481797524,
        1.1639456052400001,
        1.14905868124
      ],
      "exit_codes": [
        0,
        0,
        0,
        0,
        0,
        0,
        0,
        0,
        0,
        0
      ]
    },
    {
      "command": "vlt",
      "mean": 1.6348471039399999,
      "stddev": 0.019378749060613428,
      "median": 1.64389590174,
      "user": 1.88472638,
      "system": 1.05043858,
      "min": 1.58849294824,
      "max": 1.6537080752400002,
      "times": [
        1.64712262124,
        1.6537080752400002,
        1.6271969812400002,
        1.61696381124,
        1.6436599552400002,
        1.58849294824,
        1.64819333824,
        1.65247345224,
        1.62652800824,
        1.64413184824
      ],
      "exit_codes": [
        0,
        0,
        0,
        0,
        0,
        0,
        0,
        0,
        0,
        0
      ]
    },
    {
      "command": "bun",
      "mean": 0.19449309934,
      "stddev": 0.003851993976237335,
      "median": 0.19387002774,
      "user": 0.14067778,
      "system": 0.15186548000000002,
      "min": 0.18847631224,
      "max": 0.20317319524000002,
      "times": [
        0.19411848124,
        0.19379542024000002,
        0.19239100524000002,
        0.19278504724,
        0.19921140524,
        0.19203390024,
        0.19500159124000002,
        0.19394463524000002,
        0.18847631224,
        0.20317319524000002
      ],
      "exit_codes": [
        0,
        0,
        0,
        0,
        0,
        0,
        0,
        0,
        0,
        0
      ]
    },
    {
      "command": "deno",
      "mean": 0.44501414633999997,
      "stddev": 0.022244915788140727,
      "median": 0.44114902623999996,
      "user": 0.47012657999999996,
      "system": 0.34698868,
      "min": 0.40293813824,
      "max": 0.47731944324000003,
      "times": [
        0.46962738024,
        0.45396293224,
        0.43371420624,
        0.47731944324000003,
        0.43695329924,
        0.47111404724,
        0.40293813824,
        0.44534475324,
        0.42257412124,
        0.43659314224
      ],
      "exit_codes": [
        0,
        0,
        0,
        0,
        0,
        0,
        0,
        0,
        0,
        0
      ]
    }
  ]
}