{
  "results": [
    {
      "command": "npm",
      "mean": 0.6184538231200001,
      "stddev": 0.008901247476101878,
      "median": 0.6189652534200001,
      "user": 0.69280456,
      "system": 0.11733636,
      "min": 0.60149049842,
      "max": 0.62884866342,
      "times": [
        0.61571525642,
        0.61468970242,
        0.62221525042,
        0.62785108642,
        0.62463806042,
        0.6076876344200001,
        0.6133480074200001,
        0.60149049842,
        0.62805407142,
        0.62884866342
      ],
      "exit_codes": [
        0,
        0,
        0,
        0,
        0,
        0,
        0,
        0,
        0,
        0
      ]
    },
    {
      "command": "snpm",
      "mean": 0.03361730542,
      "stddev": 0.0008313421654967342,
      "median": 0.03352077042,
      "user": 0.02261146,
      "system": 0.01330156,
      "min": 0.032460417420000005,
      "max": 0.03530655942,
      "times": [
        0.03299757442,
        0.03323862942,
        0.03383656342,
        0.033802911420000005,
        0.03398772642,
        0.032460417420000005,
        0.032929517420000005,
        0.03296176042,
        0.03530655942,
        0.03465139442
      ],
      "exit_codes": [
        0,
        0,
        0,
        0,
        0,
        0,
        0,
        0,
        0,
        0
      ]
    },
    {
      "command": "yarn",
      "mean": 0.31378810142,
      "stddev": 0.007591563600802418,
      "median": 0.31254235442,
      "user": 0.35148145999999997,
      "system": 0.06262576,
      "min": 0.30287480942,
      "max": 0.32983733342,
      "times": [
        0.31282257842,
        0.32983733342,
        0.30530962342,
        0.31226213042,
        0.31031711642,
        0.30848487442,
        0.32089752842,
        0.31585478242,
        0.31922023742,
        0.30287480942
      ],
      "exit_codes": [
        0,
        0,
        0,
        0,
        0,
        0,
        0,
        0,
        0,
        0
      ]
    },
    {
      "command": "berry",
      "mean": 4.03597603532,
      "stddev": 0.059977561410291196,
      "median": 4.03736247692,
      "user": 7.46121666,
      "system": 2.0035229599999997,
      "min": 3.95261992142,
      "max": 4.11693136242,
      "times": [
        4.02612344742,
        3.98470631142,
        3.98414942242,
        4.10241283442,
        4.04860150642,
        3.95261992142,
        3.96242700542,
        4.06803950842,
        4.11374903342,
        4.11693136242
      ],
      "exit_codes": [
        0,
        0,
        0,
        0,
        0,
        0,
        0,
        0,
        0,
        0
      ]
    },
    {
      "command": "pnpm",
      "mean": 0.8092521987200001,
      "stddev": 0.014870616532872727,
      "median": 0.80818507092,
      "user": 0.8972919599999999,
      "system": 0.17134496,
      "min": 0.78557653242,
      "max": 0.83229656742,
      "times": [
        0.82402975042,
        0.83229656742,
        0.8043338374200001,
        0.78890564742,
        0.78557653242,
        0.8120363044200001,
        0.8244970744200001,
        0.81856938542,
        0.8026534214200001,
        0.79962346642
      ],
      "exit_codes": [
        0,
        0,
        0,
        0,
        0,
        0,
        0,
        0,
        0,
        0
      ]
    },
    {
      "command": "vlt",
      "mean": 0.34711414892,
      "stddev": 0.0043157821309795326,
      "median": 0.34663508292,
      "user": 0.37084236000000004,
      "system": 0.07908395999999998,
      "min": 0.34226397542000003,
      "max": 0.35474172442,
      "times": [
        0.35474172442,
        0.34311589942,
        0.34516906842,
        0.34337057642,
        0.35307610142,
        0.35055094742,
        0.34810109742,
        0.34823956842000003,
        0.34226397542000003,
        0.34251253042
      ],
      "exit_codes": [
        0,
        0,
        0,
        0,
        0,
        0,
        0,
        0,
        0,
        0
      ]
    },
    {
      "command": "bun",
      "mean": 0.014316656720000005,
      "stddev": 0.0003919047533225517,
      "median": 0.014162392420000001,
      "user": 0.008357159999999999,
      "system": 0.01159306,
      "min": 0.013853536420000001,
      "max": 0.014978155420000002,
      "times": [
        0.013989607420000001,
        0.01407608842,
        0.014014454420000001,
        0.01425268942,
        0.014978155420000002,
        0.01493292342,
        0.014744327420000002,
        0.013853536420000001,
        0.01408085042,
        0.014243934420000002
      ],
      "exit_codes": [
        0,
        0,
        0,
        0,
        0,
        0,
        0,
        0,
        0,
        0
      ]
    },
    {
      "command": "deno",
      "mean": 0.20979602372,
      "stddev": 0.006905051769522468,
      "median": 0.20715363542000004,
      "user": 0.03111766,
      "system": 0.028556159999999997,
      "min": 0.20229537642000003,
      "max": 0.22849557242000001,
      "times": [
        0.21375396442000003,
        0.20681265442000002,
        0.20550418042000002,
        0.22849557242000001,
        0.21061808142000002,
        0.20229537642000003,
        0.20625721742000003,
        0.20673890742000003,
        0.20749461642000003,
        0.20998966642000003
      ],
      "exit_codes": [
        0,
        0,
        0,
        0,
        0,
        0,
        0,
        0,
        0,
        0
      ]
    }
  ]
}