{
  "results": [
    {
      "command": "npm",
      "mean": 0.61398856558,
      "stddev": 0.0056778700733618875,
      "median": 0.61183958538,
      "user": 0.69259944,
      "system": 0.11047504000000001,
      "min": 0.60928739488,
      "max": 0.6292692548800001,
      "times": [
        0.61005958088,
        0.61060976288,
        0.61769590488,
        0.6160272188800001,
        0.6123954288800001,
        0.6123283608800001,
        0.60928739488,
        0.6292692548800001,
        0.6108619388800001,
        0.61135080988
      ],
      "exit_codes": [
        0,
        0,
        0,
        0,
        0,
        0,
        0,
        0,
        0,
        0
      ]
    },
    {
      "command": "snpm",
      "mean": 0.032854704080000005,
      "stddev": 0.0002955577264440222,
      "median": 0.03287777838000001,
      "user": 0.021625939999999996,
      "system": 0.013402039999999999,
      "min": 0.03246044788000001,
      "max": 0.03350443488,
      "times": [
        0.03246044788000001,
        0.032552333880000006,
        0.03290435388000001,
        0.03350443488,
        0.03290298488000001,
        0.032835649880000005,
        0.03290432388,
        0.03250372688000001,
        0.03285257188000001,
        0.033126212880000006
      ],
      "exit_codes": [
        0,
        0,
        0,
        0,
        0,
        0,
        0,
        0,
        0,
        0
      ]
    },
    {
      "command": "yarn",
      "mean": 0.3089246291800001,
      "stddev": 0.005721015151063451,
      "median": 0.30721982688000005,
      "user": 0.34617164,
      "system": 0.05993964,
      "min": 0.30259987088000007,
      "max": 0.32383269688000005,
      "times": [
        0.30745262388000005,
        0.30698702988000004,
        0.30518867088000007,
        0.32383269688000005,
        0.30259987088000007,
        0.31211582588000003,
        0.30634420988000005,
        0.31130702688000006,
        0.30924234488,
        0.30417599188000005
      ],
      "exit_codes": [
        0,
        0,
        0,
        0,
        0,
        0,
        0,
        0,
        0,
        0
      ]
    },
    {
      "command": "berry",
      "mean": 4.020696344980001,
      "stddev": 0.13083356538362173,
      "median": 4.011571227879999,
      "user": 7.45028514,
      "system": 2.02755574,
      "min": 3.85262287488,
      "max": 4.270787180879999,
      "times": [
        4.03502024988,
        4.22766079188,
        4.270787180879999,
        4.04993009388,
        3.9279260598800003,
        3.9496502818800003,
        3.85262287488,
        3.87022346088,
        4.00814056488,
        4.01500189088
      ],
      "exit_codes": [
        0,
        0,
        0,
        0,
        0,
        0,
        0,
        0,
        0,
        0
      ]
    },
    {
      "command": "pnpm",
      "mean": 0.8235704616800001,
      "stddev": 0.02765180190015296,
      "median": 0.82128621038,
      "user": 0.93859864,
      "system": 0.17305674,
      "min": 0.78336379588,
      "max": 0.86701025588,
      "times": [
        0.84305772588,
        0.86701025588,
        0.8458648308800001,
        0.8302583838800001,
        0.78336379588,
        0.85624486988,
        0.8113080958800001,
        0.81231403688,
        0.7966450958800001,
        0.78963752588
      ],
      "exit_codes": [
        0,
        0,
        0,
        0,
        0,
        0,
        0,
        0,
        0,
        0
      ]
    },
    {
      "command": "vlt",
      "mean": 0.34652629848000005,
      "stddev": 0.002712678178417562,
      "median": 0.34702106388000004,
      "user": 0.37027913999999995,
      "system": 0.07864503999999999,
      "min": 0.34124115788000003,
      "max": 0.35044430588000003,
      "times": [
        0.34642733888000005,
        0.34124115788000003,
        0.34654092488000005,
        0.34750120288,
        0.35044430588000003,
        0.34234761588000007,
        0.34595501188000005,
        0.34954549388000006,
        0.34766756388000003,
        0.34759236888000006
      ],
      "exit_codes": [
        0,
        0,
        0,
        0,
        0,
        0,
        0,
        0,
        0,
        0
      ]
    },
    {
      "command": "bun",
      "mean": 0.014286554380000002,
      "stddev": 0.0004891124948283883,
      "median": 0.014125007880000002,
      "user": 0.00798174,
      "system": 0.01207824,
      "min": 0.01398075788,
      "max": 0.01570315388,
      "times": [
        0.01398075788,
        0.014080088880000001,
        0.01429326488,
        0.014169926880000001,
        0.01570315388,
        0.01420142488,
        0.01400901388,
        0.01403537688,
        0.01438613688,
        0.01400639888
      ],
      "exit_codes": [
        0,
        0,
        0,
        0,
        0,
        0,
        0,
        0,
        0,
        0
      ]
    },
    {
      "command": "deno",
      "mean": 0.19500480678,
      "stddev": 0.0018655933408399802,
      "median": 0.19460094987999998,
      "user": 0.03314664,
      "system": 0.026007139999999995,
      "min": 0.19207498688000002,
      "max": 0.19791925788,
      "times": [
        0.19409781588,
        0.19491282888,
        0.19791925788,
        0.19207498688000002,
        0.19428907088,
        0.19768781788,
        0.19669835288,
        0.19352992588,
        0.19310468088000002,
        0.19573332988
      ],
      "exit_codes": [
        0,
        0,
        0,
        0,
        0,
        0,
        0,
        0,
        0,
        0
      ]
    }
  ]
}