{
  "results": [
    {
      "command": "npm",
      "mean": 0.6233934658599999,
      "stddev": 0.0037797190548019893,
      "median": 0.62194312286,
      "user": 0.7037241999999999,
      "system": 0.11309068,
      "min": 0.61838967936,
      "max": 0.63122549336,
      "times": [
        0.62613447636,
        0.62182533136,
        0.62177891236,
        0.62088047836,
        0.61838967936,
        0.63122549336,
        0.62554293036,
        0.61911402036,
        0.62698242236,
        0.62206091436
      ],
      "exit_codes": [
        0,
        0,
        0,
        0,
        0,
        0,
        0,
        0,
        0,
        0
      ]
    },
    {
      "command": "snpm",
      "mean": 0.03378320546,
      "stddev": 0.00023427341861869408,
      "median": 0.03377315436,
      "user": 0.0211531,
      "system": 0.014955179999999998,
      "min": 0.033229261360000005,
      "max": 0.03411341736,
      "times": [
        0.033941465360000006,
        0.034032348360000006,
        0.03366655636,
        0.03373360236,
        0.03369590036,
        0.03390452336,
        0.03411341736,
        0.033229261360000005,
        0.03370227336000001,
        0.03381270636000001
      ],
      "exit_codes": [
        0,
        0,
        0,
        0,
        0,
        0,
        0,
        0,
        0,
        0
      ]
    },
    {
      "command": "yarn",
      "mean": 0.31191119436000003,
      "stddev": 0.006342788241692689,
      "median": 0.31029799936,
      "user": 0.34845070000000006,
      "system": 0.06401988,
      "min": 0.30386782036000004,
      "max": 0.32832207836000005,
      "times": [
        0.30836195536000005,
        0.32832207836000005,
        0.31079212136,
        0.31309215636000004,
        0.30386782036000004,
        0.30980387736000004,
        0.30952348136,
        0.31304122236000004,
        0.30665440536000005,
        0.31565282536000006
      ],
      "exit_codes": [
        0,
        0,
        0,
        0,
        0,
        0,
        0,
        0,
        0,
        0
      ]
    },
    {
      "command": "berry",
      "mean": 3.92776808706,
      "stddev": 0.02978263803709678,
      "median": 3.9331381178600004,
      "user": 7.474676100000001,
      "system": 2.01644678,
      "min": 3.88538361036,
      "max": 3.97400682736,
      "times": [
        3.92819518236,
        3.9007326083600002,
        3.89107635336,
        3.96168260036,
        3.9380810533600004,
        3.97400682736,
        3.88538361036,
        3.9574299663600003,
        3.93811792336,
        3.90297474536
      ],
      "exit_codes": [
        0,
        0,
        0,
        0,
        0,
        0,
        0,
        0,
        0,
        0
      ]
    },
    {
      "command": "pnpm",
      "mean": 0.74203612246,
      "stddev": 0.042912448499166395,
      "median": 0.7203586713600001,
      "user": 0.9020572999999998,
      "system": 0.17392248,
      "min": 0.71070442336,
      "max": 0.85127776336,
      "times": [
        0.79050347636,
        0.85127776336,
        0.71905379536,
        0.72166354736,
        0.71070442336,
        0.71707287436,
        0.71494548536,
        0.71899752336,
        0.75006642036,
        0.72607591536
      ],
      "exit_codes": [
        0,
        0,
        0,
        0,
        0,
        0,
        0,
        0,
        0,
        0
      ]
    },
    {
      "command": "vlt",
      "mean": 0.35368901506,
      "stddev": 0.004889564227397395,
      "median": 0.35483688236,
      "user": 0.38431980000000004,
      "system": 0.07636657999999999,
      "min": 0.34692669836,
      "max": 0.36086826336000005,
      "times": [
        0.35783256736,
        0.35966668236000005,
        0.34776059736000003,
        0.36086826336000005,
        0.35607119936000003,
        0.34692669836,
        0.34797422236000003,
        0.35495089736,
        0.35011615536,
        0.35472286736
      ],
      "exit_codes": [
        0,
        0,
        0,
        0,
        0,
        0,
        0,
        0,
        0,
        0
      ]
    },
    {
      "command": "bun",
      "mean": 0.014866571760000002,
      "stddev": 0.0006808176096637339,
      "median": 0.014506430860000002,
      "user": 0.008536599999999998,
      "system": 0.01246778,
      "min": 0.014215229360000001,
      "max": 0.015949252360000003,
      "times": [
        0.015837468360000002,
        0.015949252360000003,
        0.014215229360000001,
        0.014455098360000002,
        0.014447162360000002,
        0.014557763360000002,
        0.014564691360000001,
        0.01590030736,
        0.014394955360000001,
        0.014343789360000001
      ],
      "exit_codes": [
        0,
        0,
        0,
        0,
        0,
        0,
        0,
        0,
        0,
        0
      ]
    },
    {
      "command": "deno",
      "mean": 0.14319228776,
      "stddev": 0.017024796292852907,
      "median": 0.13880544886,
      "user": 0.0302108,
      "system": 0.02925578,
      "min": 0.12766381936,
      "max": 0.18669869536000003,
      "times": [
        0.15986871736000002,
        0.18669869536000003,
        0.13032962736,
        0.12852853336000003,
        0.14463566536000003,
        0.12766381936,
        0.13535178136,
        0.14123514036,
        0.13865880536000003,
        0.13895209236000003
      ],
      "exit_codes": [
        0,
        0,
        0,
        0,
        0,
        0,
        0,
        0,
        0,
        0
      ]
    }
  ]
}