{
  "results": [
    {
      "command": "npm",
      "mean": 0.6919600722800002,
      "stddev": 0.009264876393768339,
      "median": 0.6881443919800001,
      "user": 0.7733623199999998,
      "system": 0.12242634000000001,
      "min": 0.6845353414800001,
      "max": 0.7164355574800001,
      "times": [
        0.6921257584800001,
        0.6866873324800001,
        0.6999295224800001,
        0.7164355574800001,
        0.6858237804800001,
        0.6845353414800001,
        0.6869237964800001,
        0.6923676804800001,
        0.6854069654800001,
        0.6893649874800001
      ],
      "exit_codes": [
        0,
        0,
        0,
        0,
        0,
        0,
        0,
        0,
        0,
        0
      ]
    },
    {
      "command": "snpm",
      "mean": 1.2786251177799997,
      "stddev": 0.0838759558898343,
      "median": 1.25750027498,
      "user": 0.11289022,
      "system": 1.0819196399999997,
      "min": 1.21858167248,
      "max": 1.51955654148,
      "times": [
        1.21858167248,
        1.51955654148,
        1.2955398894799999,
        1.2575567914799999,
        1.22767061548,
        1.25744375848,
        1.22765976048,
        1.2874896654799999,
        1.23524022148,
        1.2595122614799998
      ],
      "exit_codes": [
        0,
        0,
        0,
        0,
        0,
        0,
        0,
        0,
        0,
        0
      ]
    },
    {
      "command": "yarn",
      "mean": 0.34540595728,
      "stddev": 0.003682522692267179,
      "median": 0.34367075698000005,
      "user": 0.37870442,
      "system": 0.06564114000000001,
      "min": 0.34240070248000004,
      "max": 0.35474272248,
      "times": [
        0.34888086448,
        0.34332251848,
        0.34288945248,
        0.35474272248,
        0.34240070248000004,
        0.34317214848,
        0.34654906548000003,
        0.34250678248,
        0.34557632048000003,
        0.34401899548000003
      ],
      "exit_codes": [
        0,
        0,
        0,
        0,
        0,
        0,
        0,
        0,
        0,
        0
      ]
    },
    {
      "command": "berry",
      "mean": 5.598699487780001,
      "stddev": 0.11187032751992027,
      "median": 5.596857608480001,
      "user": 7.62594762,
      "system": 2.04269954,
      "min": 5.39683592448,
      "max": 5.80262717248,
      "times": [
        5.80262717248,
        5.4920819104800005,
        5.610957632480001,
        5.54117803248,
        5.62770152748,
        5.597474061480001,
        5.759410437480001,
        5.5962411554800005,
        5.56248702348,
        5.39683592448
      ],
      "exit_codes": [
        0,
        0,
        0,
        0,
        0,
        0,
        0,
        0,
        0,
        0
      ]
    },
    {
      "command": "pnpm",
      "mean": 0.8839368346800001,
      "stddev": 0.024622616406934417,
      "median": 0.8767391779800001,
      "user": 1.00813112,
      "system": 0.19746644,
      "min": 0.8681014394800001,
      "max": 0.9559341884800001,
      "times": [
        0.8706206794800001,
        0.8763545624800001,
        0.8681014394800001,
        0.9559341884800001,
        0.8771237934800001,
        0.8697292204800001,
        0.87777560348,
        0.8759901134800001,
        0.8791710344800001,
        0.8885677114800001
      ],
      "exit_codes": [
        0,
        0,
        0,
        0,
        0,
        0,
        0,
        0,
        0,
        0
      ]
    },
    {
      "command": "vlt",
      "mean": 0.38103265568,
      "stddev": 0.008264637319758652,
      "median": 0.38440020648,
      "user": 0.40864582,
      "system": 0.08034864,
      "min": 0.36741194148,
      "max": 0.39266185248,
      "times": [
        0.36981297848,
        0.38666627748000004,
        0.38601339048,
        0.38278702248,
        0.38818665548000003,
        0.36741194148,
        0.39266185248,
        0.37401337848,
        0.38755400248,
        0.37521905748
      ],
      "exit_codes": [
        0,
        0,
        0,
        0,
        0,
        0,
        0,
        0,
        0,
        0
      ]
    },
    {
      "command": "bun",
      "mean": 0.01665782178,
      "stddev": 0.0003083093712189269,
      "median": 0.01660524198,
      "user": 0.01173592,
      "system": 0.01077564,
      "min": 0.01622569648,
      "max": 0.01733873048,
      "times": [
        0.016631540480000002,
        0.016558288480000002,
        0.016622312480000002,
        0.016396989480000002,
        0.01679455448,
        0.01702007048,
        0.01640186348,
        0.01733873048,
        0.01622569648,
        0.01658817148
      ],
      "exit_codes": [
        0,
        0,
        0,
        0,
        0,
        0,
        0,
        0,
        0,
        0
      ]
    },
    {
      "command": "deno",
      "mean": 0.13689366538,
      "stddev": 0.025458134106493162,
      "median": 0.12878885848,
      "user": 0.031704619999999996,
      "system": 0.02794584,
      "min": 0.12036700248000001,
      "max": 0.21141171048000001,
      "times": [
        0.13109055748,
        0.12673831348,
        0.12240022948000001,
        0.12504658848,
        0.21141171048000001,
        0.12036700248000001,
        0.12874912248,
        0.13288826448,
        0.14141627048,
        0.12882859448
      ],
      "exit_codes": [
        0,
        0,
        0,
        0,
        0,
        0,
        0,
        0,
        0,
        0
      ]
    }
  ]
}