{
  "results": [
    {
      "command": "npm",
      "mean": 0.6176890531600001,
      "stddev": 0.008959596555056997,
      "median": 0.6161703491600001,
      "user": 0.6911059199999999,
      "system": 0.11978787999999999,
      "min": 0.60632987916,
      "max": 0.63590973516,
      "times": [
        0.63590973516,
        0.6112746721600001,
        0.60865023216,
        0.60994605816,
        0.60632987916,
        0.61242329116,
        0.62361174216,
        0.6199174071600001,
        0.62381973116,
        0.62500778316
      ],
      "exit_codes": [
        0,
        0,
        0,
        0,
        0,
        0,
        0,
        0,
        0,
        0
      ]
    },
    {
      "command": "snpm",
      "mean": 0.033443716760000006,
      "stddev": 0.00048375202143788527,
      "median": 0.03338146666,
      "user": 0.02137132,
      "system": 0.014326679999999998,
      "min": 0.032618414160000005,
      "max": 0.034259014160000004,
      "times": [
        0.03343165216,
        0.03394884816,
        0.03357465216,
        0.033207017160000005,
        0.034259014160000004,
        0.03297169816,
        0.032618414160000005,
        0.033331281160000004,
        0.03309510516,
        0.03399948516
      ],
      "exit_codes": [
        0,
        0,
        0,
        0,
        0,
        0,
        0,
        0,
        0,
        0
      ]
    },
    {
      "command": "yarn",
      "mean": 0.3089586168600001,
      "stddev": 0.006798484175478332,
      "median": 0.30759495016000005,
      "user": 0.34412162,
      "system": 0.06301818000000001,
      "min": 0.30343424116,
      "max": 0.32827703016000004,
      "times": [
        0.30769378116,
        0.30538733616,
        0.30854979016,
        0.30906080616000003,
        0.30749611916,
        0.30570912516000004,
        0.30356220016,
        0.32827703016000004,
        0.31041573916000004,
        0.30343424116
      ],
      "exit_codes": [
        0,
        0,
        0,
        0,
        0,
        0,
        0,
        0,
        0,
        0
      ]
    },
    {
      "command": "berry",
      "mean": 3.8594860981600005,
      "stddev": 0.035273985640125696,
      "median": 3.85166865416,
      "user": 7.412837920000001,
      "system": 1.9682228799999997,
      "min": 3.81977218916,
      "max": 3.92429210316,
      "times": [
        3.92429210316,
        3.83227260616,
        3.86289061916,
        3.81977218916,
        3.87593321616,
        3.82349260216,
        3.8404466891599998,
        3.87807134016,
        3.91046356716,
        3.82722604916
      ],
      "exit_codes": [
        0,
        0,
        0,
        0,
        0,
        0,
        0,
        0,
        0,
        0
      ]
    },
    {
      "command": "pnpm",
      "mean": 0.71563749506,
      "stddev": 0.010980776098103644,
      "median": 0.7191532811600001,
      "user": 0.8917935199999999,
      "system": 0.17352688,
      "min": 0.69273720516,
      "max": 0.72811205016,
      "times": [
        0.71686292616,
        0.69273720516,
        0.72728110816,
        0.7159955251600001,
        0.7076374981600001,
        0.72811205016,
        0.7214436361600001,
        0.72220273916,
        0.7015155871600001,
        0.7225866751600001
      ],
      "exit_codes": [
        0,
        0,
        0,
        0,
        0,
        0,
        0,
        0,
        0,
        0
      ]
    },
    {
      "command": "vlt",
      "mean": 0.35815705756000005,
      "stddev": 0.0035143221604500108,
      "median": 0.35825070366,
      "user": 0.38337322,
      "system": 0.08109367999999999,
      "min": 0.35250035216000003,
      "max": 0.36372577616,
      "times": [
        0.35910430516,
        0.36299623216000004,
        0.36057466016,
        0.35460244816000003,
        0.36372577616,
        0.35739710216000004,
        0.35949317516,
        0.35662280516000006,
        0.35455371916,
        0.35250035216000003
      ],
      "exit_codes": [
        0,
        0,
        0,
        0,
        0,
        0,
        0,
        0,
        0,
        0
      ]
    },
    {
      "command": "bun",
      "mean": 0.01441124926,
      "stddev": 0.0008140627505307503,
      "median": 0.01413404366,
      "user": 0.00944762,
      "system": 0.010875880000000001,
      "min": 0.01371597116,
      "max": 0.01621108216,
      "times": [
        0.01621108216,
        0.014232333160000001,
        0.01577261316,
        0.01417229316,
        0.01371597116,
        0.01380155816,
        0.01409579416,
        0.01421758416,
        0.01384350916,
        0.01404975416
      ],
      "exit_codes": [
        0,
        0,
        0,
        0,
        0,
        0,
        0,
        0,
        0,
        0
      ]
    },
    {
      "command": "deno",
      "mean": 0.12889110156,
      "stddev": 0.011748200596054546,
      "median": 0.12528561866000001,
      "user": 0.031089720000000005,
      "system": 0.027363179999999997,
      "min": 0.11972481116000001,
      "max": 0.16207045916,
      "times": [
        0.13300575616000002,
        0.12138859516000002,
        0.12330688716000002,
        0.12646872916000002,
        0.13087131116,
        0.11972481116000001,
        0.12580585716,
        0.16207045916,
        0.12476538016000002,
        0.12150322916000002
      ],
      "exit_codes": [
        0,
        0,
        0,
        0,
        0,
        0,
        0,
        0,
        0,
        0
      ]
    }
  ]
}