{
  "results": [
    {
      "command": "npm",
      "mean": 0.61277777884,
      "stddev": 0.006619507067251666,
      "median": 0.60999664304,
      "user": 0.6944610000000001,
      "system": 0.10887411999999999,
      "min": 0.60643676604,
      "max": 0.62861849204,
      "times": [
        0.61809628704,
        0.62861849204,
        0.60895483304,
        0.61656123504,
        0.60643676604,
        0.60649607004,
        0.61517020204,
        0.60936637504,
        0.61062691104,
        0.60745061704
      ],
      "exit_codes": [
        0,
        0,
        0,
        0,
        0,
        0,
        0,
        0,
        0,
        0
      ]
    },
    {
      "command": "snpm",
      "mean": 0.037046087740000004,
      "stddev": 0.0021892479337363353,
      "median": 0.03630939654,
      "user": 0.023691800000000002,
      "system": 0.015544519999999997,
      "min": 0.03536802804,
      "max": 0.04337954404,
      "times": [
        0.03635328804,
        0.03690885804,
        0.04337954404,
        0.035752787040000004,
        0.03613388804,
        0.03626550504,
        0.037566225040000005,
        0.03605645104,
        0.036676303040000004,
        0.03536802804
      ],
      "exit_codes": [
        0,
        0,
        0,
        0,
        0,
        0,
        0,
        0,
        0,
        0
      ]
    },
    {
      "command": "yarn",
      "mean": 0.30652472084000004,
      "stddev": 0.004001856244866121,
      "median": 0.30548429804,
      "user": 0.34357779999999993,
      "system": 0.06150422,
      "min": 0.30062253604,
      "max": 0.31312831204,
      "times": [
        0.30062253604,
        0.31312831204,
        0.30600278504,
        0.30254024804,
        0.30251339404000005,
        0.30984886804,
        0.30496581104000003,
        0.31037145004000005,
        0.30456430004,
        0.31068950404
      ],
      "exit_codes": [
        0,
        0,
        0,
        0,
        0,
        0,
        0,
        0,
        0,
        0
      ]
    },
    {
      "command": "berry",
      "mean": 3.8346753945399996,
      "stddev": 0.04476452091190371,
      "median": 3.8157510825400003,
      "user": 7.360958599999999,
      "system": 1.9584720199999999,
      "min": 3.7730687980399997,
      "max": 3.9100026950399998,
      "times": [
        3.89129100704,
        3.81393139104,
        3.81757077404,
        3.80912379304,
        3.7730687980399997,
        3.85329838704,
        3.80795321004,
        3.9100026950399998,
        3.78562637304,
        3.8848875170399997
      ],
      "exit_codes": [
        0,
        0,
        0,
        0,
        0,
        0,
        0,
        0,
        0,
        0
      ]
    },
    {
      "command": "pnpm",
      "mean": 0.7102495227399999,
      "stddev": 0.009074935780301153,
      "median": 0.71065254654,
      "user": 0.8976561000000001,
      "system": 0.16591212,
      "min": 0.69192693704,
      "max": 0.72796311104,
      "times": [
        0.72796311104,
        0.70650201004,
        0.71427712604,
        0.7097388180399999,
        0.69192693704,
        0.71542522304,
        0.71156627504,
        0.71507829604,
        0.70929585304,
        0.70072157804
      ],
      "exit_codes": [
        0,
        0,
        0,
        0,
        0,
        0,
        0,
        0,
        0,
        0
      ]
    },
    {
      "command": "vlt",
      "mean": 0.3631257653400001,
      "stddev": 0.004237351394828184,
      "median": 0.3647038945400001,
      "user": 0.3916401,
      "system": 0.08288132,
      "min": 0.35221327104000005,
      "max": 0.36869838504,
      "times": [
        0.36494595104000005,
        0.36476800204000004,
        0.36869838504,
        0.36609062504,
        0.36229702404,
        0.36266644804000003,
        0.35221327104000005,
        0.36017015804,
        0.36470905604000003,
        0.36469873304000006
      ],
      "exit_codes": [
        0,
        0,
        0,
        0,
        0,
        0,
        0,
        0,
        0,
        0
      ]
    },
    {
      "command": "bun",
      "mean": 0.01442108214,
      "stddev": 0.0005428843932723527,
      "median": 0.014176947039999999,
      "user": 0.0088454,
      "system": 0.011468919999999999,
      "min": 0.01398036804,
      "max": 0.015483702040000002,
      "times": [
        0.01409314204,
        0.01426687404,
        0.01418145404,
        0.01450109104,
        0.01399668904,
        0.01398036804,
        0.01417244004,
        0.01407952204,
        0.015483702040000002,
        0.01545553904
      ],
      "exit_codes": [
        0,
        0,
        0,
        0,
        0,
        0,
        0,
        0,
        0,
        0
      ]
    },
    {
      "command": "deno",
      "mean": 0.13043477364000003,
      "stddev": 0.01659094002887743,
      "median": 0.12328535054000002,
      "user": 0.0325786,
      "system": 0.026344919999999994,
      "min": 0.11752686704000001,
      "max": 0.17502754804,
      "times": [
        0.14253436704000003,
        0.13446056704,
        0.17502754804,
        0.12807981604000002,
        0.12087771604000001,
        0.11891307404000001,
        0.12413240704000002,
        0.12035708004000001,
        0.11752686704000001,
        0.12243829404000002
      ],
      "exit_codes": [
        0,
        0,
        0,
        0,
        0,
        0,
        0,
        0,
        0,
        0
      ]
    }
  ]
}