{
  "results": [
    {
      "command": "npm",
      "mean": 0.61849055096,
      "stddev": 0.011716699425910547,
      "median": 0.6206408211600001,
      "user": 0.6947597199999999,
      "system": 0.11649123999999997,
      "min": 0.6015390861600001,
      "max": 0.6360248131600001,
      "times": [
        0.6073572701600001,
        0.6035575971600001,
        0.6015390861600001,
        0.6088503891600001,
        0.6203997921600001,
        0.6208818501600001,
        0.6298732551600001,
        0.6360248131600001,
        0.62594809516,
        0.6304733611600001
      ],
      "exit_codes": [
        0,
        0,
        0,
        0,
        0,
        0,
        0,
        0,
        0,
        0
      ]
    },
    {
      "command": "snpm",
      "mean": 0.03858718846,
      "stddev": 0.000486440095961065,
      "median": 0.03879190616,
      "user": 0.02145942,
      "system": 0.01955884,
      "min": 0.03772480116,
      "max": 0.039402294160000004,
      "times": [
        0.03834817416,
        0.03772480116,
        0.03817602116,
        0.03797457616,
        0.03886573316,
        0.03889409216,
        0.03876267616,
        0.03882113616,
        0.039402294160000004,
        0.03890238016
      ],
      "exit_codes": [
        0,
        0,
        0,
        0,
        0,
        0,
        0,
        0,
        0,
        0
      ]
    },
    {
      "command": "yarn",
      "mean": 0.32127983216000006,
      "stddev": 0.0028351746085615156,
      "median": 0.32099985416000004,
      "user": 0.36126522,
      "system": 0.06668634,
      "min": 0.31739571316000004,
      "max": 0.32695718516,
      "times": [
        0.32066532816000004,
        0.32173576416,
        0.31965089916,
        0.31976624416,
        0.32137633216,
        0.32133438016000004,
        0.31739571316000004,
        0.31831126516,
        0.32695718516,
        0.32560521016
      ],
      "exit_codes": [
        0,
        0,
        0,
        0,
        0,
        0,
        0,
        0,
        0,
        0
      ]
    },
    {
      "command": "berry",
      "mean": 4.009363925360001,
      "stddev": 0.0399358701342449,
      "median": 4.00278537066,
      "user": 7.67242502,
      "system": 2.0332162400000007,
      "min": 3.96214491416,
      "max": 4.072903769160001,
      "times": [
        4.02344293416,
        4.0713655301600005,
        3.97277907816,
        4.01844561616,
        3.96214491416,
        3.97874832616,
        4.04017971916,
        3.98712512516,
        3.96650424116,
        4.072903769160001
      ],
      "exit_codes": [
        0,
        0,
        0,
        0,
        0,
        0,
        0,
        0,
        0,
        0
      ]
    },
    {
      "command": "pnpm",
      "mean": 0.7215709850600001,
      "stddev": 0.012214102981075236,
      "median": 0.7157444851600001,
      "user": 0.91051322,
      "system": 0.17296654,
      "min": 0.7030366491600001,
      "max": 0.7467416131600001,
      "times": [
        0.7368439171600001,
        0.7030366491600001,
        0.7282611861600001,
        0.7467416131600001,
        0.7150061071600001,
        0.7145349541600001,
        0.7155450311600001,
        0.72583810816,
        0.7139583451600001,
        0.7159439391600001
      ],
      "exit_codes": [
        0,
        0,
        0,
        0,
        0,
        0,
        0,
        0,
        0,
        0
      ]
    },
    {
      "command": "vlt",
      "mean": 0.34167473366,
      "stddev": 0.010566237768400225,
      "median": 0.34122570066,
      "user": 0.38536032,
      "system": 0.07592024,
      "min": 0.32466069616000004,
      "max": 0.35764995316000003,
      "times": [
        0.32554997316,
        0.35764995316000003,
        0.35040819016,
        0.35057977916,
        0.34049115416000003,
        0.33439241416000004,
        0.32466069616000004,
        0.34196024716,
        0.35152688416,
        0.33952804516
      ],
      "exit_codes": [
        0,
        0,
        0,
        0,
        0,
        0,
        0,
        0,
        0,
        0
      ]
    },
    {
      "command": "bun",
      "mean": 0.014627561860000002,
      "stddev": 0.000792875508265712,
      "median": 0.01435744266,
      "user": 0.00934702,
      "system": 0.011229739999999998,
      "min": 0.01385285416,
      "max": 0.016528326160000002,
      "times": [
        0.01412581616,
        0.015685674160000003,
        0.014432858160000001,
        0.01385285416,
        0.01468407616,
        0.014103770160000001,
        0.01442851616,
        0.014286369160000001,
        0.01414735816,
        0.016528326160000002
      ],
      "exit_codes": [
        0,
        0,
        0,
        0,
        0,
        0,
        0,
        0,
        0,
        0
      ]
    },
    {
      "command": "deno",
      "mean": 0.12647533786,
      "stddev": 0.006075797060212431,
      "median": 0.12597651766,
      "user": 0.03088652,
      "system": 0.028723739999999998,
      "min": 0.11974602716,
      "max": 0.13986060216,
      "times": [
        0.12589805416,
        0.11974602716,
        0.12901693716,
        0.13391816116,
        0.11991125716,
        0.12277026216,
        0.12143414216000001,
        0.13986060216,
        0.12614295416000001,
        0.12605498116
      ],
      "exit_codes": [
        0,
        0,
        0,
        0,
        0,
        0,
        0,
        0,
        0,
        0
      ]
    }
  ]
}