{
  "results": [
    {
      "command": "npm",
      "mean": 4.26132724938,
      "stddev": 0.02998493303840435,
      "median": 4.25687221048,
      "user": 4.08531188,
      "system": 2.9352498799999998,
      "min": 4.21315916548,
      "max": 4.3229026374799995,
      "times": [
        4.21315916548,
        4.3229026374799995,
        4.24330979748,
        4.25625318048,
        4.25597175248,
        4.27911517748,
        4.22879831148,
        4.29465702248,
        4.25749124048,
        4.26161420848
      ],
      "exit_codes": [
        0,
        0,
        0,
        0,
        0,
        0,
        0,
        0,
        0,
        0
      ]
    },
    {
      "command": "snpm",
      "mean": 0.12198464948000001,
      "stddev": 0.0031877054317279363,
      "median": 0.12305898598000001,
      "user": 0.025915880000000002,
      "system": 0.09840888,
      "min": 0.11648004148000002,
      "max": 0.12601286848,
      "times": [
        0.11869352248000001,
        0.11648004148000002,
        0.11711399348000001,
        0.12318978448000001,
        0.12303161748000001,
        0.12256560148000001,
        0.12308635448000001,
        0.12512651848,
        0.12454619248000001,
        0.12601286848
      ],
      "exit_codes": [
        0,
        0,
        0,
        0,
        0,
        0,
        0,
        0,
        0,
        0
      ]
    },
    {
      "command": "yarn",
      "mean": 2.3605997877799996,
      "stddev": 0.02207754815577214,
      "median": 2.35336185448,
      "user": 2.4090924799999995,
      "system": 2.73203568,
      "min": 2.32855030648,
      "max": 2.3940878244799997,
      "times": [
        2.35152403048,
        2.3940878244799997,
        2.34433216848,
        2.3348522094799997,
        2.34830391248,
        2.32855030648,
        2.35519967848,
        2.37962371248,
        2.3830686854799996,
        2.38645534948
      ],
      "exit_codes": [
        0,
        0,
        0,
        0,
        0,
        0,
        0,
        0,
        0,
        0
      ]
    },
    {
      "command": "berry",
      "mean": 2.49414065788,
      "stddev": 0.016316636744722047,
      "median": 2.49614975398,
      "user": 2.92491698,
      "system": 1.37731768,
      "min": 2.4663746994799998,
      "max": 2.5228498894799998,
      "times": [
        2.48102963348,
        2.49051297848,
        2.47316577848,
        2.5228498894799998,
        2.50973097848,
        2.50719270748,
        2.49477565748,
        2.49825040548,
        2.4663746994799998,
        2.49752385048
      ],
      "exit_codes": [
        0,
        0,
        0,
        0,
        0,
        0,
        0,
        0,
        0,
        0
      ]
    },
    {
      "command": "pnpm",
      "mean": 1.08233810698,
      "stddev": 0.012946940456115299,
      "median": 1.0786723224800001,
      "user": 1.6336862799999998,
      "system": 0.60516298,
      "min": 1.0623573024800002,
      "max": 1.1027129204800001,
      "times": [
        1.06821448848,
        1.09293720948,
        1.1027129204800001,
        1.1014416064800001,
        1.0767599244800001,
        1.0796867114800002,
        1.08856419448,
        1.07304877848,
        1.07765793348,
        1.0623573024800002
      ],
      "exit_codes": [
        0,
        0,
        0,
        0,
        0,
        0,
        0,
        0,
        0,
        0
      ]
    },
    {
      "command": "vlt",
      "mean": 1.7623941198800002,
      "stddev": 0.02475946206264549,
      "median": 1.7576618749800001,
      "user": 1.8018752800000002,
      "system": 1.5529195799999997,
      "min": 1.71355853848,
      "max": 1.8017222184800001,
      "times": [
        1.77570352948,
        1.74997867948,
        1.7986567534800002,
        1.76213953048,
        1.8017222184800001,
        1.77122362348,
        1.7524016794800001,
        1.71355853848,
        1.7531842194800002,
        1.7453724264800001
      ],
      "exit_codes": [
        0,
        0,
        0,
        0,
        0,
        0,
        0,
        0,
        0,
        0
      ]
    },
    {
      "command": "bun",
      "mean": 0.20075235578,
      "stddev": 0.0009519059064275217,
      "median": 0.20078150048,
      "user": 0.013951980000000003,
      "system": 0.19230608,
      "min": 0.19921302848000003,
      "max": 0.20217705948,
      "times": [
        0.20062710448,
        0.20217705948,
        0.20139771548000002,
        0.20093589648000001,
        0.20120218248000002,
        0.19921302848000003,
        0.19945956548000002,
        0.19999439948000003,
        0.20204442048000001,
        0.20047218548
      ],
      "exit_codes": [
        0,
        0,
        0,
        0,
        0,
        0,
        0,
        0,
        0,
        0
      ]
    },
    {
      "command": "deno",
      "mean": 0.3904912425800001,
      "stddev": 0.007140259244160735,
      "median": 0.38964721748000003,
      "user": 0.30111357999999994,
      "system": 0.48356257999999996,
      "min": 0.37949142148000004,
      "max": 0.40810519748,
      "times": [
        0.40810519748,
        0.37949142148000004,
        0.39103732348000003,
        0.39257002448000006,
        0.38340446248000004,
        0.39418563648000005,
        0.38830777248000004,
        0.38961778148000004,
        0.38967665348,
        0.38851615248000004
      ],
      "exit_codes": [
        0,
        0,
        0,
        0,
        0,
        0,
        0,
        0,
        0,
        0
      ]
    }
  ]
}