{
  "results": [
    {
      "command": "npm",
      "mean": 0.5742901236000001,
      "stddev": 0.0049699928969207845,
      "median": 0.5738146954000001,
      "user": 0.63676592,
      "system": 0.11105479999999998,
      "min": 0.5667755134000001,
      "max": 0.5834089694000001,
      "times": [
        0.5667755134000001,
        0.5769016924000001,
        0.5834089694000001,
        0.5805651134,
        0.5747390164000001,
        0.5694101694000001,
        0.5728903744000001,
        0.5689812594000001,
        0.5764612464000001,
        0.5727678814000001
      ],
      "exit_codes": [
        0,
        0,
        0,
        0,
        0,
        0,
        0,
        0,
        0,
        0
      ]
    },
    {
      "command": "snpm",
      "mean": 0.035752526599999994,
      "stddev": 0.0016936718868776678,
      "median": 0.0350324179,
      "user": 0.021457419999999998,
      "system": 0.0166294,
      "min": 0.034710344399999996,
      "max": 0.0406023564,
      "times": [
        0.034710344399999996,
        0.0348650764,
        0.0350515654,
        0.0406023564,
        0.0365989624,
        0.0349855194,
        0.035437842399999996,
        0.0353230224,
        0.0349373064,
        0.0350132704
      ],
      "exit_codes": [
        0,
        0,
        0,
        0,
        0,
        0,
        0,
        0,
        0,
        0
      ]
    },
    {
      "command": "yarn",
      "mean": 0.3122497989,
      "stddev": 0.0029665263660020313,
      "median": 0.3119079209,
      "user": 0.3570364199999999,
      "system": 0.06632159999999998,
      "min": 0.3070076914,
      "max": 0.3173685234,
      "times": [
        0.3139112034,
        0.3157544074,
        0.3109885504,
        0.3114640484,
        0.3099124964,
        0.3070076914,
        0.3094917574,
        0.3173685234,
        0.3142475174,
        0.3123517934
      ],
      "exit_codes": [
        0,
        0,
        0,
        0,
        0,
        0,
        0,
        0,
        0,
        0
      ]
    },
    {
      "command": "berry",
      "mean": 5.2918900834,
      "stddev": 0.14730133736653647,
      "median": 5.2809080014,
      "user": 9.48822132,
      "system": 3.1990350999999997,
      "min": 5.0946060564,
      "max": 5.6478414414,
      "times": [
        5.3921360084000005,
        5.2463345744,
        5.3122230384,
        5.2825507324,
        5.3248545814,
        5.2792652704,
        5.0946060564,
        5.2309708844000005,
        5.1081182464,
        5.6478414414
      ],
      "exit_codes": [
        0,
        0,
        0,
        0,
        0,
        0,
        0,
        0,
        0,
        0
      ]
    },
    {
      "command": "pnpm",
      "mean": 0.7186147503000002,
      "stddev": 0.09154308756661092,
      "median": 0.6820510314000001,
      "user": 0.84259422,
      "system": 0.1499146,
      "min": 0.6725515844000001,
      "max": 0.9879277734000002,
      "times": [
        0.7116222564000001,
        0.6838896404000001,
        0.6733597424000001,
        0.7309565324000001,
        0.6725515844000001,
        0.6921514974,
        0.9879277734000002,
        0.6742257444,
        0.6792503094000001,
        0.6802124224000001
      ],
      "exit_codes": [
        0,
        0,
        0,
        0,
        0,
        0,
        0,
        0,
        0,
        0
      ]
    },
    {
      "command": "vlt",
      "mean": 0.32221633339999994,
      "stddev": 0.007431581514666371,
      "median": 0.3241564484,
      "user": 0.35487801999999996,
      "system": 0.0719257,
      "min": 0.3122407494,
      "max": 0.3349429984,
      "times": [
        0.3286460174,
        0.3255948184,
        0.31224805240000003,
        0.3196715914,
        0.3234553204,
        0.3278684394,
        0.3248575764,
        0.3122407494,
        0.3126377704,
        0.3349429984
      ],
      "exit_codes": [
        0,
        0,
        0,
        0,
        0,
        0,
        0,
        0,
        0,
        0
      ]
    },
    {
      "command": "bun",
      "mean": 0.0121578421,
      "stddev": 0.000668198059600752,
      "median": 0.0119832954,
      "user": 0.007956020000000001,
      "system": 0.010378500000000002,
      "min": 0.0113345244,
      "max": 0.013044905400000001,
      "times": [
        0.013044905400000001,
        0.0115117654,
        0.0120743214,
        0.0113345244,
        0.011574033400000001,
        0.0130076614,
        0.0114755094,
        0.0130166744,
        0.0118922694,
        0.0126467564
      ],
      "exit_codes": [
        0,
        0,
        0,
        0,
        0,
        0,
        0,
        0,
        0,
        0
      ]
    },
    {
      "command": "deno",
      "mean": 0.8789891239000001,
      "stddev": 0.10316099745100285,
      "median": 0.9311948389000001,
      "user": 0.31556651999999996,
      "system": 0.13161769999999998,
      "min": 0.6975026014000001,
      "max": 0.9974057684000001,
      "times": [
        0.9657668314000001,
        0.9974057684000001,
        0.9584832084000001,
        0.8669985924000001,
        0.9282411854000001,
        0.8035907954000001,
        0.6975026014000001,
        0.7024973114,
        0.9341484924000001,
        0.9352564524000001
      ],
      "exit_codes": [
        0,
        0,
        0,
        0,
        0,
        0,
        0,
        0,
        0,
        0
      ]
    }
  ]
}