{
  "results": [
    {
      "command": "npm",
      "mean": 0.3217112512,
      "stddev": 0.001637013562025059,
      "median": 0.3218664525,
      "user": 0.33159829999999996,
      "system": 0.07340764000000001,
      "min": 0.318583173,
      "max": 0.32454215200000003,
      "times": [
        0.323006149,
        0.322802301,
        0.320932379,
        0.320768546,
        0.32010339600000004,
        0.321112125,
        0.322641511,
        0.32454215200000003,
        0.318583173,
        0.32262078
      ],
      "exit_codes": [
        0,
        0,
        0,
        0,
        0,
        0,
        0,
        0,
        0,
        0
      ]
    },
    {
      "command": "snpm",
      "mean": 0.027957928700000002,
      "stddev": 0.0004285308565321868,
      "median": 0.027845136,
      "user": 0.0167496,
      "system": 0.013418240000000001,
      "min": 0.027562053000000003,
      "max": 0.028906119,
      "times": [
        0.028018149000000003,
        0.027597663,
        0.027874183,
        0.027613416000000002,
        0.028906119,
        0.027562053000000003,
        0.02857517,
        0.027613858,
        0.027816089000000002,
        0.028002587000000002
      ],
      "exit_codes": [
        0,
        0,
        0,
        0,
        0,
        0,
        0,
        0,
        0,
        0
      ]
    },
    {
      "command": "yarn",
      "mean": 0.23159962430000003,
      "stddev": 0.0021324031490249215,
      "median": 0.23122243650000002,
      "user": 0.20271560000000002,
      "system": 0.05338674,
      "min": 0.22783972700000002,
      "max": 0.23459390900000002,
      "times": [
        0.23459390900000002,
        0.233012024,
        0.233396821,
        0.23064330700000002,
        0.23140022000000002,
        0.234501055,
        0.23104465300000002,
        0.22912733000000002,
        0.230437197,
        0.22783972700000002
      ],
      "exit_codes": [
        0,
        0,
        0,
        0,
        0,
        0,
        0,
        0,
        0,
        0
      ]
    },
    {
      "command": "berry",
      "mean": 2.0984582145,
      "stddev": 0.02076749785781036,
      "median": 2.1039146549999996,
      "user": 3.4542586999999996,
      "system": 0.9147156399999998,
      "min": 2.0450805499999998,
      "max": 2.123630223,
      "times": [
        2.083091298,
        2.107447304,
        2.10611435,
        2.101322483,
        2.1162105799999997,
        2.123630223,
        2.10171496,
        2.0450805499999998,
        2.107597756,
        2.092372641
      ],
      "exit_codes": [
        0,
        0,
        0,
        0,
        0,
        0,
        0,
        0,
        0,
        0
      ]
    },
    {
      "command": "pnpm",
      "mean": 0.6247520821000002,
      "stddev": 0.05591107590164232,
      "median": 0.6039733755000001,
      "user": 0.7070616000000001,
      "system": 0.13613834,
      "min": 0.5743709490000001,
      "max": 0.7680966360000001,
      "times": [
        0.6052508950000001,
        0.7680966360000001,
        0.6840887000000001,
        0.632787944,
        0.5914853580000001,
        0.594436539,
        0.5743709490000001,
        0.6064642680000001,
        0.5878436760000001,
        0.6026958560000001
      ],
      "exit_codes": [
        0,
        0,
        0,
        0,
        0,
        0,
        0,
        0,
        0,
        0
      ]
    },
    {
      "command": "vlt",
      "mean": 0.25539043790000004,
      "stddev": 0.0032561449225002033,
      "median": 0.256023307,
      "user": 0.2575126,
      "system": 0.05433544,
      "min": 0.24949759300000002,
      "max": 0.261503492,
      "times": [
        0.256603971,
        0.255718066,
        0.253720194,
        0.25712136,
        0.258364408,
        0.261503492,
        0.256328548,
        0.25207656700000003,
        0.24949759300000002,
        0.25297018
      ],
      "exit_codes": [
        0,
        0,
        0,
        0,
        0,
        0,
        0,
        0,
        0,
        0
      ]
    },
    {
      "command": "bun",
      "mean": 0.005879607600000001,
      "stddev": 0.0002925900713182865,
      "median": 0.005735744000000001,
      "user": 0.0035056999999999996,
      "system": 0.00582304,
      "min": 0.0055215970000000005,
      "max": 0.006365922,
      "times": [
        0.005733416000000001,
        0.006056913000000001,
        0.006183780000000001,
        0.005583920000000001,
        0.005721558000000001,
        0.005738072,
        0.0055215970000000005,
        0.006365922,
        0.006265584,
        0.005625314
      ],
      "exit_codes": [
        0,
        0,
        0,
        0,
        0,
        0,
        0,
        0,
        0,
        0
      ]
    },
    {
      "command": "deno",
      "mean": 0.037024834000000006,
      "stddev": 0.0010586806243611908,
      "median": 0.036697763,
      "user": 0.020727600000000002,
      "system": 0.019752939999999997,
      "min": 0.036209334,
      "max": 0.039950166,
      "times": [
        0.037328704000000004,
        0.036741373,
        0.039950166,
        0.037377043000000006,
        0.037037899,
        0.036491957000000005,
        0.036209334,
        0.036227398,
        0.036654153,
        0.036230313
      ],
      "exit_codes": [
        0,
        0,
        0,
        0,
        0,
        0,
        0,
        0,
        0,
        0
      ]
    }
  ]
}