{
  "results": [
    {
      "command": "npm",
      "mean": 0.62137523654,
      "stddev": 0.003961474524661752,
      "median": 0.62124943564,
      "user": 0.69907336,
      "system": 0.11517333999999999,
      "min": 0.6159188156400001,
      "max": 0.62864170464,
      "times": [
        0.61641448864,
        0.62864170464,
        0.6159188156400001,
        0.61782281364,
        0.6196048766400001,
        0.6226713916400001,
        0.62601977064,
        0.6198274796400001,
        0.62352297964,
        0.6233080446400001
      ],
      "exit_codes": [
        0,
        0,
        0,
        0,
        0,
        0,
        0,
        0,
        0,
        0
      ]
    },
    {
      "command": "snpm",
      "mean": 0.03762640803999999,
      "stddev": 0.0005103154939070937,
      "median": 0.03752109514,
      "user": 0.022604059999999995,
      "system": 0.017416739999999997,
      "min": 0.03671829064,
      "max": 0.03840018064,
      "times": [
        0.03839456664,
        0.03753937364,
        0.03671829064,
        0.03840018064,
        0.03752552464,
        0.03747143764,
        0.03737513964,
        0.037175988640000004,
        0.03814691264,
        0.03751666564
      ],
      "exit_codes": [
        0,
        0,
        0,
        0,
        0,
        0,
        0,
        0,
        0,
        0
      ]
    },
    {
      "command": "yarn",
      "mean": 0.3186802517399999,
      "stddev": 0.0035738678405702775,
      "median": 0.31982488964,
      "user": 0.35430885999999995,
      "system": 0.06605664,
      "min": 0.31293963464,
      "max": 0.32353351164,
      "times": [
        0.31924103864,
        0.31293963464,
        0.31513852863999997,
        0.32230796064,
        0.32057177464,
        0.32040874064,
        0.32230812064,
        0.32353351164,
        0.31585479064,
        0.31449841664
      ],
      "exit_codes": [
        0,
        0,
        0,
        0,
        0,
        0,
        0,
        0,
        0,
        0
      ]
    },
    {
      "command": "berry",
      "mean": 1.0939371386399999,
      "stddev": 0.01451375829677271,
      "median": 1.09279121464,
      "user": 1.24770576,
      "system": 0.20349984000000002,
      "min": 1.06905864464,
      "max": 1.1298851706400002,
      "times": [
        1.09535643664,
        1.08917938264,
        1.1298851706400002,
        1.08932608364,
        1.10002253564,
        1.09292758764,
        1.09265484164,
        1.08393113164,
        1.09702957164,
        1.06905864464
      ],
      "exit_codes": [
        0,
        0,
        0,
        0,
        0,
        0,
        0,
        0,
        0,
        0
      ]
    },
    {
      "command": "pnpm",
      "mean": 0.8396836108400001,
      "stddev": 0.009374451844948851,
      "median": 0.8364538276400001,
      "user": 0.86051556,
      "system": 0.14724474,
      "min": 0.8266808846400001,
      "max": 0.8605936916400001,
      "times": [
        0.84289797464,
        0.8352762316400001,
        0.8333065246400001,
        0.83986851764,
        0.8376314236400001,
        0.8605936916400001,
        0.83493811364,
        0.8266808846400001,
        0.8516423776400001,
        0.83400036864
      ],
      "exit_codes": [
        0,
        0,
        0,
        0,
        0,
        0,
        0,
        0,
        0,
        0
      ]
    },
    {
      "command": "vlt",
      "mean": 0.33131396314000006,
      "stddev": 0.00551925205601959,
      "median": 0.33089211914,
      "user": 0.37375046,
      "system": 0.07340754,
      "min": 0.32327389564,
      "max": 0.33910468464,
      "times": [
        0.32631353264,
        0.33368329564,
        0.32327389564,
        0.32364597164,
        0.33007565564,
        0.33910468464,
        0.33749702764,
        0.33170858263999997,
        0.33818350764,
        0.32965347764
      ],
      "exit_codes": [
        0,
        0,
        0,
        0,
        0,
        0,
        0,
        0,
        0,
        0
      ]
    },
    {
      "command": "bun",
      "mean": 0.01448975424,
      "stddev": 0.000433587229907478,
      "median": 0.01440519514,
      "user": 0.00890376,
      "system": 0.011196339999999996,
      "min": 0.013991118640000001,
      "max": 0.015581109640000002,
      "times": [
        0.014494052640000001,
        0.014709106640000002,
        0.014541857640000001,
        0.01421719964,
        0.014700524640000002,
        0.014316337640000001,
        0.015581109640000002,
        0.014314777640000002,
        0.014031457640000002,
        0.013991118640000001
      ],
      "exit_codes": [
        0,
        0,
        0,
        0,
        0,
        0,
        0,
        0,
        0,
        0
      ]
    },
    {
      "command": "deno",
      "mean": 0.04773780254,
      "stddev": 0.0005557349867324274,
      "median": 0.04785014664,
      "user": 0.028138160000000002,
      "system": 0.025948939999999997,
      "min": 0.04688223064,
      "max": 0.048774522640000005,
      "times": [
        0.04778327864,
        0.04688223064,
        0.048774522640000005,
        0.04698336264,
        0.048081908640000004,
        0.04748677064,
        0.04793074164,
        0.04791701464,
        0.04729074264,
        0.04824745264
      ],
      "exit_codes": [
        0,
        0,
        0,
        0,
        0,
        0,
        0,
        0,
        0,
        0
      ]
    }
  ]
}