{
  "results": [
    {
      "command": "npm",
      "mean": 4.54724195754,
      "stddev": 0.04839727197195828,
      "median": 4.53615303614,
      "user": 4.83249966,
      "system": 2.60189466,
      "min": 4.4849061491399995,
      "max": 4.65892037014,
      "times": [
        4.60427356814,
        4.65892037014,
        4.527991421139999,
        4.542710028139999,
        4.55192591114,
        4.555238527139999,
        4.51079771814,
        4.52959604414,
        4.4849061491399995,
        4.50605983814
      ],
      "exit_codes": [
        0,
        0,
        0,
        0,
        0,
        0,
        0,
        0,
        0,
        0
      ]
    },
    {
      "command": "snpm",
      "mean": 0.11160128764000002,
      "stddev": 0.0051376063615844285,
      "median": 0.11095493864000001,
      "user": 0.026634060000000005,
      "system": 0.08703285999999999,
      "min": 0.10714332414000001,
      "max": 0.12526496114,
      "times": [
        0.12526496114,
        0.10780258814000002,
        0.11076117614000001,
        0.11114870114000001,
        0.10714332414000001,
        0.10738110114000002,
        0.11249515414000001,
        0.10781393614000001,
        0.11158624614000001,
        0.11461568814000002
      ],
      "exit_codes": [
        0,
        0,
        0,
        0,
        0,
        0,
        0,
        0,
        0,
        0
      ]
    },
    {
      "command": "yarn",
      "mean": 10.57753567224,
      "stddev": 0.14962133293675714,
      "median": 10.59888427464,
      "user": 14.66931176,
      "system": 7.68320756,
      "min": 10.35283194114,
      "max": 10.79770245614,
      "times": [
        10.630937131140001,
        10.420378280140001,
        10.57233246514,
        10.79770245614,
        10.62543608414,
        10.35283194114,
        10.786834818140001,
        10.40199711714,
        10.49369872714,
        10.69320770214
      ],
      "exit_codes": [
        0,
        0,
        0,
        0,
        0,
        0,
        0,
        0,
        0,
        0
      ]
    },
    {
      "command": "berry",
      "mean": 3.9641439621399996,
      "stddev": 0.0665106428131344,
      "median": 3.97830261314,
      "user": 6.896518859999999,
      "system": 2.3290123599999997,
      "min": 3.87839182714,
      "max": 4.05441733214,
      "times": [
        3.8824625251400002,
        3.8805996031400003,
        4.00809346114,
        4.02359212814,
        4.05441733214,
        3.87839182714,
        4.036751982139999,
        4.00958886014,
        3.94851176514,
        3.91903013714
      ],
      "exit_codes": [
        0,
        0,
        0,
        0,
        0,
        0,
        0,
        0,
        0,
        0
      ]
    },
    {
      "command": "pnpm",
      "mean": 2.1988409522400003,
      "stddev": 0.029492989980651228,
      "median": 2.19998397264,
      "user": 3.7597424599999996,
      "system": 1.52761946,
      "min": 2.1553469021400002,
      "max": 2.2656257221400002,
      "times": [
        2.17517371414,
        2.2185236611400003,
        2.1553469021400002,
        2.2090639101400003,
        2.19899304014,
        2.21112419514,
        2.1859180671400003,
        2.16766540514,
        2.2656257221400002,
        2.2009749051400003
      ],
      "exit_codes": [
        0,
        0,
        0,
        0,
        0,
        0,
        0,
        0,
        0,
        0
      ]
    },
    {
      "command": "vlt",
      "mean": 2.5906994659400002,
      "stddev": 0.030462013787973998,
      "median": 2.59175053014,
      "user": 3.4536258600000003,
      "system": 1.70784886,
      "min": 2.54251133014,
      "max": 2.6475972211400003,
      "times": [
        2.60019632814,
        2.60141772914,
        2.57894724014,
        2.6111805891400004,
        2.61793310514,
        2.54251133014,
        2.54601300114,
        2.6475972211400003,
        2.57789338314,
        2.5833047321400002
      ],
      "exit_codes": [
        0,
        0,
        0,
        0,
        0,
        0,
        0,
        0,
        0,
        0
      ]
    },
    {
      "command": "bun",
      "mean": 0.47048445994000004,
      "stddev": 0.008845157941543502,
      "median": 0.46851374664,
      "user": 0.49924975999999993,
      "system": 0.9349864599999999,
      "min": 0.45274179614000004,
      "max": 0.48899350314,
      "times": [
        0.46770814214,
        0.47597907514000004,
        0.46718603714,
        0.47538053914,
        0.47464095614,
        0.46931935114,
        0.46573871014,
        0.48899350314,
        0.45274179614000004,
        0.46715648914
      ],
      "exit_codes": [
        0,
        0,
        0,
        0,
        0,
        0,
        0,
        0,
        0,
        0
      ]
    },
    {
      "command": "deno",
      "mean": 3.9589960942400007,
      "stddev": 0.17964325129395775,
      "median": 4.002770523140001,
      "user": 1.7972467599999997,
      "system": 1.4024844599999997,
      "min": 3.57371909714,
      "max": 4.19065854814,
      "times": [
        4.19065854814,
        3.95484766114,
        3.7356742561400003,
        3.57371909714,
        3.87025506714,
        4.15278402614,
        4.0564511121399995,
        3.95990178214,
        4.0500301281399995,
        4.04563926414
      ],
      "exit_codes": [
        0,
        0,
        0,
        0,
        0,
        0,
        0,
        0,
        0,
        0
      ]
    }
  ]
}