{
  "results": [
    {
      "command": "npm",
      "mean": 5.3187374511000005,
      "stddev": 0.058702032362726475,
      "median": 5.2983518129,
      "user": 5.248584140000001,
      "system": 3.2007626399999998,
      "min": 5.2569018174,
      "max": 5.4599365054,
      "times": [
        5.3444705924,
        5.3012309114,
        5.2722021584,
        5.295472714400001,
        5.2569018174,
        5.4599365054,
        5.3379341754,
        5.369626401400001,
        5.2647063864,
        5.2848928484
      ],
      "exit_codes": [
        0,
        0,
        0,
        0,
        0,
        0,
        0,
        0,
        0,
        0
      ]
    },
    {
      "command": "snpm",
      "mean": 0.10368202730000001,
      "stddev": 0.0016888069728223179,
      "median": 0.1036704654,
      "user": 0.021671040000000003,
      "system": 0.08419454,
      "min": 0.10142230440000001,
      "max": 0.1068042944,
      "times": [
        0.1039337474,
        0.1064707934,
        0.1038321074,
        0.1035088234,
        0.1068042944,
        0.1026022704,
        0.1038987494,
        0.1021061884,
        0.10224099440000001,
        0.10142230440000001
      ],
      "exit_codes": [
        0,
        0,
        0,
        0,
        0,
        0,
        0,
        0,
        0,
        0
      ]
    },
    {
      "command": "yarn",
      "mean": 10.8959036204,
      "stddev": 0.1243798461803138,
      "median": 10.8614420544,
      "user": 14.75670304,
      "system": 8.47242204,
      "min": 10.6838560784,
      "max": 11.112332729399998,
      "times": [
        11.029173994399999,
        10.7899374094,
        10.796548871399999,
        10.879567634399999,
        10.8433164744,
        10.8422445194,
        11.112332729399998,
        10.9947173714,
        10.9873411214,
        10.6838560784
      ],
      "exit_codes": [
        0,
        0,
        0,
        0,
        0,
        0,
        0,
        0,
        0,
        0
      ]
    },
    {
      "command": "berry",
      "mean": 4.3546052479,
      "stddev": 0.31902922069256184,
      "median": 4.2131359889,
      "user": 7.16360844,
      "system": 2.428128739999999,
      "min": 4.1176449214,
      "max": 5.1558508294,
      "times": [
        4.265298570400001,
        4.196332030400001,
        4.1176449214,
        4.2642026064000005,
        4.1776447754,
        4.1923352274,
        4.175878856400001,
        4.7709247144,
        4.2299399474,
        5.1558508294
      ],
      "exit_codes": [
        0,
        0,
        0,
        0,
        0,
        0,
        0,
        0,
        0,
        0
      ]
    },
    {
      "command": "pnpm",
      "mean": 2.5021371602999998,
      "stddev": 0.45831244050262454,
      "median": 2.2988608519,
      "user": 3.7015637399999997,
      "system": 1.53439824,
      "min": 2.1497873934,
      "max": 3.4699411783999996,
      "times": [
        2.1522679773999998,
        2.2676098573999997,
        2.1609390494,
        3.2822559814,
        2.5266055884,
        2.5069469594,
        2.3301118464,
        2.1497873934,
        2.1749057713999997,
        3.4699411783999996
      ],
      "exit_codes": [
        0,
        0,
        0,
        0,
        0,
        0,
        0,
        0,
        0,
        0
      ]
    },
    {
      "command": "vlt",
      "mean": 2.6651190272,
      "stddev": 0.02976010698484659,
      "median": 2.6674413824,
      "user": 3.38754634,
      "system": 1.8149477399999998,
      "min": 2.6117542794,
      "max": 2.7038949804,
      "times": [
        2.7038949804,
        2.6916158853999996,
        2.6385279363999996,
        2.6244645784,
        2.6658729364,
        2.6639480283999997,
        2.6974271163999997,
        2.6117542794,
        2.6846747023999997,
        2.6690098283999997
      ],
      "exit_codes": [
        0,
        0,
        0,
        0,
        0,
        0,
        0,
        0,
        0,
        0
      ]
    },
    {
      "command": "bun",
      "mean": 0.6458915074,
      "stddev": 0.3549434465498694,
      "median": 0.5101048124,
      "user": 0.5120029399999999,
      "system": 1.02980074,
      "min": 0.47849517340000003,
      "max": 1.6888614864000002,
      "times": [
        0.5240971824,
        0.4844036534,
        0.5076548174000001,
        1.6888614864000002,
        0.4916623994,
        0.5125548074,
        0.49468364140000004,
        0.47849517340000003,
        0.7369250604,
        0.5395768524000001
      ],
      "exit_codes": [
        0,
        0,
        0,
        0,
        0,
        0,
        0,
        0,
        0,
        0
      ]
    },
    {
      "command": "deno",
      "mean": 5.295100404,
      "stddev": 0.7004584154287841,
      "median": 5.2428685169,
      "user": 1.7417594400000003,
      "system": 1.43987534,
      "min": 4.344792168400001,
      "max": 6.4754042874,
      "times": [
        5.2930894314,
        4.737068676400001,
        5.1926476024,
        6.4754042874,
        4.6519039374,
        5.5799686024,
        4.344792168400001,
        4.5323169614,
        6.1207542954,
        6.0230580774
      ],
      "exit_codes": [
        0,
        0,
        0,
        0,
        0,
        0,
        0,
        0,
        0,
        0
      ]
    }
  ]
}