{
  "results": [
    {
      "command": "npm",
      "mean": 5.9407255959,
      "stddev": 1.7162779836414077,
      "median": 5.3768898125,
      "user": 5.32891326,
      "system": 3.2002160799999997,
      "min": 5.3058714475,
      "max": 11.0885982945,
      "times": [
        5.3058714475,
        5.3736423265,
        5.3801372985,
        11.0885982945,
        5.3451873575,
        5.4183846615,
        5.3369039345000004,
        5.3951861455,
        5.3514699605,
        5.4118745325
      ],
      "exit_codes": [
        0,
        0,
        0,
        0,
        0,
        0,
        0,
        0,
        0,
        0
      ]
    },
    {
      "command": "snpm",
      "mean": 0.118357872,
      "stddev": 0.001329828748079483,
      "median": 0.117819327,
      "user": 0.02550286,
      "system": 0.09520617999999999,
      "min": 0.11712533750000001,
      "max": 0.1209551385,
      "times": [
        0.1174753015,
        0.1179989745,
        0.11712533750000001,
        0.1171770745,
        0.1209551385,
        0.11820530550000001,
        0.1196919025,
        0.1201752335,
        0.11763967950000001,
        0.11713477250000001
      ],
      "exit_codes": [
        0,
        0,
        0,
        0,
        0,
        0,
        0,
        0,
        0,
        0
      ]
    },
    {
      "command": "yarn",
      "mean": 10.7767439464,
      "stddev": 0.06278376006488709,
      "median": 10.763590009000001,
      "user": 14.850222460000001,
      "system": 8.21524598,
      "min": 10.7102778825,
      "max": 10.8964623485,
      "times": [
        10.7793398805,
        10.7118040145,
        10.7478401375,
        10.8560801495,
        10.7902619215,
        10.8308114355,
        10.7105401595,
        10.7102778825,
        10.7340215345,
        10.8964623485
      ],
      "exit_codes": [
        0,
        0,
        0,
        0,
        0,
        0,
        0,
        0,
        0,
        0
      ]
    },
    {
      "command": "berry",
      "mean": 4.3036420043,
      "stddev": 0.04164995559202373,
      "median": 4.303779944,
      "user": 7.33379996,
      "system": 2.4807404799999992,
      "min": 4.2133889385000005,
      "max": 4.3758047825,
      "times": [
        4.3758047825,
        4.3014941895000005,
        4.3024391425,
        4.3289107695,
        4.3283151955,
        4.2133889385000005,
        4.2556512415,
        4.3051207455,
        4.3243366195,
        4.3009584185000005
      ],
      "exit_codes": [
        0,
        0,
        0,
        0,
        0,
        0,
        0,
        0,
        0,
        0
      ]
    },
    {
      "command": "pnpm",
      "mean": 2.1412269944999998,
      "stddev": 0.020797085726884157,
      "median": 2.1365513135,
      "user": 3.8225374599999995,
      "system": 1.58914848,
      "min": 2.1121256925000003,
      "max": 2.1779575205,
      "times": [
        2.1779575205,
        2.1580871015,
        2.1121256925000003,
        2.1482042955000002,
        2.1164013475,
        2.1393028485000003,
        2.1271527385,
        2.1693942855,
        2.1298443365,
        2.1337997785000002
      ],
      "exit_codes": [
        0,
        0,
        0,
        0,
        0,
        0,
        0,
        0,
        0,
        0
      ]
    },
    {
      "command": "vlt",
      "mean": 2.6906664866,
      "stddev": 0.03355211364098463,
      "median": 2.684042681,
      "user": 3.41037356,
      "system": 1.8023702799999999,
      "min": 2.6478177865,
      "max": 2.7506710945000004,
      "times": [
        2.7027618705000003,
        2.6535452435,
        2.6640799755,
        2.6985989165,
        2.7360209395000004,
        2.6694864455,
        2.6478177865,
        2.7506710945000004,
        2.6692753125,
        2.7144072815
      ],
      "exit_codes": [
        0,
        0,
        0,
        0,
        0,
        0,
        0,
        0,
        0,
        0
      ]
    },
    {
      "command": "bun",
      "mean": 0.5005949939000001,
      "stddev": 0.015328723792549171,
      "median": 0.5055397225,
      "user": 0.52036946,
      "system": 1.03999458,
      "min": 0.47430118250000003,
      "max": 0.5227833455,
      "times": [
        0.49579256650000003,
        0.5098394225,
        0.4851596495,
        0.5227833455,
        0.48099058850000004,
        0.5067675575,
        0.5192361815000001,
        0.5050870465,
        0.47430118250000003,
        0.5059923985
      ],
      "exit_codes": [
        0,
        0,
        0,
        0,
        0,
        0,
        0,
        0,
        0,
        0
      ]
    },
    {
      "command": "deno",
      "mean": 4.2799863469,
      "stddev": 0.38852947675517885,
      "median": 4.1717557885000005,
      "user": 1.81505826,
      "system": 1.51821128,
      "min": 3.6554872085000003,
      "max": 5.0194474275,
      "times": [
        4.0207319745,
        3.6554872085000003,
        4.8043942935,
        4.0492414605,
        5.0194474275,
        3.9954084345000003,
        4.1303699275,
        4.2131416495,
        4.3941085275,
        4.5175325655
      ],
      "exit_codes": [
        0,
        0,
        0,
        0,
        0,
        0,
        0,
        0,
        0,
        0
      ]
    }
  ]
}