{
  "results": [
    {
      "command": "npm",
      "mean": 5.951766952780001,
      "stddev": 1.741743437794329,
      "median": 5.3553906518800005,
      "user": 5.30694282,
      "system": 3.18228726,
      "min": 5.31249262538,
      "max": 11.17363175138,
      "times": [
        5.5508693003800005,
        5.31249262538,
        5.38115489638,
        5.35524446738,
        5.3377100973800005,
        5.36464901038,
        11.17363175138,
        5.355536836380001,
        5.34125864938,
        5.34512189338
      ],
      "exit_codes": [
        0,
        0,
        0,
        0,
        0,
        0,
        0,
        0,
        0,
        0
      ]
    },
    {
      "command": "snpm",
      "mean": 0.10822640718000001,
      "stddev": 0.004408696540283687,
      "median": 0.10675980988,
      "user": 0.026438619999999996,
      "system": 0.08406936,
      "min": 0.10513523438000001,
      "max": 0.12038447738000001,
      "times": [
        0.10527031038000001,
        0.10580883038000001,
        0.10513523438000001,
        0.10710853238000001,
        0.11127175738,
        0.10550819138,
        0.10707092738000001,
        0.10825711838,
        0.12038447738000001,
        0.10644869238
      ],
      "exit_codes": [
        0,
        0,
        0,
        0,
        0,
        0,
        0,
        0,
        0,
        0
      ]
    },
    {
      "command": "yarn",
      "mean": 10.67176801158,
      "stddev": 0.09839777776990881,
      "median": 10.65093775838,
      "user": 14.72390332,
      "system": 8.20061176,
      "min": 10.54437838238,
      "max": 10.84296464638,
      "times": [
        10.54437838238,
        10.62737957338,
        10.84296464638,
        10.64438405638,
        10.55474649238,
        10.657491460380001,
        10.80581409638,
        10.775268949380001,
        10.59440453538,
        10.67084792338
      ],
      "exit_codes": [
        0,
        0,
        0,
        0,
        0,
        0,
        0,
        0,
        0,
        0
      ]
    },
    {
      "command": "berry",
      "mean": 4.30881013988,
      "stddev": 0.03500852666480828,
      "median": 4.31693589238,
      "user": 7.40008282,
      "system": 2.44942586,
      "min": 4.2195657653800005,
      "max": 4.3465172693800005,
      "times": [
        4.3465172693800005,
        4.32922875038,
        4.31633089638,
        4.32690751438,
        4.31754088838,
        4.340804668380001,
        4.31501059138,
        4.28208749638,
        4.29410755838,
        4.2195657653800005
      ],
      "exit_codes": [
        0,
        0,
        0,
        0,
        0,
        0,
        0,
        0,
        0,
        0
      ]
    },
    {
      "command": "pnpm",
      "mean": 2.15837859208,
      "stddev": 0.028067684651744897,
      "median": 2.15814657738,
      "user": 3.80044582,
      "system": 1.58146166,
      "min": 2.0927466413799998,
      "max": 2.1925452803799996,
      "times": [
        2.1925452803799996,
        2.1772181743799996,
        2.13931295538,
        2.17874346638,
        2.15562454138,
        2.0927466413799998,
        2.16066861338,
        2.1418015153799996,
        2.18959013538,
        2.15553459738
      ],
      "exit_codes": [
        0,
        0,
        0,
        0,
        0,
        0,
        0,
        0,
        0,
        0
      ]
    },
    {
      "command": "vlt",
      "mean": 2.7133318038799996,
      "stddev": 0.01782987431006148,
      "median": 2.71691053188,
      "user": 3.42092112,
      "system": 1.80797886,
      "min": 2.67070478238,
      "max": 2.7414310723799997,
      "times": [
        2.7414310723799997,
        2.72219247038,
        2.67070478238,
        2.69764227238,
        2.7184946493799997,
        2.71364218638,
        2.70813660938,
        2.7153264143799998,
        2.72088373338,
        2.7248638483799996
      ],
      "exit_codes": [
        0,
        0,
        0,
        0,
        0,
        0,
        0,
        0,
        0,
        0
      ]
    },
    {
      "command": "bun",
      "mean": 0.5019296148800001,
      "stddev": 0.008603830425315576,
      "median": 0.50110069688,
      "user": 0.51799142,
      "system": 1.04965646,
      "min": 0.48965810438,
      "max": 0.51773497838,
      "times": [
        0.5038381823800001,
        0.48965810438,
        0.5108034173800001,
        0.49181215838000003,
        0.49836321138,
        0.49558550438000004,
        0.49603442038,
        0.5078529323800001,
        0.51773497838,
        0.50761323938
      ],
      "exit_codes": [
        0,
        0,
        0,
        0,
        0,
        0,
        0,
        0,
        0,
        0
      ]
    },
    {
      "command": "deno",
      "mean": 3.92580401678,
      "stddev": 0.2280070666996131,
      "median": 3.89850323138,
      "user": 1.82729732,
      "system": 1.50498476,
      "min": 3.5085579773799997,
      "max": 4.41419910138,
      "times": [
        4.007411197380001,
        3.82213667638,
        3.80548984638,
        4.01153539538,
        3.95948767238,
        3.5085579773799997,
        4.116561299380001,
        3.83751879038,
        3.77514221138,
        4.41419910138
      ],
      "exit_codes": [
        0,
        0,
        0,
        0,
        0,
        0,
        0,
        0,
        0,
        0
      ]
    }
  ]
}