{
  "results": [
    {
      "command": "npm",
      "mean": 4.2521270274,
      "stddev": 0.02064205264436209,
      "median": 4.252117484699999,
      "user": 4.521318620000001,
      "system": 2.42720644,
      "min": 4.2224626447,
      "max": 4.2882816617,
      "times": [
        4.2613938117000005,
        4.2590027467,
        4.2534295307,
        4.2329699047,
        4.2831833327,
        4.2508054387,
        4.2882816617,
        4.2224626447,
        4.2326166787,
        4.2371245237
      ],
      "exit_codes": [
        0,
        0,
        0,
        0,
        0,
        0,
        0,
        0,
        0,
        0
      ]
    },
    {
      "command": "snpm",
      "mean": 0.10647219999999999,
      "stddev": 0.0015505516803633477,
      "median": 0.10600912370000001,
      "user": 0.02470642,
      "system": 0.08401663999999999,
      "min": 0.1045876537,
      "max": 0.1092543097,
      "times": [
        0.10571441670000001,
        0.1091450977,
        0.1045876537,
        0.1063969107,
        0.1092543097,
        0.10508846470000001,
        0.1053659837,
        0.1073960607,
        0.1054692717,
        0.1063038307
      ],
      "exit_codes": [
        0,
        0,
        0,
        0,
        0,
        0,
        0,
        0,
        0,
        0
      ]
    },
    {
      "command": "yarn",
      "mean": 9.7390087047,
      "stddev": 0.07794269338262479,
      "median": 9.7404734112,
      "user": 13.395201120000001,
      "system": 7.13411084,
      "min": 9.6411355517,
      "max": 9.8613707157,
      "times": [
        9.763165079699998,
        9.689074566699999,
        9.789898119699998,
        9.8613707157,
        9.7177817427,
        9.6411355517,
        9.6555769437,
        9.7835923267,
        9.6415855477,
        9.846906452699999
      ],
      "exit_codes": [
        0,
        0,
        0,
        0,
        0,
        0,
        0,
        0,
        0,
        0
      ]
    },
    {
      "command": "berry",
      "mean": 3.8187412942999996,
      "stddev": 0.04052253531826563,
      "median": 3.8078334652,
      "user": 6.569078919999998,
      "system": 2.1923712400000004,
      "min": 3.7679096807,
      "max": 3.9225421097,
      "times": [
        3.7679096807,
        3.7871674547,
        3.7991706537,
        3.8137319907,
        3.8270725097000002,
        3.8332964787000003,
        3.8406321367,
        3.8019349397,
        3.9225421097,
        3.7939549887000004
      ],
      "exit_codes": [
        0,
        0,
        0,
        0,
        0,
        0,
        0,
        0,
        0,
        0
      ]
    },
    {
      "command": "pnpm",
      "mean": 2.288805688,
      "stddev": 0.04959722164573673,
      "median": 2.2855365902,
      "user": 3.565012120000001,
      "system": 1.4763934399999998,
      "min": 2.2076023277,
      "max": 2.3849280137,
      "times": [
        2.2076023277,
        2.3849280137,
        2.2994213957,
        2.2554408197,
        2.2435490747,
        2.2925111357,
        2.2639058687,
        2.3067740517,
        2.2785620447,
        2.3553621477
      ],
      "exit_codes": [
        0,
        0,
        0,
        0,
        0,
        0,
        0,
        0,
        0,
        0
      ]
    },
    {
      "command": "vlt",
      "mean": 2.406402204,
      "stddev": 0.023281731233932842,
      "median": 2.4045100767000003,
      "user": 3.22570852,
      "system": 1.59784864,
      "min": 2.3642177517,
      "max": 2.4516630717,
      "times": [
        2.4146753187,
        2.3642177517,
        2.3965245387,
        2.4071051827,
        2.3932208237,
        2.4019149707,
        2.4516630717,
        2.4350278367000002,
        2.3870637387,
        2.4126088067
      ],
      "exit_codes": [
        0,
        0,
        0,
        0,
        0,
        0,
        0,
        0,
        0,
        0
      ]
    },
    {
      "command": "bun",
      "mean": 0.5138304822,
      "stddev": 0.03203736188084914,
      "median": 0.5003482872,
      "user": 0.49414662,
      "system": 0.92247334,
      "min": 0.48350334970000003,
      "max": 0.5800152957000001,
      "times": [
        0.4995181497,
        0.5291896097000001,
        0.4937698527,
        0.4968753047,
        0.5800152957000001,
        0.5011784247000001,
        0.48350334970000003,
        0.5661995407000001,
        0.5025778257000001,
        0.4854774687
      ],
      "exit_codes": [
        0,
        0,
        0,
        0,
        0,
        0,
        0,
        0,
        0,
        0
      ]
    },
    {
      "command": "deno",
      "mean": 5.067326786200001,
      "stddev": 0.5580969033673344,
      "median": 5.0463070847000004,
      "user": 1.7908323200000003,
      "system": 1.34139534,
      "min": 3.9736383817000003,
      "max": 6.0845446087,
      "times": [
        4.9224978997,
        5.2558193727,
        4.5048395487,
        3.9736383817000003,
        5.7403038317,
        4.8976019177,
        6.0845446087,
        5.2014081317,
        5.1183218727,
        4.9742922967
      ],
      "exit_codes": [
        0,
        0,
        0,
        0,
        0,
        0,
        0,
        0,
        0,
        0
      ]
    }
  ]
}