{
  "results": [
    {
      "command": "npm",
      "mean": 5.5001689457600005,
      "stddev": 0.09266690315671142,
      "median": 5.5093300032600006,
      "user": 5.489909979999999,
      "system": 3.26079362,
      "min": 5.32951836726,
      "max": 5.611904511260001,
      "times": [
        5.49475894226,
        5.37808196626,
        5.32951836726,
        5.417056366260001,
        5.51772992226,
        5.604825555260001,
        5.55889750926,
        5.611904511260001,
        5.5879862332600005,
        5.50093008426
      ],
      "exit_codes": [
        0,
        0,
        0,
        0,
        0,
        0,
        0,
        0,
        0,
        0
      ]
    },
    {
      "command": "snpm",
      "mean": 0.11826649555999999,
      "stddev": 0.0014075777195728188,
      "median": 0.11861519826,
      "user": 0.02695468,
      "system": 0.09372931999999999,
      "min": 0.11516898326,
      "max": 0.12087874226,
      "times": [
        0.11910918126,
        0.12087874226,
        0.11871823226,
        0.11516898326,
        0.11779153226,
        0.11855508626,
        0.11867531026,
        0.11895284426000001,
        0.11757693126,
        0.11723811226
      ],
      "exit_codes": [
        0,
        0,
        0,
        0,
        0,
        0,
        0,
        0,
        0,
        0
      ]
    },
    {
      "command": "yarn",
      "mean": 10.85725271726,
      "stddev": 0.08058621881915856,
      "median": 10.86123782826,
      "user": 14.940864880000001,
      "system": 8.30142182,
      "min": 10.75322397726,
      "max": 11.04125026926,
      "times": [
        10.78156222926,
        10.91524647126,
        10.86621203226,
        10.75322397726,
        10.78659603826,
        10.90475144626,
        10.85626362426,
        10.79673912026,
        10.870681964260001,
        11.04125026926
      ],
      "exit_codes": [
        0,
        0,
        0,
        0,
        0,
        0,
        0,
        0,
        0,
        0
      ]
    },
    {
      "command": "berry",
      "mean": 4.317423331460001,
      "stddev": 0.04375119210593006,
      "median": 4.30182257876,
      "user": 7.467914579999999,
      "system": 2.4900027199999997,
      "min": 4.25095468826,
      "max": 4.40509845826,
      "times": [
        4.28258883326,
        4.29692589626,
        4.29161075226,
        4.40509845826,
        4.28508773426,
        4.35463015926,
        4.35414046126,
        4.3067192612600005,
        4.346477070260001,
        4.25095468826
      ],
      "exit_codes": [
        0,
        0,
        0,
        0,
        0,
        0,
        0,
        0,
        0,
        0
      ]
    },
    {
      "command": "pnpm",
      "mean": 2.07958636296,
      "stddev": 0.029825018114477582,
      "median": 2.06907680526,
      "user": 3.8839797800000007,
      "system": 1.55752342,
      "min": 2.0294219572600003,
      "max": 2.13920839326,
      "times": [
        2.0294219572600003,
        2.07829559526,
        2.1198096322600004,
        2.0638786062600003,
        2.06738728526,
        2.09699125426,
        2.06855859926,
        2.06959501126,
        2.06271729526,
        2.13920839326
      ],
      "exit_codes": [
        0,
        0,
        0,
        0,
        0,
        0,
        0,
        0,
        0,
        0
      ]
    },
    {
      "command": "vlt",
      "mean": 2.6049435243600003,
      "stddev": 0.016231144038348785,
      "median": 2.60783343676,
      "user": 3.2909042800000003,
      "system": 1.79578712,
      "min": 2.5716223672600003,
      "max": 2.6243546542600003,
      "times": [
        2.60059835726,
        2.62228009326,
        2.5867931632600003,
        2.6214003122600005,
        2.6243546542600003,
        2.5716223672600003,
        2.59411497626,
        2.61260444626,
        2.60364655526,
        2.6120203182600004
      ],
      "exit_codes": [
        0,
        0,
        0,
        0,
        0,
        0,
        0,
        0,
        0,
        0
      ]
    },
    {
      "command": "bun",
      "mean": 0.4962348329600001,
      "stddev": 0.020389091497056276,
      "median": 0.48964584426,
      "user": 0.5249422800000001,
      "system": 1.0438623200000001,
      "min": 0.47929408426000003,
      "max": 0.55293818326,
      "times": [
        0.50612258326,
        0.48794165326000005,
        0.4915018902600001,
        0.48456216926000006,
        0.47929408426000003,
        0.4996146202600001,
        0.48108145726000007,
        0.49059927426000005,
        0.55293818326,
        0.48869241426000004
      ],
      "exit_codes": [
        0,
        0,
        0,
        0,
        0,
        0,
        0,
        0,
        0,
        0
      ]
    },
    {
      "command": "deno",
      "mean": 3.4169213539600003,
      "stddev": 0.19567988408456669,
      "median": 3.4315467452600004,
      "user": 1.8710410800000001,
      "system": 1.47989222,
      "min": 2.96388042326,
      "max": 3.6938024902600004,
      "times": [
        3.4616058882600003,
        3.32925287726,
        2.96388042326,
        3.6938024902600004,
        3.5365083532600003,
        3.4014876022600005,
        3.3228201892600002,
        3.59642148726,
        3.5644989752600003,
        3.2989352532600003
      ],
      "exit_codes": [
        0,
        0,
        0,
        0,
        0,
        0,
        0,
        0,
        0,
        0
      ]
    }
  ]
}