{
  "results": [
    {
      "command": "npm",
      "mean": 7.580234491720001,
      "stddev": 0.02263721197267476,
      "median": 7.58935238302,
      "user": 7.062924640000001,
      "system": 4.9119804799999995,
      "min": 7.53216850252,
      "max": 7.60807449052,
      "times": [
        7.53216850252,
        7.57784188852,
        7.59610717352,
        7.58697994852,
        7.59540113352,
        7.59172481752,
        7.60807449052,
        7.55412500052,
        7.56136056052,
        7.5985614015200005
      ],
      "exit_codes": [
        0,
        0,
        0,
        0,
        0,
        0,
        0,
        0,
        0,
        0
      ]
    },
    {
      "command": "snpm",
      "mean": 0.17136795782000003,
      "stddev": 0.012125898023512065,
      "median": 0.16871924702000002,
      "user": 0.02796644,
      "system": 0.14375418,
      "min": 0.16009220052,
      "max": 0.20612579452000002,
      "times": [
        0.16009220052,
        0.16242627152000003,
        0.16725858252,
        0.16884832952,
        0.16859016452000003,
        0.16731147752000003,
        0.16940987652000003,
        0.17047773252,
        0.17313914852,
        0.20612579452000002
      ],
      "exit_codes": [
        0,
        0,
        0,
        0,
        0,
        0,
        0,
        0,
        0,
        0
      ]
    },
    {
      "command": "yarn",
      "mean": 3.77141234642,
      "stddev": 0.07128354365552397,
      "median": 3.7365828580200002,
      "user": 3.32438864,
      "system": 4.18593348,
      "min": 3.6922812775200002,
      "max": 3.92537393052,
      "times": [
        3.71979889852,
        3.7829348415200004,
        3.92537393052,
        3.8302304995200003,
        3.7325526365200004,
        3.71243191552,
        3.72555554352,
        3.6922812775200002,
        3.74061307952,
        3.85235084152
      ],
      "exit_codes": [
        0,
        0,
        0,
        0,
        0,
        0,
        0,
        0,
        0,
        0
      ]
    },
    {
      "command": "berry",
      "mean": 4.36608867682,
      "stddev": 0.042727849501567536,
      "median": 4.36633834602,
      "user": 4.64502914,
      "system": 2.4845188799999995,
      "min": 4.30134054352,
      "max": 4.44553215352,
      "times": [
        4.42374553252,
        4.30134054352,
        4.33688143352,
        4.44553215352,
        4.38306158352,
        4.36998881852,
        4.36890402752,
        4.30956167352,
        4.36377266452,
        4.35809833752
      ],
      "exit_codes": [
        0,
        0,
        0,
        0,
        0,
        0,
        0,
        0,
        0,
        0
      ]
    },
    {
      "command": "pnpm",
      "mean": 1.30781290042,
      "stddev": 0.01405001949097001,
      "median": 1.30670663202,
      "user": 1.9518117399999997,
      "system": 0.7646595799999999,
      "min": 1.28399973152,
      "max": 1.3412453475200001,
      "times": [
        1.30569417952,
        1.31609890252,
        1.3089070735200001,
        1.30771908452,
        1.28399973152,
        1.30037839152,
        1.3412453475200001,
        1.31352790352,
        1.29768733252,
        1.30287105752
      ],
      "exit_codes": [
        0,
        0,
        0,
        0,
        0,
        0,
        0,
        0,
        0,
        0
      ]
    },
    {
      "command": "vlt",
      "mean": 2.83476540382,
      "stddev": 0.03787616108364225,
      "median": 2.83829709802,
      "user": 2.58265384,
      "system": 2.80093378,
      "min": 2.77193739852,
      "max": 2.9008979575200002,
      "times": [
        2.8397843535200002,
        2.77965522552,
        2.77193739852,
        2.81512186352,
        2.81755453352,
        2.85658173852,
        2.83680984252,
        2.9008979575200002,
        2.86203037952,
        2.86728074552
      ],
      "exit_codes": [
        0,
        0,
        0,
        0,
        0,
        0,
        0,
        0,
        0,
        0
      ]
    },
    {
      "command": "bun",
      "mean": 0.28081888722000004,
      "stddev": 0.0030305684649503065,
      "median": 0.27945327802000003,
      "user": 0.018281739999999998,
      "system": 0.26788948,
      "min": 0.27749985152,
      "max": 0.28664053252000005,
      "times": [
        0.27749985152,
        0.27860078752,
        0.27851671252000004,
        0.27994334852,
        0.27955436452000004,
        0.27891759152,
        0.27935219152,
        0.28494644152000004,
        0.28664053252000005,
        0.28421705052
      ],
      "exit_codes": [
        0,
        0,
        0,
        0,
        0,
        0,
        0,
        0,
        0,
        0
      ]
    },
    {
      "command": "deno",
      "mean": 0.48501383911999996,
      "stddev": 0.006507617911772562,
      "median": 0.48510539752000004,
      "user": 0.41524904000000007,
      "system": 0.6229353799999999,
      "min": 0.47445313652000004,
      "max": 0.49619234252000005,
      "times": [
        0.49233043552000005,
        0.48410319152000003,
        0.48062494452000004,
        0.47777010152000005,
        0.47445313652000004,
        0.48051156752,
        0.49619234252000005,
        0.49093322752,
        0.48711184052000006,
        0.48610760352000004
      ],
      "exit_codes": [
        0,
        0,
        0,
        0,
        0,
        0,
        0,
        0,
        0,
        0
      ]
    }
  ]
}