{
  "results": [
    {
      "command": "npm",
      "mean": 0.10323706412000003,
      "stddev": 0.0018861258709672141,
      "median": 0.10326700522000001,
      "user": 0.09295216,
      "system": 0.026349499999999998,
      "min": 0.10054305172000001,
      "max": 0.10620587172000001,
      "times": [
        0.10385409172000001,
        0.10054305172000001,
        0.10091379772000002,
        0.10163248872000001,
        0.10212605172000001,
        0.10620587172000001,
        0.10324797972000001,
        0.10439718672000001,
        0.10616409072,
        0.10328603072
      ],
      "exit_codes": [
        0,
        0,
        0,
        0,
        0,
        0,
        0,
        0,
        0,
        0
      ]
    },
    {
      "command": "snpm",
      "mean": 0.02907753072,
      "stddev": 0.0011261868027346085,
      "median": 0.029482796220000003,
      "user": 0.01704546,
      "system": 0.014542999999999997,
      "min": 0.02684787472,
      "max": 0.030188180720000003,
      "times": [
        0.02684787472,
        0.027042377720000003,
        0.02926820872,
        0.029773103720000003,
        0.029999415720000002,
        0.030188180720000003,
        0.029818234720000003,
        0.02887231872,
        0.029635968720000003,
        0.029329623720000003
      ],
      "exit_codes": [
        0,
        0,
        0,
        0,
        0,
        0,
        0,
        0,
        0,
        0
      ]
    },
    {
      "command": "yarn",
      "mean": 0.18068778662,
      "stddev": 0.002204725132775712,
      "median": 0.17989044022,
      "user": 0.14202595999999998,
      "system": 0.048654,
      "min": 0.17693806472,
      "max": 0.18446637772,
      "times": [
        0.18277517872000001,
        0.17693806472,
        0.17978873172,
        0.18293957672,
        0.17988847072,
        0.18446637772,
        0.17989240972,
        0.17934979572,
        0.17857188372,
        0.18226737672
      ],
      "exit_codes": [
        0,
        0,
        0,
        0,
        0,
        0,
        0,
        0,
        0,
        0
      ]
    },
    {
      "command": "berry",
      "mean": 0.31548083102,
      "stddev": 0.010075990296886606,
      "median": 0.31032045422,
      "user": 0.32003565999999994,
      "system": 0.0613046,
      "min": 0.30345273272000006,
      "max": 0.33344462972000005,
      "times": [
        0.33344462972000005,
        0.31051247772,
        0.32945173272000006,
        0.32396408472000005,
        0.30642225472000006,
        0.30345273272000006,
        0.32107714772,
        0.31012843072,
        0.31009335472000005,
        0.30626146472000004
      ],
      "exit_codes": [
        0,
        0,
        0,
        0,
        0,
        0,
        0,
        0,
        0,
        0
      ]
    },
    {
      "command": "pnpm",
      "mean": 0.44759092962,
      "stddev": 0.017781063073067593,
      "median": 0.45003473222,
      "user": 0.42203546000000003,
      "system": 0.07891519999999999,
      "min": 0.41129245972000006,
      "max": 0.47795486672000004,
      "times": [
        0.42869076772000003,
        0.41129245972000006,
        0.45862451972000007,
        0.44299570472000005,
        0.43684114772000004,
        0.45038429672,
        0.44968516772000006,
        0.45954986072000004,
        0.45989050472000004,
        0.47795486672000004
      ],
      "exit_codes": [
        0,
        0,
        0,
        0,
        0,
        0,
        0,
        0,
        0,
        0
      ]
    },
    {
      "command": "vlt",
      "mean": 0.22180997792,
      "stddev": 0.0038032553891088326,
      "median": 0.22113533522,
      "user": 0.20351026,
      "system": 0.05342140000000001,
      "min": 0.21572110472,
      "max": 0.22905363172,
      "times": [
        0.21572110472,
        0.22576628672000001,
        0.21802183572,
        0.22125620572000002,
        0.22178241872,
        0.22101446472,
        0.22081552872000001,
        0.21897100472,
        0.22569729772,
        0.22905363172
      ],
      "exit_codes": [
        0,
        0,
        0,
        0,
        0,
        0,
        0,
        0,
        0,
        0
      ]
    },
    {
      "command": "bun",
      "mean": 0.00350568392,
      "stddev": 0.00010157883747296968,
      "median": 0.00346905072,
      "user": 0.001295874,
      "system": 0.0022735999999999998,
      "min": 0.00341052572,
      "max": 0.00376005872,
      "times": [
        0.00341052572,
        0.00376005872,
        0.0034897337200000007,
        0.00360090172,
        0.00344810672,
        0.0034588667200000003,
        0.00347923472,
        0.00342728772,
        0.00343056372,
        0.00355155972
      ],
      "exit_codes": [
        0,
        0,
        0,
        0,
        0,
        0,
        0,
        0,
        0,
        0
      ]
    },
    {
      "command": "deno",
      "mean": 0.05912659031999999,
      "stddev": 0.00035365096514196093,
      "median": 0.05903770772,
      "user": 0.03633356,
      "system": 0.0292015,
      "min": 0.05862530272,
      "max": 0.060003529720000004,
      "times": [
        0.05899748672,
        0.05938613672,
        0.05923175772,
        0.060003529720000004,
        0.05907792872,
        0.058970398720000004,
        0.058886449720000004,
        0.05917952972,
        0.05862530272,
        0.05890738272
      ],
      "exit_codes": [
        0,
        0,
        0,
        0,
        0,
        0,
        0,
        0,
        0,
        0
      ]
    },
    {
      "command": "nx",
      "mean": 0.8029600757199999,
      "stddev": 0.00610848518176396,
      "median": 0.8036646242200001,
      "user": 0.59943336,
      "system": 0.151932,
      "min": 0.79247394072,
      "max": 0.81097579172,
      "times": [
        0.81097579172,
        0.80091823972,
        0.80905944072,
        0.79828290072,
        0.80641100872,
        0.79247394072,
        0.7949509327200001,
        0.80757041572,
        0.80037095372,
        0.80858713272
      ],
      "exit_codes": [
        0,
        0,
        0,
        0,
        0,
        0,
        0,
        0,
        0,
        0
      ]
    },
    {
      "command": "turbo",
      "mean": 0.32655666551999996,
      "stddev": 0.053870967534054175,
      "median": 0.30022152922,
      "user": 0.12706746,
      "system": 0.08437019999999999,
      "min": 0.27748247672000004,
      "max": 0.46001990872000004,
      "times": [
        0.29096547772000003,
        0.36940440072,
        0.29584252672000005,
        0.27947127772,
        0.33719833872000005,
        0.29415788972,
        0.35642382672000006,
        0.27748247672000004,
        0.46001990872000004,
        0.30460053172
      ],
      "exit_codes": [
        0,
        0,
        0,
        0,
        0,
        0,
        0,
        0,
        0,
        0
      ]
    },
    {
      "command": "node",
      "mean": 0.005443629620000001,
      "stddev": 0.0001632306926484415,
      "median": 0.00540273372,
      "user": 0.0019815599999999994,
      "system": 0.0034625999999999997,
      "min": 0.00530720072,
      "max": 0.00588452972,
      "times": [
        0.005558289720000001,
        0.00588452972,
        0.0053867197200000005,
        0.0054268847200000005,
        0.00538761172,
        0.00531917272,
        0.00531161872,
        0.005417855720000001,
        0.0054364127200000004,
        0.00530720072
      ],
      "exit_codes": [
        0,
        0,
        0,
        0,
        0,
        0,
        0,
        0,
        0,
        0
      ]
    }
  ]
}