{
  "results": [
    {
      "command": "npm",
      "mean": 0.32336215806,
      "stddev": 0.0024482021947363005,
      "median": 0.32386069576000004,
      "user": 0.32823058000000005,
      "system": 0.07784287999999999,
      "min": 0.31822341176,
      "max": 0.32718742776000004,
      "times": [
        0.32484351176000004,
        0.32293468176,
        0.32508974976000005,
        0.32066176276,
        0.32407512976,
        0.32718742776000004,
        0.32364626176000005,
        0.32180247976000004,
        0.31822341176,
        0.32515716376000003
      ],
      "exit_codes": [
        0,
        0,
        0,
        0,
        0,
        0,
        0,
        0,
        0,
        0
      ]
    },
    {
      "command": "snpm",
      "mean": 0.02820907306,
      "stddev": 0.000493560264780513,
      "median": 0.028047436760000002,
      "user": 0.016197079999999996,
      "system": 0.014103179999999998,
      "min": 0.02758308476,
      "max": 0.02920518676,
      "times": [
        0.02783098376,
        0.027924517760000003,
        0.02805074776,
        0.02920518676,
        0.028168290760000003,
        0.028692139760000002,
        0.02758308476,
        0.028808489760000004,
        0.027783163760000004,
        0.028044125760000004
      ],
      "exit_codes": [
        0,
        0,
        0,
        0,
        0,
        0,
        0,
        0,
        0,
        0
      ]
    },
    {
      "command": "yarn",
      "mean": 0.23045639676000002,
      "stddev": 0.0024877011185217247,
      "median": 0.23017858126000001,
      "user": 0.20162428000000002,
      "system": 0.054593579999999996,
      "min": 0.22581876376,
      "max": 0.23397334176000004,
      "times": [
        0.23335506376000004,
        0.22917570176000002,
        0.23126356676000004,
        0.22581876376,
        0.23397334176000004,
        0.22752294276,
        0.23329902476000003,
        0.23032528476000003,
        0.22979839976000002,
        0.23003187776000003
      ],
      "exit_codes": [
        0,
        0,
        0,
        0,
        0,
        0,
        0,
        0,
        0,
        0
      ]
    },
    {
      "command": "berry",
      "mean": 0.5969741732599999,
      "stddev": 0.011255564875869128,
      "median": 0.59397727576,
      "user": 0.67033068,
      "system": 0.12091818000000001,
      "min": 0.5829935147599999,
      "max": 0.61725967576,
      "times": [
        0.60551784876,
        0.5829935147599999,
        0.59348789276,
        0.59023486576,
        0.61269076076,
        0.58549251176,
        0.58592310676,
        0.60167489676,
        0.61725967576,
        0.59446665876
      ],
      "exit_codes": [
        0,
        0,
        0,
        0,
        0,
        0,
        0,
        0,
        0,
        0
      ]
    },
    {
      "command": "pnpm",
      "mean": 0.58858593916,
      "stddev": 0.00840053739685865,
      "median": 0.58737739976,
      "user": 0.61700338,
      "system": 0.09850207999999998,
      "min": 0.57603388676,
      "max": 0.60975044276,
      "times": [
        0.58440466476,
        0.58687852476,
        0.58750727676,
        0.58901209976,
        0.58222341376,
        0.58724752276,
        0.58821198176,
        0.60975044276,
        0.57603388676,
        0.59458957776
      ],
      "exit_codes": [
        0,
        0,
        0,
        0,
        0,
        0,
        0,
        0,
        0,
        0
      ]
    },
    {
      "command": "vlt",
      "mean": 0.27002934216,
      "stddev": 0.0014491496291799,
      "median": 0.26975622076000005,
      "user": 0.26996558000000004,
      "system": 0.05342468,
      "min": 0.26779310976000004,
      "max": 0.27276025976,
      "times": [
        0.27104274276,
        0.26859434776,
        0.26887969076,
        0.27122931176000004,
        0.26937448576,
        0.27128091676000005,
        0.27013795576000005,
        0.26920060076,
        0.27276025976,
        0.26779310976000004
      ],
      "exit_codes": [
        0,
        0,
        0,
        0,
        0,
        0,
        0,
        0,
        0,
        0
      ]
    },
    {
      "command": "bun",
      "mean": 0.006022661260000001,
      "stddev": 0.00020924639611388787,
      "median": 0.00595876876,
      "user": 0.00305138,
      "system": 0.006229580000000001,
      "min": 0.00579086776,
      "max": 0.006380412760000001,
      "times": [
        0.00582149476,
        0.00598410276,
        0.00630630276,
        0.0058409427600000004,
        0.006294996760000001,
        0.00579086776,
        0.00593933676,
        0.006380412760000001,
        0.00588995476,
        0.00597820076
      ],
      "exit_codes": [
        0,
        0,
        0,
        0,
        0,
        0,
        0,
        0,
        0,
        0
      ]
    },
    {
      "command": "deno",
      "mean": 0.03614071906000001,
      "stddev": 0.0007361249162571584,
      "median": 0.035918432759999994,
      "user": 0.019029179999999996,
      "system": 0.02046098,
      "min": 0.03545875776,
      "max": 0.038168866759999996,
      "times": [
        0.03545875776,
        0.035912271759999996,
        0.03562163876,
        0.03626441376,
        0.03558831676,
        0.03583992776,
        0.038168866759999996,
        0.03592459376,
        0.03629316176,
        0.03633524176
      ],
      "exit_codes": [
        0,
        0,
        0,
        0,
        0,
        0,
        0,
        0,
        0,
        0
      ]
    }
  ]
}