{
  "results": [
    {
      "command": "npm",
      "mean": 0.9589890824200002,
      "stddev": 0.007385917163440381,
      "median": 0.9592573500200001,
      "user": 1.077063,
      "system": 0.19605759999999997,
      "min": 0.9465947760200001,
      "max": 0.9753153930200001,
      "times": [
        0.9753153930200001,
        0.9591117370200001,
        0.9589664790200001,
        0.9608809480200001,
        0.9597100560200001,
        0.9465947760200001,
        0.9592772800200001,
        0.9623014380200001,
        0.9592374200200001,
        0.9484952970200001
      ],
      "exit_codes": [
        0,
        0,
        0,
        0,
        0,
        0,
        0,
        0,
        0,
        0
      ]
    },
    {
      "command": "snpm",
      "mean": 0.5778771606200002,
      "stddev": 0.006327824925762931,
      "median": 0.5782999995200001,
      "user": 0.3438394,
      "system": 0.24164079999999996,
      "min": 0.5695832860200001,
      "max": 0.5890891360200001,
      "times": [
        0.5695832860200001,
        0.5825696050200001,
        0.5763099300200001,
        0.5823413170200001,
        0.5838682310200001,
        0.57151777802,
        0.5721391800200001,
        0.5802900690200001,
        0.5710630740200001,
        0.5890891360200001
      ],
      "exit_codes": [
        0,
        0,
        0,
        0,
        0,
        0,
        0,
        0,
        0,
        0
      ]
    },
    {
      "command": "yarn",
      "mean": 8.77005934252,
      "stddev": 0.41669759533296963,
      "median": 8.73554632802,
      "user": 3.9371517999999988,
      "system": 1.5221627,
      "min": 8.15673649002,
      "max": 9.51789859602,
      "times": [
        8.64098748302,
        8.830105173020002,
        9.226288847020001,
        8.21255142002,
        8.95323949502,
        9.09170078302,
        8.62130526302,
        9.51789859602,
        8.44977987502,
        8.15673649002
      ],
      "exit_codes": [
        0,
        0,
        0,
        0,
        0,
        0,
        0,
        0,
        0,
        0
      ]
    },
    {
      "command": "berry",
      "mean": 2.73513708842,
      "stddev": 0.063401407268091,
      "median": 2.74194530752,
      "user": 3.5796348999999994,
      "system": 0.6093192999999999,
      "min": 2.6468233420200002,
      "max": 2.8638880060200003,
      "times": [
        2.6775727810200003,
        2.7536645810200002,
        2.65144938302,
        2.7950498120200002,
        2.7487300510200003,
        2.71355407702,
        2.76547828702,
        2.8638880060200003,
        2.6468233420200002,
        2.73516056402
      ],
      "exit_codes": [
        0,
        0,
        0,
        0,
        0,
        0,
        0,
        0,
        0,
        0
      ]
    },
    {
      "command": "pnpm",
      "mean": 1.35047494692,
      "stddev": 0.021509520294954274,
      "median": 1.34549091002,
      "user": 1.6309489,
      "system": 0.31002499999999994,
      "min": 1.3215552850199999,
      "max": 1.3904410220199999,
      "times": [
        1.34436805302,
        1.3215552850199999,
        1.3558466490199998,
        1.33602388902,
        1.37277011102,
        1.3373918680199999,
        1.34661376702,
        1.3904410220199999,
        1.32502897302,
        1.3747098520199998
      ],
      "exit_codes": [
        0,
        0,
        0,
        0,
        0,
        0,
        0,
        0,
        0,
        0
      ]
    },
    {
      "command": "vlt",
      "mean": 0.35595679752000003,
      "stddev": 0.009959210612955646,
      "median": 0.35264793602,
      "user": 0.3900509,
      "system": 0.0784576,
      "min": 0.34590309902,
      "max": 0.37679690702,
      "times": [
        0.36832365702000003,
        0.35257476502,
        0.35272110702000004,
        0.37679690702,
        0.34741707902,
        0.34705083902,
        0.36499121502000004,
        0.34590309902,
        0.34917812302,
        0.35461118402
      ],
      "exit_codes": [
        0,
        0,
        0,
        0,
        0,
        0,
        0,
        0,
        0,
        0
      ]
    },
    {
      "command": "bun",
      "mean": 0.04054735062,
      "stddev": 0.00040852892163620536,
      "median": 0.04058977402,
      "user": 0.0093701,
      "system": 0.0366874,
      "min": 0.03971481102,
      "max": 0.04107054302,
      "times": [
        0.04009322602,
        0.03971481102,
        0.04027431302,
        0.04094165702,
        0.04071589002,
        0.04107054302,
        0.04066937902,
        0.04101155702,
        0.04047196102,
        0.04051016902
      ],
      "exit_codes": [
        0,
        0,
        0,
        0,
        0,
        0,
        0,
        0,
        0,
        0
      ]
    },
    {
      "command": "deno",
      "mean": 0.7996221693200001,
      "stddev": 0.010219050296925752,
      "median": 0.8006341565200001,
      "user": 0.9907864999999999,
      "system": 0.2837181,
      "min": 0.7821448440200001,
      "max": 0.8157595620200001,
      "times": [
        0.8028170390200001,
        0.7915868070200001,
        0.7821448440200001,
        0.8092265580200001,
        0.8090631150200001,
        0.8157595620200001,
        0.7948970530200001,
        0.78680265002,
        0.79845127402,
        0.8054727910200001
      ],
      "exit_codes": [
        0,
        0,
        0,
        0,
        0,
        0,
        0,
        0,
        0,
        0
      ]
    }
  ]
}