{
  "results": [
    {
      "command": "npm",
      "mean": 0.9753040977800002,
      "stddev": 0.007387766302112802,
      "median": 0.9729442539800001,
      "user": 1.05038288,
      "system": 0.19296086,
      "min": 0.96632722398,
      "max": 0.9897062309800001,
      "times": [
        0.9726713719800001,
        0.98226261398,
        0.97091819298,
        0.9897062309800001,
        0.9837616909800001,
        0.9773708909800001,
        0.97321713598,
        0.97037555998,
        0.96632722398,
        0.96643006598
      ],
      "exit_codes": [
        0,
        0,
        0,
        0,
        0,
        0,
        0,
        0,
        0,
        0
      ]
    },
    {
      "command": "snpm",
      "mean": 0.6294007474800001,
      "stddev": 0.01024793826637803,
      "median": 0.6267599929800001,
      "user": 0.39857297999999997,
      "system": 0.23857996000000004,
      "min": 0.61806443698,
      "max": 0.6555400249800001,
      "times": [
        0.6228111739800001,
        0.62556343398,
        0.6296442359800001,
        0.62795655198,
        0.6555400249800001,
        0.6336705259800001,
        0.63646540698,
        0.62368344598,
        0.62060823798,
        0.61806443698
      ],
      "exit_codes": [
        0,
        0,
        0,
        0,
        0,
        0,
        0,
        0,
        0,
        0
      ]
    },
    {
      "command": "yarn",
      "mean": 6.717834862879999,
      "stddev": 0.401422182967925,
      "median": 6.5629872659799995,
      "user": 3.9191029799999995,
      "system": 1.4757755600000002,
      "min": 6.289826607979999,
      "max": 7.46506957298,
      "times": [
        6.36693942698,
        7.46506957298,
        6.289826607979999,
        6.498410025979999,
        6.49789179298,
        6.3507923349799995,
        7.00987085398,
        7.36734919098,
        6.62756450598,
        6.70463431598
      ],
      "exit_codes": [
        0,
        0,
        0,
        0,
        0,
        0,
        0,
        0,
        0,
        0
      ]
    },
    {
      "command": "berry",
      "mean": 3.0164626236800007,
      "stddev": 0.2863925667634515,
      "median": 2.91920407898,
      "user": 3.58506808,
      "system": 0.6763045599999999,
      "min": 2.83967414498,
      "max": 3.8631514939800002,
      "times": [
        2.8827001199800004,
        3.01004380198,
        3.8631514939800002,
        2.9238808669800003,
        2.9914422339800004,
        2.83967414498,
        2.9525096429800004,
        2.9018555039800003,
        2.88484113698,
        2.91452729098
      ],
      "exit_codes": [
        0,
        0,
        0,
        0,
        0,
        0,
        0,
        0,
        0,
        0
      ]
    },
    {
      "command": "pnpm",
      "mean": 1.26088074638,
      "stddev": 0.11966741114258911,
      "median": 1.22114971148,
      "user": 1.70797788,
      "system": 0.33442606,
      "min": 1.1869426649800001,
      "max": 1.61367424198,
      "times": [
        1.22903615098,
        1.25379449398,
        1.1869426649800001,
        1.21326327198,
        1.25069273698,
        1.1987763849800002,
        1.24845444198,
        1.61367424198,
        1.20271095898,
        1.2114621169800002
      ],
      "exit_codes": [
        0,
        0,
        0,
        0,
        0,
        0,
        0,
        0,
        0,
        0
      ]
    },
    {
      "command": "vlt",
      "mean": 0.34037254147999996,
      "stddev": 0.0055156346499551645,
      "median": 0.33973971197999997,
      "user": 0.36478547999999994,
      "system": 0.07218406,
      "min": 0.33445110998,
      "max": 0.35530708198,
      "times": [
        0.33856337398,
        0.33665354898,
        0.33550611598,
        0.34042885598,
        0.34214363398000003,
        0.33445110998,
        0.34063586898000003,
        0.33905056798,
        0.34098525698,
        0.35530708198
      ],
      "exit_codes": [
        0,
        0,
        0,
        0,
        0,
        0,
        0,
        0,
        0,
        0
      ]
    },
    {
      "command": "bun",
      "mean": 0.04056899188,
      "stddev": 0.0010004172785133669,
      "median": 0.040476088980000005,
      "user": 0.0077173799999999985,
      "system": 0.038378960000000004,
      "min": 0.03886112998,
      "max": 0.04243327998,
      "times": [
        0.03886112998,
        0.03967994298,
        0.04081612198,
        0.04121363098,
        0.04013605598,
        0.04008306898,
        0.03974901298,
        0.04141037398,
        0.04243327998,
        0.04130730098
      ],
      "exit_codes": [
        0,
        0,
        0,
        0,
        0,
        0,
        0,
        0,
        0,
        0
      ]
    },
    {
      "command": "deno",
      "mean": 0.8662429563800002,
      "stddev": 0.029274271180241482,
      "median": 0.85837691248,
      "user": 1.29205558,
      "system": 0.35240356,
      "min": 0.8343680439800001,
      "max": 0.94521876798,
      "times": [
        0.8603297079800001,
        0.87820028998,
        0.8343680439800001,
        0.8564241169800001,
        0.8768130029800001,
        0.8438427889800001,
        0.8490539769800001,
        0.85515328298,
        0.94521876798,
        0.86302558498
      ],
      "exit_codes": [
        0,
        0,
        0,
        0,
        0,
        0,
        0,
        0,
        0,
        0
      ]
    }
  ]
}