{
  "results": [
    {
      "command": "npm",
      "mean": 1.0040992279,
      "stddev": 0.05268138074787955,
      "median": 0.9876597906000001,
      "user": 1.07245086,
      "system": 0.19082307999999998,
      "min": 0.9662574421000001,
      "max": 1.1523909091000002,
      "times": [
        1.1523909091000002,
        0.9775529811000001,
        1.0352343381000002,
        0.9933135221,
        0.9666518001000001,
        0.9662574421000001,
        0.9877156181000001,
        0.9904590341,
        0.9838126711,
        0.9876039631000001
      ],
      "exit_codes": [
        0,
        0,
        0,
        0,
        0,
        0,
        0,
        0,
        0,
        0
      ]
    },
    {
      "command": "snpm",
      "mean": 0.6021666299999999,
      "stddev": 0.013473933626086412,
      "median": 0.6002476466,
      "user": 0.36545765999999996,
      "system": 0.24315277999999996,
      "min": 0.5881131601,
      "max": 0.6377474611,
      "times": [
        0.5982166341,
        0.5908604321,
        0.6030632721,
        0.6022786591,
        0.5930492821000001,
        0.6091487601000001,
        0.6051896071,
        0.5881131601,
        0.5939990321,
        0.6377474611
      ],
      "exit_codes": [
        0,
        0,
        0,
        0,
        0,
        0,
        0,
        0,
        0,
        0
      ]
    },
    {
      "command": "yarn",
      "mean": 4.9463465181,
      "stddev": 0.14481410634538583,
      "median": 4.9821093781000005,
      "user": 3.94523596,
      "system": 1.4781999799999996,
      "min": 4.7507436051,
      "max": 5.2667050361,
      "times": [
        4.9715929711,
        4.8224991261,
        5.0030364141,
        4.8452231961,
        4.7507436051,
        5.2667050361,
        4.9965394371,
        4.7813773731,
        5.0331222371,
        4.9926257851
      ],
      "exit_codes": [
        0,
        0,
        0,
        0,
        0,
        0,
        0,
        0,
        0,
        0
      ]
    },
    {
      "command": "berry",
      "mean": 2.8283123589000003,
      "stddev": 0.05816057934169617,
      "median": 2.8228141496,
      "user": 3.69444266,
      "system": 0.6864461800000001,
      "min": 2.7318735071,
      "max": 2.9683809771,
      "times": [
        2.8567548421,
        2.8183948280999997,
        2.9683809771,
        2.7318735071,
        2.8546960351,
        2.8034388841,
        2.8203696851,
        2.8252586141,
        2.8267303061,
        2.7772259101
      ],
      "exit_codes": [
        0,
        0,
        0,
        0,
        0,
        0,
        0,
        0,
        0,
        0
      ]
    },
    {
      "command": "pnpm",
      "mean": 1.2369871382000002,
      "stddev": 0.036258001532197125,
      "median": 1.2384793316000002,
      "user": 1.8360961599999999,
      "system": 0.35432327999999996,
      "min": 1.1689410061,
      "max": 1.2972963811,
      "times": [
        1.2340962961000002,
        1.1833435221000002,
        1.1689410061,
        1.2597470111000002,
        1.2316074531,
        1.2972963811,
        1.2268561061,
        1.2619138941,
        1.2632073451,
        1.2428623671
      ],
      "exit_codes": [
        0,
        0,
        0,
        0,
        0,
        0,
        0,
        0,
        0,
        0
      ]
    },
    {
      "command": "vlt",
      "mean": 0.33616086270000006,
      "stddev": 0.006359834832679969,
      "median": 0.33399711260000003,
      "user": 0.36732106,
      "system": 0.07679107999999998,
      "min": 0.3304197941,
      "max": 0.3531259191,
      "times": [
        0.3321416291,
        0.33339831810000004,
        0.3362737371,
        0.3304197941,
        0.3402939961,
        0.33744245310000004,
        0.33326385410000003,
        0.3306530191,
        0.33459590710000003,
        0.3531259191
      ],
      "exit_codes": [
        0,
        0,
        0,
        0,
        0,
        0,
        0,
        0,
        0,
        0
      ]
    },
    {
      "command": "bun",
      "mean": 0.0403105427,
      "stddev": 0.00067440841559254,
      "median": 0.040136018600000004,
      "user": 0.00874326,
      "system": 0.03716638,
      "min": 0.0395281561,
      "max": 0.0414201821,
      "times": [
        0.0395281561,
        0.0397738271,
        0.0397248101,
        0.039875852100000005,
        0.0403961851,
        0.041254572100000005,
        0.0407872221,
        0.0414201821,
        0.0395719891,
        0.040772631100000005
      ],
      "exit_codes": [
        0,
        0,
        0,
        0,
        0,
        0,
        0,
        0,
        0,
        0
      ]
    },
    {
      "command": "deno",
      "mean": 0.8580619985,
      "stddev": 0.02261160596119292,
      "median": 0.8551833396,
      "user": 1.2938116599999998,
      "system": 0.34992737999999995,
      "min": 0.8330965911,
      "max": 0.9072161171,
      "times": [
        0.8330965911,
        0.8394652401,
        0.8415376661,
        0.8827944551000001,
        0.8466939931,
        0.8636726861,
        0.8343957111000001,
        0.8659410961,
        0.8658064291,
        0.9072161171
      ],
      "exit_codes": [
        0,
        0,
        0,
        0,
        0,
        0,
        0,
        0,
        0,
        0
      ]
    }
  ]
}