{
  "results": [
    {
      "command": "npm",
      "mean": 0.8856279010000001,
      "stddev": 0.010631536407665893,
      "median": 0.8850015784,
      "user": 1.00775772,
      "system": 0.13296678,
      "min": 0.8736280999,
      "max": 0.9080208279,
      "times": [
        0.8796332459,
        0.8898368349000001,
        0.8885243749,
        0.8826277619,
        0.8980345859000001,
        0.8873753949000001,
        0.8736280999,
        0.8740290729000001,
        0.9080208279,
        0.8745688109
      ],
      "exit_codes": [
        0,
        0,
        0,
        0,
        0,
        0,
        0,
        0,
        0,
        0
      ]
    },
    {
      "command": "snpm",
      "mean": 0.5404331504000001,
      "stddev": 0.004681563051541027,
      "median": 0.5405449844,
      "user": 0.40160702,
      "system": 0.14629708000000002,
      "min": 0.5316064429,
      "max": 0.5480577679,
      "times": [
        0.5410305719,
        0.5405164239,
        0.5394114899,
        0.5316064429,
        0.5480577679,
        0.5342075059,
        0.5391416129000001,
        0.5405735449,
        0.5440302559,
        0.5457558879000001
      ],
      "exit_codes": [
        0,
        0,
        0,
        0,
        0,
        0,
        0,
        0,
        0,
        0
      ]
    },
    {
      "command": "yarn",
      "mean": 5.6594967523,
      "stddev": 0.10199918421635082,
      "median": 5.6368340113999995,
      "user": 3.74010782,
      "system": 1.08796128,
      "min": 5.5343093629,
      "max": 5.8348907229,
      "times": [
        5.8348907229,
        5.6340366199,
        5.6396314029,
        5.6551012689,
        5.5343093629,
        5.7900565599,
        5.7861179189,
        5.5925269579,
        5.5442126178999995,
        5.5840840909
      ],
      "exit_codes": [
        0,
        0,
        0,
        0,
        0,
        0,
        0,
        0,
        0,
        0
      ]
    },
    {
      "command": "berry",
      "mean": 2.7514334341,
      "stddev": 0.047656834363457454,
      "median": 2.7533336199,
      "user": 3.5955137200000005,
      "system": 0.53719918,
      "min": 2.6733037889,
      "max": 2.8444423509,
      "times": [
        2.8444423509,
        2.7727924899,
        2.7140590089,
        2.7537683949,
        2.7247441029,
        2.7542939479,
        2.6733037889,
        2.8127685889,
        2.7528988449,
        2.7112628229
      ],
      "exit_codes": [
        0,
        0,
        0,
        0,
        0,
        0,
        0,
        0,
        0,
        0
      ]
    },
    {
      "command": "pnpm",
      "mean": 1.1459330991,
      "stddev": 0.03489225306766048,
      "median": 1.1451976683999998,
      "user": 1.62303302,
      "system": 0.25119948000000003,
      "min": 1.0995347179,
      "max": 1.2075350989,
      "times": [
        1.1722304919,
        1.1117270569,
        1.1727535458999998,
        1.1242626149,
        1.1751309709,
        1.0995347179,
        1.2075350989,
        1.1136441669,
        1.1661327219,
        1.1163796048999999
      ],
      "exit_codes": [
        0,
        0,
        0,
        0,
        0,
        0,
        0,
        0,
        0,
        0
      ]
    },
    {
      "command": "vlt",
      "mean": 0.3157698956,
      "stddev": 0.0042754417562865564,
      "median": 0.3152295894,
      "user": 0.35274382,
      "system": 0.059646379999999985,
      "min": 0.3105143299,
      "max": 0.32546005590000004,
      "times": [
        0.3105143299,
        0.31594063190000005,
        0.3150620649,
        0.3153971139,
        0.3167147769,
        0.32089790290000003,
        0.32546005590000004,
        0.31123077390000004,
        0.31314662990000003,
        0.3133346759
      ],
      "exit_codes": [
        0,
        0,
        0,
        0,
        0,
        0,
        0,
        0,
        0,
        0
      ]
    },
    {
      "command": "bun",
      "mean": 0.0303893395,
      "stddev": 0.0007118219894833542,
      "median": 0.030547500900000003,
      "user": 0.008571619999999999,
      "system": 0.02719788,
      "min": 0.028904802900000002,
      "max": 0.031080471900000003,
      "times": [
        0.029978138900000003,
        0.030418750900000003,
        0.0310668999,
        0.0294979809,
        0.031043555900000006,
        0.028904802900000002,
        0.0310323329,
        0.0301942099,
        0.031080471900000003,
        0.030676250900000004
      ],
      "exit_codes": [
        0,
        0,
        0,
        0,
        0,
        0,
        0,
        0,
        0,
        0
      ]
    },
    {
      "command": "deno",
      "mean": 0.7787587432,
      "stddev": 0.016192225786805358,
      "median": 0.7839171569000001,
      "user": 1.2803891200000002,
      "system": 0.23756168,
      "min": 0.7455024089000001,
      "max": 0.7973075729000001,
      "times": [
        0.7942344759000001,
        0.7636677569,
        0.7973075729000001,
        0.7931309159000001,
        0.7917365159,
        0.7684344219,
        0.7835309479,
        0.7657390499000001,
        0.7843033659,
        0.7455024089000001
      ],
      "exit_codes": [
        0,
        0,
        0,
        0,
        0,
        0,
        0,
        0,
        0,
        0
      ]
    }
  ]
}