{
  "results": [
    {
      "command": "npm",
      "mean": 0.9949905191200001,
      "stddev": 0.007901671984126061,
      "median": 0.99527280912,
      "user": 1.06891154,
      "system": 0.20192378000000005,
      "min": 0.98194178412,
      "max": 1.0073666241199999,
      "times": [
        0.98737285312,
        1.0039568001199999,
        0.99981254012,
        0.98194178412,
        0.98950603612,
        0.99907004312,
        0.9883766031200001,
        1.0073666241199999,
        1.00102633212,
        0.9914755751200001
      ],
      "exit_codes": [
        0,
        0,
        0,
        0,
        0,
        0,
        0,
        0,
        0,
        0
      ]
    },
    {
      "command": "snpm",
      "mean": 0.63073909132,
      "stddev": 0.006109422388527483,
      "median": 0.6315077061200001,
      "user": 0.40742873999999996,
      "system": 0.23087127999999996,
      "min": 0.62086933312,
      "max": 0.64177288012,
      "times": [
        0.63369331712,
        0.62901286812,
        0.6359322201200001,
        0.6301277911200001,
        0.63394882012,
        0.62086933312,
        0.63288762112,
        0.64177288012,
        0.62804326812,
        0.62110279412
      ],
      "exit_codes": [
        0,
        0,
        0,
        0,
        0,
        0,
        0,
        0,
        0,
        0
      ]
    },
    {
      "command": "yarn",
      "mean": 4.869582790520001,
      "stddev": 0.11131522714798847,
      "median": 4.8954829246200005,
      "user": 3.9493851399999995,
      "system": 1.5264885799999999,
      "min": 4.707071460120001,
      "max": 5.0411269581200004,
      "times": [
        4.725579528120001,
        4.7579660091200005,
        4.707071460120001,
        4.970058108120001,
        4.995427069120001,
        4.91342869312,
        4.794204230120001,
        4.89523574712,
        4.895730102120001,
        5.0411269581200004
      ],
      "exit_codes": [
        0,
        0,
        0,
        0,
        0,
        0,
        0,
        0,
        0,
        0
      ]
    },
    {
      "command": "berry",
      "mean": 2.7427428279200003,
      "stddev": 0.03693511561729568,
      "median": 2.73552287312,
      "user": 3.55301714,
      "system": 0.69956938,
      "min": 2.67400914812,
      "max": 2.8006964991200003,
      "times": [
        2.8006964991200003,
        2.79156218412,
        2.73870079812,
        2.76084807312,
        2.67400914812,
        2.70646215212,
        2.77116849212,
        2.72219227812,
        2.72944370612,
        2.73234494812
      ],
      "exit_codes": [
        0,
        0,
        0,
        0,
        0,
        0,
        0,
        0,
        0,
        0
      ]
    },
    {
      "command": "pnpm",
      "mean": 1.19222766152,
      "stddev": 0.029736085179776054,
      "median": 1.20003307412,
      "user": 1.75399134,
      "system": 0.35066858,
      "min": 1.14220968812,
      "max": 1.24467787512,
      "times": [
        1.16738738212,
        1.15064274012,
        1.19931998712,
        1.14220968812,
        1.19122390512,
        1.20203721212,
        1.24467787512,
        1.20106284712,
        1.22296881712,
        1.20074616112
      ],
      "exit_codes": [
        0,
        0,
        0,
        0,
        0,
        0,
        0,
        0,
        0,
        0
      ]
    },
    {
      "command": "vlt",
      "mean": 0.34477691402,
      "stddev": 0.005825406741146007,
      "median": 0.34425699911999996,
      "user": 0.37085584000000005,
      "system": 0.07290078000000001,
      "min": 0.33729581412,
      "max": 0.35538289112,
      "times": [
        0.33847718612,
        0.34770070112,
        0.35142341612,
        0.34940633212,
        0.33796315111999997,
        0.34438452112,
        0.34412947711999997,
        0.33729581412,
        0.34160565012,
        0.35538289112
      ],
      "exit_codes": [
        0,
        0,
        0,
        0,
        0,
        0,
        0,
        0,
        0,
        0
      ]
    },
    {
      "command": "bun",
      "mean": 0.04122185942,
      "stddev": 0.0009561676754539498,
      "median": 0.04152252562,
      "user": 0.00848014,
      "system": 0.038428979999999995,
      "min": 0.03900759712,
      "max": 0.04234144712,
      "times": [
        0.03900759712,
        0.04165813412,
        0.04146373212,
        0.04234144712,
        0.04166371512,
        0.04147432012,
        0.04036233112,
        0.04223011912,
        0.04044646712,
        0.04157073112
      ],
      "exit_codes": [
        0,
        0,
        0,
        0,
        0,
        0,
        0,
        0,
        0,
        0
      ]
    },
    {
      "command": "deno",
      "mean": 0.8636985709200001,
      "stddev": 0.007203022593010565,
      "median": 0.86227762362,
      "user": 1.32034074,
      "system": 0.34193288,
      "min": 0.8558911851200001,
      "max": 0.87999590912,
      "times": [
        0.85793780012,
        0.86190732112,
        0.87013727712,
        0.8626479261200001,
        0.8561173401200001,
        0.86919676912,
        0.85869487012,
        0.8558911851200001,
        0.87999590912,
        0.8644593111200001
      ],
      "exit_codes": [
        0,
        0,
        0,
        0,
        0,
        0,
        0,
        0,
        0,
        0
      ]
    }
  ]
}