{
  "results": [
    {
      "command": "npm",
      "mean": 0.9825088377,
      "stddev": 0.00841995860409431,
      "median": 0.9829623125000001,
      "user": 1.05805332,
      "system": 0.19281394000000002,
      "min": 0.9693089830000001,
      "max": 0.9981896030000001,
      "times": [
        0.9800772600000001,
        0.9758670540000001,
        0.9693089830000001,
        0.9781218690000001,
        0.9858473650000001,
        0.9726660860000002,
        0.9906113290000002,
        0.9981896030000001,
        0.9862287940000001,
        0.9881700340000001
      ],
      "exit_codes": [
        0,
        0,
        0,
        0,
        0,
        0,
        0,
        0,
        0,
        0
      ]
    },
    {
      "command": "snpm",
      "mean": 0.6222378941000002,
      "stddev": 0.005475679020938412,
      "median": 0.6219293905000001,
      "user": 0.39750812,
      "system": 0.23241183999999998,
      "min": 0.6142421320000001,
      "max": 0.6356246280000001,
      "times": [
        0.6216669170000001,
        0.6241267140000001,
        0.6186477550000001,
        0.625980104,
        0.617748406,
        0.619841198,
        0.6223092230000001,
        0.6356246280000001,
        0.622191864,
        0.6142421320000001
      ],
      "exit_codes": [
        0,
        0,
        0,
        0,
        0,
        0,
        0,
        0,
        0,
        0
      ]
    },
    {
      "command": "yarn",
      "mean": 6.303302866299999,
      "stddev": 0.19663558884197863,
      "median": 6.317233413,
      "user": 3.9760039199999992,
      "system": 1.5446244400000002,
      "min": 5.975135571,
      "max": 6.5999282809999995,
      "times": [
        6.445457535,
        6.072006019,
        6.127761075,
        6.47463456,
        5.975135571,
        6.254389526,
        6.20331864,
        6.5999282809999995,
        6.500320156,
        6.3800773
      ],
      "exit_codes": [
        0,
        0,
        0,
        0,
        0,
        0,
        0,
        0,
        0,
        0
      ]
    },
    {
      "command": "berry",
      "mean": 2.8581647267,
      "stddev": 0.09094246416536496,
      "median": 2.8497102340000002,
      "user": 3.551817119999999,
      "system": 0.7057889399999999,
      "min": 2.754836177,
      "max": 3.091094408,
      "times": [
        2.8690250760000002,
        2.863723944,
        2.821589883,
        2.754836177,
        2.89607412,
        3.091094408,
        2.767931435,
        2.8356965240000003,
        2.893758973,
        2.7879167270000003
      ],
      "exit_codes": [
        0,
        0,
        0,
        0,
        0,
        0,
        0,
        0,
        0,
        0
      ]
    },
    {
      "command": "pnpm",
      "mean": 1.2052299938,
      "stddev": 0.030236411401778844,
      "median": 1.205095597,
      "user": 1.7361421200000002,
      "system": 0.33783033999999995,
      "min": 1.1608958859999998,
      "max": 1.252080411,
      "times": [
        1.2092213619999999,
        1.252080411,
        1.1608958859999998,
        1.2182834569999998,
        1.178849171,
        1.200969832,
        1.1646086409999998,
        1.2311993239999999,
        1.244797476,
        1.191394378
      ],
      "exit_codes": [
        0,
        0,
        0,
        0,
        0,
        0,
        0,
        0,
        0,
        0
      ]
    },
    {
      "command": "vlt",
      "mean": 0.3411388987,
      "stddev": 0.0073521107786288014,
      "median": 0.3381211,
      "user": 0.36230442,
      "system": 0.07513634,
      "min": 0.33341413200000003,
      "max": 0.359561122,
      "times": [
        0.34337385000000004,
        0.339036199,
        0.348609416,
        0.336943443,
        0.33720600100000003,
        0.336686088,
        0.340151416,
        0.33341413200000003,
        0.359561122,
        0.33640732
      ],
      "exit_codes": [
        0,
        0,
        0,
        0,
        0,
        0,
        0,
        0,
        0,
        0
      ]
    },
    {
      "command": "bun",
      "mean": 0.0412342606,
      "stddev": 0.0009559723434390987,
      "median": 0.041198869000000006,
      "user": 0.007725419999999999,
      "system": 0.039255740000000004,
      "min": 0.039574386,
      "max": 0.04293320800000001,
      "times": [
        0.039574386,
        0.040210857,
        0.040681655000000004,
        0.04293320800000001,
        0.041724663,
        0.041295609000000004,
        0.041267488000000005,
        0.04094653,
        0.042577960000000005,
        0.04113025000000001
      ],
      "exit_codes": [
        0,
        0,
        0,
        0,
        0,
        0,
        0,
        0,
        0,
        0
      ]
    },
    {
      "command": "deno",
      "mean": 0.8694743681,
      "stddev": 0.04849341133652933,
      "median": 0.8583767515,
      "user": 1.3011176199999999,
      "system": 0.35243224,
      "min": 0.8320398550000001,
      "max": 1.0104039029999998,
      "times": [
        0.8519797600000001,
        0.8708170030000001,
        0.85831659,
        0.8604517810000001,
        0.8584369130000001,
        0.8526653420000001,
        0.8330440410000001,
        0.8665884930000001,
        0.8320398550000001,
        1.0104039029999998
      ],
      "exit_codes": [
        0,
        0,
        0,
        0,
        0,
        0,
        0,
        0,
        0,
        0
      ]
    }
  ]
}