{
  "results": [
    {
      "command": "npm",
      "mean": 3.76937142794,
      "stddev": 0.3237260532505713,
      "median": 3.72112059284,
      "user": 1.09976716,
      "system": 0.21332633999999998,
      "min": 3.35312590984,
      "max": 4.33420921784,
      "times": [
        3.86661497184,
        3.54180683284,
        4.33420921784,
        4.16838988484,
        3.41738092784,
        3.9700075358399998,
        3.57562621384,
        3.47741435584,
        3.35312590984,
        3.98913842884
      ],
      "exit_codes": [
        0,
        0,
        0,
        0,
        0,
        0,
        0,
        0,
        0,
        0
      ]
    },
    {
      "command": "snpm",
      "mean": 0.22703141274000002,
      "stddev": 0.0019168343592358488,
      "median": 0.22644699184000003,
      "user": 0.11442266000000001,
      "system": 0.11980894000000002,
      "min": 0.22451498984,
      "max": 0.23058579084000003,
      "times": [
        0.22499631784000002,
        0.22791288084000003,
        0.22670522684000002,
        0.22727178484000002,
        0.23058579084000003,
        0.22618875684000003,
        0.23015591884000003,
        0.22616036384000002,
        0.22451498984,
        0.22582209684000001
      ],
      "exit_codes": [
        0,
        0,
        0,
        0,
        0,
        0,
        0,
        0,
        0,
        0
      ]
    },
    {
      "command": "yarn",
      "mean": 11.972077358240004,
      "stddev": 0.04502802774707624,
      "median": 11.98463383484,
      "user": 15.39386036,
      "system": 8.59391854,
      "min": 11.883780533840001,
      "max": 12.036934907840001,
      "times": [
        11.96375542784,
        11.999700303840001,
        11.905899101840001,
        11.883780533840001,
        11.99666678684,
        11.999328553840002,
        12.036934907840001,
        11.97260088284,
        11.953197903840001,
        12.008909179840002
      ],
      "exit_codes": [
        0,
        0,
        0,
        0,
        0,
        0,
        0,
        0,
        0,
        0
      ]
    },
    {
      "command": "berry",
      "mean": 3.37597468454,
      "stddev": 0.039463799611624065,
      "median": 3.3792737708400002,
      "user": 6.462810759999999,
      "system": 1.40941214,
      "min": 3.28964419584,
      "max": 3.44051948884,
      "times": [
        3.34978136384,
        3.4115307438399998,
        3.35667186884,
        3.40350169584,
        3.3931233448399998,
        3.28964419584,
        3.44051948884,
        3.36988496684,
        3.38866257484,
        3.35642660184
      ],
      "exit_codes": [
        0,
        0,
        0,
        0,
        0,
        0,
        0,
        0,
        0,
        0
      ]
    },
    {
      "command": "pnpm",
      "mean": 2.3272116574400004,
      "stddev": 0.0474162849690537,
      "median": 2.3291355113399996,
      "user": 3.7821741600000003,
      "system": 1.16963954,
      "min": 2.26758388284,
      "max": 2.43459834884,
      "times": [
        2.34927574384,
        2.28929467084,
        2.29089183584,
        2.27731671784,
        2.33709830384,
        2.43459834884,
        2.3211727188399998,
        2.26758388284,
        2.36373684084,
        2.34114751084
      ],
      "exit_codes": [
        0,
        0,
        0,
        0,
        0,
        0,
        0,
        0,
        0,
        0
      ]
    },
    {
      "command": "vlt",
      "mean": 0.32215380284000006,
      "stddev": 0.0048521411710247654,
      "median": 0.32052607934,
      "user": 0.33774986,
      "system": 0.06862933999999998,
      "min": 0.31756828284,
      "max": 0.33384622884,
      "times": [
        0.31955238184,
        0.32149977684,
        0.33384622884,
        0.31942137584,
        0.32755604084,
        0.31756828284,
        0.32269067884,
        0.31819657184,
        0.32316183084,
        0.31804485983999997
      ],
      "exit_codes": [
        0,
        0,
        0,
        0,
        0,
        0,
        0,
        0,
        0,
        0
      ]
    },
    {
      "command": "bun",
      "mean": 0.98256473804,
      "stddev": 0.03505931139415386,
      "median": 0.9775205838400001,
      "user": 0.87521006,
      "system": 1.0032544399999999,
      "min": 0.9436829588400001,
      "max": 1.05928671684,
      "times": [
        0.9513442448400001,
        1.05928671684,
        0.9581409798400001,
        0.9436829588400001,
        1.01839648384,
        0.9467994698400001,
        1.0010016448399999,
        0.9893576318400001,
        0.9919537138400001,
        0.9656835358400001
      ],
      "exit_codes": [
        0,
        0,
        0,
        0,
        0,
        0,
        0,
        0,
        0,
        0
      ]
    },
    {
      "command": "deno",
      "mean": 4.842256871439999,
      "stddev": 0.2704877164494469,
      "median": 4.76917275584,
      "user": 1.5862039599999997,
      "system": 0.39386414000000003,
      "min": 4.62081390884,
      "max": 5.58167973584,
      "times": [
        4.7054990418400005,
        4.87334004784,
        4.66976956184,
        4.62081390884,
        4.62494465684,
        4.67706113484,
        4.92975469884,
        4.90685945784,
        4.83284646984,
        5.58167973584
      ],
      "exit_codes": [
        0,
        0,
        0,
        0,
        0,
        0,
        0,
        0,
        0,
        0
      ]
    }
  ]
}