{
  "results": [
    {
      "command": "npm",
      "mean": 0.5690466371600001,
      "stddev": 0.00425439854713643,
      "median": 0.5703010719600001,
      "user": 0.62858142,
      "system": 0.10941812,
      "min": 0.5612348984600001,
      "max": 0.57537247146,
      "times": [
        0.5721449084600001,
        0.56917567146,
        0.5612348984600001,
        0.5628493254600001,
        0.5719206214600001,
        0.57537247146,
        0.5686356894600001,
        0.5658723954600001,
        0.5714264724600001,
        0.5718339174600001
      ],
      "exit_codes": [
        0,
        0,
        0,
        0,
        0,
        0,
        0,
        0,
        0,
        0
      ]
    },
    {
      "command": "snpm",
      "mean": 0.03288812606000001,
      "stddev": 0.0008845626969022825,
      "median": 0.03269885196,
      "user": 0.021501619999999996,
      "system": 0.01371832,
      "min": 0.03203342746,
      "max": 0.03524193446,
      "times": [
        0.03221273046,
        0.03275139646,
        0.033484250460000003,
        0.03524193446,
        0.03223492146,
        0.03264630746,
        0.03203342746,
        0.032833976460000004,
        0.033020764460000004,
        0.03242155146
      ],
      "exit_codes": [
        0,
        0,
        0,
        0,
        0,
        0,
        0,
        0,
        0,
        0
      ]
    },
    {
      "command": "yarn",
      "mean": 0.31280211156000004,
      "stddev": 0.005553176208002889,
      "median": 0.31268000996,
      "user": 0.35600502,
      "system": 0.06593542000000001,
      "min": 0.30389349946,
      "max": 0.32086387746,
      "times": [
        0.31734824946,
        0.31695817246,
        0.30705990246,
        0.31015742946,
        0.30389349946,
        0.31943053646,
        0.31520259046,
        0.30894952046,
        0.32086387746,
        0.30815733746
      ],
      "exit_codes": [
        0,
        0,
        0,
        0,
        0,
        0,
        0,
        0,
        0,
        0
      ]
    },
    {
      "command": "berry",
      "mean": 5.1302297461599995,
      "stddev": 0.13284353378774358,
      "median": 5.10612658146,
      "user": 9.30989082,
      "system": 3.15608012,
      "min": 4.88516277446,
      "max": 5.39706947346,
      "times": [
        5.39706947346,
        5.23945717046,
        5.25181240946,
        5.06819761446,
        5.07601444846,
        5.10105106446,
        5.02865124346,
        5.11120209846,
        5.14367916446,
        4.88516277446
      ],
      "exit_codes": [
        0,
        0,
        0,
        0,
        0,
        0,
        0,
        0,
        0,
        0
      ]
    },
    {
      "command": "pnpm",
      "mean": 0.67065589546,
      "stddev": 0.061930000834443326,
      "median": 0.6511461864600001,
      "user": 0.8322636200000002,
      "system": 0.14865502,
      "min": 0.63494732346,
      "max": 0.8533443274600001,
      "times": [
        0.63951149746,
        0.8533443274600001,
        0.65213247346,
        0.6501598994600001,
        0.6626900664600001,
        0.6400445314600001,
        0.63494732346,
        0.66205197646,
        0.6709423384600001,
        0.6407345204600001
      ],
      "exit_codes": [
        0,
        0,
        0,
        0,
        0,
        0,
        0,
        0,
        0,
        0
      ]
    },
    {
      "command": "vlt",
      "mean": 0.33462166886,
      "stddev": 0.0028068347615644645,
      "median": 0.33569652796000005,
      "user": 0.35481962,
      "system": 0.07473642,
      "min": 0.32965273246,
      "max": 0.33822261346,
      "times": [
        0.33715982546,
        0.33573136846,
        0.33703135946,
        0.33566168746,
        0.33639517646,
        0.33822261346,
        0.32965273246,
        0.33280097446,
        0.33318744846,
        0.33037350246
      ],
      "exit_codes": [
        0,
        0,
        0,
        0,
        0,
        0,
        0,
        0,
        0,
        0
      ]
    },
    {
      "command": "bun",
      "mean": 0.01145213856,
      "stddev": 0.0004541229098304664,
      "median": 0.01131417996,
      "user": 0.00801002,
      "system": 0.00909322,
      "min": 0.011044126460000001,
      "max": 0.012753513460000001,
      "times": [
        0.011245665460000002,
        0.011044126460000001,
        0.011222213460000002,
        0.01127170446,
        0.011232991460000001,
        0.012753513460000001,
        0.01137983846,
        0.011560764460000001,
        0.01145391246,
        0.01135665546
      ],
      "exit_codes": [
        0,
        0,
        0,
        0,
        0,
        0,
        0,
        0,
        0,
        0
      ]
    },
    {
      "command": "deno",
      "mean": 0.6801360208600002,
      "stddev": 0.043604054848311265,
      "median": 0.67660650696,
      "user": 0.31891331999999994,
      "system": 0.12499752,
      "min": 0.63190918246,
      "max": 0.7723693754600001,
      "times": [
        0.63891034146,
        0.6346475314600001,
        0.7222078564600001,
        0.7066988054600001,
        0.69491124146,
        0.6933524294600001,
        0.6464928604600001,
        0.7723693754600001,
        0.63190918246,
        0.6598605844600001
      ],
      "exit_codes": [
        0,
        0,
        0,
        0,
        0,
        0,
        0,
        0,
        0,
        0
      ]
    }
  ]
}