{
  "results": [
    {
      "command": "npm",
      "mean": 3.4918762249799995,
      "stddev": 0.29089975904182397,
      "median": 3.4892080525799996,
      "user": 1.4633101399999997,
      "system": 0.29865288,
      "min": 2.97955216108,
      "max": 4.0540580220799995,
      "times": [
        3.2769375610799996,
        3.66518197508,
        4.0540580220799995,
        3.82437174708,
        3.4835519040799996,
        2.97955216108,
        3.2990005500799997,
        3.55000914808,
        3.2912349800799996,
        3.49486420108
      ],
      "exit_codes": [
        0,
        0,
        0,
        0,
        0,
        0,
        0,
        0,
        0,
        0
      ]
    },
    {
      "command": "snpm",
      "mean": 0.62937749578,
      "stddev": 0.007311494305760602,
      "median": 0.6268026285800001,
      "user": 0.40833433999999996,
      "system": 0.22877387999999996,
      "min": 0.61992939008,
      "max": 0.64446214108,
      "times": [
        0.64446214108,
        0.6306287300800001,
        0.62478275108,
        0.63846614308,
        0.63482571708,
        0.61992939008,
        0.62742498708,
        0.62301076308,
        0.6261802700800001,
        0.62406406508
      ],
      "exit_codes": [
        0,
        0,
        0,
        0,
        0,
        0,
        0,
        0,
        0,
        0
      ]
    },
    {
      "command": "yarn",
      "mean": 22.824005294480006,
      "stddev": 0.2496810051489857,
      "median": 22.78288002558,
      "user": 30.824540840000004,
      "system": 14.917141080000002,
      "min": 22.50484013108,
      "max": 23.263297399080002,
      "times": [
        22.847982746080003,
        22.73462397408,
        22.60312876508,
        23.21175130508,
        23.263297399080002,
        22.590652825080003,
        22.83113607708,
        23.008459646080002,
        22.50484013108,
        22.64418007608
      ],
      "exit_codes": [
        0,
        0,
        0,
        0,
        0,
        0,
        0,
        0,
        0,
        0
      ]
    },
    {
      "command": "berry",
      "mean": 6.35870163978,
      "stddev": 0.08725613896300088,
      "median": 6.35259978108,
      "user": 12.18388964,
      "system": 3.426183279999999,
      "min": 6.244964331079999,
      "max": 6.49321278408,
      "times": [
        6.48586380908,
        6.34738507408,
        6.2905393500799995,
        6.40908546008,
        6.244964331079999,
        6.35781448808,
        6.28986829908,
        6.24560107408,
        6.42268172808,
        6.49321278408
      ],
      "exit_codes": [
        0,
        0,
        0,
        0,
        0,
        0,
        0,
        0,
        0,
        0
      ]
    },
    {
      "command": "pnpm",
      "mean": 4.144324274280001,
      "stddev": 0.08769685938145837,
      "median": 4.13902936558,
      "user": 6.762911639999999,
      "system": 2.3371411799999997,
      "min": 3.98782198508,
      "max": 4.29382779308,
      "times": [
        4.20037558808,
        4.14433121908,
        4.29382779308,
        4.19089925608,
        4.10475931208,
        3.98782198508,
        4.13372751208,
        4.07878825308,
        4.2507359640799995,
        4.05797586008
      ],
      "exit_codes": [
        0,
        0,
        0,
        0,
        0,
        0,
        0,
        0,
        0,
        0
      ]
    },
    {
      "command": "vlt",
      "mean": 0.34082949288000003,
      "stddev": 0.004047888661719509,
      "median": 0.34089954758,
      "user": 0.36447524,
      "system": 0.07269028,
      "min": 0.33475772708,
      "max": 0.34717590108,
      "times": [
        0.33624388208,
        0.33685574108000005,
        0.33475772708,
        0.34528665808000003,
        0.34167690408,
        0.34244675208,
        0.34533223608,
        0.34012219108,
        0.33839693608000004,
        0.34717590108
      ],
      "exit_codes": [
        0,
        0,
        0,
        0,
        0,
        0,
        0,
        0,
        0,
        0
      ]
    },
    {
      "command": "bun",
      "mean": 2.23287489268,
      "stddev": 0.07333805145343537,
      "median": 2.23791378708,
      "user": 3.38409854,
      "system": 2.89608728,
      "min": 2.1157454090799996,
      "max": 2.38109744308,
      "times": [
        2.28475030008,
        2.38109744308,
        2.1157454090799996,
        2.1270751610799996,
        2.21255545008,
        2.1967588600799997,
        2.2718752030799996,
        2.24019525208,
        2.23563232208,
        2.26306352608
      ],
      "exit_codes": [
        0,
        0,
        0,
        0,
        0,
        0,
        0,
        0,
        0,
        0
      ]
    },
    {
      "command": "deno",
      "mean": 6.365685446479999,
      "stddev": 0.38001133603626314,
      "median": 6.20675243858,
      "user": 3.78446984,
      "system": 0.84545728,
      "min": 5.96814091108,
      "max": 7.222212327079999,
      "times": [
        6.7587758420799995,
        6.08837211708,
        6.1324606800799994,
        6.16024962508,
        7.222212327079999,
        6.25325525208,
        6.33962044008,
        5.96814091108,
        6.04202752408,
        6.69173974608
      ],
      "exit_codes": [
        0,
        0,
        0,
        0,
        0,
        0,
        0,
        0,
        0,
        0
      ]
    }
  ]
}