{
  "results": [
    {
      "command": "npm",
      "mean": 0.32080345432000007,
      "stddev": 0.0023737630324706356,
      "median": 0.31986817302000004,
      "user": 0.32795072000000003,
      "system": 0.07482915999999999,
      "min": 0.31845905052000006,
      "max": 0.32665716552000007,
      "times": [
        0.31955975252,
        0.32315067852000007,
        0.32665716552000007,
        0.32076864552000006,
        0.31845905052000006,
        0.31906139152000007,
        0.31887010352000006,
        0.31968268652000004,
        0.32005365952000003,
        0.32177140952000005
      ],
      "exit_codes": [
        0,
        0,
        0,
        0,
        0,
        0,
        0,
        0,
        0,
        0
      ]
    },
    {
      "command": "snpm",
      "mean": 0.02737288472,
      "stddev": 0.00032949905561011804,
      "median": 0.02742172352,
      "user": 0.016639519999999998,
      "system": 0.01297096,
      "min": 0.02690377152,
      "max": 0.02781775952,
      "times": [
        0.02781775952,
        0.02757195652,
        0.02771397652,
        0.02750416452,
        0.02690377152,
        0.02733928252,
        0.02775597452,
        0.02711228752,
        0.02694241952,
        0.02706725452
      ],
      "exit_codes": [
        0,
        0,
        0,
        0,
        0,
        0,
        0,
        0,
        0,
        0
      ]
    },
    {
      "command": "yarn",
      "mean": 0.22939481832000003,
      "stddev": 0.0015851868993663686,
      "median": 0.22937691952,
      "user": 0.20256472000000003,
      "system": 0.05251486,
      "min": 0.22674109352000002,
      "max": 0.23195392352000002,
      "times": [
        0.22958066952,
        0.23174600852000002,
        0.22674109352000002,
        0.23052916352,
        0.22917316952,
        0.23195392352000002,
        0.22793578652000002,
        0.22808603152,
        0.22854249152,
        0.22965984552000002
      ],
      "exit_codes": [
        0,
        0,
        0,
        0,
        0,
        0,
        0,
        0,
        0,
        0
      ]
    },
    {
      "command": "berry",
      "mean": 2.0702044323199997,
      "stddev": 0.023310330816557066,
      "median": 2.06590163902,
      "user": 3.3908212200000003,
      "system": 0.9317159599999998,
      "min": 2.03790328452,
      "max": 2.10287635952,
      "times": [
        2.07689496852,
        2.04589645352,
        2.10287635952,
        2.05868930552,
        2.10042433552,
        2.05066067752,
        2.10162348852,
        2.05396147752,
        2.07311397252,
        2.03790328452
      ],
      "exit_codes": [
        0,
        0,
        0,
        0,
        0,
        0,
        0,
        0,
        0,
        0
      ]
    },
    {
      "command": "pnpm",
      "mean": 0.6046386501200001,
      "stddev": 0.02665539927878134,
      "median": 0.5994700940200001,
      "user": 0.70978212,
      "system": 0.13153176,
      "min": 0.5796241855200001,
      "max": 0.6811162515200001,
      "times": [
        0.5986285415200001,
        0.60644036552,
        0.60125118952,
        0.5994294535200001,
        0.59951073452,
        0.6811162515200001,
        0.5945832765200001,
        0.5842514295200001,
        0.5796241855200001,
        0.60155107352
      ],
      "exit_codes": [
        0,
        0,
        0,
        0,
        0,
        0,
        0,
        0,
        0,
        0
      ]
    },
    {
      "command": "vlt",
      "mean": 0.26772312362,
      "stddev": 0.0030252189473171875,
      "median": 0.26650369702000004,
      "user": 0.26915662,
      "system": 0.052864259999999996,
      "min": 0.26317247452000003,
      "max": 0.27201347352000005,
      "times": [
        0.26637532752000004,
        0.27186238152000003,
        0.26573281652,
        0.26455768752000003,
        0.26663206652000004,
        0.27018420352000005,
        0.27074188652000003,
        0.26317247452000003,
        0.26595891852000003,
        0.27201347352000005
      ],
      "exit_codes": [
        0,
        0,
        0,
        0,
        0,
        0,
        0,
        0,
        0,
        0
      ]
    },
    {
      "command": "bun",
      "mean": 0.005927670020000001,
      "stddev": 0.00034080410762349995,
      "median": 0.00573642052,
      "user": 0.0033236200000000002,
      "system": 0.00611776,
      "min": 0.00557575852,
      "max": 0.006443609520000001,
      "times": [
        0.0056394965200000004,
        0.00571297552,
        0.005634308520000001,
        0.00617275252,
        0.006443609520000001,
        0.005759865520000001,
        0.00561993352,
        0.006334263520000001,
        0.006383736520000001,
        0.00557575852
      ],
      "exit_codes": [
        0,
        0,
        0,
        0,
        0,
        0,
        0,
        0,
        0,
        0
      ]
    },
    {
      "command": "deno",
      "mean": 0.036516775720000005,
      "stddev": 0.00036118338973374707,
      "median": 0.03650434702000001,
      "user": 0.020738819999999998,
      "system": 0.01970106,
      "min": 0.03573854952,
      "max": 0.03694187352,
      "times": [
        0.03573854952,
        0.03643688652,
        0.03694187352,
        0.03685295152,
        0.03682539952,
        0.036571807520000006,
        0.03611720652000001,
        0.03686101052000001,
        0.03641010352000001,
        0.036411968520000004
      ],
      "exit_codes": [
        0,
        0,
        0,
        0,
        0,
        0,
        0,
        0,
        0,
        0
      ]
    }
  ]
}