{
  "results": [
    {
      "command": "npm",
      "mean": 0.6020049115600001,
      "stddev": 0.0030884549242848705,
      "median": 0.60149178886,
      "user": 0.6696066399999999,
      "system": 0.11556454000000001,
      "min": 0.59703775936,
      "max": 0.60654475636,
      "times": [
        0.59808361836,
        0.6047313833600001,
        0.6005331343600001,
        0.60422192236,
        0.60177826036,
        0.60654475636,
        0.60120531736,
        0.59998078036,
        0.6059321833600001,
        0.59703775936
      ],
      "exit_codes": [
        0,
        0,
        0,
        0,
        0,
        0,
        0,
        0,
        0,
        0
      ]
    },
    {
      "command": "snpm",
      "mean": 0.03300733376,
      "stddev": 0.0004147154801849565,
      "median": 0.03289940336,
      "user": 0.02202124,
      "system": 0.013193639999999998,
      "min": 0.03259394336,
      "max": 0.03396917236,
      "times": [
        0.032936968360000006,
        0.03292393836,
        0.032874868360000004,
        0.03360156936,
        0.03396917236,
        0.03259394336,
        0.032963232360000004,
        0.03278218236,
        0.032623586360000005,
        0.032803876360000005
      ],
      "exit_codes": [
        0,
        0,
        0,
        0,
        0,
        0,
        0,
        0,
        0,
        0
      ]
    },
    {
      "command": "yarn",
      "mean": 0.3122003307600001,
      "stddev": 0.0278675395403835,
      "median": 0.30384612336000005,
      "user": 0.33705883999999997,
      "system": 0.06284264,
      "min": 0.29958816936000005,
      "max": 0.39563721636000004,
      "times": [
        0.30200210436,
        0.29958816936000005,
        0.30305465436000006,
        0.30475634436000004,
        0.30418025936000004,
        0.30012897536000005,
        0.30491926336,
        0.30422433336000004,
        0.39563721636000004,
        0.30351198736000007
      ],
      "exit_codes": [
        0,
        0,
        0,
        0,
        0,
        0,
        0,
        0,
        0,
        0
      ]
    },
    {
      "command": "berry",
      "mean": 0.9873261072600001,
      "stddev": 0.012298842940474035,
      "median": 0.9833693923600001,
      "user": 1.18024964,
      "system": 0.19490464,
      "min": 0.97297781936,
      "max": 1.02203572736,
      "times": [
        0.97297781936,
        0.98803238536,
        0.9877085873600001,
        0.9825555973600001,
        0.9832888433600001,
        0.9833445723600001,
        0.9818161673600001,
        0.9881071603600001,
        1.02203572736,
        0.9833942123600001
      ],
      "exit_codes": [
        0,
        0,
        0,
        0,
        0,
        0,
        0,
        0,
        0,
        0
      ]
    },
    {
      "command": "pnpm",
      "mean": 0.7289777726600001,
      "stddev": 0.010605301472002464,
      "median": 0.7281139298600001,
      "user": 0.83800884,
      "system": 0.14064574,
      "min": 0.7153765173600001,
      "max": 0.7484317043600001,
      "times": [
        0.7336974403600001,
        0.7193180223600001,
        0.7153765173600001,
        0.72170266636,
        0.7382152593600001,
        0.71686348436,
        0.7399447723600001,
        0.7484317043600001,
        0.7237033343600001,
        0.7325245253600001
      ],
      "exit_codes": [
        0,
        0,
        0,
        0,
        0,
        0,
        0,
        0,
        0,
        0
      ]
    },
    {
      "command": "vlt",
      "mean": 0.3385486646600001,
      "stddev": 0.002791509182315796,
      "median": 0.33761787136000004,
      "user": 0.36657764,
      "system": 0.07032104,
      "min": 0.33463478636000005,
      "max": 0.34287445136000005,
      "times": [
        0.34270057336000004,
        0.33542540836000007,
        0.33792607736,
        0.33679177136000005,
        0.33463478636000005,
        0.34287445136000005,
        0.34106387336000005,
        0.33730966536000007,
        0.34003964636000006,
        0.33672039336000004
      ],
      "exit_codes": [
        0,
        0,
        0,
        0,
        0,
        0,
        0,
        0,
        0,
        0
      ]
    },
    {
      "command": "bun",
      "mean": 0.014392411060000002,
      "stddev": 0.0004911000963439229,
      "median": 0.014199726360000001,
      "user": 0.00926694,
      "system": 0.010818239999999998,
      "min": 0.01403313336,
      "max": 0.015769709360000002,
      "times": [
        0.01403313336,
        0.01424455936,
        0.01420711736,
        0.014529714360000001,
        0.01459735536,
        0.01419233536,
        0.014097612360000001,
        0.015769709360000002,
        0.01413444136,
        0.01411813236
      ],
      "exit_codes": [
        0,
        0,
        0,
        0,
        0,
        0,
        0,
        0,
        0,
        0
      ]
    },
    {
      "command": "deno",
      "mean": 0.04570575466000001,
      "stddev": 0.0006157898096699964,
      "median": 0.04561578286,
      "user": 0.026815739999999998,
      "system": 0.024426539999999997,
      "min": 0.04488628136,
      "max": 0.04698696436,
      "times": [
        0.04553974236,
        0.04568086536,
        0.04488628136,
        0.04564644836,
        0.046209774360000004,
        0.04558511736,
        0.04509965836,
        0.04634822836000001,
        0.04698696436,
        0.04507446636
      ],
      "exit_codes": [
        0,
        0,
        0,
        0,
        0,
        0,
        0,
        0,
        0,
        0
      ]
    }
  ]
}