{
  "results": [
    {
      "command": "npm",
      "mean": 5.14658671542,
      "stddev": 0.0985371271923933,
      "median": 5.13990418422,
      "user": 5.671109700000001,
      "system": 2.9584792199999996,
      "min": 4.99358594822,
      "max": 5.30961246622,
      "times": [
        5.1128450792199995,
        4.99358594822,
        5.06921107022,
        5.01936346022,
        5.15820155422,
        5.21264323722,
        5.19406574922,
        5.30961246622,
        5.27473177522,
        5.12160681422
      ],
      "exit_codes": [
        0,
        0,
        0,
        0,
        0,
        0,
        0,
        0,
        0,
        0
      ]
    },
    {
      "command": "snpm",
      "mean": 0.14861322662,
      "stddev": 0.0026896301856892974,
      "median": 0.14880685772000002,
      "user": 0.030626499999999994,
      "system": 0.12030422,
      "min": 0.14497821222,
      "max": 0.15277937522,
      "times": [
        0.15135526322,
        0.15277937522,
        0.14554924922,
        0.15048656722,
        0.15105131722,
        0.14537846122,
        0.14497821222,
        0.14982483122,
        0.14694010522,
        0.14778888422
      ],
      "exit_codes": [
        0,
        0,
        0,
        0,
        0,
        0,
        0,
        0,
        0,
        0
      ]
    },
    {
      "command": "yarn",
      "mean": 11.41339443532,
      "stddev": 0.0851831289628822,
      "median": 11.403733302220001,
      "user": 14.9962606,
      "system": 8.333343619999999,
      "min": 11.256903842220002,
      "max": 11.56881978122,
      "times": [
        11.325224586220001,
        11.51611435322,
        11.38639424422,
        11.393738436220001,
        11.41372816822,
        11.450479192220001,
        11.256903842220002,
        11.45057881722,
        11.56881978122,
        11.37196293222
      ],
      "exit_codes": [
        0,
        0,
        0,
        0,
        0,
        0,
        0,
        0,
        0,
        0
      ]
    },
    {
      "command": "berry",
      "mean": 5.54326070022,
      "stddev": 0.07111673763591814,
      "median": 5.55466666522,
      "user": 9.219042599999998,
      "system": 3.19345902,
      "min": 5.40429298822,
      "max": 5.63355162822,
      "times": [
        5.51130254322,
        5.40429298822,
        5.58685802922,
        5.48499764422,
        5.61302097922,
        5.52301212422,
        5.47512542722,
        5.61412443222,
        5.63355162822,
        5.58632120622
      ],
      "exit_codes": [
        0,
        0,
        0,
        0,
        0,
        0,
        0,
        0,
        0,
        0
      ]
    },
    {
      "command": "pnpm",
      "mean": 2.77031492422,
      "stddev": 0.05542770142643114,
      "median": 2.76141638872,
      "user": 4.313635,
      "system": 1.8055823199999999,
      "min": 2.68226552222,
      "max": 2.85326644522,
      "times": [
        2.71687766222,
        2.68226552222,
        2.77225721822,
        2.85326644522,
        2.83529913122,
        2.74555272422,
        2.84863919422,
        2.77008756622,
        2.7261585672199997,
        2.7527452112199997
      ],
      "exit_codes": [
        0,
        0,
        0,
        0,
        0,
        0,
        0,
        0,
        0,
        0
      ]
    },
    {
      "command": "vlt",
      "mean": 2.97408071792,
      "stddev": 0.03157932964407373,
      "median": 2.96795961322,
      "user": 3.9483599,
      "system": 1.9698805200000002,
      "min": 2.92598646022,
      "max": 3.0277117802199998,
      "times": [
        2.97025666722,
        2.94974584722,
        2.95836355422,
        3.01959634222,
        3.0277117802199998,
        3.0047398362199997,
        2.97376209322,
        2.92598646022,
        2.94498203922,
        2.96566255922
      ],
      "exit_codes": [
        0,
        0,
        0,
        0,
        0,
        0,
        0,
        0,
        0,
        0
      ]
    },
    {
      "command": "bun",
      "mean": 1.06927871262,
      "stddev": 1.1917558942366044,
      "median": 0.6706472562200001,
      "user": 0.6335419,
      "system": 1.1247626199999998,
      "min": 0.63936169222,
      "max": 4.64389108522,
      "times": [
        0.72603294722,
        0.6596861712200001,
        0.65193654422,
        0.67302207922,
        4.64389108522,
        0.6709799002200001,
        0.63936169222,
        0.69566587022,
        0.66189622422,
        0.67031461222
      ],
      "exit_codes": [
        0,
        0,
        0,
        0,
        0,
        0,
        0,
        0,
        0,
        0
      ]
    },
    {
      "command": "deno",
      "mean": 4.29590455272,
      "stddev": 0.6542152118792046,
      "median": 4.445415946220001,
      "user": 2.4477276,
      "system": 1.7688536199999998,
      "min": 3.41245458122,
      "max": 5.54465819122,
      "times": [
        4.67122038622,
        4.82547450922,
        3.78579221122,
        4.57121249622,
        3.63449988722,
        3.52012917522,
        4.6739846932199995,
        4.31961939622,
        5.54465819122,
        3.41245458122
      ],
      "exit_codes": [
        0,
        0,
        0,
        0,
        0,
        0,
        0,
        0,
        0,
        0
      ]
    }
  ]
}