{
  "results": [
    {
      "command": "npm",
      "mean": 4.236594243939999,
      "stddev": 0.03143556926178052,
      "median": 4.24118339354,
      "user": 4.07061088,
      "system": 2.9352097600000002,
      "min": 4.19181499254,
      "max": 4.29078248854,
      "times": [
        4.2348866665400005,
        4.19429944154,
        4.24887329254,
        4.20289844654,
        4.25207796854,
        4.19181499254,
        4.22833934754,
        4.24748012054,
        4.29078248854,
        4.27448967454
      ],
      "exit_codes": [
        0,
        0,
        0,
        0,
        0,
        0,
        0,
        0,
        0,
        0
      ]
    },
    {
      "command": "snpm",
      "mean": 0.10982306963999999,
      "stddev": 0.003007375106650563,
      "median": 0.11029129104,
      "user": 0.024444279999999995,
      "system": 0.08769176,
      "min": 0.10529589554,
      "max": 0.11379369054,
      "times": [
        0.10529589554,
        0.10594646354000001,
        0.11058260554,
        0.11127649654,
        0.10658014254,
        0.10828146454000001,
        0.10999997654,
        0.11289749454,
        0.11379369054,
        0.11357646654
      ],
      "exit_codes": [
        0,
        0,
        0,
        0,
        0,
        0,
        0,
        0,
        0,
        0
      ]
    },
    {
      "command": "yarn",
      "mean": 2.5409346851400003,
      "stddev": 0.2642350630715057,
      "median": 2.4360333030400003,
      "user": 2.4590434799999996,
      "system": 2.73646406,
      "min": 2.39033222854,
      "max": 3.31308042854,
      "times": [
        2.41817617154,
        2.43796533654,
        2.43410126954,
        2.61944463254,
        3.31308042854,
        2.46248400354,
        2.4808279195400003,
        2.4331445995400003,
        2.41979026154,
        2.39033222854
      ],
      "exit_codes": [
        0,
        0,
        0,
        0,
        0,
        0,
        0,
        0,
        0,
        0
      ]
    },
    {
      "command": "berry",
      "mean": 2.51308475754,
      "stddev": 0.024408950710213425,
      "median": 2.51202380254,
      "user": 2.9338042799999995,
      "system": 1.3971748599999998,
      "min": 2.48594336454,
      "max": 2.55340271354,
      "times": [
        2.50488609854,
        2.48614478354,
        2.52981544754,
        2.49060578954,
        2.54919052754,
        2.48893269754,
        2.52276464654,
        2.55340271354,
        2.51916150654,
        2.48594336454
      ],
      "exit_codes": [
        0,
        0,
        0,
        0,
        0,
        0,
        0,
        0,
        0,
        0
      ]
    },
    {
      "command": "pnpm",
      "mean": 1.12837420864,
      "stddev": 0.026699248820378416,
      "median": 1.12474003154,
      "user": 1.70232198,
      "system": 0.6024880599999999,
      "min": 1.08994119254,
      "max": 1.17854076654,
      "times": [
        1.12306320454,
        1.09604174854,
        1.11348898454,
        1.15232531854,
        1.12641685854,
        1.10899574054,
        1.13858462554,
        1.17854076654,
        1.08994119254,
        1.15634364654
      ],
      "exit_codes": [
        0,
        0,
        0,
        0,
        0,
        0,
        0,
        0,
        0,
        0
      ]
    },
    {
      "command": "vlt",
      "mean": 1.9508567920399997,
      "stddev": 0.029767461898055434,
      "median": 1.94857265554,
      "user": 2.0371018800000003,
      "system": 1.6167437599999996,
      "min": 1.90229237454,
      "max": 2.00066641454,
      "times": [
        1.91262772854,
        2.00066641454,
        1.9501437835400002,
        1.9918409385400002,
        1.93853795954,
        1.90229237454,
        1.94700152754,
        1.9373839465400002,
        1.97363601454,
        1.9544372325400001
      ],
      "exit_codes": [
        0,
        0,
        0,
        0,
        0,
        0,
        0,
        0,
        0,
        0
      ]
    },
    {
      "command": "bun",
      "mean": 0.20829006144,
      "stddev": 0.0057538513718530014,
      "median": 0.20642607154000003,
      "user": 0.01318608,
      "system": 0.20044745999999997,
      "min": 0.20531017854,
      "max": 0.22539600054,
      "times": [
        0.20667452354000002,
        0.20714314154000002,
        0.20531017854,
        0.22539600054,
        0.20615028954,
        0.20780592454000002,
        0.20542177554000002,
        0.20617761954000002,
        0.20567490754,
        0.20714625354000002
      ],
      "exit_codes": [
        0,
        0,
        0,
        0,
        0,
        0,
        0,
        0,
        0,
        0
      ]
    },
    {
      "command": "deno",
      "mean": 0.40289412234000005,
      "stddev": 0.009158217253379921,
      "median": 0.40431813004000006,
      "user": 0.29891088000000005,
      "system": 0.48677066,
      "min": 0.38399372554,
      "max": 0.41556887454,
      "times": [
        0.41470766954000005,
        0.40605564054,
        0.4040473345400001,
        0.41556887454,
        0.40458892554000003,
        0.40182572454,
        0.39849889054,
        0.38399372554,
        0.40782179254000006,
        0.3918326455400001
      ],
      "exit_codes": [
        0,
        0,
        0,
        0,
        0,
        0,
        0,
        0,
        0,
        0
      ]
    }
  ]
}