{
  "results": [
    {
      "command": "npm",
      "mean": 0.5167674711400001,
      "stddev": 0.005059695309757902,
      "median": 0.51765636304,
      "user": 0.5692879399999999,
      "system": 0.10577306,
      "min": 0.5085167660400001,
      "max": 0.52479621804,
      "times": [
        0.51653820504,
        0.52479621804,
        0.51037164904,
        0.5085167660400001,
        0.51945140304,
        0.5233175130400001,
        0.51877452104,
        0.51912533604,
        0.51328396404,
        0.51349913604
      ],
      "exit_codes": [
        0,
        0,
        0,
        0,
        0,
        0,
        0,
        0,
        0,
        0
      ]
    },
    {
      "command": "snpm",
      "mean": 0.03343319494,
      "stddev": 0.0010269673136464926,
      "median": 0.033746101540000004,
      "user": 0.021373339999999998,
      "system": 0.014366459999999998,
      "min": 0.03176000204,
      "max": 0.034922726040000004,
      "times": [
        0.03176000204,
        0.03195642804,
        0.03252727404,
        0.03429409304,
        0.03428398404,
        0.03419064704,
        0.03382624104,
        0.03290459204,
        0.033665962040000004,
        0.034922726040000004
      ],
      "exit_codes": [
        0,
        0,
        0,
        0,
        0,
        0,
        0,
        0,
        0,
        0
      ]
    },
    {
      "command": "yarn",
      "mean": 0.30952439453999997,
      "stddev": 0.023494502628117985,
      "median": 0.30145553804,
      "user": 0.32781344,
      "system": 0.06613255999999999,
      "min": 0.29885773804,
      "max": 0.37970465004000004,
      "times": [
        0.30146337004,
        0.30668308604,
        0.30051735504,
        0.30314778104,
        0.29947943804,
        0.30026841004,
        0.29885773804,
        0.37970465004000004,
        0.30367441104000004,
        0.30144770604
      ],
      "exit_codes": [
        0,
        0,
        0,
        0,
        0,
        0,
        0,
        0,
        0,
        0
      ]
    },
    {
      "command": "berry",
      "mean": 0.73468291484,
      "stddev": 0.011263626453338527,
      "median": 0.7305776125400001,
      "user": 0.8684188399999998,
      "system": 0.13914816,
      "min": 0.72115706404,
      "max": 0.76267438304,
      "times": [
        0.7299984300400001,
        0.76267438304,
        0.73717567904,
        0.74573359204,
        0.7311567950400001,
        0.72115706404,
        0.72653933504,
        0.73510171904,
        0.72838871204,
        0.72890343904
      ],
      "exit_codes": [
        0,
        0,
        0,
        0,
        0,
        0,
        0,
        0,
        0,
        0
      ]
    },
    {
      "command": "pnpm",
      "mean": 0.71327542824,
      "stddev": 0.01627774157836691,
      "median": 0.71483427904,
      "user": 0.81620974,
      "system": 0.12758545999999998,
      "min": 0.68865523604,
      "max": 0.74665456504,
      "times": [
        0.68865523604,
        0.69911489204,
        0.70685295404,
        0.71434593404,
        0.72262081304,
        0.7288569620400001,
        0.71532262404,
        0.71566630604,
        0.6946639960400001,
        0.74665456504
      ],
      "exit_codes": [
        0,
        0,
        0,
        0,
        0,
        0,
        0,
        0,
        0,
        0
      ]
    },
    {
      "command": "vlt",
      "mean": 0.32389838183999997,
      "stddev": 0.0029876023319282663,
      "median": 0.32450062204,
      "user": 0.33902334,
      "system": 0.06621236,
      "min": 0.31915074304,
      "max": 0.32882353204000003,
      "times": [
        0.32733834504000003,
        0.31915074304,
        0.32584887404,
        0.32444516404,
        0.32882353204000003,
        0.32455608004000003,
        0.32478751704000003,
        0.32001799104,
        0.32076390204,
        0.32325167004
      ],
      "exit_codes": [
        0,
        0,
        0,
        0,
        0,
        0,
        0,
        0,
        0,
        0
      ]
    },
    {
      "command": "bun",
      "mean": 0.010757838039999999,
      "stddev": 0.0006889199438264219,
      "median": 0.01043406604,
      "user": 0.00794894,
      "system": 0.008671859999999998,
      "min": 0.010059621040000001,
      "max": 0.012173488040000001,
      "times": [
        0.01060316304,
        0.010059621040000001,
        0.01100494304,
        0.01032995504,
        0.01036345804,
        0.011923742040000001,
        0.01034083504,
        0.01027450104,
        0.012173488040000001,
        0.01050467404
      ],
      "exit_codes": [
        0,
        0,
        0,
        0,
        0,
        0,
        0,
        0,
        0,
        0
      ]
    },
    {
      "command": "deno",
      "mean": 0.042558247040000004,
      "stddev": 0.0006353747688193172,
      "median": 0.04232569654,
      "user": 0.025908339999999995,
      "system": 0.020712359999999992,
      "min": 0.04170761604,
      "max": 0.04398403604,
      "times": [
        0.043480627040000004,
        0.04398403604,
        0.04249844504,
        0.04219818904,
        0.04231087304,
        0.04226174604,
        0.04255847604,
        0.04224194204,
        0.04170761604,
        0.04234052004
      ],
      "exit_codes": [
        0,
        0,
        0,
        0,
        0,
        0,
        0,
        0,
        0,
        0
      ]
    }
  ]
}