{
  "results": [
    {
      "command": "npm",
      "mean": 2.44805780142,
      "stddev": 0.1456199612867986,
      "median": 2.41491569872,
      "user": 0.6892817199999999,
      "system": 0.16598390000000002,
      "min": 2.19999648872,
      "max": 2.77853803872,
      "times": [
        2.77853803872,
        2.19999648872,
        2.3837440007199997,
        2.44268861772,
        2.41552705672,
        2.39633069772,
        2.38376935872,
        2.44991549372,
        2.61576392072,
        2.4143043407199998
      ],
      "exit_codes": [
        0,
        0,
        0,
        0,
        0,
        0,
        0,
        0,
        0,
        0
      ]
    },
    {
      "command": "snpm",
      "mean": 0.10846194782,
      "stddev": 0.003340324967568978,
      "median": 0.10727931672,
      "user": 0.06564302000000001,
      "system": 0.0458521,
      "min": 0.10627162972,
      "max": 0.11781753872,
      "times": [
        0.10644553872,
        0.10627162972,
        0.11781753872,
        0.10695090372,
        0.10635206172,
        0.10808747972,
        0.10703278972000001,
        0.10754155672,
        0.10752584372,
        0.11059413572
      ],
      "exit_codes": [
        0,
        0,
        0,
        0,
        0,
        0,
        0,
        0,
        0,
        0
      ]
    },
    {
      "command": "yarn",
      "mean": 5.06313272582,
      "stddev": 0.07571123117955211,
      "median": 5.046306811220001,
      "user": 6.238994020000001,
      "system": 2.3792685000000007,
      "min": 4.95774929672,
      "max": 5.22967666372,
      "times": [
        4.95774929672,
        5.041481759720001,
        5.03923768672,
        5.05113186272,
        5.08708424972,
        4.9768622897200006,
        5.06828442872,
        5.15243470872,
        5.0273843117200006,
        5.22967666372
      ],
      "exit_codes": [
        0,
        0,
        0,
        0,
        0,
        0,
        0,
        0,
        0,
        0
      ]
    },
    {
      "command": "berry",
      "mean": 2.37446678342,
      "stddev": 0.037522249282416695,
      "median": 2.36877185622,
      "user": 3.75091182,
      "system": 0.9668911999999998,
      "min": 2.30285366472,
      "max": 2.44770061872,
      "times": [
        2.39084497772,
        2.37214479772,
        2.34676739172,
        2.36001964072,
        2.39080705072,
        2.36539891472,
        2.35402834172,
        2.41410243572,
        2.44770061872,
        2.30285366472
      ],
      "exit_codes": [
        0,
        0,
        0,
        0,
        0,
        0,
        0,
        0,
        0,
        0
      ]
    },
    {
      "command": "pnpm",
      "mean": 1.09750515152,
      "stddev": 0.018881415758459256,
      "median": 1.10007857472,
      "user": 1.6543494199999997,
      "system": 0.4266127,
      "min": 1.06882476372,
      "max": 1.11812692572,
      "times": [
        1.11796033072,
        1.11526850272,
        1.1177060377199999,
        1.0821454957199999,
        1.1029820127199998,
        1.0702452327199998,
        1.09717513672,
        1.06882476372,
        1.11812692572,
        1.0846170767199999
      ],
      "exit_codes": [
        0,
        0,
        0,
        0,
        0,
        0,
        0,
        0,
        0,
        0
      ]
    },
    {
      "command": "vlt",
      "mean": 0.26386442062,
      "stddev": 0.0019725866148888535,
      "median": 0.26382137022,
      "user": 0.26373951999999995,
      "system": 0.0523717,
      "min": 0.26026686772,
      "max": 0.26739618272,
      "times": [
        0.26248227972,
        0.26558936571999997,
        0.26313198772,
        0.26739618272,
        0.26451075272,
        0.26026686772,
        0.26291585772,
        0.26516460172,
        0.26202505372,
        0.26516125672
      ],
      "exit_codes": [
        0,
        0,
        0,
        0,
        0,
        0,
        0,
        0,
        0,
        0
      ]
    },
    {
      "command": "bun",
      "mean": 0.38954294372,
      "stddev": 0.02579752348081503,
      "median": 0.38498193472,
      "user": 0.4499278199999999,
      "system": 0.3117508,
      "min": 0.35774309372,
      "max": 0.44471718772,
      "times": [
        0.37846182572,
        0.41675380972,
        0.36613491472,
        0.39150204372,
        0.40047557072,
        0.44471718772,
        0.37748270472,
        0.35774309372,
        0.40078262872,
        0.36137565772
      ],
      "exit_codes": [
        0,
        0,
        0,
        0,
        0,
        0,
        0,
        0,
        0,
        0
      ]
    },
    {
      "command": "deno",
      "mean": 1.9677218727199999,
      "stddev": 0.2073977418991936,
      "median": 1.9152328872200002,
      "user": 0.80432872,
      "system": 0.2481592,
      "min": 1.7193645657199998,
      "max": 2.40923693972,
      "times": [
        1.7956235727199998,
        1.7193645657199998,
        1.86796759672,
        2.05315127872,
        1.79165626872,
        1.80974668572,
        2.22169028072,
        2.04628336072,
        2.40923693972,
        1.9624981777200001
      ],
      "exit_codes": [
        0,
        0,
        0,
        0,
        0,
        0,
        0,
        0,
        0,
        0
      ]
    }
  ]
}