{
  "results": [
    {
      "command": "npm",
      "mean": 0.33904588106000005,
      "stddev": 0.004128220108019485,
      "median": 0.33755896046,
      "user": 0.34786927999999995,
      "system": 0.08029175999999999,
      "min": 0.33359768846000004,
      "max": 0.34710170146,
      "times": [
        0.33714676946000005,
        0.33694766846,
        0.33510233646000004,
        0.33894096146,
        0.33359768846000004,
        0.34076613846000003,
        0.33779422646,
        0.33732369446000005,
        0.34573762546000003,
        0.34710170146
      ],
      "exit_codes": [
        0,
        0,
        0,
        0,
        0,
        0,
        0,
        0,
        0,
        0
      ]
    },
    {
      "command": "snpm",
      "mean": 0.028996033559999995,
      "stddev": 0.00032758585265192755,
      "median": 0.029011691460000003,
      "user": 0.019764479999999997,
      "system": 0.01165896,
      "min": 0.02852943846,
      "max": 0.029540220460000002,
      "times": [
        0.02852943846,
        0.029540220460000002,
        0.02869037346,
        0.02885096546,
        0.02922203346,
        0.029179873460000002,
        0.02915620446,
        0.02856493646,
        0.02886717846,
        0.02935911146
      ],
      "exit_codes": [
        0,
        0,
        0,
        0,
        0,
        0,
        0,
        0,
        0,
        0
      ]
    },
    {
      "command": "yarn",
      "mean": 0.24133900896,
      "stddev": 0.0032830430197763817,
      "median": 0.24270678696,
      "user": 0.21241538000000001,
      "system": 0.055503259999999985,
      "min": 0.23464190946000002,
      "max": 0.24533992246,
      "times": [
        0.24350924546,
        0.24280972046000002,
        0.23939337846,
        0.24271561546,
        0.24269795846,
        0.24499369246,
        0.23712023246,
        0.23464190946000002,
        0.24016841446,
        0.24533992246
      ],
      "exit_codes": [
        0,
        0,
        0,
        0,
        0,
        0,
        0,
        0,
        0,
        0
      ]
    },
    {
      "command": "berry",
      "mean": 2.1540534516600003,
      "stddev": 0.02622657580316936,
      "median": 2.14189062346,
      "user": 3.5047582799999994,
      "system": 0.9612671599999999,
      "min": 2.12824909346,
      "max": 2.21181726646,
      "times": [
        2.13676295146,
        2.12824909346,
        2.21181726646,
        2.14701829546,
        2.15815262446,
        2.18934291546,
        2.13313850446,
        2.13518154946,
        2.16535954346,
        2.13551177246
      ],
      "exit_codes": [
        0,
        0,
        0,
        0,
        0,
        0,
        0,
        0,
        0,
        0
      ]
    },
    {
      "command": "pnpm",
      "mean": 0.6287216225600001,
      "stddev": 0.01444454950146546,
      "median": 0.6216105429600001,
      "user": 0.7469625799999998,
      "system": 0.14023426000000003,
      "min": 0.6145513944600001,
      "max": 0.6596001234600001,
      "times": [
        0.6158541714600001,
        0.6420875814600001,
        0.62079633046,
        0.63297227146,
        0.64330846446,
        0.61482480246,
        0.6214655894600001,
        0.6596001234600001,
        0.6217554964600001,
        0.6145513944600001
      ],
      "exit_codes": [
        0,
        0,
        0,
        0,
        0,
        0,
        0,
        0,
        0,
        0
      ]
    },
    {
      "command": "vlt",
      "mean": 0.2823132111600001,
      "stddev": 0.00462488157601249,
      "median": 0.28364285296,
      "user": 0.28430858000000003,
      "system": 0.05726075999999999,
      "min": 0.27469154346,
      "max": 0.29108431746,
      "times": [
        0.28360450546000004,
        0.28368120046000006,
        0.27704673046000006,
        0.28468968246000004,
        0.27967298646000005,
        0.27841726046000004,
        0.29108431746,
        0.27469154346,
        0.28654034646000004,
        0.28370353846
      ],
      "exit_codes": [
        0,
        0,
        0,
        0,
        0,
        0,
        0,
        0,
        0,
        0
      ]
    },
    {
      "command": "bun",
      "mean": 0.00603885916,
      "stddev": 0.0003332580851925577,
      "median": 0.00587898846,
      "user": 0.0041560799999999995,
      "system": 0.00538606,
      "min": 0.00559406546,
      "max": 0.0066534344600000005,
      "times": [
        0.006353523460000001,
        0.00645598646,
        0.00587653646,
        0.00618591746,
        0.00571362846,
        0.00559406546,
        0.00588144046,
        0.0058690884600000005,
        0.00580497046,
        0.0066534344600000005
      ],
      "exit_codes": [
        0,
        0,
        0,
        0,
        0,
        0,
        0,
        0,
        0,
        0
      ]
    },
    {
      "command": "deno",
      "mean": 0.03812570216000001,
      "stddev": 0.000832030593581997,
      "median": 0.03792451796,
      "user": 0.019690879999999997,
      "system": 0.02274716,
      "min": 0.03703547946,
      "max": 0.04016853646,
      "times": [
        0.04016853646,
        0.03807549846,
        0.03777353746,
        0.038584077460000005,
        0.03770836846,
        0.037509434460000005,
        0.03843414346,
        0.03850121546,
        0.03703547946,
        0.03746673046
      ],
      "exit_codes": [
        0,
        0,
        0,
        0,
        0,
        0,
        0,
        0,
        0,
        0
      ]
    }
  ]
}