{
  "results": [
    {
      "command": "npm",
      "mean": 0.5496935370199999,
      "stddev": 0.0044724727383814895,
      "median": 0.54801213422,
      "user": 0.59042754,
      "system": 0.135148,
      "min": 0.54314663322,
      "max": 0.55677707922,
      "times": [
        0.54778927122,
        0.55352326722,
        0.54314663322,
        0.55677707922,
        0.5536493072199999,
        0.54734642022,
        0.54807972922,
        0.54378854822,
        0.55489057522,
        0.54794453922
      ],
      "exit_codes": [
        0,
        0,
        0,
        0,
        0,
        0,
        0,
        0,
        0,
        0
      ]
    },
    {
      "command": "snpm",
      "mean": 0.10680936402,
      "stddev": 0.0006090570778261761,
      "median": 0.10661885122,
      "user": 0.06443554,
      "system": 0.045546199999999995,
      "min": 0.10620257722000001,
      "max": 0.10834042022000001,
      "times": [
        0.10661599222000001,
        0.10643537322,
        0.10683070522,
        0.10622190222000001,
        0.10740667522000001,
        0.10662171022000001,
        0.10688559322,
        0.10834042022000001,
        0.10653269122,
        0.10620257722000001
      ],
      "exit_codes": [
        0,
        0,
        0,
        0,
        0,
        0,
        0,
        0,
        0,
        0
      ]
    },
    {
      "command": "yarn",
      "mean": 2.3633022016200003,
      "stddev": 0.10099468541255842,
      "median": 2.33951823422,
      "user": 0.94987204,
      "system": 0.32435320000000006,
      "min": 2.2423872772199998,
      "max": 2.52511504722,
      "times": [
        2.27340815722,
        2.42440984922,
        2.2808354822199997,
        2.46283496522,
        2.2496264412199998,
        2.36378590522,
        2.31525056322,
        2.52511504722,
        2.4953683282199997,
        2.2423872772199998
      ],
      "exit_codes": [
        0,
        0,
        0,
        0,
        0,
        0,
        0,
        0,
        0,
        0
      ]
    },
    {
      "command": "berry",
      "mean": 1.4246058745199999,
      "stddev": 0.03670815310210817,
      "median": 1.4300930597200001,
      "user": 1.3299140399999998,
      "system": 0.2420645,
      "min": 1.3785098742200002,
      "max": 1.49103593322,
      "times": [
        1.49103593322,
        1.44365827622,
        1.37881784922,
        1.3785098742200002,
        1.4017284472200002,
        1.4719340682200002,
        1.43478242422,
        1.3854057532200001,
        1.4274673072200001,
        1.43271881222
      ],
      "exit_codes": [
        0,
        0,
        0,
        0,
        0,
        0,
        0,
        0,
        0,
        0
      ]
    },
    {
      "command": "pnpm",
      "mean": 0.7601521037200001,
      "stddev": 0.009814064019233654,
      "median": 0.75851857672,
      "user": 0.9168313399999999,
      "system": 0.1609302,
      "min": 0.75047563422,
      "max": 0.78808484322,
      "times": [
        0.75047563422,
        0.75808906022,
        0.75925681622,
        0.75894809322,
        0.75218266922,
        0.76017075922,
        0.78808484322,
        0.75769134322,
        0.75651764022,
        0.76010417822
      ],
      "exit_codes": [
        0,
        0,
        0,
        0,
        0,
        0,
        0,
        0,
        0,
        0
      ]
    },
    {
      "command": "vlt",
      "mean": 0.26716736152000004,
      "stddev": 0.004273892515887837,
      "median": 0.26623496422000004,
      "user": 0.26672494,
      "system": 0.05423180000000001,
      "min": 0.26241038622,
      "max": 0.27520497122000004,
      "times": [
        0.26241038622,
        0.26912003722000005,
        0.27342034822000005,
        0.26297046022000004,
        0.26364173022000004,
        0.26464878122,
        0.26782114722000006,
        0.26358168422000006,
        0.27520497122000004,
        0.26885406922000005
      ],
      "exit_codes": [
        0,
        0,
        0,
        0,
        0,
        0,
        0,
        0,
        0,
        0
      ]
    },
    {
      "command": "bun",
      "mean": 0.01014366652,
      "stddev": 0.00013000715447624418,
      "median": 0.01016479022,
      "user": 0.00513574,
      "system": 0.010545299999999997,
      "min": 0.00992408422,
      "max": 0.01032345722,
      "times": [
        0.010020826220000001,
        0.01029155722,
        0.01032345722,
        0.01016055322,
        0.00992408422,
        0.00996283722,
        0.010242628220000001,
        0.01016902722,
        0.01011332522,
        0.01022836922
      ],
      "exit_codes": [
        0,
        0,
        0,
        0,
        0,
        0,
        0,
        0,
        0,
        0
      ]
    },
    {
      "command": "deno",
      "mean": 0.17550330712,
      "stddev": 0.001438416104715632,
      "median": 0.17597515072000003,
      "user": 0.23747493999999997,
      "system": 0.09085629999999999,
      "min": 0.17317687122000003,
      "max": 0.17761374322000004,
      "times": [
        0.17677403622,
        0.17487223922000003,
        0.17406463422000001,
        0.17646586222000002,
        0.17352201422000002,
        0.17659336922000002,
        0.17561748922000003,
        0.17761374322000004,
        0.17633281222000002,
        0.17317687122000003
      ],
      "exit_codes": [
        0,
        0,
        0,
        0,
        0,
        0,
        0,
        0,
        0,
        0
      ]
    }
  ]
}