{
  "results": [
    {
      "command": "npm",
      "mean": 9.16412559902,
      "stddev": 0.07733673886636941,
      "median": 9.166410067220001,
      "user": 11.524551059999999,
      "system": 3.3549864,
      "min": 9.04828234572,
      "max": 9.310847802720001,
      "times": [
        9.04828234572,
        9.10682969472,
        9.080419860720001,
        9.12146025472,
        9.185512731720001,
        9.149846288720001,
        9.27051311972,
        9.310847802720001,
        9.184570045720001,
        9.182973845720001
      ],
      "exit_codes": [
        0,
        0,
        0,
        0,
        0,
        0,
        0,
        0,
        0,
        0
      ]
    },
    {
      "command": "snpm",
      "mean": 0.6040213559200001,
      "stddev": 0.010930834133637839,
      "median": 0.60028908822,
      "user": 0.38819116,
      "system": 0.2259941,
      "min": 0.5933638867200001,
      "max": 0.6307858147200001,
      "times": [
        0.5965023767200001,
        0.5976926817200001,
        0.5933638867200001,
        0.5963389557200001,
        0.6028854947200001,
        0.60418868672,
        0.6080370017200001,
        0.6149314917200001,
        0.6307858147200001,
        0.5954871687200001
      ],
      "exit_codes": [
        0,
        0,
        0,
        0,
        0,
        0,
        0,
        0,
        0,
        0
      ]
    },
    {
      "command": "yarn",
      "mean": 8.78647795912,
      "stddev": 0.258140224522838,
      "median": 8.72551696722,
      "user": 4.82508936,
      "system": 3.4630545999999995,
      "min": 8.45318258472,
      "max": 9.40195859572,
      "times": [
        8.87833605672,
        9.038730753720001,
        8.62305075872,
        8.76773846172,
        8.683295472720001,
        8.45318258472,
        8.66085393872,
        9.40195859572,
        8.56108261672,
        8.79655035172
      ],
      "exit_codes": [
        0,
        0,
        0,
        0,
        0,
        0,
        0,
        0,
        0,
        0
      ]
    },
    {
      "command": "berry",
      "mean": 4.3566681648199985,
      "stddev": 0.04305468819058597,
      "median": 4.354676423719999,
      "user": 5.97180816,
      "system": 1.8028021000000003,
      "min": 4.29441472372,
      "max": 4.4282342437199995,
      "times": [
        4.315331126719999,
        4.38163412772,
        4.36565188972,
        4.343700957719999,
        4.408511219719999,
        4.4282342437199995,
        4.34026076172,
        4.29441472372,
        4.3014333557199995,
        4.38750924172
      ],
      "exit_codes": [
        0,
        0,
        0,
        0,
        0,
        0,
        0,
        0,
        0,
        0
      ]
    },
    {
      "command": "pnpm",
      "mean": 3.39091065792,
      "stddev": 0.11815402232567879,
      "median": 3.37085620522,
      "user": 4.357335260000001,
      "system": 1.3810376999999998,
      "min": 3.2844983137200003,
      "max": 3.7109148907200002,
      "times": [
        3.4190066597200004,
        3.2844983137200003,
        3.7109148907200002,
        3.2882872287200002,
        3.4268565207200004,
        3.40222790772,
        3.3386578687200004,
        3.35120941672,
        3.2969447787200004,
        3.39050299372
      ],
      "exit_codes": [
        0,
        0,
        0,
        0,
        0,
        0,
        0,
        0,
        0,
        0
      ]
    },
    {
      "command": "vlt",
      "mean": 2.08339368872,
      "stddev": 0.03415036610958238,
      "median": 2.07890467172,
      "user": 2.49462896,
      "system": 1.6723762999999998,
      "min": 2.0450828047200003,
      "max": 2.1779581777200003,
      "times": [
        2.07031320472,
        2.1779581777200003,
        2.0850175127200004,
        2.06160445872,
        2.08505449972,
        2.06114851272,
        2.0450828047200003,
        2.07551869672,
        2.0899483727200003,
        2.08229064672
      ],
      "exit_codes": [
        0,
        0,
        0,
        0,
        0,
        0,
        0,
        0,
        0,
        0
      ]
    },
    {
      "command": "bun",
      "mean": 0.33351374832,
      "stddev": 0.002701002797014588,
      "median": 0.33239329472,
      "user": 0.14660866,
      "system": 0.2882024,
      "min": 0.33041987172000004,
      "max": 0.34022309472,
      "times": [
        0.33501676672,
        0.34022309472,
        0.33505076672,
        0.33451832672,
        0.33041987172000004,
        0.33251633172,
        0.33156334772,
        0.33134651272,
        0.33227025772,
        0.33221220672
      ],
      "exit_codes": [
        0,
        0,
        0,
        0,
        0,
        0,
        0,
        0,
        0,
        0
      ]
    },
    {
      "command": "deno",
      "mean": 1.1256809123199998,
      "stddev": 0.012770469394095233,
      "median": 1.1249295182199999,
      "user": 1.1359968599999999,
      "system": 0.7057617999999998,
      "min": 1.10368248672,
      "max": 1.1532644237199998,
      "times": [
        1.1318698947199999,
        1.10368248672,
        1.11628741272,
        1.1225651027199999,
        1.1272939337199999,
        1.13570751372,
        1.13041540872,
        1.11885675272,
        1.11686619372,
        1.1532644237199998
      ],
      "exit_codes": [
        0,
        0,
        0,
        0,
        0,
        0,
        0,
        0,
        0,
        0
      ]
    }
  ]
}