{
  "results": [
    {
      "command": "npm",
      "mean": 2.04831620536,
      "stddev": 0.02417732089059092,
      "median": 2.05028269166,
      "user": 2.12094468,
      "system": 0.7883473,
      "min": 2.01513116766,
      "max": 2.07860973366,
      "times": [
        2.05402470966,
        2.02717988066,
        2.0165675956599998,
        2.07860973366,
        2.07468651166,
        2.01513116766,
        2.07057385766,
        2.02604866066,
        2.04654067366,
        2.07379926266
      ],
      "exit_codes": [
        0,
        0,
        0,
        0,
        0,
        0,
        0,
        0,
        0,
        0
      ]
    },
    {
      "command": "snpm",
      "mean": 0.10964512416000001,
      "stddev": 0.001145510839912331,
      "median": 0.10965591616,
      "user": 0.06658467999999998,
      "system": 0.0464584,
      "min": 0.10784090866,
      "max": 0.11203797666000001,
      "times": [
        0.10784090866,
        0.11203797666000001,
        0.10990407866,
        0.11049710566,
        0.11037995566,
        0.10916019166,
        0.10905525666,
        0.10996120566,
        0.10820680866,
        0.10940775366000001
      ],
      "exit_codes": [
        0,
        0,
        0,
        0,
        0,
        0,
        0,
        0,
        0,
        0
      ]
    },
    {
      "command": "yarn",
      "mean": 2.7575783003599996,
      "stddev": 0.23493858594057634,
      "median": 2.7063032741599997,
      "user": 1.1525592800000002,
      "system": 0.6384665999999999,
      "min": 2.49009566966,
      "max": 3.37117404366,
      "times": [
        2.64660143866,
        2.56253051366,
        2.76805886566,
        2.64221162166,
        3.37117404366,
        2.86590112266,
        2.76600510966,
        2.6154525506599997,
        2.49009566966,
        2.84775206766
      ],
      "exit_codes": [
        0,
        0,
        0,
        0,
        0,
        0,
        0,
        0,
        0,
        0
      ]
    },
    {
      "command": "berry",
      "mean": 1.8220851396599997,
      "stddev": 0.1370588713386922,
      "median": 1.78996347716,
      "user": 1.8229208800000003,
      "system": 0.4734889,
      "min": 1.72678303766,
      "max": 2.22545248066,
      "times": [
        1.72678303766,
        1.7479790076600001,
        1.79877918866,
        1.7935487986599998,
        1.81592292466,
        1.78637815566,
        2.22545248066,
        1.75494691366,
        1.80452302666,
        1.76653786266
      ],
      "exit_codes": [
        0,
        0,
        0,
        0,
        0,
        0,
        0,
        0,
        0,
        0
      ]
    },
    {
      "command": "pnpm",
      "mean": 1.4050135646600002,
      "stddev": 0.03968364403153838,
      "median": 1.3923255176599998,
      "user": 1.64452578,
      "system": 0.3974977,
      "min": 1.3617214686599999,
      "max": 1.50958333666,
      "times": [
        1.38786895066,
        1.50958333666,
        1.41189304466,
        1.3617214686599999,
        1.43421530666,
        1.4037502606599999,
        1.3836217366599999,
        1.38115389166,
        1.37954556566,
        1.3967820846599999
      ],
      "exit_codes": [
        0,
        0,
        0,
        0,
        0,
        0,
        0,
        0,
        0,
        0
      ]
    },
    {
      "command": "vlt",
      "mean": 0.6012171906600001,
      "stddev": 0.0061628319263674165,
      "median": 0.60131947866,
      "user": 0.62335718,
      "system": 0.3614866,
      "min": 0.5920067666600001,
      "max": 0.6120616176600001,
      "times": [
        0.5931070116600001,
        0.5998546716600001,
        0.60120732066,
        0.6014316366600001,
        0.60969121266,
        0.6024719436600001,
        0.6043000366600001,
        0.6120616176600001,
        0.5960396886600001,
        0.5920067666600001
      ],
      "exit_codes": [
        0,
        0,
        0,
        0,
        0,
        0,
        0,
        0,
        0,
        0
      ]
    },
    {
      "command": "bun",
      "mean": 0.03667629866,
      "stddev": 0.00026944002896080735,
      "median": 0.03662839516,
      "user": 0.00602408,
      "system": 0.036191799999999996,
      "min": 0.03634085666,
      "max": 0.03729393066,
      "times": [
        0.03729393066,
        0.036468652659999996,
        0.03663668266,
        0.03662010766,
        0.03671524066,
        0.03678998366,
        0.03634085666,
        0.03694449066,
        0.03657126966,
        0.03638177166
      ],
      "exit_codes": [
        0,
        0,
        0,
        0,
        0,
        0,
        0,
        0,
        0,
        0
      ]
    },
    {
      "command": "deno",
      "mean": 0.24353484666000003,
      "stddev": 0.0036504862850515146,
      "median": 0.24384421366000003,
      "user": 0.27264538,
      "system": 0.1612883,
      "min": 0.23674937866,
      "max": 0.24832876466,
      "times": [
        0.24832876466,
        0.24674035966000002,
        0.24099512866,
        0.23674937866,
        0.24597566366,
        0.24784466966000002,
        0.24103954066000002,
        0.24525313866,
        0.23998653366,
        0.24243528866000003
      ],
      "exit_codes": [
        0,
        0,
        0,
        0,
        0,
        0,
        0,
        0,
        0,
        0
      ]
    }
  ]
}