{
  "results": [
    {
      "command": "npm",
      "mean": 1.8905357208800002,
      "stddev": 0.007024443311976561,
      "median": 1.89037496348,
      "user": 2.0028145399999997,
      "system": 0.5442863,
      "min": 1.8772987409800002,
      "max": 1.90635582898,
      "times": [
        1.8772987409800002,
        1.8891120189800001,
        1.89200051098,
        1.88413364998,
        1.88853262198,
        1.89345140998,
        1.8905402469800001,
        1.89020967998,
        1.89372249998,
        1.90635582898
      ],
      "exit_codes": [
        0,
        0,
        0,
        0,
        0,
        0,
        0,
        0,
        0,
        0
      ]
    },
    {
      "command": "snpm",
      "mean": 0.08096428848000001,
      "stddev": 0.00026272544966837497,
      "median": 0.08094930998,
      "user": 0.05452443999999999,
      "system": 0.029620199999999996,
      "min": 0.08047566698,
      "max": 0.08139963598,
      "times": [
        0.08070507198,
        0.08047566698,
        0.08139963598,
        0.08079470998,
        0.08087270998,
        0.08102275998,
        0.08089849798,
        0.08100012198,
        0.08123409998,
        0.08123960998
      ],
      "exit_codes": [
        0,
        0,
        0,
        0,
        0,
        0,
        0,
        0,
        0,
        0
      ]
    },
    {
      "command": "yarn",
      "mean": 2.927169900479999,
      "stddev": 0.4448532495100868,
      "median": 2.83398635998,
      "user": 1.1090812399999996,
      "system": 0.43162019999999995,
      "min": 2.52063769498,
      "max": 4.08413775098,
      "times": [
        3.01433845098,
        3.25455485998,
        2.53592176098,
        4.08413775098,
        2.86406231198,
        2.7039952449799998,
        2.80391040798,
        2.52063769498,
        2.55540771098,
        2.93473281098
      ],
      "exit_codes": [
        0,
        0,
        0,
        0,
        0,
        0,
        0,
        0,
        0,
        0
      ]
    },
    {
      "command": "berry",
      "mean": 1.67482275758,
      "stddev": 0.08132394322493709,
      "median": 1.68413115698,
      "user": 1.7864314399999999,
      "system": 0.351137,
      "min": 1.5510807079800002,
      "max": 1.82563775498,
      "times": [
        1.82563775498,
        1.68150309898,
        1.69633394298,
        1.68675921498,
        1.5510807079800002,
        1.74174110498,
        1.57655146298,
        1.58917988498,
        1.74829469298,
        1.65114570998
      ],
      "exit_codes": [
        0,
        0,
        0,
        0,
        0,
        0,
        0,
        0,
        0,
        0
      ]
    },
    {
      "command": "pnpm",
      "mean": 1.3520579161800002,
      "stddev": 0.12746253372742097,
      "median": 1.37881205148,
      "user": 1.5064610399999998,
      "system": 0.2811239,
      "min": 1.14495614198,
      "max": 1.56785633398,
      "times": [
        1.37294125198,
        1.21421134898,
        1.48435020898,
        1.40565289598,
        1.24493065998,
        1.45211052798,
        1.24888694098,
        1.56785633398,
        1.14495614198,
        1.38468285098
      ],
      "exit_codes": [
        0,
        0,
        0,
        0,
        0,
        0,
        0,
        0,
        0,
        0
      ]
    },
    {
      "command": "vlt",
      "mean": 0.49558248648000003,
      "stddev": 0.004711806501995534,
      "median": 0.49355816898000004,
      "user": 0.54263294,
      "system": 0.23054499999999994,
      "min": 0.49186085898000004,
      "max": 0.50875304698,
      "times": [
        0.49286990998,
        0.49267184698000005,
        0.50875304698,
        0.49292288298000003,
        0.49699508698,
        0.49186085898000004,
        0.49621222598000003,
        0.49642266798,
        0.49305816598,
        0.49405817198
      ],
      "exit_codes": [
        0,
        0,
        0,
        0,
        0,
        0,
        0,
        0,
        0,
        0
      ]
    },
    {
      "command": "bun",
      "mean": 0.020856322979999998,
      "stddev": 0.00031582322182733836,
      "median": 0.02081010648,
      "user": 0.00579774,
      "system": 0.020520899999999998,
      "min": 0.02037525598,
      "max": 0.02158678198,
      "times": [
        0.02158678198,
        0.02120632398,
        0.02071453898,
        0.02078257598,
        0.02037525598,
        0.02090069398,
        0.02071253398,
        0.02083763698,
        0.02083767698,
        0.02060921098
      ],
      "exit_codes": [
        0,
        0,
        0,
        0,
        0,
        0,
        0,
        0,
        0,
        0
      ]
    },
    {
      "command": "deno",
      "mean": 0.20248063788,
      "stddev": 0.0024835729149951026,
      "median": 0.20244144998000002,
      "user": 0.25677414,
      "system": 0.10598049999999999,
      "min": 0.19937512798,
      "max": 0.20846855898,
      "times": [
        0.20454063398,
        0.20846855898,
        0.20249356798,
        0.19986138298,
        0.20316543898,
        0.20242694798000002,
        0.20138092498000001,
        0.20063784298,
        0.20245595198000002,
        0.19937512798
      ],
      "exit_codes": [
        0,
        0,
        0,
        0,
        0,
        0,
        0,
        0,
        0,
        0
      ]
    }
  ]
}