{
  "results": [
    {
      "command": "npm",
      "mean": 2.04980343326,
      "stddev": 0.01369669490573705,
      "median": 2.04497127836,
      "user": 2.0913914199999994,
      "system": 0.8133033800000001,
      "min": 2.03042661536,
      "max": 2.07935537236,
      "times": [
        2.04823670936,
        2.06046951236,
        2.0401313603599998,
        2.07935537236,
        2.03042661536,
        2.04170584736,
        2.06325709936,
        2.05282341436,
        2.0405472153599997,
        2.04108118636
      ],
      "exit_codes": [
        0,
        0,
        0,
        0,
        0,
        0,
        0,
        0,
        0,
        0
      ]
    },
    {
      "command": "snpm",
      "mean": 0.10788762506,
      "stddev": 0.0005282278254681501,
      "median": 0.10777164636,
      "user": 0.06439041999999999,
      "system": 0.04672857999999999,
      "min": 0.10721810436000001,
      "max": 0.10898399836000001,
      "times": [
        0.10781382336,
        0.10898399836000001,
        0.10731209836000001,
        0.10753912336,
        0.10770403036000001,
        0.10783750936000001,
        0.10721810436000001,
        0.10772946936000001,
        0.10864927636,
        0.10808881736
      ],
      "exit_codes": [
        0,
        0,
        0,
        0,
        0,
        0,
        0,
        0,
        0,
        0
      ]
    },
    {
      "command": "yarn",
      "mean": 2.62819329306,
      "stddev": 0.5841518028654302,
      "median": 2.4290500378599997,
      "user": 1.1362062199999998,
      "system": 0.6525501799999999,
      "min": 2.34751144836,
      "max": 4.37453917836,
      "times": [
        2.42866838536,
        2.51406366036,
        2.42943169036,
        2.52226389836,
        4.37453917836,
        2.34751144836,
        2.43243923536,
        2.40058852336,
        2.42782336836,
        2.40460354236
      ],
      "exit_codes": [
        0,
        0,
        0,
        0,
        0,
        0,
        0,
        0,
        0,
        0
      ]
    },
    {
      "command": "berry",
      "mean": 1.6524418219599997,
      "stddev": 0.057527980011769904,
      "median": 1.63943741236,
      "user": 1.7722436199999998,
      "system": 0.4825434799999999,
      "min": 1.5845450913599999,
      "max": 1.7697915013599999,
      "times": [
        1.5974007983599998,
        1.5845450913599999,
        1.71624513336,
        1.60914569036,
        1.60214977536,
        1.6837734633600001,
        1.66164820936,
        1.7697915013599999,
        1.61722661536,
        1.68249194136
      ],
      "exit_codes": [
        0,
        0,
        0,
        0,
        0,
        0,
        0,
        0,
        0,
        0
      ]
    },
    {
      "command": "pnpm",
      "mean": 1.23603837096,
      "stddev": 0.04670010645689168,
      "median": 1.22143511986,
      "user": 1.5775107199999998,
      "system": 0.39589167999999997,
      "min": 1.2029172963599999,
      "max": 1.3658187713599999,
      "times": [
        1.2094222183599999,
        1.22257022936,
        1.2261125823599999,
        1.21126328936,
        1.3658187713599999,
        1.22030001036,
        1.26922412936,
        1.2029172963599999,
        1.2248870593599999,
        1.20786812336
      ],
      "exit_codes": [
        0,
        0,
        0,
        0,
        0,
        0,
        0,
        0,
        0,
        0
      ]
    },
    {
      "command": "vlt",
      "mean": 0.6059948172600002,
      "stddev": 0.00821929025470637,
      "median": 0.6028298763600001,
      "user": 0.6282885200000001,
      "system": 0.36467767999999995,
      "min": 0.5977058383600001,
      "max": 0.6227284703600001,
      "times": [
        0.6193144503600001,
        0.5993366413600001,
        0.5977058383600001,
        0.5998585783600001,
        0.6227284703600001,
        0.6008648963600001,
        0.6003447893600001,
        0.6047948563600001,
        0.6087723693600001,
        0.6062272823600001
      ],
      "exit_codes": [
        0,
        0,
        0,
        0,
        0,
        0,
        0,
        0,
        0,
        0
      ]
    },
    {
      "command": "bun",
      "mean": 0.036961510260000004,
      "stddev": 0.0011040881576727878,
      "median": 0.03665489486,
      "user": 0.00598862,
      "system": 0.03661198,
      "min": 0.035900236360000004,
      "max": 0.039997095360000005,
      "times": [
        0.039997095360000005,
        0.03627181136,
        0.036302088360000005,
        0.036316197360000003,
        0.03639386036,
        0.036974534360000005,
        0.03722068936,
        0.035900236360000004,
        0.03691592936,
        0.03732266036
      ],
      "exit_codes": [
        0,
        0,
        0,
        0,
        0,
        0,
        0,
        0,
        0,
        0
      ]
    },
    {
      "command": "deno",
      "mean": 0.24173332976,
      "stddev": 0.004489444697577716,
      "median": 0.24142218236000001,
      "user": 0.26393822,
      "system": 0.16626597999999998,
      "min": 0.23588850736,
      "max": 0.25038766536,
      "times": [
        0.24031358736,
        0.23941915836,
        0.24663984136,
        0.25038766536,
        0.23606018236,
        0.24282176336,
        0.23796013836,
        0.24531167636,
        0.24253077736,
        0.23588850736
      ],
      "exit_codes": [
        0,
        0,
        0,
        0,
        0,
        0,
        0,
        0,
        0,
        0
      ]
    }
  ]
}