{
  "results": [
    {
      "command": "npm",
      "mean": 2.0380345767000003,
      "stddev": 0.01764106899196019,
      "median": 2.0419187413,
      "user": 2.10741606,
      "system": 0.7862518199999999,
      "min": 2.0057095393,
      "max": 2.0571894923,
      "times": [
        2.0424752263,
        2.0500026643,
        2.0189988593,
        2.0549246273,
        2.0057095393,
        2.0413622563000002,
        2.0383522403,
        2.0148415573,
        2.0564893043,
        2.0571894923
      ],
      "exit_codes": [
        0,
        0,
        0,
        0,
        0,
        0,
        0,
        0,
        0,
        0
      ]
    },
    {
      "command": "snpm",
      "mean": 0.097539179,
      "stddev": 0.0007559988111476164,
      "median": 0.09766445530000001,
      "user": 0.05440886,
      "system": 0.046328119999999993,
      "min": 0.0963459433,
      "max": 0.0985295133,
      "times": [
        0.09718863330000001,
        0.0983874643,
        0.0974872943,
        0.0978416163,
        0.0963989883,
        0.0969647583,
        0.0979497123,
        0.0985295133,
        0.0982978663,
        0.0963459433
      ],
      "exit_codes": [
        0,
        0,
        0,
        0,
        0,
        0,
        0,
        0,
        0,
        0
      ]
    },
    {
      "command": "yarn",
      "mean": 2.7973361757,
      "stddev": 0.10067546070016943,
      "median": 2.7783489318,
      "user": 1.15565976,
      "system": 0.65044282,
      "min": 2.6613396443,
      "max": 2.9749409703,
      "times": [
        2.7070053913,
        2.9749409703,
        2.8089544963,
        2.6983514633,
        2.9468856883,
        2.8794624623000002,
        2.7844461443,
        2.6613396443,
        2.7722517193,
        2.7397237773
      ],
      "exit_codes": [
        0,
        0,
        0,
        0,
        0,
        0,
        0,
        0,
        0,
        0
      ]
    },
    {
      "command": "berry",
      "mean": 1.8203469299000006,
      "stddev": 0.09111731357402589,
      "median": 1.8011307378,
      "user": 1.8185157599999997,
      "system": 0.46863321999999996,
      "min": 1.7024372783000001,
      "max": 2.0304776093,
      "times": [
        1.8346659663,
        2.0304776093,
        1.7596269033,
        1.8248647383,
        1.7024372783000001,
        1.9190116343,
        1.8450615743,
        1.7674820533000002,
        1.7424448043,
        1.7773967373000001
      ],
      "exit_codes": [
        0,
        0,
        0,
        0,
        0,
        0,
        0,
        0,
        0,
        0
      ]
    },
    {
      "command": "pnpm",
      "mean": 1.3584709788999998,
      "stddev": 0.06860049946449187,
      "median": 1.3302324318,
      "user": 1.59542526,
      "system": 0.37867712,
      "min": 1.3083353613000002,
      "max": 1.5218721663,
      "times": [
        1.3083353613000002,
        1.4593104233,
        1.3093170693,
        1.3496665553,
        1.3128479513,
        1.3315749683,
        1.3288898953000001,
        1.3361448793,
        1.5218721663,
        1.3267505193
      ],
      "exit_codes": [
        0,
        0,
        0,
        0,
        0,
        0,
        0,
        0,
        0,
        0
      ]
    },
    {
      "command": "vlt",
      "mean": 0.5766339627,
      "stddev": 0.0047737756389555795,
      "median": 0.5760787183,
      "user": 0.58864946,
      "system": 0.3560017199999999,
      "min": 0.5680920203000001,
      "max": 0.5844309753000001,
      "times": [
        0.5821134023000001,
        0.5723496863,
        0.5844309753000001,
        0.5802149663,
        0.5680920203000001,
        0.5744539773,
        0.5727610903,
        0.5772513443,
        0.5797660723,
        0.5749060923
      ],
      "exit_codes": [
        0,
        0,
        0,
        0,
        0,
        0,
        0,
        0,
        0,
        0
      ]
    },
    {
      "command": "bun",
      "mean": 0.0363014901,
      "stddev": 0.00039021562281507844,
      "median": 0.0362651368,
      "user": 0.006318460000000001,
      "system": 0.03549511999999999,
      "min": 0.03571935130000001,
      "max": 0.03702447030000001,
      "times": [
        0.0367905653,
        0.03607602830000001,
        0.036005464300000005,
        0.0362195083,
        0.03571935130000001,
        0.03702447030000001,
        0.035873673300000006,
        0.0365890093,
        0.036310765300000006,
        0.036406065300000005
      ],
      "exit_codes": [
        0,
        0,
        0,
        0,
        0,
        0,
        0,
        0,
        0,
        0
      ]
    },
    {
      "command": "deno",
      "mean": 0.24092301900000002,
      "stddev": 0.0046480684532001475,
      "median": 0.2419773913,
      "user": 0.26573605999999994,
      "system": 0.16185831999999997,
      "min": 0.23331479130000002,
      "max": 0.24794753930000002,
      "times": [
        0.23446430630000004,
        0.23615722030000003,
        0.23331479130000002,
        0.24440099830000003,
        0.24575172630000003,
        0.24310751330000002,
        0.24794753930000002,
        0.24280007330000003,
        0.24115470930000002,
        0.2401313123
      ],
      "exit_codes": [
        0,
        0,
        0,
        0,
        0,
        0,
        0,
        0,
        0,
        0
      ]
    }
  ]
}