{
  "results": [
    {
      "command": "npm",
      "mean": 2.0342578159599998,
      "stddev": 0.04199452271346918,
      "median": 2.03696241946,
      "user": 2.06980876,
      "system": 0.7917988599999999,
      "min": 1.9946744814600001,
      "max": 2.14238212546,
      "times": [
        2.04907263146,
        2.14238212546,
        2.04498614946,
        1.9950357864600001,
        2.03965104946,
        2.0029564514600002,
        1.9946744814600001,
        2.0429704544600003,
        2.0342737894600003,
        1.9965752404600001
      ],
      "exit_codes": [
        0,
        0,
        0,
        0,
        0,
        0,
        0,
        0,
        0,
        0
      ]
    },
    {
      "command": "snpm",
      "mean": 0.09854826396000002,
      "stddev": 0.0007638010614317378,
      "median": 0.09866077446000002,
      "user": 0.05578516,
      "system": 0.045946959999999995,
      "min": 0.09711122046000001,
      "max": 0.09993446446000001,
      "times": [
        0.09711122046000001,
        0.09857882746000002,
        0.09993446446000001,
        0.09874272146000002,
        0.09879459546000001,
        0.09828965246000002,
        0.09851108446000001,
        0.09746021546000001,
        0.09915589246,
        0.09890396546
      ],
      "exit_codes": [
        0,
        0,
        0,
        0,
        0,
        0,
        0,
        0,
        0,
        0
      ]
    },
    {
      "command": "yarn",
      "mean": 2.05475717856,
      "stddev": 0.09957204591398018,
      "median": 2.03398269696,
      "user": 1.10811366,
      "system": 0.64391496,
      "min": 1.88874977546,
      "max": 2.24759645046,
      "times": [
        2.0612202384600002,
        2.24759645046,
        2.03216482646,
        2.2002541084600002,
        1.9787170124600002,
        2.09074892746,
        2.02226411946,
        1.88874977546,
        1.9900557594600001,
        2.03580056746
      ],
      "exit_codes": [
        0,
        0,
        0,
        0,
        0,
        0,
        0,
        0,
        0,
        0
      ]
    },
    {
      "command": "berry",
      "mean": 1.55344457996,
      "stddev": 0.019666458816751865,
      "median": 1.55355083646,
      "user": 1.7727665599999998,
      "system": 0.46900756,
      "min": 1.52234959446,
      "max": 1.58756245946,
      "times": [
        1.5507723444600001,
        1.57485772046,
        1.5726370384600001,
        1.58756245946,
        1.55632932846,
        1.52935037946,
        1.52234959446,
        1.54027536746,
        1.55786426946,
        1.54244729746
      ],
      "exit_codes": [
        0,
        0,
        0,
        0,
        0,
        0,
        0,
        0,
        0,
        0
      ]
    },
    {
      "command": "pnpm",
      "mean": 1.2020370951600001,
      "stddev": 0.017506787446155064,
      "median": 1.20027620096,
      "user": 1.59443126,
      "system": 0.37555886,
      "min": 1.17631073546,
      "max": 1.23261394546,
      "times": [
        1.20729926546,
        1.23261394546,
        1.19585511946,
        1.2101605374600002,
        1.19441676846,
        1.22677112346,
        1.17631073546,
        1.17639105446,
        1.2013777224600002,
        1.19917467946
      ],
      "exit_codes": [
        0,
        0,
        0,
        0,
        0,
        0,
        0,
        0,
        0,
        0
      ]
    },
    {
      "command": "vlt",
      "mean": 0.59397288696,
      "stddev": 0.00425490915553392,
      "median": 0.59346128396,
      "user": 0.61855176,
      "system": 0.34832255999999995,
      "min": 0.58839937446,
      "max": 0.6021615204599999,
      "times": [
        0.58929911646,
        0.59138434446,
        0.59324364446,
        0.60027167946,
        0.59529189046,
        0.59071323846,
        0.6021615204599999,
        0.59367892346,
        0.59528513746,
        0.58839937446
      ],
      "exit_codes": [
        0,
        0,
        0,
        0,
        0,
        0,
        0,
        0,
        0,
        0
      ]
    },
    {
      "command": "bun",
      "mean": 0.03633340986,
      "stddev": 0.00030640319608816086,
      "median": 0.03625618296,
      "user": 0.00744746,
      "system": 0.03441596,
      "min": 0.03598509546,
      "max": 0.03681308246,
      "times": [
        0.03668526646,
        0.03632029646,
        0.03605434346,
        0.03602281646,
        0.03598509546,
        0.03679495146,
        0.03636720146,
        0.03681308246,
        0.03609897546,
        0.036192069460000004
      ],
      "exit_codes": [
        0,
        0,
        0,
        0,
        0,
        0,
        0,
        0,
        0,
        0
      ]
    },
    {
      "command": "deno",
      "mean": 0.24129461566000004,
      "stddev": 0.0023830727611386846,
      "median": 0.24178971046000003,
      "user": 0.26106725999999997,
      "system": 0.16590255999999998,
      "min": 0.23789492046000002,
      "max": 0.24508546346,
      "times": [
        0.24384635246000003,
        0.23789492046000002,
        0.23957547646000002,
        0.23886433046000002,
        0.24508546346,
        0.24323819846000003,
        0.23826074946000003,
        0.24260124446000003,
        0.24139636446,
        0.24218305646000002
      ],
      "exit_codes": [
        0,
        0,
        0,
        0,
        0,
        0,
        0,
        0,
        0,
        0
      ]
    }
  ]
}