{
  "results": [
    {
      "command": "npm",
      "mean": 10.05491987948,
      "stddev": 0.054605701819433694,
      "median": 10.02298851978,
      "user": 10.49668874,
      "system": 4.705934940000001,
      "min": 10.00304317828,
      "max": 10.16416909228,
      "times": [
        10.00304317828,
        10.16416909228,
        10.01174999128,
        10.12975919528,
        10.09880765528,
        10.03074438628,
        10.01233058428,
        10.06885300028,
        10.01523265328,
        10.01450905828
      ],
      "exit_codes": [
        0,
        0,
        0,
        0,
        0,
        0,
        0,
        0,
        0,
        0
      ]
    },
    {
      "command": "snpm",
      "mean": 0.6309448042800001,
      "stddev": 0.00718583082993154,
      "median": 0.6298659277800001,
      "user": 0.39763574,
      "system": 0.24218573999999998,
      "min": 0.6231663392800001,
      "max": 0.64877603728,
      "times": [
        0.6284088492800001,
        0.62863881428,
        0.6313462762800001,
        0.64877603728,
        0.62453612128,
        0.62440456128,
        0.6231663392800001,
        0.6310930412800001,
        0.63739294128,
        0.63168506128
      ],
      "exit_codes": [
        0,
        0,
        0,
        0,
        0,
        0,
        0,
        0,
        0,
        0
      ]
    },
    {
      "command": "yarn",
      "mean": 10.629266870380002,
      "stddev": 2.4431257794792383,
      "median": 9.883107089780001,
      "user": 5.780308839999999,
      "system": 4.71844474,
      "min": 8.219310055280001,
      "max": 14.735079371280001,
      "times": [
        11.01867556628,
        10.31503996828,
        13.482109942280001,
        14.02724611628,
        14.735079371280001,
        8.589404633280001,
        9.451174211280001,
        8.228305330280001,
        8.22632350928,
        8.219310055280001
      ],
      "exit_codes": [
        0,
        0,
        0,
        0,
        0,
        0,
        0,
        0,
        0,
        0
      ]
    },
    {
      "command": "berry",
      "mean": 7.0093995180799995,
      "stddev": 1.7729182943273016,
      "median": 6.15853408828,
      "user": 7.19317094,
      "system": 2.6610701399999996,
      "min": 5.63849556828,
      "max": 10.569572478280001,
      "times": [
        6.090550750279999,
        5.76435291628,
        10.12176936428,
        5.63853279828,
        5.63849556828,
        5.69409853928,
        7.68487369128,
        6.66523164828,
        10.569572478280001,
        6.22651742628
      ],
      "exit_codes": [
        0,
        0,
        0,
        0,
        0,
        0,
        0,
        0,
        0,
        0
      ]
    },
    {
      "command": "pnpm",
      "mean": 3.6313704790799997,
      "stddev": 0.21676383053930204,
      "median": 3.5392521482799997,
      "user": 4.555612739999999,
      "system": 1.4155614399999998,
      "min": 3.48104688228,
      "max": 4.19250223328,
      "times": [
        3.88615779628,
        3.5435249242799998,
        3.5173368582799998,
        3.5720428892799996,
        3.51351652928,
        3.5349793722799996,
        3.48104688228,
        3.50479784628,
        3.5677994592799998,
        4.19250223328
      ],
      "exit_codes": [
        0,
        0,
        0,
        0,
        0,
        0,
        0,
        0,
        0,
        0
      ]
    },
    {
      "command": "vlt",
      "mean": 3.4836488762799993,
      "stddev": 0.038530284651394624,
      "median": 3.4799805482799995,
      "user": 3.5110791399999997,
      "system": 2.85611354,
      "min": 3.40481656528,
      "max": 3.55796371228,
      "times": [
        3.40481656528,
        3.51527712028,
        3.4796791462799996,
        3.47011563328,
        3.55796371228,
        3.48405342928,
        3.4655044512799997,
        3.51680744028,
        3.4802819502799998,
        3.46198931428
      ],
      "exit_codes": [
        0,
        0,
        0,
        0,
        0,
        0,
        0,
        0,
        0,
        0
      ]
    },
    {
      "command": "bun",
      "mean": 0.31727347198,
      "stddev": 0.020443457142539458,
      "median": 0.30950191378,
      "user": 0.01610504,
      "system": 0.30230993999999994,
      "min": 0.30791398828000005,
      "max": 0.37803487128,
      "times": [
        0.30922354228000004,
        0.30910666528,
        0.30791398828000005,
        0.30972035928,
        0.30863383828,
        0.31169605628,
        0.31089028228000004,
        0.30928346828000003,
        0.31823164828,
        0.37803487128
      ],
      "exit_codes": [
        0,
        0,
        0,
        0,
        0,
        0,
        0,
        0,
        0,
        0
      ]
    },
    {
      "command": "deno",
      "mean": 1.0606544576799999,
      "stddev": 0.027560656136191544,
      "median": 1.05570223478,
      "user": 1.2914037399999998,
      "system": 0.8120849399999999,
      "min": 1.01140702228,
      "max": 1.11597458728,
      "times": [
        1.05908201828,
        1.04565836828,
        1.05232245128,
        1.06542710028,
        1.08516851628,
        1.03606687628,
        1.11597458728,
        1.08329791828,
        1.01140702228,
        1.05213971828
      ],
      "exit_codes": [
        0,
        0,
        0,
        0,
        0,
        0,
        0,
        0,
        0,
        0
      ]
    }
  ]
}