{
  "results": [
    {
      "command": "npm",
      "mean": 10.052264633799997,
      "stddev": 0.06353936850111307,
      "median": 10.0525243402,
      "user": 10.520460959999998,
      "system": 4.664983519999999,
      "min": 9.965810489699999,
      "max": 10.172499924699999,
      "times": [
        10.097124183699998,
        10.0542443947,
        9.965810489699999,
        10.172499924699999,
        10.0629731897,
        10.007498172699998,
        10.0508042857,
        10.1300093907,
        9.9719388567,
        10.009743449699998
      ],
      "exit_codes": [
        0,
        0,
        0,
        0,
        0,
        0,
        0,
        0,
        0,
        0
      ]
    },
    {
      "command": "snpm",
      "mean": 0.6415568807,
      "stddev": 0.011097577010998684,
      "median": 0.6391990322000001,
      "user": 0.40938625999999995,
      "system": 0.24077612000000004,
      "min": 0.6246252957,
      "max": 0.6580596187000001,
      "times": [
        0.6246252957,
        0.6532620097,
        0.6390597777000001,
        0.6529715747000001,
        0.6580596187000001,
        0.6368752237,
        0.6312570547,
        0.6393382867,
        0.6514966457000001,
        0.6286233197000001
      ],
      "exit_codes": [
        0,
        0,
        0,
        0,
        0,
        0,
        0,
        0,
        0,
        0
      ]
    },
    {
      "command": "yarn",
      "mean": 7.49560325,
      "stddev": 0.3017170124152498,
      "median": 7.4402251907,
      "user": 5.687007660000001,
      "system": 4.707499319999998,
      "min": 7.1866572267,
      "max": 8.2578094887,
      "times": [
        7.2133520987,
        8.2578094887,
        7.4472467707000005,
        7.4332036107,
        7.2668832507,
        7.5880448077,
        7.7029194857,
        7.2965958667,
        7.5633198937,
        7.1866572267
      ],
      "exit_codes": [
        0,
        0,
        0,
        0,
        0,
        0,
        0,
        0,
        0,
        0
      ]
    },
    {
      "command": "berry",
      "mean": 5.6064107949,
      "stddev": 0.044249254011017286,
      "median": 5.5916536027,
      "user": 7.159874459999999,
      "system": 2.6932559199999995,
      "min": 5.5602233297,
      "max": 5.7138749787,
      "times": [
        5.5838462727,
        5.5852613997,
        5.7138749787,
        5.6426382127000005,
        5.6306811417,
        5.5610541197000005,
        5.6118028057,
        5.5980458057,
        5.5766798827,
        5.5602233297
      ],
      "exit_codes": [
        0,
        0,
        0,
        0,
        0,
        0,
        0,
        0,
        0,
        0
      ]
    },
    {
      "command": "pnpm",
      "mean": 3.3790255961,
      "stddev": 0.031956696308437164,
      "median": 3.3810010207000003,
      "user": 4.62174836,
      "system": 1.4067102199999997,
      "min": 3.3409024447,
      "max": 3.4328702007,
      "times": [
        3.3864037027,
        3.3441991907,
        3.3755983387,
        3.3979880597000003,
        3.3498400767,
        3.4058883517,
        3.3419059747,
        3.3409024447,
        3.4328702007,
        3.4146596207
      ],
      "exit_codes": [
        0,
        0,
        0,
        0,
        0,
        0,
        0,
        0,
        0,
        0
      ]
    },
    {
      "command": "vlt",
      "mean": 3.5307164827,
      "stddev": 0.043774869221599205,
      "median": 3.5284361127,
      "user": 3.5800354600000004,
      "system": 2.84570112,
      "min": 3.4496692497,
      "max": 3.6262903957,
      "times": [
        3.4868989067,
        3.5577803747,
        3.5321439187,
        3.5247283067,
        3.5153049117,
        3.5389166027,
        3.4496692497,
        3.6262903957,
        3.5241830157000003,
        3.5512491447
      ],
      "exit_codes": [
        0,
        0,
        0,
        0,
        0,
        0,
        0,
        0,
        0,
        0
      ]
    },
    {
      "command": "bun",
      "mean": 0.32068174569999996,
      "stddev": 0.03151480835978589,
      "median": 0.3107895027,
      "user": 0.01783696,
      "system": 0.29851572000000004,
      "min": 0.3074093817,
      "max": 0.41510157670000003,
      "times": [
        0.3088959297,
        0.3121428757,
        0.3080491697,
        0.3118448617,
        0.3122856737,
        0.3095089827,
        0.3106420727,
        0.3109369327,
        0.3074093817,
        0.41510157670000003
      ],
      "exit_codes": [
        0,
        0,
        0,
        0,
        0,
        0,
        0,
        0,
        0,
        0
      ]
    },
    {
      "command": "deno",
      "mean": 1.0607890449,
      "stddev": 0.024279247905094017,
      "median": 1.0608328887,
      "user": 1.2811183599999998,
      "system": 0.8012172200000001,
      "min": 1.0274121437000001,
      "max": 1.1185201087,
      "times": [
        1.0732823147000001,
        1.0648178797,
        1.0390964667,
        1.0568478977,
        1.0680356697,
        1.0423434567,
        1.1185201087,
        1.0727061057,
        1.0274121437000001,
        1.0448284057000001
      ],
      "exit_codes": [
        0,
        0,
        0,
        0,
        0,
        0,
        0,
        0,
        0,
        0
      ]
    }
  ]
}