{
  "results": [
    {
      "command": "npm",
      "mean": 9.994971831259999,
      "stddev": 0.02777265866539832,
      "median": 9.99841251146,
      "user": 10.38065194,
      "system": 4.69121398,
      "min": 9.94121067846,
      "max": 10.03476119046,
      "times": [
        9.97166208546,
        10.03476119046,
        10.02159700346,
        9.974194128459999,
        10.00504256246,
        10.00846557046,
        9.97599651146,
        9.99178246046,
        10.025006121459999,
        9.94121067846
      ],
      "exit_codes": [
        0,
        0,
        0,
        0,
        0,
        0,
        0,
        0,
        0,
        0
      ]
    },
    {
      "command": "snpm",
      "mean": 0.6186211297600002,
      "stddev": 0.01783110278338563,
      "median": 0.61405318046,
      "user": 0.39116243999999994,
      "system": 0.23584758,
      "min": 0.60178027546,
      "max": 0.6663205334600001,
      "times": [
        0.60178027546,
        0.61128832146,
        0.60486551446,
        0.61513339646,
        0.63131132046,
        0.61329308746,
        0.61481327346,
        0.62122523846,
        0.6663205334600001,
        0.60618033646
      ],
      "exit_codes": [
        0,
        0,
        0,
        0,
        0,
        0,
        0,
        0,
        0,
        0
      ]
    },
    {
      "command": "yarn",
      "mean": 7.264145217260001,
      "stddev": 0.16600158415535468,
      "median": 7.30003045946,
      "user": 5.52998484,
      "system": 4.7410454799999995,
      "min": 7.036611493460001,
      "max": 7.58359462646,
      "times": [
        7.33882067846,
        7.36616040446,
        7.58359462646,
        7.30760221246,
        7.412568788460001,
        7.120910122460001,
        7.07113243646,
        7.292458706460001,
        7.11159270346,
        7.036611493460001
      ],
      "exit_codes": [
        0,
        0,
        0,
        0,
        0,
        0,
        0,
        0,
        0,
        0
      ]
    },
    {
      "command": "berry",
      "mean": 5.70171464006,
      "stddev": 0.19692313886061913,
      "median": 5.63975372346,
      "user": 7.11280264,
      "system": 2.66249398,
      "min": 5.45940449546,
      "max": 6.05078526346,
      "times": [
        5.99041317446,
        5.582576754460001,
        6.05078526346,
        5.45940449546,
        5.6969306924600005,
        5.534532153460001,
        5.77467217546,
        5.851104006460001,
        5.51962592046,
        5.5571017644600005
      ],
      "exit_codes": [
        0,
        0,
        0,
        0,
        0,
        0,
        0,
        0,
        0,
        0
      ]
    },
    {
      "command": "pnpm",
      "mean": 3.3585084677599992,
      "stddev": 0.030376035614948265,
      "median": 3.3536874704599997,
      "user": 4.60055764,
      "system": 1.4022945799999997,
      "min": 3.31680180446,
      "max": 3.40787348146,
      "times": [
        3.40787348146,
        3.35846500246,
        3.34239130346,
        3.34890993846,
        3.31680180446,
        3.3814923004599997,
        3.3232443154599998,
        3.39950393646,
        3.37759403046,
        3.32880856446
      ],
      "exit_codes": [
        0,
        0,
        0,
        0,
        0,
        0,
        0,
        0,
        0,
        0
      ]
    },
    {
      "command": "vlt",
      "mean": 3.5125494675600004,
      "stddev": 0.025813789694890798,
      "median": 3.51637371446,
      "user": 3.5402899399999996,
      "system": 2.84497648,
      "min": 3.47046343246,
      "max": 3.55236598646,
      "times": [
        3.51991805346,
        3.49686269146,
        3.48830528946,
        3.48495578646,
        3.5171277874599998,
        3.53197827146,
        3.54789773546,
        3.51561964146,
        3.55236598646,
        3.47046343246
      ],
      "exit_codes": [
        0,
        0,
        0,
        0,
        0,
        0,
        0,
        0,
        0,
        0
      ]
    },
    {
      "command": "bun",
      "mean": 0.31355787935999996,
      "stddev": 0.010583613385324302,
      "median": 0.30831120196000006,
      "user": 0.01686324,
      "system": 0.30104057999999995,
      "min": 0.30694406446,
      "max": 0.34336672846,
      "times": [
        0.30743781246,
        0.30860104646000003,
        0.30694406446,
        0.30713820546000004,
        0.30774910346,
        0.30802135746000003,
        0.31377714446,
        0.31462716446,
        0.31791616646000004,
        0.34336672846
      ],
      "exit_codes": [
        0,
        0,
        0,
        0,
        0,
        0,
        0,
        0,
        0,
        0
      ]
    },
    {
      "command": "deno",
      "mean": 1.0579088744600003,
      "stddev": 0.015214120968952192,
      "median": 1.05632613396,
      "user": 1.2941272400000003,
      "system": 0.80784618,
      "min": 1.03030676646,
      "max": 1.0788745564600002,
      "times": [
        1.07026484246,
        1.07228341546,
        1.03030676646,
        1.05799077646,
        1.05435085746,
        1.04837622346,
        1.07377351246,
        1.05466149146,
        1.0382063024600001,
        1.0788745564600002
      ],
      "exit_codes": [
        0,
        0,
        0,
        0,
        0,
        0,
        0,
        0,
        0,
        0
      ]
    }
  ]
}