{
  "results": [
    {
      "command": "npm",
      "mean": 10.303155063260002,
      "stddev": 0.05964276911078044,
      "median": 10.297949420560002,
      "user": 10.674376080000002,
      "system": 4.86329822,
      "min": 10.18142758406,
      "max": 10.39629042306,
      "times": [
        10.32388347106,
        10.27721982906,
        10.32410042306,
        10.29313873106,
        10.272831421060001,
        10.302760110060001,
        10.39629042306,
        10.18142758406,
        10.26637282006,
        10.39352582006
      ],
      "exit_codes": [
        0,
        0,
        0,
        0,
        0,
        0,
        0,
        0,
        0,
        0
      ]
    },
    {
      "command": "snpm",
      "mean": 0.63522602146,
      "stddev": 0.03405806254337698,
      "median": 0.62591363406,
      "user": 0.40026007999999996,
      "system": 0.23551951999999993,
      "min": 0.61400615006,
      "max": 0.7361885220600001,
      "times": [
        0.62597158606,
        0.63335557606,
        0.62607164506,
        0.62405690806,
        0.61691380706,
        0.62585568206,
        0.62827801706,
        0.62156232106,
        0.7361885220600001,
        0.61400615006
      ],
      "exit_codes": [
        0,
        0,
        0,
        0,
        0,
        0,
        0,
        0,
        0,
        0
      ]
    },
    {
      "command": "yarn",
      "mean": 8.28902815956,
      "stddev": 0.1992873647883571,
      "median": 8.28096297406,
      "user": 5.84143488,
      "system": 4.97100192,
      "min": 8.04291478506,
      "max": 8.66159613506,
      "times": [
        8.245983904060001,
        8.04291478506,
        8.07872163406,
        8.19710356406,
        8.31594204406,
        8.600133752060001,
        8.66159613506,
        8.34241419406,
        8.084434876060001,
        8.321036707060001
      ],
      "exit_codes": [
        0,
        0,
        0,
        0,
        0,
        0,
        0,
        0,
        0,
        0
      ]
    },
    {
      "command": "berry",
      "mean": 5.75013995726,
      "stddev": 0.04474096835798136,
      "median": 5.739616677559999,
      "user": 7.13694778,
      "system": 2.7350106199999997,
      "min": 5.6977543730599995,
      "max": 5.842984771059999,
      "times": [
        5.842984771059999,
        5.72575453006,
        5.71022798706,
        5.6977543730599995,
        5.78596166006,
        5.6987768140599995,
        5.7298140020599995,
        5.76800744006,
        5.7926986420599995,
        5.7494193530599995
      ],
      "exit_codes": [
        0,
        0,
        0,
        0,
        0,
        0,
        0,
        0,
        0,
        0
      ]
    },
    {
      "command": "pnpm",
      "mean": 3.44250110606,
      "stddev": 0.04514685039713523,
      "median": 3.42187541556,
      "user": 4.566217679999999,
      "system": 1.4014573199999998,
      "min": 3.39645213606,
      "max": 3.54375027206,
      "times": [
        3.41793570106,
        3.3989423100600002,
        3.39645213606,
        3.46963723406,
        3.41584595606,
        3.48215067906,
        3.47008084106,
        3.42581513006,
        3.54375027206,
        3.40440080106
      ],
      "exit_codes": [
        0,
        0,
        0,
        0,
        0,
        0,
        0,
        0,
        0,
        0
      ]
    },
    {
      "command": "vlt",
      "mean": 3.5924273257600006,
      "stddev": 0.0292213165241757,
      "median": 3.58967258806,
      "user": 3.59902818,
      "system": 2.94618272,
      "min": 3.53932659106,
      "max": 3.64042995606,
      "times": [
        3.62747883406,
        3.53932659106,
        3.64042995606,
        3.57545663506,
        3.5883131120600003,
        3.6021099800600003,
        3.5843610150600003,
        3.61685922706,
        3.59103206406,
        3.5589058430600002
      ],
      "exit_codes": [
        0,
        0,
        0,
        0,
        0,
        0,
        0,
        0,
        0,
        0
      ]
    },
    {
      "command": "bun",
      "mean": 0.30822861506,
      "stddev": 0.0018753356977231556,
      "median": 0.30793102556000007,
      "user": 0.017122580000000002,
      "system": 0.29661672000000006,
      "min": 0.30580976206000005,
      "max": 0.31199534106000004,
      "times": [
        0.30723853506000004,
        0.30637202806,
        0.30624912506000007,
        0.30744230806000006,
        0.30841974306000003,
        0.30975896106000006,
        0.30580976206000005,
        0.31002634906000004,
        0.31199534106000004,
        0.30897399806000003
      ],
      "exit_codes": [
        0,
        0,
        0,
        0,
        0,
        0,
        0,
        0,
        0,
        0
      ]
    },
    {
      "command": "deno",
      "mean": 1.04863599336,
      "stddev": 0.016081667390196445,
      "median": 1.0474543445600002,
      "user": 1.28293558,
      "system": 0.8115665199999998,
      "min": 1.02805078306,
      "max": 1.0775653950600002,
      "times": [
        1.02805078306,
        1.05129171706,
        1.07441186406,
        1.0403124940600001,
        1.0436169720600001,
        1.03161525406,
        1.0775653950600002,
        1.0526285990600002,
        1.0534294180600001,
        1.0334374370600001
      ],
      "exit_codes": [
        0,
        0,
        0,
        0,
        0,
        0,
        0,
        0,
        0,
        0
      ]
    }
  ]
}