{
  "results": [
    {
      "command": "npm",
      "mean": 5.4512373386599995,
      "stddev": 0.025382743413440104,
      "median": 5.44490293186,
      "user": 5.394780459999999,
      "system": 3.24621282,
      "min": 5.42321347436,
      "max": 5.50840432536,
      "times": [
        5.46886889236,
        5.42819457136,
        5.42667467236,
        5.44619264736,
        5.44361321636,
        5.42321347436,
        5.46510493736,
        5.43277333936,
        5.50840432536,
        5.46933331036
      ],
      "exit_codes": [
        0,
        0,
        0,
        0,
        0,
        0,
        0,
        0,
        0,
        0
      ]
    },
    {
      "command": "snpm",
      "mean": 0.12001652186,
      "stddev": 0.0019593937183802687,
      "median": 0.11940138186000002,
      "user": 0.02621776,
      "system": 0.09626362,
      "min": 0.11721626036,
      "max": 0.12398974736000001,
      "times": [
        0.12226412336,
        0.11914910136000001,
        0.11965366236000001,
        0.11799979536,
        0.12398974736000001,
        0.12021442636,
        0.11721626036,
        0.11901614736,
        0.12165830336000001,
        0.11900365136
      ],
      "exit_codes": [
        0,
        0,
        0,
        0,
        0,
        0,
        0,
        0,
        0,
        0
      ]
    },
    {
      "command": "yarn",
      "mean": 11.411417070159999,
      "stddev": 0.4259959721679255,
      "median": 11.618014626859999,
      "user": 15.587925760000001,
      "system": 8.541259819999999,
      "min": 10.86208478336,
      "max": 11.97392193936,
      "times": [
        10.86208478336,
        10.88105204136,
        10.98578352836,
        10.89260028936,
        11.63813573936,
        11.597893514359999,
        11.85156699836,
        11.71378758636,
        11.717344281359999,
        11.97392193936
      ],
      "exit_codes": [
        0,
        0,
        0,
        0,
        0,
        0,
        0,
        0,
        0,
        0
      ]
    },
    {
      "command": "berry",
      "mean": 4.68695600496,
      "stddev": 0.039124457209367365,
      "median": 4.69318699486,
      "user": 7.93513176,
      "system": 2.6104729200000003,
      "min": 4.60871514736,
      "max": 4.75223929936,
      "times": [
        4.65467787036,
        4.72042840536,
        4.70439303836,
        4.60871514736,
        4.75223929936,
        4.64687615636,
        4.68464821136,
        4.71183351336,
        4.68402262936,
        4.70172577836
      ],
      "exit_codes": [
        0,
        0,
        0,
        0,
        0,
        0,
        0,
        0,
        0,
        0
      ]
    },
    {
      "command": "pnpm",
      "mean": 2.341416310259999,
      "stddev": 0.028154979058079607,
      "median": 2.33973661036,
      "user": 4.069725060000001,
      "system": 1.61976762,
      "min": 2.28827169236,
      "max": 2.39760470636,
      "times": [
        2.34028823236,
        2.32316571436,
        2.35959890736,
        2.33918498836,
        2.39760470636,
        2.31595840036,
        2.36397441936,
        2.3505825093599997,
        2.33553353236,
        2.28827169236
      ],
      "exit_codes": [
        0,
        0,
        0,
        0,
        0,
        0,
        0,
        0,
        0,
        0
      ]
    },
    {
      "command": "vlt",
      "mean": 2.72943243146,
      "stddev": 0.060518645058906535,
      "median": 2.70471859836,
      "user": 3.4058451599999997,
      "system": 1.8414271199999999,
      "min": 2.67341415736,
      "max": 2.84432390036,
      "times": [
        2.83410667936,
        2.84432390036,
        2.67713622636,
        2.7586598043599997,
        2.72934328336,
        2.7175266903599997,
        2.69191050636,
        2.67341415736,
        2.67873314736,
        2.68916991936
      ],
      "exit_codes": [
        0,
        0,
        0,
        0,
        0,
        0,
        0,
        0,
        0,
        0
      ]
    },
    {
      "command": "bun",
      "mean": 0.5570911985600001,
      "stddev": 0.01750573292092991,
      "median": 0.55097465686,
      "user": 0.5284846599999999,
      "system": 1.06286602,
      "min": 0.5370912223600001,
      "max": 0.5905705723600001,
      "times": [
        0.5905705723600001,
        0.5370912223600001,
        0.54789262536,
        0.5437177843600001,
        0.55405668836,
        0.5565595173600001,
        0.5872668493600001,
        0.5421596993600001,
        0.54761851336,
        0.56397851336
      ],
      "exit_codes": [
        0,
        0,
        0,
        0,
        0,
        0,
        0,
        0,
        0,
        0
      ]
    },
    {
      "command": "deno",
      "mean": 4.06271710456,
      "stddev": 0.2549650639315993,
      "median": 3.98676658586,
      "user": 1.8702930599999998,
      "system": 1.4748457199999998,
      "min": 3.72306801836,
      "max": 4.72910832736,
      "times": [
        3.72306801836,
        4.72910832736,
        3.95315306136,
        3.91480646836,
        4.19232709136,
        4.12813790536,
        3.92366605336,
        4.09578697536,
        4.02038011036,
        3.94673703436
      ],
      "exit_codes": [
        0,
        0,
        0,
        0,
        0,
        0,
        0,
        0,
        0,
        0
      ]
    }
  ]
}