{
  "results": [
    {
      "command": "npm",
      "mean": 0.5120432996000002,
      "stddev": 0.00692033753120303,
      "median": 0.5124369865,
      "user": 0.56326112,
      "system": 0.10123987999999999,
      "min": 0.49949234000000003,
      "max": 0.5259815640000001,
      "times": [
        0.5126263700000001,
        0.5259815640000001,
        0.5187642920000001,
        0.511707906,
        0.512247603,
        0.49949234000000003,
        0.5134520910000001,
        0.5040282720000001,
        0.5084866980000001,
        0.5136458600000001
      ],
      "exit_codes": [
        0,
        0,
        0,
        0,
        0,
        0,
        0,
        0,
        0,
        0
      ]
    },
    {
      "command": "snpm",
      "mean": 0.0333230735,
      "stddev": 0.00042377888335787874,
      "median": 0.033320286000000005,
      "user": 0.02040892,
      "system": 0.015062279999999997,
      "min": 0.032616230999999996,
      "max": 0.034046761,
      "times": [
        0.032999819,
        0.033783403,
        0.033087917,
        0.033750412,
        0.033338009,
        0.033302563,
        0.032616230999999996,
        0.033435298,
        0.034046761,
        0.032870322
      ],
      "exit_codes": [
        0,
        0,
        0,
        0,
        0,
        0,
        0,
        0,
        0,
        0
      ]
    },
    {
      "command": "yarn",
      "mean": 0.2920283863,
      "stddev": 0.0022649675100948866,
      "median": 0.29131563,
      "user": 0.31603852000000004,
      "system": 0.062030779999999994,
      "min": 0.289375914,
      "max": 0.296636343,
      "times": [
        0.29426409200000003,
        0.29044794700000004,
        0.294354261,
        0.29264538900000003,
        0.291340461,
        0.291290799,
        0.2896423,
        0.289375914,
        0.290286357,
        0.296636343
      ],
      "exit_codes": [
        0,
        0,
        0,
        0,
        0,
        0,
        0,
        0,
        0,
        0
      ]
    },
    {
      "command": "berry",
      "mean": 0.7203880061000001,
      "stddev": 0.01284310927405599,
      "median": 0.7158172575000001,
      "user": 0.83980522,
      "system": 0.13862238,
      "min": 0.7044588030000001,
      "max": 0.747172334,
      "times": [
        0.7134912260000001,
        0.7365783390000001,
        0.7221160640000001,
        0.7293882010000001,
        0.7112948760000001,
        0.7154071660000001,
        0.7044588030000001,
        0.7162273490000001,
        0.747172334,
        0.7077457030000001
      ],
      "exit_codes": [
        0,
        0,
        0,
        0,
        0,
        0,
        0,
        0,
        0,
        0
      ]
    },
    {
      "command": "pnpm",
      "mean": 0.6812929222,
      "stddev": 0.009108129912731992,
      "median": 0.679257811,
      "user": 0.7674592199999999,
      "system": 0.12914848,
      "min": 0.6638428740000001,
      "max": 0.7017084410000001,
      "times": [
        0.6788533880000001,
        0.679037717,
        0.6777535100000001,
        0.6843506450000001,
        0.7017084410000001,
        0.6823335260000001,
        0.6885534050000001,
        0.679477905,
        0.6638428740000001,
        0.6770178110000001
      ],
      "exit_codes": [
        0,
        0,
        0,
        0,
        0,
        0,
        0,
        0,
        0,
        0
      ]
    },
    {
      "command": "vlt",
      "mean": 0.2985368766,
      "stddev": 0.0043965270399512904,
      "median": 0.29873768450000004,
      "user": 0.31531771999999997,
      "system": 0.06561958,
      "min": 0.29122394500000004,
      "max": 0.308967466,
      "times": [
        0.29864485900000004,
        0.299134184,
        0.29993229800000004,
        0.295482564,
        0.30086380100000004,
        0.29122394500000004,
        0.297246116,
        0.308967466,
        0.29883051,
        0.295043023
      ],
      "exit_codes": [
        0,
        0,
        0,
        0,
        0,
        0,
        0,
        0,
        0,
        0
      ]
    },
    {
      "command": "bun",
      "mean": 0.0106260619,
      "stddev": 0.0006622040848852338,
      "median": 0.0103063165,
      "user": 0.007937320000000001,
      "system": 0.00852048,
      "min": 0.010159732000000001,
      "max": 0.012175872,
      "times": [
        0.010257826000000001,
        0.011636524,
        0.010159732000000001,
        0.010256143,
        0.010598543,
        0.010354807,
        0.010403756,
        0.010217962,
        0.012175872,
        0.010199454
      ],
      "exit_codes": [
        0,
        0,
        0,
        0,
        0,
        0,
        0,
        0,
        0,
        0
      ]
    },
    {
      "command": "deno",
      "mean": 0.04115776780000001,
      "stddev": 0.0005123535218512306,
      "median": 0.04103014,
      "user": 0.02398652,
      "system": 0.02115928,
      "min": 0.040472426,
      "max": 0.042238712,
      "times": [
        0.041023006,
        0.04094918,
        0.04064234,
        0.041305356,
        0.040694832,
        0.042238712,
        0.041656603,
        0.041037274,
        0.040472426,
        0.041557949
      ],
      "exit_codes": [
        0,
        0,
        0,
        0,
        0,
        0,
        0,
        0,
        0,
        0
      ]
    }
  ]
}