{
  "results": [
    {
      "command": "npm",
      "mean": 7.643914903720001,
      "stddev": 0.03356703096497403,
      "median": 7.63879026512,
      "user": 7.1143760799999995,
      "system": 4.936006539999999,
      "min": 7.59808973312,
      "max": 7.72289298712,
      "times": [
        7.66116842012,
        7.64891675512,
        7.66760230512,
        7.62332086512,
        7.72289298712,
        7.61512285012,
        7.651784666119999,
        7.62866377512,
        7.59808973312,
        7.62158668012
      ],
      "exit_codes": [
        0,
        0,
        0,
        0,
        0,
        0,
        0,
        0,
        0,
        0
      ]
    },
    {
      "command": "snpm",
      "mean": 0.15298624202000002,
      "stddev": 0.0038219342171225156,
      "median": 0.15448883112,
      "user": 0.028416979999999998,
      "system": 0.12682204,
      "min": 0.14761880512,
      "max": 0.15724022112,
      "times": [
        0.14891530612,
        0.14802596512,
        0.14761880512,
        0.14934809212,
        0.15411984112,
        0.15485782112,
        0.15567318412,
        0.15724022112,
        0.15694252512,
        0.15712065912
      ],
      "exit_codes": [
        0,
        0,
        0,
        0,
        0,
        0,
        0,
        0,
        0,
        0
      ]
    },
    {
      "command": "yarn",
      "mean": 3.77721349582,
      "stddev": 0.025750394586072554,
      "median": 3.7722246756200004,
      "user": 3.3414154800000007,
      "system": 4.23315094,
      "min": 3.72963130312,
      "max": 3.81410010612,
      "times": [
        3.7570099761200004,
        3.80321812012,
        3.80754907212,
        3.72963130312,
        3.77374718612,
        3.81410010612,
        3.79563777712,
        3.76435710312,
        3.7707021651200003,
        3.7561821491200003
      ],
      "exit_codes": [
        0,
        0,
        0,
        0,
        0,
        0,
        0,
        0,
        0,
        0
      ]
    },
    {
      "command": "berry",
      "mean": 4.41673180572,
      "stddev": 0.03623180316214791,
      "median": 4.42134856462,
      "user": 4.61127878,
      "system": 2.48562984,
      "min": 4.34722510512,
      "max": 4.457820649119999,
      "times": [
        4.457820649119999,
        4.39708713512,
        4.34722510512,
        4.36407780312,
        4.43749433412,
        4.45320565812,
        4.43003648812,
        4.41266064112,
        4.41254579612,
        4.45516444712
      ],
      "exit_codes": [
        0,
        0,
        0,
        0,
        0,
        0,
        0,
        0,
        0,
        0
      ]
    },
    {
      "command": "pnpm",
      "mean": 1.37837019092,
      "stddev": 0.06049421419613655,
      "median": 1.36157440112,
      "user": 1.94046388,
      "system": 0.76532054,
      "min": 1.34379315612,
      "max": 1.55600606312,
      "times": [
        1.34445800012,
        1.36243961112,
        1.36070919112,
        1.34535000912,
        1.55600606312,
        1.3501058041199998,
        1.38146212812,
        1.36335655712,
        1.34379315612,
        1.37602138912
      ],
      "exit_codes": [
        0,
        0,
        0,
        0,
        0,
        0,
        0,
        0,
        0,
        0
      ]
    },
    {
      "command": "vlt",
      "mean": 2.87521048172,
      "stddev": 0.01888552860954371,
      "median": 2.8732404761200003,
      "user": 2.59891278,
      "system": 2.77210164,
      "min": 2.83884175412,
      "max": 2.90231727412,
      "times": [
        2.83884175412,
        2.86109971212,
        2.89527183712,
        2.88691228712,
        2.87389609812,
        2.90231727412,
        2.85710772012,
        2.8950969031200002,
        2.8725848541200003,
        2.86897637712
      ],
      "exit_codes": [
        0,
        0,
        0,
        0,
        0,
        0,
        0,
        0,
        0,
        0
      ]
    },
    {
      "command": "bun",
      "mean": 0.28315715012000003,
      "stddev": 0.007602539186370945,
      "median": 0.28040606712000005,
      "user": 0.01866728,
      "system": 0.2690834399999999,
      "min": 0.27624836312000006,
      "max": 0.30372282112000004,
      "times": [
        0.27624836312000006,
        0.27865302012000004,
        0.28011244612,
        0.28069968812,
        0.27920661212000003,
        0.28081430012,
        0.28359576412000004,
        0.28915791812,
        0.30372282112000004,
        0.27936056812000004
      ],
      "exit_codes": [
        0,
        0,
        0,
        0,
        0,
        0,
        0,
        0,
        0,
        0
      ]
    },
    {
      "command": "deno",
      "mean": 0.5011106187200001,
      "stddev": 0.01863959270387743,
      "median": 0.4944411456200001,
      "user": 0.41763318,
      "system": 0.6356628400000001,
      "min": 0.4826748141200001,
      "max": 0.55012938812,
      "times": [
        0.49208084312000006,
        0.49295681312000006,
        0.48557608912000005,
        0.49225688212000007,
        0.49592547812000004,
        0.5038624231200001,
        0.4826748141200001,
        0.49947434012,
        0.51616911612,
        0.55012938812
      ],
      "exit_codes": [
        0,
        0,
        0,
        0,
        0,
        0,
        0,
        0,
        0,
        0
      ]
    }
  ]
}