{
  "results": [
    {
      "command": "npm",
      "mean": 0.9747052126,
      "stddev": 0.020425132614790464,
      "median": 0.9661884041000001,
      "user": 1.05161768,
      "system": 0.18885148000000002,
      "min": 0.9617628311,
      "max": 1.0324740981,
      "times": [
        0.9617628311,
        0.9721247991,
        0.9833054111,
        0.9628810621,
        1.0324740981,
        0.9672414401,
        0.9631216821,
        0.9769551881,
        0.9651353681000001,
        0.9620502461000001
      ],
      "exit_codes": [
        0,
        0,
        0,
        0,
        0,
        0,
        0,
        0,
        0,
        0
      ]
    },
    {
      "command": "snpm",
      "mean": 0.6109580166,
      "stddev": 0.007263145794290394,
      "median": 0.6092715501,
      "user": 0.38250748,
      "system": 0.23613588000000002,
      "min": 0.6021405541,
      "max": 0.6247184821,
      "times": [
        0.6070679741,
        0.6247184821,
        0.6114810461000001,
        0.6241833331000001,
        0.6021405541,
        0.6100297481,
        0.6071588871,
        0.6085133521,
        0.6102855031000001,
        0.6040012861
      ],
      "exit_codes": [
        0,
        0,
        0,
        0,
        0,
        0,
        0,
        0,
        0,
        0
      ]
    },
    {
      "command": "yarn",
      "mean": 4.959642154100001,
      "stddev": 0.10003858685740404,
      "median": 4.9709006211,
      "user": 3.9572350799999993,
      "system": 1.52453738,
      "min": 4.767729511100001,
      "max": 5.1214444521,
      "times": [
        5.055561759100001,
        5.0441890851,
        4.9836603871000005,
        4.9871338041,
        4.8645379881,
        4.9581408551,
        4.767729511100001,
        4.8580303851,
        4.9559933141000005,
        5.1214444521
      ],
      "exit_codes": [
        0,
        0,
        0,
        0,
        0,
        0,
        0,
        0,
        0,
        0
      ]
    },
    {
      "command": "berry",
      "mean": 2.7723491023999998,
      "stddev": 0.02493652534442625,
      "median": 2.7698075156,
      "user": 3.665163379999999,
      "system": 0.6954716799999999,
      "min": 2.7401757540999996,
      "max": 2.8149139251,
      "times": [
        2.7509148180999996,
        2.7988231140999997,
        2.7498695531,
        2.7465500731,
        2.7719685821,
        2.7790961630999997,
        2.7401757540999996,
        2.8149139251,
        2.8035325921,
        2.7676464491
      ],
      "exit_codes": [
        0,
        0,
        0,
        0,
        0,
        0,
        0,
        0,
        0,
        0
      ]
    },
    {
      "command": "pnpm",
      "mean": 1.2046630716000002,
      "stddev": 0.03884896786801706,
      "median": 1.2008508931000001,
      "user": 1.7968391799999999,
      "system": 0.33968257999999996,
      "min": 1.1585922211,
      "max": 1.2726802051000001,
      "times": [
        1.1691882271,
        1.2375942461,
        1.1730483021,
        1.2726802051000001,
        1.2498977361,
        1.2168197991,
        1.1848819871,
        1.1596115341,
        1.1585922211,
        1.2243164581000001
      ],
      "exit_codes": [
        0,
        0,
        0,
        0,
        0,
        0,
        0,
        0,
        0,
        0
      ]
    },
    {
      "command": "vlt",
      "mean": 0.3562213473,
      "stddev": 0.005561915534693646,
      "median": 0.35398701460000004,
      "user": 0.37745618,
      "system": 0.08074377999999999,
      "min": 0.35026298510000003,
      "max": 0.3697009551,
      "times": [
        0.35258000710000004,
        0.3587787021,
        0.3514636781,
        0.3598275501,
        0.3521882961,
        0.35026298510000003,
        0.3542272791,
        0.35943727010000004,
        0.3697009551,
        0.3537467501
      ],
      "exit_codes": [
        0,
        0,
        0,
        0,
        0,
        0,
        0,
        0,
        0,
        0
      ]
    },
    {
      "command": "bun",
      "mean": 0.041766839300000004,
      "stddev": 0.0023428997499917417,
      "median": 0.040891211600000005,
      "user": 0.008690279999999998,
      "system": 0.03865877999999999,
      "min": 0.0403239051,
      "max": 0.048540469100000004,
      "times": [
        0.0405734421,
        0.0404821311,
        0.0406293251,
        0.0403874531,
        0.048540469100000004,
        0.0403239051,
        0.0411530981,
        0.0420667371,
        0.0420637311,
        0.0414481011
      ],
      "exit_codes": [
        0,
        0,
        0,
        0,
        0,
        0,
        0,
        0,
        0,
        0
      ]
    },
    {
      "command": "deno",
      "mean": 0.8653739946000002,
      "stddev": 0.018983056834012274,
      "median": 0.8553548086,
      "user": 1.32312128,
      "system": 0.34834737999999993,
      "min": 0.8480977641,
      "max": 0.8992585881,
      "times": [
        0.8557738351,
        0.8489080641000001,
        0.8612178581000001,
        0.8512350451,
        0.8528275011,
        0.8873561141,
        0.8480977641,
        0.8549357821000001,
        0.8992585881,
        0.8941293941
      ],
      "exit_codes": [
        0,
        0,
        0,
        0,
        0,
        0,
        0,
        0,
        0,
        0
      ]
    }
  ]
}