{
  "results": [
    {
      "command": "npm",
      "mean": 10.280303255320002,
      "stddev": 0.07865932132923821,
      "median": 10.26396035902,
      "user": 10.64982564,
      "system": 4.855521419999999,
      "min": 10.16154461252,
      "max": 10.44021679652,
      "times": [
        10.26480938852,
        10.21530342852,
        10.38061235352,
        10.21740084652,
        10.16154461252,
        10.29869397552,
        10.319907756520001,
        10.24143206552,
        10.263111329520001,
        10.44021679652
      ],
      "exit_codes": [
        0,
        0,
        0,
        0,
        0,
        0,
        0,
        0,
        0,
        0
      ]
    },
    {
      "command": "snpm",
      "mean": 0.5829464092200001,
      "stddev": 0.011955217858939257,
      "median": 0.58096489552,
      "user": 0.35150264,
      "system": 0.23901832,
      "min": 0.57044782052,
      "max": 0.61514444452,
      "times": [
        0.5822297685200001,
        0.61514444452,
        0.5784794345200001,
        0.5718420965200001,
        0.58997143052,
        0.5823898805200001,
        0.58111788052,
        0.57044782052,
        0.58081191052,
        0.57702942552
      ],
      "exit_codes": [
        0,
        0,
        0,
        0,
        0,
        0,
        0,
        0,
        0,
        0
      ]
    },
    {
      "command": "yarn",
      "mean": 8.986769170619999,
      "stddev": 0.9893543457308877,
      "median": 8.59073218252,
      "user": 5.77889874,
      "system": 4.9256641199999995,
      "min": 8.01093117852,
      "max": 11.21551000052,
      "times": [
        8.01093117852,
        11.21551000052,
        9.13720405652,
        8.32369688952,
        8.19318512852,
        10.274771899520001,
        9.29815484352,
        8.28036692852,
        8.27610330552,
        8.857767475520001
      ],
      "exit_codes": [
        0,
        0,
        0,
        0,
        0,
        0,
        0,
        0,
        0,
        0
      ]
    },
    {
      "command": "berry",
      "mean": 5.909959137520001,
      "stddev": 0.14554019785190841,
      "median": 5.90542009502,
      "user": 7.21423594,
      "system": 2.7593231199999995,
      "min": 5.750535983520001,
      "max": 6.17221866852,
      "times": [
        5.93976051752,
        5.776325845520001,
        5.80361988152,
        5.92302764552,
        5.75926833152,
        6.163994311520001,
        5.750535983520001,
        5.897801316520001,
        6.17221866852,
        5.913038873520001
      ],
      "exit_codes": [
        0,
        0,
        0,
        0,
        0,
        0,
        0,
        0,
        0,
        0
      ]
    },
    {
      "command": "pnpm",
      "mean": 3.8975158103200003,
      "stddev": 0.6202239736115646,
      "median": 3.6639063870200004,
      "user": 4.6172837399999995,
      "system": 1.40820282,
      "min": 3.5911795425200004,
      "max": 5.71095927452,
      "times": [
        3.6669567255200004,
        3.5946727965200003,
        3.5911795425200004,
        4.0979495775200006,
        3.6435695395200005,
        3.6300690835200005,
        3.6608560485200003,
        5.71095927452,
        3.67042724152,
        3.70851827352
      ],
      "exit_codes": [
        0,
        0,
        0,
        0,
        0,
        0,
        0,
        0,
        0,
        0
      ]
    },
    {
      "command": "vlt",
      "mean": 3.6466192819200005,
      "stddev": 0.0624946697056948,
      "median": 3.6294023835200004,
      "user": 3.68678484,
      "system": 3.00433552,
      "min": 3.58449855452,
      "max": 3.7992307285200004,
      "times": [
        3.65129057252,
        3.58449855452,
        3.7992307285200004,
        3.63690186152,
        3.62571573652,
        3.6330890305200003,
        3.6110518225200003,
        3.5866100215200003,
        3.61737018052,
        3.7204343105200004
      ],
      "exit_codes": [
        0,
        0,
        0,
        0,
        0,
        0,
        0,
        0,
        0,
        0
      ]
    },
    {
      "command": "bun",
      "mean": 0.30876767592,
      "stddev": 0.002946862375259223,
      "median": 0.30799205902000004,
      "user": 0.01811974,
      "system": 0.29627901999999995,
      "min": 0.30406281152000003,
      "max": 0.31490301852,
      "times": [
        0.30878416652,
        0.30406281152000003,
        0.30730169652,
        0.30672252852000004,
        0.31247787152,
        0.30704520252,
        0.31039534552000003,
        0.30826119452,
        0.31490301852,
        0.30772292352
      ],
      "exit_codes": [
        0,
        0,
        0,
        0,
        0,
        0,
        0,
        0,
        0,
        0
      ]
    },
    {
      "command": "deno",
      "mean": 1.07858472582,
      "stddev": 0.04427798685958723,
      "median": 1.0625168355199999,
      "user": 1.29328664,
      "system": 0.81377252,
      "min": 1.04552355552,
      "max": 1.20246479052,
      "times": [
        1.05271424252,
        1.04977004352,
        1.10044267652,
        1.08049148852,
        1.05454250552,
        1.04552355552,
        1.05631635252,
        1.20246479052,
        1.07486428452,
        1.06871731852
      ],
      "exit_codes": [
        0,
        0,
        0,
        0,
        0,
        0,
        0,
        0,
        0,
        0
      ]
    }
  ]
}