{
  "results": [
    {
      "command": "npm",
      "mean": 2.3651587578,
      "stddev": 0.0171686912103421,
      "median": 2.3705292091,
      "user": 2.24728388,
      "system": 0.7989971600000001,
      "min": 2.3351553116000003,
      "max": 2.3828914086000004,
      "times": [
        2.3436889976,
        2.3800333096000004,
        2.3642760226000004,
        2.3733725396,
        2.3676858786,
        2.3797208876000004,
        2.3817293566,
        2.3351553116000003,
        2.3430338656000003,
        2.3828914086000004
      ],
      "exit_codes": [
        0,
        0,
        0,
        0,
        0,
        0,
        0,
        0,
        0,
        0
      ]
    },
    {
      "command": "snpm",
      "mean": 0.4377326849,
      "stddev": 0.07006983518524015,
      "median": 0.4189820751,
      "user": 0.39297908000000004,
      "system": 0.09259765999999998,
      "min": 0.3733418846,
      "max": 0.6032661816,
      "times": [
        0.5346592506,
        0.3733418846,
        0.3986022106,
        0.4309184656,
        0.42735104360000004,
        0.6032661816,
        0.4278983736,
        0.3767479766,
        0.4106131066,
        0.3939283556
      ],
      "exit_codes": [
        0,
        0,
        0,
        0,
        0,
        0,
        0,
        0,
        0,
        0
      ]
    },
    {
      "command": "yarn",
      "mean": 2.6133931700999997,
      "stddev": 0.10121174570257174,
      "median": 2.5731196956000004,
      "user": 1.26584858,
      "system": 0.6621943599999999,
      "min": 2.4890545586000004,
      "max": 2.8352182326000004,
      "times": [
        2.4890545586000004,
        2.6669469296000003,
        2.5374293316000003,
        2.5103135306000004,
        2.5687071686000005,
        2.5775322226000004,
        2.6997788846,
        2.6857813486000004,
        2.5631694936000002,
        2.8352182326000004
      ],
      "exit_codes": [
        0,
        0,
        0,
        0,
        0,
        0,
        0,
        0,
        0,
        0
      ]
    },
    {
      "command": "berry",
      "mean": 2.0719384592000005,
      "stddev": 0.05683064717537404,
      "median": 2.0710483731,
      "user": 2.05936548,
      "system": 0.51749836,
      "min": 1.9963654076000001,
      "max": 2.1875564026000003,
      "times": [
        2.0269414646,
        2.0195024936,
        2.0795763616,
        1.9963654076000001,
        2.0181990376,
        2.0625203846,
        2.0820678156000003,
        2.1875564026000003,
        2.1268569576000003,
        2.1197982666
      ],
      "exit_codes": [
        0,
        0,
        0,
        0,
        0,
        0,
        0,
        0,
        0,
        0
      ]
    },
    {
      "command": "pnpm",
      "mean": 1.5366119806,
      "stddev": 0.019632115822638612,
      "median": 1.5376923726,
      "user": 1.5474114799999998,
      "system": 0.38814666,
      "min": 1.5044367426,
      "max": 1.5757171036,
      "times": [
        1.5532443355999999,
        1.5757171036,
        1.5411549626,
        1.5486854036000002,
        1.5044367426,
        1.5184449706,
        1.5451817535999999,
        1.5180431576,
        1.5342297826,
        1.5269815936
      ],
      "exit_codes": [
        0,
        0,
        0,
        0,
        0,
        0,
        0,
        0,
        0,
        0
      ]
    },
    {
      "command": "vlt",
      "mean": 0.7098046591000001,
      "stddev": 0.0051050401417456,
      "median": 0.7094216731,
      "user": 0.6498358799999999,
      "system": 0.38727916,
      "min": 0.7022692656,
      "max": 0.7180925946000001,
      "times": [
        0.7022692656,
        0.7036863906,
        0.7140024076,
        0.7063799986,
        0.7180925946000001,
        0.7085955776,
        0.7141681236,
        0.7102477686,
        0.7151584916,
        0.7054459726
      ],
      "exit_codes": [
        0,
        0,
        0,
        0,
        0,
        0,
        0,
        0,
        0,
        0
      ]
    },
    {
      "command": "bun",
      "mean": 0.0392701156,
      "stddev": 0.00038312476027294257,
      "median": 0.0393312081,
      "user": 0.00829968,
      "system": 0.03654176,
      "min": 0.038480440600000006,
      "max": 0.040005821600000005,
      "times": [
        0.03951930160000001,
        0.039491334600000004,
        0.038480440600000006,
        0.0394174356,
        0.0393155436,
        0.039346872600000006,
        0.03901561060000001,
        0.039007150600000005,
        0.040005821600000005,
        0.039101644600000006
      ],
      "exit_codes": [
        0,
        0,
        0,
        0,
        0,
        0,
        0,
        0,
        0,
        0
      ]
    },
    {
      "command": "deno",
      "mean": 0.3040004199,
      "stddev": 0.004169370598919891,
      "median": 0.3040416266,
      "user": 0.28162378,
      "system": 0.15836925999999998,
      "min": 0.2982887156,
      "max": 0.3108166216,
      "times": [
        0.3074757666,
        0.3055266486,
        0.2995420636,
        0.2982887156,
        0.3052030766,
        0.3092280226,
        0.2987560776,
        0.3022870296,
        0.3028801766,
        0.3108166216
      ],
      "exit_codes": [
        0,
        0,
        0,
        0,
        0,
        0,
        0,
        0,
        0,
        0
      ]
    }
  ]
}