{
  "results": [
    {
      "command": "npm",
      "mean": 0.35799056276,
      "stddev": 0.005866954584416977,
      "median": 0.35628782636,
      "user": 0.36395204000000003,
      "system": 0.08184137999999999,
      "min": 0.35194346036,
      "max": 0.36790393236,
      "times": [
        0.35205508136,
        0.35194346036,
        0.36789458236,
        0.36154440436,
        0.35298173436,
        0.35391106336,
        0.35360412036000005,
        0.36790393236,
        0.35940265936000004,
        0.35866458936
      ],
      "exit_codes": [
        0,
        0,
        0,
        0,
        0,
        0,
        0,
        0,
        0,
        0
      ]
    },
    {
      "command": "snpm",
      "mean": 0.06871737076000001,
      "stddev": 0.0008400512558600442,
      "median": 0.06899197486,
      "user": 0.02121364,
      "system": 0.04933488000000001,
      "min": 0.06729895136000001,
      "max": 0.06972527336,
      "times": [
        0.06750711336000001,
        0.06875166436,
        0.06972527336,
        0.06729895136000001,
        0.06895307436,
        0.06904725636,
        0.06903087536000001,
        0.06777591536000001,
        0.06937620736000001,
        0.06970737636
      ],
      "exit_codes": [
        0,
        0,
        0,
        0,
        0,
        0,
        0,
        0,
        0,
        0
      ]
    },
    {
      "command": "yarn",
      "mean": 0.24946269176000002,
      "stddev": 0.0034506497821875297,
      "median": 0.24871197186000002,
      "user": 0.22188003999999997,
      "system": 0.05611218000000001,
      "min": 0.24526012636000002,
      "max": 0.25632657836,
      "times": [
        0.25154897136000004,
        0.24874975736000002,
        0.24694581836,
        0.25441631736000003,
        0.25632657836,
        0.24538449836,
        0.24876153136,
        0.24526012636000002,
        0.24855913236000002,
        0.24867418636000002
      ],
      "exit_codes": [
        0,
        0,
        0,
        0,
        0,
        0,
        0,
        0,
        0,
        0
      ]
    },
    {
      "command": "berry",
      "mean": 0.69688271536,
      "stddev": 0.009273160214813086,
      "median": 0.69817286636,
      "user": 0.80580334,
      "system": 0.13359748,
      "min": 0.67980295136,
      "max": 0.7131654173599999,
      "times": [
        0.70370037836,
        0.7131654173599999,
        0.67980295136,
        0.68494781336,
        0.69959309136,
        0.69626114136,
        0.70465757336,
        0.69814543236,
        0.6903530543599999,
        0.69820030036
      ],
      "exit_codes": [
        0,
        0,
        0,
        0,
        0,
        0,
        0,
        0,
        0,
        0
      ]
    },
    {
      "command": "pnpm",
      "mean": 0.6543589351600001,
      "stddev": 0.006745086589259097,
      "median": 0.6536073328600001,
      "user": 0.68569524,
      "system": 0.11763697999999997,
      "min": 0.64507949336,
      "max": 0.66582963036,
      "times": [
        0.65651856936,
        0.65047668636,
        0.65173922736,
        0.64507949336,
        0.66497724336,
        0.64936131036,
        0.66582963036,
        0.65547543836,
        0.65759718536,
        0.64653456736
      ],
      "exit_codes": [
        0,
        0,
        0,
        0,
        0,
        0,
        0,
        0,
        0,
        0
      ]
    },
    {
      "command": "vlt",
      "mean": 0.27469859916,
      "stddev": 0.0032298586286551934,
      "median": 0.27460009686000003,
      "user": 0.27149964,
      "system": 0.05868748,
      "min": 0.27048685436000003,
      "max": 0.28088561236000004,
      "times": [
        0.27425695236000003,
        0.27092763736000003,
        0.27048685436000003,
        0.27510246836,
        0.27826105236000004,
        0.27341556436000003,
        0.27126396236,
        0.28088561236000004,
        0.27494324136000003,
        0.27744264636000004
      ],
      "exit_codes": [
        0,
        0,
        0,
        0,
        0,
        0,
        0,
        0,
        0,
        0
      ]
    },
    {
      "command": "bun",
      "mean": 0.00802100836,
      "stddev": 0.000303600458591221,
      "median": 0.00790934386,
      "user": 0.005327640000000001,
      "system": 0.006315080000000001,
      "min": 0.007636363360000001,
      "max": 0.00854695736,
      "times": [
        0.00820136136,
        0.007636363360000001,
        0.00811819536,
        0.00783001836,
        0.007775473360000001,
        0.007988669359999999,
        0.00852475536,
        0.00854695736,
        0.007812586360000002,
        0.007775703360000001
      ],
      "exit_codes": [
        0,
        0,
        0,
        0,
        0,
        0,
        0,
        0,
        0,
        0
      ]
    },
    {
      "command": "deno",
      "mean": 0.03821779356,
      "stddev": 0.0005193009711438643,
      "median": 0.038175550360000005,
      "user": 0.022195239999999998,
      "system": 0.019239979999999997,
      "min": 0.03733855236,
      "max": 0.03941582736,
      "times": [
        0.03771857236,
        0.03797846636,
        0.03733855236,
        0.03840898136,
        0.03941582736,
        0.03809540636,
        0.03825569436,
        0.03807022636,
        0.038425131359999996,
        0.03847107736
      ],
      "exit_codes": [
        0,
        0,
        0,
        0,
        0,
        0,
        0,
        0,
        0,
        0
      ]
    }
  ]
}