{
  "results": [
    {
      "command": "npm",
      "mean": 0.96075119418,
      "stddev": 0.00864034559486094,
      "median": 0.96252560288,
      "user": 1.07577368,
      "system": 0.19460378,
      "min": 0.94816263988,
      "max": 0.97678262888,
      "times": [
        0.9566716538800001,
        0.96253980488,
        0.94816263988,
        0.9497818488800001,
        0.95246505488,
        0.9625114008800001,
        0.97065843088,
        0.96434700088,
        0.97678262888,
        0.96359147788
      ],
      "exit_codes": [
        0,
        0,
        0,
        0,
        0,
        0,
        0,
        0,
        0,
        0
      ]
    },
    {
      "command": "snpm",
      "mean": 0.5745819724800001,
      "stddev": 0.007920182945844977,
      "median": 0.57116298288,
      "user": 0.33898468,
      "system": 0.24369187999999994,
      "min": 0.56228071488,
      "max": 0.58939698588,
      "times": [
        0.56688481388,
        0.57047148988,
        0.58252889488,
        0.56228071488,
        0.57044645888,
        0.58013512488,
        0.58134927588,
        0.5713581438800001,
        0.5709678218800001,
        0.58939698588
      ],
      "exit_codes": [
        0,
        0,
        0,
        0,
        0,
        0,
        0,
        0,
        0,
        0
      ]
    },
    {
      "command": "yarn",
      "mean": 6.416595756679999,
      "stddev": 0.1797509492650478,
      "median": 6.41755200988,
      "user": 3.800283979999999,
      "system": 1.4784163799999999,
      "min": 6.15018868588,
      "max": 6.73583177088,
      "times": [
        6.355424568879999,
        6.65563287088,
        6.33775569888,
        6.47967945088,
        6.226995447879999,
        6.15018868588,
        6.4840425138799995,
        6.5012411518799995,
        6.73583177088,
        6.23916540688
      ],
      "exit_codes": [
        0,
        0,
        0,
        0,
        0,
        0,
        0,
        0,
        0,
        0
      ]
    },
    {
      "command": "berry",
      "mean": 2.59418102908,
      "stddev": 0.03849955090910346,
      "median": 2.58128572538,
      "user": 3.52812068,
      "system": 0.6139353799999999,
      "min": 2.55565416888,
      "max": 2.6858033758800004,
      "times": [
        2.5670846858800003,
        2.56635909288,
        2.60653961988,
        2.58259958388,
        2.62769787788,
        2.6138251178800003,
        2.5799718668800002,
        2.55565416888,
        2.55627490088,
        2.6858033758800004
      ],
      "exit_codes": [
        0,
        0,
        0,
        0,
        0,
        0,
        0,
        0,
        0,
        0
      ]
    },
    {
      "command": "pnpm",
      "mean": 1.15521505188,
      "stddev": 0.013003636622558296,
      "median": 1.15149883138,
      "user": 1.66378678,
      "system": 0.29455197999999994,
      "min": 1.13735818788,
      "max": 1.1738249678800001,
      "times": [
        1.13735818788,
        1.1488864568800001,
        1.1475908618800001,
        1.1399236698800002,
        1.1443120738800001,
        1.1738249678800001,
        1.17190974288,
        1.1647042168800001,
        1.15411120588,
        1.16952913488
      ],
      "exit_codes": [
        0,
        0,
        0,
        0,
        0,
        0,
        0,
        0,
        0,
        0
      ]
    },
    {
      "command": "vlt",
      "mean": 0.34169536178,
      "stddev": 0.006669056557939855,
      "median": 0.33966455638000004,
      "user": 0.37475708,
      "system": 0.08005917999999998,
      "min": 0.33478697988,
      "max": 0.35708443288,
      "times": [
        0.35064376088,
        0.33915813788,
        0.33495403088,
        0.33478697988,
        0.33985163988,
        0.35708443288,
        0.34194305188,
        0.33947747288,
        0.33723858287999997,
        0.34181552788
      ],
      "exit_codes": [
        0,
        0,
        0,
        0,
        0,
        0,
        0,
        0,
        0,
        0
      ]
    },
    {
      "command": "bun",
      "mean": 0.041938452279999996,
      "stddev": 0.004846372599387611,
      "median": 0.04029526538,
      "user": 0.01012758,
      "system": 0.03582678,
      "min": 0.03975115788,
      "max": 0.05641856688,
      "times": [
        0.05641856688,
        0.04029666688,
        0.03978504788,
        0.040897585880000004,
        0.04111502188,
        0.03988722688,
        0.03975115788,
        0.04029386388,
        0.04025227588,
        0.04068710888
      ],
      "exit_codes": [
        0,
        0,
        0,
        0,
        0,
        0,
        0,
        0,
        0,
        0
      ]
    },
    {
      "command": "deno",
      "mean": 0.79652661818,
      "stddev": 0.007750413753046173,
      "median": 0.79535613988,
      "user": 0.9770865800000001,
      "system": 0.28182808000000004,
      "min": 0.78597422788,
      "max": 0.8119496028800001,
      "times": [
        0.78946613988,
        0.79505412188,
        0.8119496028800001,
        0.79025306488,
        0.78597422788,
        0.79693188088,
        0.79565815788,
        0.79636437588,
        0.80899672688,
        0.79461788288
      ],
      "exit_codes": [
        0,
        0,
        0,
        0,
        0,
        0,
        0,
        0,
        0,
        0
      ]
    }
  ]
}