{
  "results": [
    {
      "command": "npm",
      "mean": 9.06126615088,
      "stddev": 0.02821380518167351,
      "median": 9.06159256498,
      "user": 11.4053901,
      "system": 3.2446165000000002,
      "min": 9.008106468480001,
      "max": 9.109360049480001,
      "times": [
        9.03396790048,
        9.06475748748,
        9.057496759480001,
        9.078064343480001,
        9.05842764248,
        9.03769473448,
        9.09486463148,
        9.06992149148,
        9.008106468480001,
        9.109360049480001
      ],
      "exit_codes": [
        0,
        0,
        0,
        0,
        0,
        0,
        0,
        0,
        0,
        0
      ]
    },
    {
      "command": "snpm",
      "mean": 0.60389632508,
      "stddev": 0.04097532078972475,
      "median": 0.59145563648,
      "user": 0.37539540000000005,
      "system": 0.2277214,
      "min": 0.57922941248,
      "max": 0.72567569348,
      "times": [
        0.58520926448,
        0.57922941248,
        0.59204351548,
        0.59851446748,
        0.59264517448,
        0.58784891548,
        0.59086775748,
        0.58794446848,
        0.59898458148,
        0.72567569348
      ],
      "exit_codes": [
        0,
        0,
        0,
        0,
        0,
        0,
        0,
        0,
        0,
        0
      ]
    },
    {
      "command": "yarn",
      "mean": 7.68335690528,
      "stddev": 0.43952853685616805,
      "median": 7.64547821148,
      "user": 4.766502099999999,
      "system": 3.2832607000000005,
      "min": 7.01793161148,
      "max": 8.65314619648,
      "times": [
        7.74385393648,
        7.65154659348,
        7.63940982948,
        8.65314619648,
        8.234667293480001,
        7.30475539448,
        7.65472982648,
        7.47132234648,
        7.4622060244799995,
        7.01793161148
      ],
      "exit_codes": [
        0,
        0,
        0,
        0,
        0,
        0,
        0,
        0,
        0,
        0
      ]
    },
    {
      "command": "berry",
      "mean": 4.33228053988,
      "stddev": 0.15191465065749232,
      "median": 4.295785392479999,
      "user": 5.925983999999999,
      "system": 1.7350533,
      "min": 4.17902880548,
      "max": 4.69604789148,
      "times": [
        4.4515798024799995,
        4.33038572848,
        4.39844377948,
        4.69604789148,
        4.38598809348,
        4.17962961948,
        4.17902880548,
        4.21751788148,
        4.26118505648,
        4.22299874048
      ],
      "exit_codes": [
        0,
        0,
        0,
        0,
        0,
        0,
        0,
        0,
        0,
        0
      ]
    },
    {
      "command": "pnpm",
      "mean": 3.20491399438,
      "stddev": 0.029457798431353727,
      "median": 3.1985693409800002,
      "user": 4.3483949,
      "system": 1.3359949,
      "min": 3.16056151248,
      "max": 3.2706838774800002,
      "times": [
        3.19077798248,
        3.21377862448,
        3.20861510348,
        3.16056151248,
        3.2706838774800002,
        3.19614534848,
        3.1996253074800003,
        3.1746407474800002,
        3.19751337448,
        3.23679806548
      ],
      "exit_codes": [
        0,
        0,
        0,
        0,
        0,
        0,
        0,
        0,
        0,
        0
      ]
    },
    {
      "command": "vlt",
      "mean": 2.07923583978,
      "stddev": 0.020652739483223825,
      "median": 2.07344396048,
      "user": 2.5164245999999997,
      "system": 1.6701508,
      "min": 2.04999670348,
      "max": 2.12977552548,
      "times": [
        2.07649518948,
        2.12977552548,
        2.09394360248,
        2.04999670348,
        2.08898643048,
        2.07027944948,
        2.06793863448,
        2.08105905648,
        2.06349107448,
        2.07039273148
      ],
      "exit_codes": [
        0,
        0,
        0,
        0,
        0,
        0,
        0,
        0,
        0,
        0
      ]
    },
    {
      "command": "bun",
      "mean": 0.30120582338,
      "stddev": 0.0017751958212105898,
      "median": 0.30193265348000004,
      "user": 0.1373275,
      "system": 0.2703614,
      "min": 0.29658256548,
      "max": 0.30292364748000006,
      "times": [
        0.30292364748000006,
        0.30203403148,
        0.30274242048000005,
        0.30194845548000004,
        0.30127626748,
        0.30015032448,
        0.30191685148,
        0.30223229248000005,
        0.29658256548,
        0.30025137748
      ],
      "exit_codes": [
        0,
        0,
        0,
        0,
        0,
        0,
        0,
        0,
        0,
        0
      ]
    },
    {
      "command": "deno",
      "mean": 1.1222183066800002,
      "stddev": 0.017558414552628087,
      "median": 1.1218727729800002,
      "user": 1.1395806,
      "system": 0.6888989999999999,
      "min": 1.09705186248,
      "max": 1.15494562748,
      "times": [
        1.09705186248,
        1.09778854848,
        1.1336030354800002,
        1.1287484894800002,
        1.15494562748,
        1.14210577348,
        1.11149325448,
        1.11985708248,
        1.1238884634800002,
        1.11270092948
      ],
      "exit_codes": [
        0,
        0,
        0,
        0,
        0,
        0,
        0,
        0,
        0,
        0
      ]
    }
  ]
}