{
  "results": [
    {
      "command": "npm",
      "mean": 0.59466621486,
      "stddev": 0.004901138470856122,
      "median": 0.59503982316,
      "user": 0.6580362,
      "system": 0.11825597999999997,
      "min": 0.58714106966,
      "max": 0.60430129666,
      "times": [
        0.5960656936600001,
        0.60085470466,
        0.58714106966,
        0.59226236066,
        0.5946878276600001,
        0.59154444866,
        0.59539181866,
        0.60430129666,
        0.5888642066600001,
        0.5955487216600001
      ],
      "exit_codes": [
        0,
        0,
        0,
        0,
        0,
        0,
        0,
        0,
        0,
        0
      ]
    },
    {
      "command": "snpm",
      "mean": 0.032182736360000005,
      "stddev": 0.00015263170742152503,
      "median": 0.032200922660000006,
      "user": 0.021742799999999996,
      "system": 0.012555279999999999,
      "min": 0.03193662866,
      "max": 0.03247437466,
      "times": [
        0.032290148660000004,
        0.03203233966,
        0.03211122866,
        0.03229078766,
        0.03202206466,
        0.03216445366,
        0.03223739166,
        0.03193662866,
        0.03226794566,
        0.03247437466
      ],
      "exit_codes": [
        0,
        0,
        0,
        0,
        0,
        0,
        0,
        0,
        0,
        0
      ]
    },
    {
      "command": "yarn",
      "mean": 0.30055781226,
      "stddev": 0.0019074537573331733,
      "median": 0.30010322566000003,
      "user": 0.3332885,
      "system": 0.06382258,
      "min": 0.29710935666000005,
      "max": 0.30432924466000005,
      "times": [
        0.2994666186600001,
        0.30052574966000006,
        0.29982744766,
        0.29955548366000007,
        0.29710935666000005,
        0.30037900366000003,
        0.30299636966000004,
        0.29982190966000005,
        0.30432924466000005,
        0.30156693866000006
      ],
      "exit_codes": [
        0,
        0,
        0,
        0,
        0,
        0,
        0,
        0,
        0,
        0
      ]
    },
    {
      "command": "berry",
      "mean": 3.7568478110599997,
      "stddev": 0.026446563979934497,
      "median": 3.75147426766,
      "user": 7.2098168000000005,
      "system": 1.9379071799999998,
      "min": 3.7252886616600005,
      "max": 3.8038953826600004,
      "times": [
        3.7252886616600005,
        3.78851284966,
        3.7381352706600004,
        3.72689917866,
        3.77864806666,
        3.75231304366,
        3.75063549166,
        3.8038953826600004,
        3.7739272346600004,
        3.73022293066
      ],
      "exit_codes": [
        0,
        0,
        0,
        0,
        0,
        0,
        0,
        0,
        0,
        0
      ]
    },
    {
      "command": "pnpm",
      "mean": 0.7054545087600002,
      "stddev": 0.03819584551052217,
      "median": 0.69302182766,
      "user": 0.8665456,
      "system": 0.16640597999999998,
      "min": 0.67625889266,
      "max": 0.8124804546600001,
      "times": [
        0.69627846666,
        0.68480735266,
        0.69224218666,
        0.67625889266,
        0.72634571066,
        0.69380146866,
        0.70662089466,
        0.6838872366600001,
        0.8124804546600001,
        0.68182242366
      ],
      "exit_codes": [
        0,
        0,
        0,
        0,
        0,
        0,
        0,
        0,
        0,
        0
      ]
    },
    {
      "command": "vlt",
      "mean": 0.34714147496000003,
      "stddev": 0.0034131632802082267,
      "median": 0.34812859166000004,
      "user": 0.37139240000000007,
      "system": 0.07657868,
      "min": 0.33973932266000006,
      "max": 0.35165451166000006,
      "times": [
        0.34181569266000006,
        0.33973932266000006,
        0.34763471666000006,
        0.34837595766000007,
        0.34975021766000003,
        0.35165451166000006,
        0.34796890466,
        0.34828827866000006,
        0.34755137266,
        0.34863577466000006
      ],
      "exit_codes": [
        0,
        0,
        0,
        0,
        0,
        0,
        0,
        0,
        0,
        0
      ]
    },
    {
      "command": "bun",
      "mean": 0.014045548860000003,
      "stddev": 0.0006836590694212725,
      "median": 0.013696206660000002,
      "user": 0.008448099999999998,
      "system": 0.011418479999999998,
      "min": 0.013614504660000002,
      "max": 0.015521525660000002,
      "times": [
        0.013645551660000001,
        0.01369321266,
        0.013672886660000001,
        0.013614504660000002,
        0.013908814660000001,
        0.015521525660000002,
        0.01369920066,
        0.015278559660000001,
        0.013750903660000001,
        0.013670328660000002
      ],
      "exit_codes": [
        0,
        0,
        0,
        0,
        0,
        0,
        0,
        0,
        0,
        0
      ]
    },
    {
      "command": "deno",
      "mean": 0.13148437116,
      "stddev": 0.009594848915984206,
      "median": 0.12873675316,
      "user": 0.029595800000000005,
      "system": 0.025700980000000002,
      "min": 0.11748370366000001,
      "max": 0.15004430066000002,
      "times": [
        0.12715068566,
        0.14580458466000001,
        0.12617994766,
        0.11748370366000001,
        0.12458991865999999,
        0.13032282066,
        0.12384413066000001,
        0.15004430066000002,
        0.13486455466,
        0.13455906466
      ],
      "exit_codes": [
        0,
        0,
        0,
        0,
        0,
        0,
        0,
        0,
        0,
        0
      ]
    }
  ]
}