{
  "results": [
    {
      "command": "npm",
      "mean": 0.5546168889200002,
      "stddev": 0.005886825816927066,
      "median": 0.55637685932,
      "user": 0.59444706,
      "system": 0.13891924,
      "min": 0.54539878632,
      "max": 0.5660440053200001,
      "times": [
        0.54648528732,
        0.5518073483200001,
        0.5502568963200001,
        0.54539878632,
        0.55738329732,
        0.5660440053200001,
        0.5569897903200001,
        0.5576956313200001,
        0.5557639283200001,
        0.5583439183200001
      ],
      "exit_codes": [
        0,
        0,
        0,
        0,
        0,
        0,
        0,
        0,
        0,
        0
      ]
    },
    {
      "command": "snpm",
      "mean": 0.10105457732,
      "stddev": 0.0011688035963835842,
      "median": 0.10093590782,
      "user": 0.054146459999999993,
      "system": 0.05014084,
      "min": 0.09893479032000001,
      "max": 0.10337861232000001,
      "times": [
        0.09893479032000001,
        0.10198761832,
        0.10055728432000001,
        0.10007433032,
        0.10096911432000001,
        0.10034122532,
        0.10130310632,
        0.10090270132000001,
        0.10209699032000001,
        0.10337861232000001
      ],
      "exit_codes": [
        0,
        0,
        0,
        0,
        0,
        0,
        0,
        0,
        0,
        0
      ]
    },
    {
      "command": "yarn",
      "mean": 2.29168933602,
      "stddev": 0.2548791197719618,
      "median": 2.17484513282,
      "user": 0.9841363600000002,
      "system": 0.33931194,
      "min": 2.01658854032,
      "max": 2.88688351932,
      "times": [
        2.01658854032,
        2.29709875032,
        2.1639664863199997,
        2.1423363913199998,
        2.18572377932,
        2.45069054232,
        2.88688351932,
        2.1076111163199998,
        2.56455797732,
        2.1014362573199996
      ],
      "exit_codes": [
        0,
        0,
        0,
        0,
        0,
        0,
        0,
        0,
        0,
        0
      ]
    },
    {
      "command": "berry",
      "mean": 1.31223221742,
      "stddev": 0.054204215064625874,
      "median": 1.30216487032,
      "user": 1.34778946,
      "system": 0.26006144,
      "min": 1.2482313653200001,
      "max": 1.40113973232,
      "times": [
        1.40113973232,
        1.2482313653200001,
        1.38920304932,
        1.2726998333200001,
        1.2516485183200001,
        1.25908113832,
        1.28548839232,
        1.34163853832,
        1.31884134832,
        1.35435025832
      ],
      "exit_codes": [
        0,
        0,
        0,
        0,
        0,
        0,
        0,
        0,
        0,
        0
      ]
    },
    {
      "command": "pnpm",
      "mean": 0.7107671761200001,
      "stddev": 0.03448640097908923,
      "median": 0.6962437298200002,
      "user": 0.9250822599999999,
      "system": 0.15931274,
      "min": 0.68060816532,
      "max": 0.80147656732,
      "times": [
        0.72040214532,
        0.6994214713200001,
        0.68060816532,
        0.6930659883200001,
        0.72672496632,
        0.6819369943200001,
        0.80147656732,
        0.6908358243200001,
        0.7253434353200001,
        0.6878562033200001
      ],
      "exit_codes": [
        0,
        0,
        0,
        0,
        0,
        0,
        0,
        0,
        0,
        0
      ]
    },
    {
      "command": "vlt",
      "mean": 0.25349814062,
      "stddev": 0.003424612063448637,
      "median": 0.25473016282000005,
      "user": 0.25360856,
      "system": 0.05054713999999999,
      "min": 0.24838073232000002,
      "max": 0.25887981232000007,
      "times": [
        0.25765436832000005,
        0.25498495432000007,
        0.25887981232000007,
        0.25523993332000006,
        0.25470471732000005,
        0.25475560832000005,
        0.24891380232000002,
        0.25110366432000003,
        0.24838073232000002,
        0.25036381332
      ],
      "exit_codes": [
        0,
        0,
        0,
        0,
        0,
        0,
        0,
        0,
        0,
        0
      ]
    },
    {
      "command": "bun",
      "mean": 0.010702311820000004,
      "stddev": 0.0003795535674005054,
      "median": 0.010679286820000002,
      "user": 0.005445259999999999,
      "system": 0.01086974,
      "min": 0.010218056320000002,
      "max": 0.011653911320000002,
      "times": [
        0.010218056320000002,
        0.010231089320000001,
        0.010571308320000002,
        0.010678522320000002,
        0.01077673332,
        0.011653911320000002,
        0.01077105132,
        0.010878221320000001,
        0.010680051320000002,
        0.010564173320000002
      ],
      "exit_codes": [
        0,
        0,
        0,
        0,
        0,
        0,
        0,
        0,
        0,
        0
      ]
    },
    {
      "command": "deno",
      "mean": 0.17796469582000002,
      "stddev": 0.0036036010204406406,
      "median": 0.17837203382,
      "user": 0.23343325999999998,
      "system": 0.09714063999999999,
      "min": 0.17008831332000002,
      "max": 0.18263132732,
      "times": [
        0.17731097632,
        0.17008831332000002,
        0.18263132732,
        0.18056072732,
        0.17512111532000002,
        0.17993554732,
        0.18220883832,
        0.17852120332000002,
        0.17822286432,
        0.17504604532
      ],
      "exit_codes": [
        0,
        0,
        0,
        0,
        0,
        0,
        0,
        0,
        0,
        0
      ]
    }
  ]
}