{
  "results": [
    {
      "command": "npm",
      "mean": 0.56389088052,
      "stddev": 0.011854656311748831,
      "median": 0.55812777392,
      "user": 0.60638072,
      "system": 0.13863272,
      "min": 0.5537983454200001,
      "max": 0.59283096342,
      "times": [
        0.55845642242,
        0.5537983454200001,
        0.55752456742,
        0.59283096342,
        0.56012684842,
        0.55779912542,
        0.57881557442,
        0.56665459642,
        0.55512499642,
        0.55777736542
      ],
      "exit_codes": [
        0,
        0,
        0,
        0,
        0,
        0,
        0,
        0,
        0,
        0
      ]
    },
    {
      "command": "snpm",
      "mean": 0.10830376132000001,
      "stddev": 0.0006937970098257061,
      "median": 0.10820754742000001,
      "user": 0.06488532,
      "system": 0.04657772,
      "min": 0.10739981142,
      "max": 0.10975738742,
      "times": [
        0.10886221442,
        0.10852599542000001,
        0.10814609142,
        0.10791583342000001,
        0.10739981142,
        0.10826900342000001,
        0.10892960642,
        0.10767669242,
        0.10755497742,
        0.10975738742
      ],
      "exit_codes": [
        0,
        0,
        0,
        0,
        0,
        0,
        0,
        0,
        0,
        0
      ]
    },
    {
      "command": "yarn",
      "mean": 2.4859078734200004,
      "stddev": 0.07322701143117596,
      "median": 2.4850122154200003,
      "user": 0.9727781200000001,
      "system": 0.3420297199999999,
      "min": 2.3812548874200004,
      "max": 2.58727421342,
      "times": [
        2.3974231304200004,
        2.5559697954200002,
        2.3812548874200004,
        2.40655909742,
        2.44545311842,
        2.53374832742,
        2.58137173342,
        2.47236568342,
        2.49765874742,
        2.58727421342
      ],
      "exit_codes": [
        0,
        0,
        0,
        0,
        0,
        0,
        0,
        0,
        0,
        0
      ]
    },
    {
      "command": "berry",
      "mean": 1.47070313562,
      "stddev": 0.039917741587426954,
      "median": 1.47423246692,
      "user": 1.33357392,
      "system": 0.26011041999999995,
      "min": 1.40384983042,
      "max": 1.5373538424200002,
      "times": [
        1.44036058242,
        1.46094611442,
        1.46254519042,
        1.50930434442,
        1.40384983042,
        1.50278316342,
        1.41670935642,
        1.5373538424200002,
        1.48725918842,
        1.48591974342
      ],
      "exit_codes": [
        0,
        0,
        0,
        0,
        0,
        0,
        0,
        0,
        0,
        0
      ]
    },
    {
      "command": "pnpm",
      "mean": 0.7701151434200001,
      "stddev": 0.009669597189722523,
      "median": 0.76826456742,
      "user": 0.9270510199999998,
      "system": 0.14970162,
      "min": 0.75834741242,
      "max": 0.79646386642,
      "times": [
        0.76399524042,
        0.79646386642,
        0.7738607334200001,
        0.76511802042,
        0.76958685642,
        0.7662248474200001,
        0.75834741242,
        0.7706728474200001,
        0.7669422784200001,
        0.76993933142
      ],
      "exit_codes": [
        0,
        0,
        0,
        0,
        0,
        0,
        0,
        0,
        0,
        0
      ]
    },
    {
      "command": "vlt",
      "mean": 0.26989152222,
      "stddev": 0.008223449664767079,
      "median": 0.26649181692,
      "user": 0.26944672,
      "system": 0.05406042,
      "min": 0.26313120442,
      "max": 0.29272761242,
      "times": [
        0.26313120442,
        0.26549800342,
        0.26472017642,
        0.26638539842,
        0.29272761242,
        0.26659823542,
        0.26993583142,
        0.26596825142,
        0.26916456342,
        0.27478594542
      ],
      "exit_codes": [
        0,
        0,
        0,
        0,
        0,
        0,
        0,
        0,
        0,
        0
      ]
    },
    {
      "command": "bun",
      "mean": 0.01056253752,
      "stddev": 0.00020472914636633955,
      "median": 0.01053542692,
      "user": 0.0062301200000000004,
      "system": 0.009886319999999999,
      "min": 0.010238704420000001,
      "max": 0.010923289420000001,
      "times": [
        0.010238704420000001,
        0.01056096442,
        0.010870751420000001,
        0.010509889420000001,
        0.01029616142,
        0.010923289420000001,
        0.01057637342,
        0.010648787420000002,
        0.01050227542,
        0.01049817842
      ],
      "exit_codes": [
        0,
        0,
        0,
        0,
        0,
        0,
        0,
        0,
        0,
        0
      ]
    },
    {
      "command": "deno",
      "mean": 0.17521354122000005,
      "stddev": 0.0037502753792161133,
      "median": 0.17582879942000001,
      "user": 0.23866891999999998,
      "system": 0.08998021999999997,
      "min": 0.16922396342,
      "max": 0.18388155442,
      "times": [
        0.17236723342000002,
        0.17651087142000002,
        0.17565227042000003,
        0.17448425842,
        0.17633443642000002,
        0.16922396342,
        0.17124368342000001,
        0.18388155442,
        0.17600532842000002,
        0.17643181242000003
      ],
      "exit_codes": [
        0,
        0,
        0,
        0,
        0,
        0,
        0,
        0,
        0,
        0
      ]
    }
  ]
}