{
  "results": [
    {
      "command": "npm",
      "mean": 0.5602475896600001,
      "stddev": 0.006397235528251987,
      "median": 0.55688342546,
      "user": 0.59808872,
      "system": 0.14750621999999997,
      "min": 0.5549568904600001,
      "max": 0.57442117146,
      "times": [
        0.55586614946,
        0.55619687846,
        0.56385169046,
        0.5549568904600001,
        0.55891785046,
        0.55606731546,
        0.57442117146,
        0.5575699724600001,
        0.55535636946,
        0.56927160846
      ],
      "exit_codes": [
        0,
        0,
        0,
        0,
        0,
        0,
        0,
        0,
        0,
        0
      ]
    },
    {
      "command": "snpm",
      "mean": 0.11025301926000002,
      "stddev": 0.0034263873438074035,
      "median": 0.10910504596000001,
      "user": 0.06609342,
      "system": 0.04738031999999999,
      "min": 0.10704938646,
      "max": 0.11902399046,
      "times": [
        0.10877907546000001,
        0.10704938646,
        0.11381646746000001,
        0.10966593746000002,
        0.10722760346000001,
        0.10868771146000002,
        0.11024330146000001,
        0.11902399046,
        0.10860570246000001,
        0.10943101646000002
      ],
      "exit_codes": [
        0,
        0,
        0,
        0,
        0,
        0,
        0,
        0,
        0,
        0
      ]
    },
    {
      "command": "yarn",
      "mean": 2.1941808909600002,
      "stddev": 0.15296731423542287,
      "median": 2.1649279249599997,
      "user": 0.96565742,
      "system": 0.33517502,
      "min": 2.02652426846,
      "max": 2.60099869546,
      "times": [
        2.26561011646,
        2.60099869546,
        2.06892792046,
        2.25384258046,
        2.17458743046,
        2.11197143146,
        2.16345288446,
        2.02652426846,
        2.10949061646,
        2.16640296546
      ],
      "exit_codes": [
        0,
        0,
        0,
        0,
        0,
        0,
        0,
        0,
        0,
        0
      ]
    },
    {
      "command": "berry",
      "mean": 1.34987244026,
      "stddev": 0.049102096444077474,
      "median": 1.34923093146,
      "user": 1.36301372,
      "system": 0.25893352,
      "min": 1.25752395346,
      "max": 1.42038040846,
      "times": [
        1.36622491846,
        1.42038040846,
        1.25752395346,
        1.37049648746,
        1.3187167394600001,
        1.41909273946,
        1.30174754946,
        1.38307601846,
        1.32922864346,
        1.33223694446
      ],
      "exit_codes": [
        0,
        0,
        0,
        0,
        0,
        0,
        0,
        0,
        0,
        0
      ]
    },
    {
      "command": "pnpm",
      "mean": 0.7050877931599999,
      "stddev": 0.030086972748205137,
      "median": 0.6949116689600001,
      "user": 0.9334226200000002,
      "system": 0.15612312,
      "min": 0.68073714846,
      "max": 0.7837675324600001,
      "times": [
        0.6919048414600001,
        0.7052489484600001,
        0.7837675324600001,
        0.70624490446,
        0.69081780946,
        0.73165405346,
        0.6808554544600001,
        0.68172874246,
        0.68073714846,
        0.69791849646
      ],
      "exit_codes": [
        0,
        0,
        0,
        0,
        0,
        0,
        0,
        0,
        0,
        0
      ]
    },
    {
      "command": "vlt",
      "mean": 0.26940950376,
      "stddev": 0.002601000980703276,
      "median": 0.26959042095999997,
      "user": 0.26954701999999997,
      "system": 0.05611931999999999,
      "min": 0.26567230646,
      "max": 0.27419506846,
      "times": [
        0.26743613046000003,
        0.26978551446,
        0.26941135746,
        0.26664756946,
        0.27419506846,
        0.27102233746,
        0.26729408446,
        0.27286118446,
        0.26976948446,
        0.26567230646
      ],
      "exit_codes": [
        0,
        0,
        0,
        0,
        0,
        0,
        0,
        0,
        0,
        0
      ]
    },
    {
      "command": "bun",
      "mean": 0.01086035836,
      "stddev": 0.0004579315022160956,
      "median": 0.01077734296,
      "user": 0.00606752,
      "system": 0.01057262,
      "min": 0.01024651646,
      "max": 0.01186668746,
      "times": [
        0.010366298460000001,
        0.01122621046,
        0.01112858446,
        0.01109181646,
        0.01186668746,
        0.01024651646,
        0.01080973346,
        0.01074495246,
        0.01049280546,
        0.01062997846
      ],
      "exit_codes": [
        0,
        0,
        0,
        0,
        0,
        0,
        0,
        0,
        0,
        0
      ]
    },
    {
      "command": "deno",
      "mean": 0.17887417146,
      "stddev": 0.005181843150383096,
      "median": 0.17726346946,
      "user": 0.23574202,
      "system": 0.09677122,
      "min": 0.17281283146,
      "max": 0.19093445546,
      "times": [
        0.17568891846,
        0.18483583946,
        0.17636599246,
        0.17568960546,
        0.18134415646,
        0.17473901646,
        0.17281283146,
        0.17816094646,
        0.19093445546,
        0.17816995246
      ],
      "exit_codes": [
        0,
        0,
        0,
        0,
        0,
        0,
        0,
        0,
        0,
        0
      ]
    }
  ]
}