{
  "results": [
    {
      "command": "npm",
      "mean": 0.56758384476,
      "stddev": 0.004625396037206549,
      "median": 0.5665619954600001,
      "user": 0.60939926,
      "system": 0.14026426,
      "min": 0.56083901146,
      "max": 0.5758403444600001,
      "times": [
        0.56548442846,
        0.5620810664600001,
        0.5666201314600001,
        0.5730973664600001,
        0.57262106146,
        0.56650385946,
        0.5758403444600001,
        0.5679255654600001,
        0.5648256124600001,
        0.56083901146
      ],
      "exit_codes": [
        0,
        0,
        0,
        0,
        0,
        0,
        0,
        0,
        0,
        0
      ]
    },
    {
      "command": "snpm",
      "mean": 0.10776442666000001,
      "stddev": 0.00045497965682804036,
      "median": 0.10785789846000002,
      "user": 0.06850946,
      "system": 0.042513659999999995,
      "min": 0.10686681146,
      "max": 0.10829601646,
      "times": [
        0.10782205346000001,
        0.10686681146,
        0.10781997646000001,
        0.10829601646,
        0.10781606446,
        0.10826895046,
        0.10789374346000001,
        0.10794180946000001,
        0.10696753546,
        0.10795130546000001
      ],
      "exit_codes": [
        0,
        0,
        0,
        0,
        0,
        0,
        0,
        0,
        0,
        0
      ]
    },
    {
      "command": "yarn",
      "mean": 1.81197033846,
      "stddev": 0.06141908838729395,
      "median": 1.8407849544600001,
      "user": 0.9724232599999999,
      "system": 0.33554296000000006,
      "min": 1.7070627074600002,
      "max": 1.88505361746,
      "times": [
        1.8715689394600001,
        1.85064258146,
        1.7446291894600001,
        1.88505361746,
        1.7070627074600002,
        1.85237235646,
        1.8309273274600002,
        1.7315090154600001,
        1.86225147446,
        1.78368617546
      ],
      "exit_codes": [
        0,
        0,
        0,
        0,
        0,
        0,
        0,
        0,
        0,
        0
      ]
    },
    {
      "command": "berry",
      "mean": 1.27069337246,
      "stddev": 0.03713176218898227,
      "median": 1.27151147446,
      "user": 1.35235846,
      "system": 0.26185576,
      "min": 1.21979607646,
      "max": 1.3305669904600002,
      "times": [
        1.3305669904600002,
        1.21979607646,
        1.26033135846,
        1.24090466746,
        1.29029025546,
        1.22441103346,
        1.31015995846,
        1.30831069346,
        1.23947110046,
        1.28269159046
      ],
      "exit_codes": [
        0,
        0,
        0,
        0,
        0,
        0,
        0,
        0,
        0,
        0
      ]
    },
    {
      "command": "pnpm",
      "mean": 0.6900000005600001,
      "stddev": 0.009750692328046512,
      "median": 0.69132678296,
      "user": 0.9374765599999998,
      "system": 0.16327786,
      "min": 0.6776106404600001,
      "max": 0.70920244746,
      "times": [
        0.6916964844600001,
        0.6909570814600001,
        0.6925551644600001,
        0.6776106404600001,
        0.6986223584600001,
        0.70920244746,
        0.6978720244600001,
        0.67802510246,
        0.6808107694600001,
        0.6826479324600001
      ],
      "exit_codes": [
        0,
        0,
        0,
        0,
        0,
        0,
        0,
        0,
        0,
        0
      ]
    },
    {
      "command": "vlt",
      "mean": 0.26935486586,
      "stddev": 0.002788558241360016,
      "median": 0.26946340996,
      "user": 0.26961306,
      "system": 0.05403566,
      "min": 0.26446435446,
      "max": 0.27424162246,
      "times": [
        0.27167336846,
        0.26446435446,
        0.27188295046,
        0.26842520646,
        0.27023578546,
        0.26543924146,
        0.26945328746,
        0.26825930946,
        0.26947353246,
        0.27424162246
      ],
      "exit_codes": [
        0,
        0,
        0,
        0,
        0,
        0,
        0,
        0,
        0,
        0
      ]
    },
    {
      "command": "bun",
      "mean": 0.010537592759999999,
      "stddev": 0.0002691913090439771,
      "median": 0.01044180246,
      "user": 0.00587716,
      "system": 0.010189359999999998,
      "min": 0.01020510246,
      "max": 0.01094799946,
      "times": [
        0.01027351646,
        0.01088380446,
        0.01044709946,
        0.01030367746,
        0.010930266460000001,
        0.01094799946,
        0.01043650546,
        0.01057558246,
        0.01037237346,
        0.01020510246
      ],
      "exit_codes": [
        0,
        0,
        0,
        0,
        0,
        0,
        0,
        0,
        0,
        0
      ]
    },
    {
      "command": "deno",
      "mean": 0.17762455446000003,
      "stddev": 0.002199302002381301,
      "median": 0.17824116896000003,
      "user": 0.23640705999999997,
      "system": 0.09466136,
      "min": 0.17452478246000003,
      "max": 0.18008609046000001,
      "times": [
        0.17995285246000003,
        0.18008609046000001,
        0.17989334746000002,
        0.17954940546000003,
        0.17531902746000003,
        0.17559541846,
        0.17774428346,
        0.17452478246000003,
        0.17873805446000002,
        0.17484228246000003
      ],
      "exit_codes": [
        0,
        0,
        0,
        0,
        0,
        0,
        0,
        0,
        0,
        0
      ]
    }
  ]
}