{
  "results": [
    {
      "command": "npm",
      "mean": 4.36990258986,
      "stddev": 0.014821907706845654,
      "median": 4.370160030160001,
      "user": 4.162033999999999,
      "system": 3.04251382,
      "min": 4.33534421616,
      "max": 4.39696582016,
      "times": [
        4.36909167016,
        4.33534421616,
        4.3710485321600006,
        4.377062860160001,
        4.3786503021600005,
        4.37568768816,
        4.36072339616,
        4.3692715281600005,
        4.39696582016,
        4.36517988516
      ],
      "exit_codes": [
        0,
        0,
        0,
        0,
        0,
        0,
        0,
        0,
        0,
        0
      ]
    },
    {
      "command": "snpm",
      "mean": 0.12036427186000001,
      "stddev": 0.0029521657296948303,
      "median": 0.12161868066,
      "user": 0.0253098,
      "system": 0.09729091999999999,
      "min": 0.11632151416,
      "max": 0.12393150016,
      "times": [
        0.11727691716000001,
        0.11697965216,
        0.12121253016,
        0.12276160816000001,
        0.12202483116,
        0.12393150016,
        0.12310571816,
        0.12318531116,
        0.11684313616,
        0.11632151416
      ],
      "exit_codes": [
        0,
        0,
        0,
        0,
        0,
        0,
        0,
        0,
        0,
        0
      ]
    },
    {
      "command": "yarn",
      "mean": 2.52219512146,
      "stddev": 0.23411089422104422,
      "median": 2.4408898941599997,
      "user": 2.4714941,
      "system": 2.84248252,
      "min": 2.39745269816,
      "max": 3.21873876516,
      "times": [
        2.51201204316,
        2.43944285116,
        2.42534087516,
        3.21873876516,
        2.39745269816,
        2.44233693716,
        2.43187957316,
        2.47519507816,
        2.42128269016,
        2.45826970316
      ],
      "exit_codes": [
        0,
        0,
        0,
        0,
        0,
        0,
        0,
        0,
        0,
        0
      ]
    },
    {
      "command": "berry",
      "mean": 2.6044284464599996,
      "stddev": 0.015223706066347702,
      "median": 2.60332907416,
      "user": 2.9467575,
      "system": 1.4330039200000002,
      "min": 2.57182475616,
      "max": 2.6333092261599997,
      "times": [
        2.57182475616,
        2.60519057916,
        2.61096869016,
        2.60202689216,
        2.62054180716,
        2.59858866716,
        2.5963997981599998,
        2.6333092261599997,
        2.60080279216,
        2.60463125616
      ],
      "exit_codes": [
        0,
        0,
        0,
        0,
        0,
        0,
        0,
        0,
        0,
        0
      ]
    },
    {
      "command": "pnpm",
      "mean": 1.16457862276,
      "stddev": 0.015802829045170996,
      "median": 1.16721607016,
      "user": 1.6534959999999999,
      "system": 0.5960499199999999,
      "min": 1.1375990871600001,
      "max": 1.1853141821600002,
      "times": [
        1.1504310101600002,
        1.1375990871600001,
        1.1853141821600002,
        1.1704564371600001,
        1.17433663916,
        1.18128651216,
        1.16397570316,
        1.1412509781600002,
        1.1630155131600002,
        1.1781201651600002
      ],
      "exit_codes": [
        0,
        0,
        0,
        0,
        0,
        0,
        0,
        0,
        0,
        0
      ]
    },
    {
      "command": "vlt",
      "mean": 1.85678395616,
      "stddev": 0.025852158896917703,
      "median": 1.8564932351600003,
      "user": 1.9088939,
      "system": 1.5956689199999998,
      "min": 1.81554339616,
      "max": 1.90817467716,
      "times": [
        1.8445479581600002,
        1.8505081451600003,
        1.8400438311600003,
        1.86370175616,
        1.8624783251600001,
        1.87006900316,
        1.81554339616,
        1.8279686051600001,
        1.90817467716,
        1.88480386416
      ],
      "exit_codes": [
        0,
        0,
        0,
        0,
        0,
        0,
        0,
        0,
        0,
        0
      ]
    },
    {
      "command": "bun",
      "mean": 0.20140743945999998,
      "stddev": 0.0012220583947726144,
      "median": 0.20126096665999998,
      "user": 0.0128817,
      "system": 0.19429771999999998,
      "min": 0.19916156316,
      "max": 0.20344723516000002,
      "times": [
        0.20344723516000002,
        0.20227121116000002,
        0.20118746316,
        0.20288680916000001,
        0.19916156316,
        0.19985505216000002,
        0.20103421716,
        0.20114104816,
        0.20175532516,
        0.20133447016
      ],
      "exit_codes": [
        0,
        0,
        0,
        0,
        0,
        0,
        0,
        0,
        0,
        0
      ]
    },
    {
      "command": "deno",
      "mean": 0.39655899916000004,
      "stddev": 0.005534807965803824,
      "median": 0.39566101066000003,
      "user": 0.30100840000000006,
      "system": 0.48466822,
      "min": 0.38704074916000003,
      "max": 0.40480215416000004,
      "times": [
        0.39366326016000003,
        0.40480215416000004,
        0.40185444016000005,
        0.38994768216000003,
        0.39658932316000006,
        0.39931394016000005,
        0.40364374116000007,
        0.39473269816000006,
        0.38704074916000003,
        0.39400200316000006
      ],
      "exit_codes": [
        0,
        0,
        0,
        0,
        0,
        0,
        0,
        0,
        0,
        0
      ]
    }
  ]
}