{
  "results": [
    {
      "command": "npm",
      "mean": 5.9783438603,
      "stddev": 0.5102055275692677,
      "median": 5.8677668017,
      "user": 1.1776889000000001,
      "system": 0.22546130000000003,
      "min": 5.4876311542,
      "max": 7.3871761352,
      "times": [
        5.8474296942,
        7.3871761352,
        6.0122999352,
        5.4876311542,
        6.0642534582,
        5.6464570532,
        5.8881039092,
        5.7479683322,
        6.123134687199999,
        5.5789842442
      ],
      "exit_codes": [
        0,
        0,
        0,
        0,
        0,
        0,
        0,
        0,
        0,
        0
      ]
    },
    {
      "command": "snpm",
      "mean": 0.2403352553,
      "stddev": 0.0012667580428905444,
      "median": 0.2407335307,
      "user": 0.1083799,
      "system": 0.1381982,
      "min": 0.23787231320000002,
      "max": 0.24274840220000002,
      "times": [
        0.2409780732,
        0.2407029742,
        0.23916512420000002,
        0.2407640872,
        0.23925966520000003,
        0.2409502812,
        0.23787231320000002,
        0.24274840220000002,
        0.23996001320000002,
        0.24095161920000002
      ],
      "exit_codes": [
        0,
        0,
        0,
        0,
        0,
        0,
        0,
        0,
        0,
        0
      ]
    },
    {
      "command": "yarn",
      "mean": 13.711366660600001,
      "stddev": 0.1261812255050983,
      "median": 13.6960890037,
      "user": 15.830339999999998,
      "system": 9.028111599999999,
      "min": 13.4955171592,
      "max": 13.932966563199999,
      "times": [
        13.6337992242,
        13.7206963982,
        13.6604579792,
        13.7582214532,
        13.7822633972,
        13.4955171592,
        13.932966563199999,
        13.5784988472,
        13.671481609199999,
        13.8797639752
      ],
      "exit_codes": [
        0,
        0,
        0,
        0,
        0,
        0,
        0,
        0,
        0,
        0
      ]
    },
    {
      "command": "berry",
      "mean": 3.9177688998,
      "stddev": 0.10502032330343035,
      "median": 3.8867265927,
      "user": 6.7402295,
      "system": 1.4988449999999998,
      "min": 3.7980440812,
      "max": 4.1805344662,
      "times": [
        3.9282032532,
        3.8662927842,
        3.8771698812,
        3.8962833042000002,
        3.8662922912,
        4.1805344662,
        3.7980440812,
        3.9420992012,
        3.8146351542000003,
        4.008134581199999
      ],
      "exit_codes": [
        0,
        0,
        0,
        0,
        0,
        0,
        0,
        0,
        0,
        0
      ]
    },
    {
      "command": "pnpm",
      "mean": 3.3654612310000003,
      "stddev": 1.3814060790614322,
      "median": 2.9136357112000004,
      "user": 3.8660154999999996,
      "system": 1.2139213999999998,
      "min": 2.7828888292000005,
      "max": 7.501112818199999,
      "times": [
        2.8349978572000003,
        2.9246590862,
        2.9067685382,
        2.8173754742000003,
        3.0500411482,
        7.501112818199999,
        3.0677170372,
        2.8485486372,
        2.7828888292000005,
        2.9205028842000003
      ],
      "exit_codes": [
        0,
        0,
        0,
        0,
        0,
        0,
        0,
        0,
        0,
        0
      ]
    },
    {
      "command": "vlt",
      "mean": 0.3329590087,
      "stddev": 0.004673625361793866,
      "median": 0.3316696507,
      "user": 0.35946,
      "system": 0.06575319999999998,
      "min": 0.32720062720000004,
      "max": 0.3424341162,
      "times": [
        0.3308113352,
        0.32758478420000003,
        0.33713605820000003,
        0.32990690920000004,
        0.3424341162,
        0.3297409922,
        0.3325279662,
        0.32720062720000004,
        0.33459689620000005,
        0.33765040220000003
      ],
      "exit_codes": [
        0,
        0,
        0,
        0,
        0,
        0,
        0,
        0,
        0,
        0
      ]
    },
    {
      "command": "bun",
      "mean": 1.7503099913,
      "stddev": 0.15363039788606694,
      "median": 1.7515033422,
      "user": 0.8519053999999999,
      "system": 1.0155222,
      "min": 1.4903514112,
      "max": 2.0210294532,
      "times": [
        1.7331912802,
        1.8119251422,
        1.9027582582,
        1.6954624081999998,
        1.5108759941999998,
        1.4903514112,
        1.8344992812,
        1.7373971572,
        1.7656095271999999,
        2.0210294532
      ],
      "exit_codes": [
        0,
        0,
        0,
        0,
        0,
        0,
        0,
        0,
        0,
        0
      ]
    },
    {
      "command": "deno",
      "mean": 8.4272713698,
      "stddev": 0.6436978176016239,
      "median": 8.409493550699999,
      "user": 1.6133481,
      "system": 0.3965146,
      "min": 7.0837068312,
      "max": 9.6522255642,
      "times": [
        7.8001609342,
        8.3371521042,
        8.8481856282,
        8.6502534342,
        7.0837068312,
        8.2717795502,
        9.6522255642,
        8.4818349972,
        8.3096337702,
        8.837780884199999
      ],
      "exit_codes": [
        0,
        0,
        0,
        0,
        0,
        0,
        0,
        0,
        0,
        0
      ]
    }
  ]
}