{
  "results": [
    {
      "command": "npm",
      "mean": 0.9764673807600002,
      "stddev": 0.008841377457231982,
      "median": 0.9773915401600001,
      "user": 1.04915694,
      "system": 0.19363882000000002,
      "min": 0.9639160466600001,
      "max": 0.9893425006600001,
      "times": [
        0.97589659366,
        0.97754655566,
        0.9893425006600001,
        0.9639160466600001,
        0.96427739166,
        0.9845169656600001,
        0.9821297996600001,
        0.9772365246600001,
        0.9850541286600001,
        0.9647573006600001
      ],
      "exit_codes": [
        0,
        0,
        0,
        0,
        0,
        0,
        0,
        0,
        0,
        0
      ]
    },
    {
      "command": "snpm",
      "mean": 0.6070543323600002,
      "stddev": 0.00893849455413843,
      "median": 0.60504662066,
      "user": 0.37504713999999995,
      "system": 0.23881462000000003,
      "min": 0.59069698666,
      "max": 0.6216723216600001,
      "times": [
        0.61267326166,
        0.6012732836600001,
        0.61952794966,
        0.6216723216600001,
        0.60339434266,
        0.6003613066600001,
        0.61152741066,
        0.60669889866,
        0.60271756166,
        0.59069698666
      ],
      "exit_codes": [
        0,
        0,
        0,
        0,
        0,
        0,
        0,
        0,
        0,
        0
      ]
    },
    {
      "command": "yarn",
      "mean": 7.375366984759999,
      "stddev": 0.7019554148073707,
      "median": 7.07201845216,
      "user": 3.8833453399999995,
      "system": 1.5267277200000002,
      "min": 6.64659334066,
      "max": 8.92175615766,
      "times": [
        7.1854961806599995,
        8.26073796666,
        8.92175615766,
        6.98858758066,
        7.89897876366,
        6.958304603659999,
        7.15544932366,
        6.64659334066,
        6.75502710566,
        6.98273882466
      ],
      "exit_codes": [
        0,
        0,
        0,
        0,
        0,
        0,
        0,
        0,
        0,
        0
      ]
    },
    {
      "command": "berry",
      "mean": 3.1801680199599995,
      "stddev": 0.8552781510294463,
      "median": 2.8693613101599995,
      "user": 3.5864153399999994,
      "system": 0.68187842,
      "min": 2.81480991266,
      "max": 5.73636188366,
      "times": [
        2.82897851266,
        2.8618025396599998,
        2.84413310266,
        3.03621827566,
        2.8769200806599997,
        2.91624069466,
        3.0298533906599996,
        5.73636188366,
        2.81480991266,
        2.85636180666
      ],
      "exit_codes": [
        0,
        0,
        0,
        0,
        0,
        0,
        0,
        0,
        0,
        0
      ]
    },
    {
      "command": "pnpm",
      "mean": 1.18186071716,
      "stddev": 0.028488985725479213,
      "median": 1.17791875666,
      "user": 1.69295084,
      "system": 0.3405100199999999,
      "min": 1.14824508166,
      "max": 1.23899153166,
      "times": [
        1.20667504566,
        1.14824508166,
        1.15598585266,
        1.1527491916600001,
        1.17526362866,
        1.2049482846600001,
        1.23899153166,
        1.19966452766,
        1.15551014266,
        1.18057388466
      ],
      "exit_codes": [
        0,
        0,
        0,
        0,
        0,
        0,
        0,
        0,
        0,
        0
      ]
    },
    {
      "command": "vlt",
      "mean": 0.35228261816,
      "stddev": 0.009162906228499268,
      "median": 0.3484956436600001,
      "user": 0.38221893999999995,
      "system": 0.07580322,
      "min": 0.34204409266,
      "max": 0.37496537966000004,
      "times": [
        0.35671905566000006,
        0.35960912766,
        0.34204409266,
        0.35390614166000006,
        0.34623657766000004,
        0.34507943566000004,
        0.34951045566000005,
        0.34727508366000004,
        0.37496537966000004,
        0.34748083166000004
      ],
      "exit_codes": [
        0,
        0,
        0,
        0,
        0,
        0,
        0,
        0,
        0,
        0
      ]
    },
    {
      "command": "bun",
      "mean": 0.04102804736000001,
      "stddev": 0.0022080682610278197,
      "median": 0.04047289666,
      "user": 0.00793774,
      "system": 0.038577419999999994,
      "min": 0.039378851660000005,
      "max": 0.04732831366000001,
      "times": [
        0.04120177666000001,
        0.040407171660000005,
        0.040538621659999996,
        0.04157265266,
        0.04732831366000001,
        0.040659481659999996,
        0.03961800866000001,
        0.040096150659999996,
        0.039378851660000005,
        0.03947944466
      ],
      "exit_codes": [
        0,
        0,
        0,
        0,
        0,
        0,
        0,
        0,
        0,
        0
      ]
    },
    {
      "command": "deno",
      "mean": 0.8616976794600001,
      "stddev": 0.018443993250674213,
      "median": 0.8647073146600001,
      "user": 1.3088813399999997,
      "system": 0.34370182000000005,
      "min": 0.82028048066,
      "max": 0.8923333976600001,
      "times": [
        0.8718919166600001,
        0.8764458796600001,
        0.8460602706600001,
        0.8542826806600001,
        0.8923333976600001,
        0.8701227956600001,
        0.86657829766,
        0.82028048066,
        0.8628363316600001,
        0.85614474366
      ],
      "exit_codes": [
        0,
        0,
        0,
        0,
        0,
        0,
        0,
        0,
        0,
        0
      ]
    }
  ]
}