{
  "results": [
    {
      "command": "npm",
      "mean": 0.56275365134,
      "stddev": 0.006036768519479094,
      "median": 0.56054737294,
      "user": 0.6224964199999999,
      "system": 0.10552633999999998,
      "min": 0.55442847744,
      "max": 0.5708861374399999,
      "times": [
        0.56045408744,
        0.5708861374399999,
        0.55684029544,
        0.55442847744,
        0.56962461944,
        0.57015419244,
        0.56064065844,
        0.55979822944,
        0.5563039304399999,
        0.56840588544
      ],
      "exit_codes": [
        0,
        0,
        0,
        0,
        0,
        0,
        0,
        0,
        0,
        0
      ]
    },
    {
      "command": "snpm",
      "mean": 0.03434949834,
      "stddev": 0.0002174096847578098,
      "median": 0.03431133144000001,
      "user": 0.021193919999999998,
      "system": 0.015327939999999998,
      "min": 0.03405193544,
      "max": 0.034895211440000004,
      "times": [
        0.03435833144,
        0.034527909440000004,
        0.034364516440000006,
        0.034189189440000003,
        0.034207814440000005,
        0.03427741244,
        0.034298960440000005,
        0.03405193544,
        0.034895211440000004,
        0.034323702440000006
      ],
      "exit_codes": [
        0,
        0,
        0,
        0,
        0,
        0,
        0,
        0,
        0,
        0
      ]
    },
    {
      "command": "yarn",
      "mean": 0.30981542964000003,
      "stddev": 0.0027586941974213405,
      "median": 0.30953054094000004,
      "user": 0.3563096199999999,
      "system": 0.059721439999999994,
      "min": 0.30626297244,
      "max": 0.31535969144000003,
      "times": [
        0.31310973444,
        0.30924492544000004,
        0.31168839444,
        0.30742098744,
        0.30668872144000003,
        0.30626297244,
        0.31535969144000003,
        0.30828659444,
        0.30981615644000005,
        0.31027611844
      ],
      "exit_codes": [
        0,
        0,
        0,
        0,
        0,
        0,
        0,
        0,
        0,
        0
      ]
    },
    {
      "command": "berry",
      "mean": 5.316470385539999,
      "stddev": 0.2566292795263006,
      "median": 5.29577694544,
      "user": 9.25969082,
      "system": 3.1753546399999997,
      "min": 5.01861756844,
      "max": 5.866987905439999,
      "times": [
        5.01861756844,
        5.866987905439999,
        5.32963088944,
        5.15682444544,
        5.37419586444,
        5.047049149439999,
        5.40829291644,
        5.625804372439999,
        5.26192300144,
        5.07537774244
      ],
      "exit_codes": [
        0,
        0,
        0,
        0,
        0,
        0,
        0,
        0,
        0,
        0
      ]
    },
    {
      "command": "pnpm",
      "mean": 0.6986973561400001,
      "stddev": 0.033399707267582866,
      "median": 0.68973647194,
      "user": 0.8270246199999999,
      "system": 0.15477814,
      "min": 0.6570548174399999,
      "max": 0.77332709244,
      "times": [
        0.66350909044,
        0.77332709244,
        0.73069729444,
        0.6959359134399999,
        0.67686308344,
        0.67848998244,
        0.71132896944,
        0.68353703044,
        0.6570548174399999,
        0.71623028744
      ],
      "exit_codes": [
        0,
        0,
        0,
        0,
        0,
        0,
        0,
        0,
        0,
        0
      ]
    },
    {
      "command": "vlt",
      "mean": 0.34423056824000003,
      "stddev": 0.008468855576952782,
      "median": 0.34380261644,
      "user": 0.37663641999999997,
      "system": 0.07223173999999999,
      "min": 0.33325602044,
      "max": 0.35608782944,
      "times": [
        0.33438240444,
        0.34362979644,
        0.33730783644,
        0.33520072544,
        0.34397543644,
        0.35608782944,
        0.33325602044,
        0.35117451844,
        0.35502445044000003,
        0.35226666444000004
      ],
      "exit_codes": [
        0,
        0,
        0,
        0,
        0,
        0,
        0,
        0,
        0,
        0
      ]
    },
    {
      "command": "bun",
      "mean": 0.01143619004,
      "stddev": 0.0005346510898607056,
      "median": 0.011282707440000001,
      "user": 0.00738182,
      "system": 0.009786340000000001,
      "min": 0.01103786944,
      "max": 0.012982154440000001,
      "times": [
        0.01129907544,
        0.01135957344,
        0.012982154440000001,
        0.01119882744,
        0.01146284244,
        0.01149875044,
        0.01118159044,
        0.01126633944,
        0.01107487744,
        0.01103786944
      ],
      "exit_codes": [
        0,
        0,
        0,
        0,
        0,
        0,
        0,
        0,
        0,
        0
      ]
    },
    {
      "command": "deno",
      "mean": 1.1159695577400002,
      "stddev": 0.25925145648762193,
      "median": 1.0617413239400002,
      "user": 0.32239651999999996,
      "system": 0.12823034,
      "min": 0.80135863944,
      "max": 1.72524659344,
      "times": [
        1.33292539344,
        0.98702087444,
        1.72524659344,
        0.94097188744,
        1.00757773644,
        1.1159049114400001,
        1.2265062664400002,
        0.80135863944,
        1.18662930744,
        0.83555396744
      ],
      "exit_codes": [
        0,
        0,
        0,
        0,
        0,
        0,
        0,
        0,
        0,
        0
      ]
    }
  ]
}