{
  "results": [
    {
      "command": "npm",
      "mean": 0.10282714062000002,
      "stddev": 0.0023356487047511247,
      "median": 0.10298311532000001,
      "user": 0.09218387999999997,
      "system": 0.027383980000000002,
      "min": 0.09829877932000002,
      "max": 0.10645472632000001,
      "times": [
        0.09829877932000002,
        0.10559617532000001,
        0.10247891932000001,
        0.09998703432000002,
        0.10424410532000002,
        0.10645472632000001,
        0.10342697832000002,
        0.10374031532000001,
        0.10150512032000002,
        0.10253925232000001
      ],
      "exit_codes": [
        0,
        0,
        0,
        0,
        0,
        0,
        0,
        0,
        0,
        0
      ]
    },
    {
      "command": "snpm",
      "mean": 0.027685829920000005,
      "stddev": 0.0003069392667565365,
      "median": 0.02764577232,
      "user": 0.01488238,
      "system": 0.015200179999999999,
      "min": 0.02733755232,
      "max": 0.028296070320000002,
      "times": [
        0.02746149632,
        0.02745361832,
        0.02775720032,
        0.028190699320000002,
        0.02740328032,
        0.027665617320000002,
        0.027666837320000002,
        0.028296070320000002,
        0.02733755232,
        0.02762592732
      ],
      "exit_codes": [
        0,
        0,
        0,
        0,
        0,
        0,
        0,
        0,
        0,
        0
      ]
    },
    {
      "command": "yarn",
      "mean": 0.18320539202000002,
      "stddev": 0.00568656054979539,
      "median": 0.18171725082,
      "user": 0.14864908,
      "system": 0.045145779999999996,
      "min": 0.17866754032,
      "max": 0.19951710532000003,
      "times": [
        0.19951710532000003,
        0.18171240932000002,
        0.17866754032,
        0.18318441232000002,
        0.18397653332000002,
        0.18105294132000002,
        0.17989555432,
        0.18313089032000002,
        0.17919444132,
        0.18172209232000003
      ],
      "exit_codes": [
        0,
        0,
        0,
        0,
        0,
        0,
        0,
        0,
        0,
        0
      ]
    },
    {
      "command": "berry",
      "mean": 0.32290232702000005,
      "stddev": 0.014626038528191195,
      "median": 0.32264981132000004,
      "user": 0.34855788,
      "system": 0.06440147999999998,
      "min": 0.29911735932,
      "max": 0.35488505332000003,
      "times": [
        0.31757067632,
        0.31539549732000005,
        0.33119589632,
        0.32483888332000005,
        0.29911735932,
        0.35488505332000003,
        0.32599414632,
        0.30639798832000004,
        0.33316703032,
        0.32046073932
      ],
      "exit_codes": [
        0,
        0,
        0,
        0,
        0,
        0,
        0,
        0,
        0,
        0
      ]
    },
    {
      "command": "pnpm",
      "mean": 0.44555792482,
      "stddev": 0.016724626707232057,
      "median": 0.44597980732000003,
      "user": 0.43752737999999997,
      "system": 0.07698087999999999,
      "min": 0.42690275632,
      "max": 0.48360415732000006,
      "times": [
        0.45114421132000004,
        0.45652423732,
        0.43053734832,
        0.42690275632,
        0.45574841732000004,
        0.48360415732000006,
        0.44725913032000003,
        0.44470048432000003,
        0.42778975832000005,
        0.43136874732
      ],
      "exit_codes": [
        0,
        0,
        0,
        0,
        0,
        0,
        0,
        0,
        0,
        0
      ]
    },
    {
      "command": "vlt",
      "mean": 0.22196628011999997,
      "stddev": 0.003772863018764897,
      "median": 0.22067287832000002,
      "user": 0.20301117999999999,
      "system": 0.05259037999999999,
      "min": 0.21779168032000001,
      "max": 0.22985916732000003,
      "times": [
        0.22985916732000003,
        0.22502982832,
        0.21865603732000002,
        0.22022296132000002,
        0.22056434832000002,
        0.22694424332000002,
        0.21779168032000001,
        0.21876562332000002,
        0.22078140832,
        0.22104750332000003
      ],
      "exit_codes": [
        0,
        0,
        0,
        0,
        0,
        0,
        0,
        0,
        0,
        0
      ]
    },
    {
      "command": "bun",
      "mean": 0.00350814952,
      "stddev": 0.00011706494530712425,
      "median": 0.0035073023200000004,
      "user": 0.0007293639999999999,
      "system": 0.00286148,
      "min": 0.0033614693200000006,
      "max": 0.00369321932,
      "times": [
        0.0035721603200000005,
        0.00369321932,
        0.0036708673200000004,
        0.00359786432,
        0.0034954603200000006,
        0.0034113303200000006,
        0.0033614693200000006,
        0.00338856932,
        0.00351914432,
        0.00337141032
      ],
      "exit_codes": [
        0,
        0,
        0,
        0,
        0,
        0,
        0,
        0,
        0,
        0
      ]
    },
    {
      "command": "deno",
      "mean": 0.057680409519999996,
      "stddev": 0.0004532458352344342,
      "median": 0.05765362632,
      "user": 0.03596128,
      "system": 0.028086680000000003,
      "min": 0.057054980320000004,
      "max": 0.05825409732,
      "times": [
        0.05806477032,
        0.05825409732,
        0.058212067320000005,
        0.057054980320000004,
        0.057239328320000005,
        0.05707916532,
        0.057451098320000005,
        0.05745222232,
        0.05814133532,
        0.05785503032
      ],
      "exit_codes": [
        0,
        0,
        0,
        0,
        0,
        0,
        0,
        0,
        0,
        0
      ]
    },
    {
      "command": "nx",
      "mean": 0.81675744052,
      "stddev": 0.0074120504043743984,
      "median": 0.8166250378200001,
      "user": 0.61657118,
      "system": 0.14599988,
      "min": 0.8056068173200001,
      "max": 0.83030432432,
      "times": [
        0.81135720332,
        0.8206554033200001,
        0.80963271232,
        0.8179653963200001,
        0.8262185793200001,
        0.8202179903200001,
        0.81033129932,
        0.83030432432,
        0.81528467932,
        0.8056068173200001
      ],
      "exit_codes": [
        0,
        0,
        0,
        0,
        0,
        0,
        0,
        0,
        0,
        0
      ]
    },
    {
      "command": "turbo",
      "mean": 0.24709100962,
      "stddev": 0.021207651837321147,
      "median": 0.23879409032000004,
      "user": 0.12951398,
      "system": 0.07938357999999998,
      "min": 0.22548179132,
      "max": 0.29440190632,
      "times": [
        0.23303112532000003,
        0.24012190032000003,
        0.24160926632000002,
        0.23230751532000002,
        0.29440190632,
        0.27218895432,
        0.26410600632000003,
        0.23746628032000003,
        0.23019535032000002,
        0.22548179132
      ],
      "exit_codes": [
        0,
        0,
        0,
        0,
        0,
        0,
        0,
        0,
        0,
        0
      ]
    },
    {
      "command": "node",
      "mean": 0.00534493812,
      "stddev": 0.00014111452214977713,
      "median": 0.00540988732,
      "user": 0.00217608,
      "system": 0.0031798800000000004,
      "min": 0.00505630332,
      "max": 0.00549629632,
      "times": [
        0.00505630332,
        0.00538956532,
        0.0054406043199999995,
        0.00527353332,
        0.00543020932,
        0.00516387732,
        0.00549629632,
        0.00544469732,
        0.00548803132,
        0.00526626332
      ],
      "exit_codes": [
        0,
        0,
        0,
        0,
        0,
        0,
        0,
        0,
        0,
        0
      ]
    }
  ]
}