{
  "results": [
    {
      "command": "npm",
      "mean": 0.57559753226,
      "stddev": 0.008853739376129323,
      "median": 0.57736360706,
      "user": 0.61637466,
      "system": 0.14666808000000003,
      "min": 0.56270050406,
      "max": 0.59489319906,
      "times": [
        0.56454651306,
        0.56270050406,
        0.56851964206,
        0.57764698106,
        0.59489319906,
        0.57730818306,
        0.57741903106,
        0.57812081806,
        0.58239150306,
        0.57242894806
      ],
      "exit_codes": [
        0,
        0,
        0,
        0,
        0,
        0,
        0,
        0,
        0,
        0
      ]
    },
    {
      "command": "snpm",
      "mean": 0.10101351556000002,
      "stddev": 0.0013686121093399875,
      "median": 0.10054859306000001,
      "user": 0.058237859999999995,
      "system": 0.04610038,
      "min": 0.09974521806000002,
      "max": 0.10351332206000001,
      "times": [
        0.09984526406000001,
        0.10120482806000002,
        0.10164126206000001,
        0.10014019006000001,
        0.10351332206000001,
        0.10338323506000001,
        0.10095699606000001,
        0.09986120506000001,
        0.09984363506,
        0.09974521806000002
      ],
      "exit_codes": [
        0,
        0,
        0,
        0,
        0,
        0,
        0,
        0,
        0,
        0
      ]
    },
    {
      "command": "yarn",
      "mean": 2.6500013484600005,
      "stddev": 0.1883117907841022,
      "median": 2.6235842020600004,
      "user": 0.9911350600000001,
      "system": 0.32455937999999995,
      "min": 2.3955252170600003,
      "max": 3.02573525406,
      "times": [
        2.6971226190600004,
        2.4866856790600003,
        2.5500457850600005,
        2.7220774150600002,
        2.50155355006,
        2.3955252170600003,
        2.5109368200600004,
        2.8919790950600004,
        2.7183520500600005,
        3.02573525406
      ],
      "exit_codes": [
        0,
        0,
        0,
        0,
        0,
        0,
        0,
        0,
        0,
        0
      ]
    },
    {
      "command": "berry",
      "mean": 1.38297454406,
      "stddev": 0.04885905801214407,
      "median": 1.39968978306,
      "user": 1.3568448599999998,
      "system": 0.25483347999999995,
      "min": 1.29309892306,
      "max": 1.43912336406,
      "times": [
        1.43391395406,
        1.43912336406,
        1.4061296350599999,
        1.29309892306,
        1.39473084306,
        1.43070108306,
        1.40464872306,
        1.33713586706,
        1.31632526806,
        1.3739377800600001
      ],
      "exit_codes": [
        0,
        0,
        0,
        0,
        0,
        0,
        0,
        0,
        0,
        0
      ]
    },
    {
      "command": "pnpm",
      "mean": 0.7157475284600001,
      "stddev": 0.013440349598436917,
      "median": 0.7123425920600001,
      "user": 0.94133876,
      "system": 0.15740368,
      "min": 0.69994944806,
      "max": 0.74282138606,
      "times": [
        0.7232663730600001,
        0.69994944806,
        0.70506617006,
        0.7159800080600001,
        0.70456239406,
        0.74282138606,
        0.73553031806,
        0.71001484006,
        0.70561400306,
        0.7146703440600001
      ],
      "exit_codes": [
        0,
        0,
        0,
        0,
        0,
        0,
        0,
        0,
        0,
        0
      ]
    },
    {
      "command": "vlt",
      "mean": 0.27535815596,
      "stddev": 0.006599309435045928,
      "median": 0.27266904006000003,
      "user": 0.27633796,
      "system": 0.05457658,
      "min": 0.27167059206,
      "max": 0.29447187606,
      "times": [
        0.27240812306,
        0.29447187606,
        0.27207615506,
        0.27410543206,
        0.27284795506,
        0.27799741306000003,
        0.27326087406,
        0.27225301406,
        0.27249012506000003,
        0.27167059206
      ],
      "exit_codes": [
        0,
        0,
        0,
        0,
        0,
        0,
        0,
        0,
        0,
        0
      ]
    },
    {
      "command": "bun",
      "mean": 0.01042258476,
      "stddev": 0.00025511520892610476,
      "median": 0.01038563256,
      "user": 0.004981959999999999,
      "system": 0.010944480000000001,
      "min": 0.01007815706,
      "max": 0.01089103106,
      "times": [
        0.01007815706,
        0.01031671806,
        0.01010389406,
        0.010454547060000001,
        0.010675620060000002,
        0.010282270060000001,
        0.01089103106,
        0.010614208060000001,
        0.01020734606,
        0.01060205606
      ],
      "exit_codes": [
        0,
        0,
        0,
        0,
        0,
        0,
        0,
        0,
        0,
        0
      ]
    },
    {
      "command": "deno",
      "mean": 0.17679210326,
      "stddev": 0.00313785537342127,
      "median": 0.17538137056,
      "user": 0.23428426,
      "system": 0.09165187999999999,
      "min": 0.17327898006,
      "max": 0.18367197306,
      "times": [
        0.17710413706,
        0.17479630106,
        0.17418669506,
        0.17875167806,
        0.17327898006,
        0.17465447706,
        0.18367197306,
        0.17511063306,
        0.17565210806,
        0.18071405006
      ],
      "exit_codes": [
        0,
        0,
        0,
        0,
        0,
        0,
        0,
        0,
        0,
        0
      ]
    }
  ]
}