{
  "results": [
    {
      "command": "npm",
      "mean": 3.1487527650200002,
      "stddev": 0.15550380725588225,
      "median": 3.10015047422,
      "user": 0.6866741399999999,
      "system": 0.16586014000000002,
      "min": 2.97787183322,
      "max": 3.47977971422,
      "times": [
        3.15102281422,
        3.02095727822,
        3.47977971422,
        3.26509311622,
        3.04342775122,
        3.06029547022,
        3.01199624122,
        2.97787183322,
        3.33707795322,
        3.14000547822
      ],
      "exit_codes": [
        0,
        0,
        0,
        0,
        0,
        0,
        0,
        0,
        0,
        0
      ]
    },
    {
      "command": "snpm",
      "mean": 0.09689062472000001,
      "stddev": 0.0011183795160205022,
      "median": 0.09718856872000001,
      "user": 0.05600773999999999,
      "system": 0.04391164,
      "min": 0.09438525322,
      "max": 0.09803356522000001,
      "times": [
        0.09778233122,
        0.09696260622000001,
        0.09741453122,
        0.09680103222000001,
        0.09766543822000001,
        0.09609367122000001,
        0.09802543022000001,
        0.09574238822,
        0.09438525322,
        0.09803356522000001
      ],
      "exit_codes": [
        0,
        0,
        0,
        0,
        0,
        0,
        0,
        0,
        0,
        0
      ]
    },
    {
      "command": "yarn",
      "mean": 5.6502513291200005,
      "stddev": 0.14595029397094716,
      "median": 5.61371238022,
      "user": 6.14860764,
      "system": 2.3680197399999994,
      "min": 5.39856090722,
      "max": 5.90734716922,
      "times": [
        5.39856090722,
        5.56555816122,
        5.90734716922,
        5.56003439522,
        5.79314794122,
        5.60783196722,
        5.55600022422,
        5.84051686722,
        5.61959279322,
        5.65392286522
      ],
      "exit_codes": [
        0,
        0,
        0,
        0,
        0,
        0,
        0,
        0,
        0,
        0
      ]
    },
    {
      "command": "berry",
      "mean": 2.62378635702,
      "stddev": 0.10150028268345074,
      "median": 2.57670577272,
      "user": 3.7071890400000003,
      "system": 0.95005054,
      "min": 2.53252065722,
      "max": 2.88168126622,
      "times": [
        2.57926552122,
        2.88168126622,
        2.53262880722,
        2.68358916022,
        2.6098642872199997,
        2.57152052422,
        2.57414602422,
        2.57070502522,
        2.70194229722,
        2.53252065722
      ],
      "exit_codes": [
        0,
        0,
        0,
        0,
        0,
        0,
        0,
        0,
        0,
        0
      ]
    },
    {
      "command": "pnpm",
      "mean": 1.41580469972,
      "stddev": 0.055078277653534034,
      "median": 1.40107032122,
      "user": 1.59995404,
      "system": 0.40256803999999996,
      "min": 1.35243336922,
      "max": 1.5600960232199999,
      "times": [
        1.42618237122,
        1.43107771422,
        1.5600960232199999,
        1.35243336922,
        1.4099023122199998,
        1.39223833022,
        1.39060087722,
        1.36309350322,
        1.44024298422,
        1.39217951222
      ],
      "exit_codes": [
        0,
        0,
        0,
        0,
        0,
        0,
        0,
        0,
        0,
        0
      ]
    },
    {
      "command": "vlt",
      "mean": 0.26214204461999996,
      "stddev": 0.003234082536012407,
      "median": 0.26216260922,
      "user": 0.26177224,
      "system": 0.051530240000000005,
      "min": 0.25712340722000004,
      "max": 0.26795055422,
      "times": [
        0.26211849122,
        0.25948092322,
        0.26569002122,
        0.25712340722000004,
        0.26457051422,
        0.26220672722,
        0.25778205622,
        0.26151978022,
        0.26297797122,
        0.26795055422
      ],
      "exit_codes": [
        0,
        0,
        0,
        0,
        0,
        0,
        0,
        0,
        0,
        0
      ]
    },
    {
      "command": "bun",
      "mean": 0.63730922122,
      "stddev": 0.09690770049648269,
      "median": 0.61058615272,
      "user": 0.41052473999999994,
      "system": 0.31555224000000004,
      "min": 0.51920800122,
      "max": 0.89433554022,
      "times": [
        0.66109051822,
        0.69264620622,
        0.89433554022,
        0.58781032422,
        0.51920800122,
        0.60995476522,
        0.5719653232199999,
        0.59138318622,
        0.61121754022,
        0.63348080722
      ],
      "exit_codes": [
        0,
        0,
        0,
        0,
        0,
        0,
        0,
        0,
        0,
        0
      ]
    },
    {
      "command": "deno",
      "mean": 2.45278014832,
      "stddev": 0.27307593672245517,
      "median": 2.3459943067199998,
      "user": 0.8109295399999998,
      "system": 0.25590154,
      "min": 2.17323061022,
      "max": 3.03022436522,
      "times": [
        2.41070439222,
        3.03022436522,
        2.80901339622,
        2.20940672422,
        2.28128422122,
        2.17323061022,
        2.24563359622,
        2.53868931922,
        2.23644404022,
        2.59317081822
      ],
      "exit_codes": [
        0,
        0,
        0,
        0,
        0,
        0,
        0,
        0,
        0,
        0
      ]
    }
  ]
}