{
  "results": [
    {
      "command": "npm",
      "mean": 9.10203203588,
      "stddev": 0.29248178852761414,
      "median": 8.96491886398,
      "user": 11.33338482,
      "system": 3.2864796800000002,
      "min": 8.93704569848,
      "max": 9.94198904748,
      "times": [
        9.19681906248,
        9.94198904748,
        9.12642881248,
        8.973562471480001,
        8.95627525648,
        9.04800285448,
        8.94998985948,
        8.93841676548,
        8.93704569848,
        8.95179053048
      ],
      "exit_codes": [
        0,
        0,
        0,
        0,
        0,
        0,
        0,
        0,
        0,
        0
      ]
    },
    {
      "command": "snpm",
      "mean": 0.56491928838,
      "stddev": 0.005200384031903249,
      "median": 0.5651992879800001,
      "user": 0.33238162,
      "system": 0.24149818,
      "min": 0.5546032204800001,
      "max": 0.57338796948,
      "times": [
        0.56348801148,
        0.57338796948,
        0.56731266248,
        0.57131735348,
        0.56726600948,
        0.56429584048,
        0.5613606184800001,
        0.56005846248,
        0.56610273548,
        0.5546032204800001
      ],
      "exit_codes": [
        0,
        0,
        0,
        0,
        0,
        0,
        0,
        0,
        0,
        0
      ]
    },
    {
      "command": "yarn",
      "mean": 9.557081418380001,
      "stddev": 0.4382887901594243,
      "median": 9.500072400979999,
      "user": 4.71623792,
      "system": 3.28312788,
      "min": 9.10348249748,
      "max": 10.400619520480001,
      "times": [
        9.11877176748,
        9.74766884648,
        9.54667371148,
        9.28188943248,
        9.54434111548,
        10.25842356948,
        9.11314003648,
        9.45580368648,
        10.400619520480001,
        9.10348249748
      ],
      "exit_codes": [
        0,
        0,
        0,
        0,
        0,
        0,
        0,
        0,
        0,
        0
      ]
    },
    {
      "command": "berry",
      "mean": 4.32072072658,
      "stddev": 0.06920862221487212,
      "median": 4.316816789480001,
      "user": 5.91974722,
      "system": 1.76167798,
      "min": 4.2194648714800005,
      "max": 4.48868427048,
      "times": [
        4.48868427048,
        4.33889062048,
        4.255022475480001,
        4.29833734248,
        4.2194648714800005,
        4.34735369848,
        4.30195038948,
        4.274292930480001,
        4.3316831894800005,
        4.35152747748
      ],
      "exit_codes": [
        0,
        0,
        0,
        0,
        0,
        0,
        0,
        0,
        0,
        0
      ]
    },
    {
      "command": "pnpm",
      "mean": 3.36692216438,
      "stddev": 0.05676447163704283,
      "median": 3.36943944098,
      "user": 4.3464528200000005,
      "system": 1.35077338,
      "min": 3.2880057894799997,
      "max": 3.5046655094799997,
      "times": [
        3.36771871948,
        3.39193815748,
        3.37723240848,
        3.5046655094799997,
        3.32845909948,
        3.3742463584799998,
        3.2980767194799996,
        3.3682407574799997,
        3.2880057894799997,
        3.3706381244799997
      ],
      "exit_codes": [
        0,
        0,
        0,
        0,
        0,
        0,
        0,
        0,
        0,
        0
      ]
    },
    {
      "command": "vlt",
      "mean": 2.0435149124799996,
      "stddev": 0.018085029566081254,
      "median": 2.04278335348,
      "user": 2.3949016199999997,
      "system": 1.6884006799999998,
      "min": 2.02306749648,
      "max": 2.0746970824799997,
      "times": [
        2.0269987394799998,
        2.02581132648,
        2.04851703048,
        2.0521642974799996,
        2.02586626448,
        2.07246018048,
        2.03810089948,
        2.0474658074799996,
        2.0746970824799997,
        2.02306749648
      ],
      "exit_codes": [
        0,
        0,
        0,
        0,
        0,
        0,
        0,
        0,
        0,
        0
      ]
    },
    {
      "command": "bun",
      "mean": 0.30121887938,
      "stddev": 0.0019131107871817273,
      "median": 0.30109344148000006,
      "user": 0.13355862000000002,
      "system": 0.27189838,
      "min": 0.29911513848000004,
      "max": 0.30643543248000005,
      "times": [
        0.29993783248000006,
        0.30166376748,
        0.30140173248,
        0.29911513848000004,
        0.29967390748000006,
        0.30643543248000005,
        0.30043991648,
        0.30125289248000003,
        0.30133418348,
        0.30093399048
      ],
      "exit_codes": [
        0,
        0,
        0,
        0,
        0,
        0,
        0,
        0,
        0,
        0
      ]
    },
    {
      "command": "deno",
      "mean": 1.1175767998800001,
      "stddev": 0.015111351393382766,
      "median": 1.11307089898,
      "user": 1.13261902,
      "system": 0.68572418,
      "min": 1.09331467348,
      "max": 1.1447742594800001,
      "times": [
        1.10767679548,
        1.10621515148,
        1.11712408548,
        1.13595724448,
        1.09331467348,
        1.11003539048,
        1.1345286004800001,
        1.1447742594800001,
        1.11145979648,
        1.11468200148
      ],
      "exit_codes": [
        0,
        0,
        0,
        0,
        0,
        0,
        0,
        0,
        0,
        0
      ]
    }
  ]
}