{
  "results": [
    {
      "command": "npm",
      "mean": 0.54357256326,
      "stddev": 0.008340276377087993,
      "median": 0.54445449216,
      "user": 0.6009713799999999,
      "system": 0.11318966,
      "min": 0.52949052016,
      "max": 0.55567968016,
      "times": [
        0.55009762116,
        0.54241278716,
        0.53841153416,
        0.54509118516,
        0.53010121116,
        0.52949052016,
        0.54865574616,
        0.55196754816,
        0.54381779916,
        0.55567968016
      ],
      "exit_codes": [
        0,
        0,
        0,
        0,
        0,
        0,
        0,
        0,
        0,
        0
      ]
    },
    {
      "command": "snpm",
      "mean": 0.03514661456,
      "stddev": 0.002171525140254894,
      "median": 0.03436378466000001,
      "user": 0.02050088,
      "system": 0.01718776,
      "min": 0.032295564160000005,
      "max": 0.03842393116,
      "times": [
        0.03413563816,
        0.03842393116,
        0.036213073160000005,
        0.034360007160000004,
        0.033512280160000005,
        0.038091122160000004,
        0.034367562160000004,
        0.037634836160000004,
        0.03243213116,
        0.032295564160000005
      ],
      "exit_codes": [
        0,
        0,
        0,
        0,
        0,
        0,
        0,
        0,
        0,
        0
      ]
    },
    {
      "command": "yarn",
      "mean": 0.31642992606000003,
      "stddev": 0.003893249192798233,
      "median": 0.31628899866000004,
      "user": 0.34068558000000004,
      "system": 0.07031475999999999,
      "min": 0.30859075916000006,
      "max": 0.32107734416000006,
      "times": [
        0.31808718916000006,
        0.30859075916000006,
        0.31978350816000006,
        0.32107734416000006,
        0.31401142216000005,
        0.31449080816,
        0.31397213716000005,
        0.32011981316000004,
        0.31358949416000004,
        0.32057678516000004
      ],
      "exit_codes": [
        0,
        0,
        0,
        0,
        0,
        0,
        0,
        0,
        0,
        0
      ]
    },
    {
      "command": "berry",
      "mean": 3.0318016048600005,
      "stddev": 0.05831772679249017,
      "median": 3.0387494776599997,
      "user": 6.02610388,
      "system": 1.4039331599999998,
      "min": 2.93300620416,
      "max": 3.1060811081599997,
      "times": [
        2.9871499401599997,
        2.93300620416,
        3.03152459816,
        3.0979817811599997,
        3.04625785716,
        3.03744972216,
        3.09585522816,
        3.1060811081599997,
        2.9426603761599996,
        3.04004923316
      ],
      "exit_codes": [
        0,
        0,
        0,
        0,
        0,
        0,
        0,
        0,
        0,
        0
      ]
    },
    {
      "command": "pnpm",
      "mean": 0.71388153346,
      "stddev": 0.02710792381009876,
      "median": 0.70812617616,
      "user": 0.8662403799999998,
      "system": 0.15317715999999998,
      "min": 0.68053265516,
      "max": 0.76675741816,
      "times": [
        0.71450347316,
        0.69313483616,
        0.74243326216,
        0.71346108216,
        0.74399147916,
        0.76675741816,
        0.69696868716,
        0.68424117116,
        0.70279127016,
        0.68053265516
      ],
      "exit_codes": [
        0,
        0,
        0,
        0,
        0,
        0,
        0,
        0,
        0,
        0
      ]
    },
    {
      "command": "vlt",
      "mean": 0.33238848216000005,
      "stddev": 0.004430576970381561,
      "median": 0.33280457216000003,
      "user": 0.35362277999999997,
      "system": 0.06366816,
      "min": 0.32327711716,
      "max": 0.33999326716000006,
      "times": [
        0.33375849616000003,
        0.33060953716,
        0.32803493716000004,
        0.33999326716000006,
        0.33302602216000005,
        0.33761556116,
        0.32327711716,
        0.33384740316000006,
        0.33113935816000006,
        0.33258312216
      ],
      "exit_codes": [
        0,
        0,
        0,
        0,
        0,
        0,
        0,
        0,
        0,
        0
      ]
    },
    {
      "command": "bun",
      "mean": 0.010624854559999999,
      "stddev": 0.0005619821580276726,
      "median": 0.01050342066,
      "user": 0.00755978,
      "system": 0.00885946,
      "min": 0.00997321516,
      "max": 0.01166251216,
      "times": [
        0.01028311816,
        0.010664502160000002,
        0.00997321516,
        0.010105329159999999,
        0.010546284159999999,
        0.01166251216,
        0.01005109416,
        0.010460557160000002,
        0.01100377316,
        0.01149816016
      ],
      "exit_codes": [
        0,
        0,
        0,
        0,
        0,
        0,
        0,
        0,
        0,
        0
      ]
    },
    {
      "command": "deno",
      "mean": 0.043672759760000006,
      "stddev": 0.0010731224520754566,
      "median": 0.04340992866,
      "user": 0.025191179999999997,
      "system": 0.023337359999999998,
      "min": 0.04204467816,
      "max": 0.04544532416,
      "times": [
        0.04487843316,
        0.044261281160000006,
        0.04343766416,
        0.04295436116,
        0.043382193160000006,
        0.04315691816,
        0.04236160916,
        0.04480513516,
        0.04204467816,
        0.04544532416
      ],
      "exit_codes": [
        0,
        0,
        0,
        0,
        0,
        0,
        0,
        0,
        0,
        0
      ]
    }
  ]
}