{
  "results": [
    {
      "command": "npm",
      "mean": 0.5014561324999999,
      "stddev": 0.004854054659216724,
      "median": 0.5004913084,
      "user": 0.5566342400000001,
      "system": 0.09642167999999998,
      "min": 0.4973675289,
      "max": 0.5141933629000001,
      "times": [
        0.5029224969,
        0.5001592729000001,
        0.5141933629000001,
        0.4980353339,
        0.5016237789000001,
        0.4973913319,
        0.5044723289,
        0.4975725459,
        0.5008233439,
        0.4973675289
      ],
      "exit_codes": [
        0,
        0,
        0,
        0,
        0,
        0,
        0,
        0,
        0,
        0
      ]
    },
    {
      "command": "snpm",
      "mean": 0.03335361020000001,
      "stddev": 0.0008696251465826015,
      "median": 0.03312800640000001,
      "user": 0.021146439999999996,
      "system": 0.01447518,
      "min": 0.03196523590000001,
      "max": 0.03494378990000001,
      "times": [
        0.033177711900000004,
        0.03196523590000001,
        0.03494378990000001,
        0.03275335990000001,
        0.0336240099,
        0.03294170590000001,
        0.033627757900000006,
        0.0330783009,
        0.03472803790000001,
        0.032696191900000005
      ],
      "exit_codes": [
        0,
        0,
        0,
        0,
        0,
        0,
        0,
        0,
        0,
        0
      ]
    },
    {
      "command": "yarn",
      "mean": 0.2905089143,
      "stddev": 0.0031461602600819662,
      "median": 0.2903978784,
      "user": 0.31588673999999994,
      "system": 0.06056047999999999,
      "min": 0.2853789229,
      "max": 0.29626140889999997,
      "times": [
        0.29626140889999997,
        0.2932642789,
        0.2888495049,
        0.2882955549,
        0.2870262549,
        0.2906095579,
        0.2938871979,
        0.2853789229,
        0.29133026289999997,
        0.29018619889999997
      ],
      "exit_codes": [
        0,
        0,
        0,
        0,
        0,
        0,
        0,
        0,
        0,
        0
      ]
    },
    {
      "command": "berry",
      "mean": 2.8312749858999995,
      "stddev": 0.06744566674190876,
      "median": 2.8168416189,
      "user": 5.62852614,
      "system": 1.3143177799999999,
      "min": 2.7594408639,
      "max": 3.0034066388999996,
      "times": [
        2.8850212999,
        2.7826308019,
        3.0034066388999996,
        2.8407595809,
        2.7696192399,
        2.8389646588999997,
        2.7992235368999996,
        2.8218591129,
        2.8118241248999998,
        2.7594408639
      ],
      "exit_codes": [
        0,
        0,
        0,
        0,
        0,
        0,
        0,
        0,
        0,
        0
      ]
    },
    {
      "command": "pnpm",
      "mean": 0.6650130417000001,
      "stddev": 0.014285926491463461,
      "median": 0.6652207904,
      "user": 0.8080596399999997,
      "system": 0.14395228000000002,
      "min": 0.6396948119000001,
      "max": 0.6979505039,
      "times": [
        0.6653803469,
        0.6542104519,
        0.6692064569,
        0.6979505039,
        0.6650612339,
        0.6656088759000001,
        0.6748166509000001,
        0.6617640739,
        0.6396948119000001,
        0.6564370109000001
      ],
      "exit_codes": [
        0,
        0,
        0,
        0,
        0,
        0,
        0,
        0,
        0,
        0
      ]
    },
    {
      "command": "vlt",
      "mean": 0.2954952242,
      "stddev": 0.002177341786341597,
      "median": 0.2958864229,
      "user": 0.31710103999999995,
      "system": 0.06452137999999999,
      "min": 0.2905180689,
      "max": 0.2980882219,
      "times": [
        0.2969725139,
        0.2905180689,
        0.2951271339,
        0.2951367059,
        0.29753186989999997,
        0.2971745699,
        0.2938613599,
        0.2966361399,
        0.2939056579,
        0.2980882219
      ],
      "exit_codes": [
        0,
        0,
        0,
        0,
        0,
        0,
        0,
        0,
        0,
        0
      ]
    },
    {
      "command": "bun",
      "mean": 0.0103848465,
      "stddev": 0.0005405051409232294,
      "median": 0.0101365464,
      "user": 0.007640040000000001,
      "system": 0.00856738,
      "min": 0.0099928569,
      "max": 0.011520401900000001,
      "times": [
        0.010304470900000001,
        0.0113817459,
        0.0099928569,
        0.0101435439,
        0.010194879900000002,
        0.011520401900000001,
        0.010049513900000001,
        0.0101295489,
        0.010100858900000002,
        0.0100306439
      ],
      "exit_codes": [
        0,
        0,
        0,
        0,
        0,
        0,
        0,
        0,
        0,
        0
      ]
    },
    {
      "command": "deno",
      "mean": 0.04186412810000001,
      "stddev": 0.0006039182890040345,
      "median": 0.0419255394,
      "user": 0.024184840000000003,
      "system": 0.02239558,
      "min": 0.0405502219,
      "max": 0.0427818619,
      "times": [
        0.04256436090000001,
        0.04159270290000001,
        0.0419157319,
        0.041580844900000004,
        0.0419353469,
        0.04214143990000001,
        0.04220080390000001,
        0.04137796590000001,
        0.0405502219,
        0.0427818619
      ],
      "exit_codes": [
        0,
        0,
        0,
        0,
        0,
        0,
        0,
        0,
        0,
        0
      ]
    }
  ]
}