{
  "results": [
    {
      "command": "npm",
      "mean": 0.5059911899199999,
      "stddev": 0.005727027255264987,
      "median": 0.50567907482,
      "user": 0.55160272,
      "system": 0.10330583999999998,
      "min": 0.4990416818200001,
      "max": 0.51915470482,
      "times": [
        0.50617179082,
        0.51915470482,
        0.50868902782,
        0.49925278982000004,
        0.50661008782,
        0.50518635882,
        0.4990416818200001,
        0.50206226382,
        0.50264784482,
        0.51109534882
      ],
      "exit_codes": [
        0,
        0,
        0,
        0,
        0,
        0,
        0,
        0,
        0,
        0
      ]
    },
    {
      "command": "snpm",
      "mean": 0.03139096302,
      "stddev": 0.00043516769368297524,
      "median": 0.03146931932,
      "user": 0.021122419999999996,
      "system": 0.01249964,
      "min": 0.03061314082,
      "max": 0.03200933782,
      "times": [
        0.03144859982,
        0.03144406082,
        0.03184402282,
        0.03149003882,
        0.03126624382,
        0.03062427782,
        0.03164182182,
        0.03061314082,
        0.03152808582,
        0.03200933782
      ],
      "exit_codes": [
        0,
        0,
        0,
        0,
        0,
        0,
        0,
        0,
        0,
        0
      ]
    },
    {
      "command": "yarn",
      "mean": 0.29075502892000005,
      "stddev": 0.0021068616446304417,
      "median": 0.29054946082000005,
      "user": 0.30898132,
      "system": 0.06679844,
      "min": 0.28714045382000003,
      "max": 0.29409677582000004,
      "times": [
        0.28984157082000006,
        0.29097654982000004,
        0.29198973282000007,
        0.28974605282000004,
        0.29409677582000004,
        0.29216266182000006,
        0.29341548282,
        0.29012237182000006,
        0.28805863682000005,
        0.28714045382000003
      ],
      "exit_codes": [
        0,
        0,
        0,
        0,
        0,
        0,
        0,
        0,
        0,
        0
      ]
    },
    {
      "command": "berry",
      "mean": 2.6299609802200004,
      "stddev": 0.048061059281589776,
      "median": 2.6201999378200003,
      "user": 5.34924502,
      "system": 1.2708995399999998,
      "min": 2.5330945058200003,
      "max": 2.7133463318200004,
      "times": [
        2.60048456282,
        2.7133463318200004,
        2.64585747482,
        2.6953729008200003,
        2.61866053982,
        2.64871713582,
        2.61941829182,
        2.5330945058200003,
        2.6209815838200003,
        2.6036764748200003
      ],
      "exit_codes": [
        0,
        0,
        0,
        0,
        0,
        0,
        0,
        0,
        0,
        0
      ]
    },
    {
      "command": "pnpm",
      "mean": 0.6699087154199999,
      "stddev": 0.021411882389353716,
      "median": 0.6644216028200001,
      "user": 0.81417582,
      "system": 0.14816544,
      "min": 0.6480238968200001,
      "max": 0.71702158782,
      "times": [
        0.69195927582,
        0.68888619582,
        0.71702158782,
        0.66773595282,
        0.6517399928200001,
        0.66808654082,
        0.65310324882,
        0.65142320982,
        0.66110725282,
        0.6480238968200001
      ],
      "exit_codes": [
        0,
        0,
        0,
        0,
        0,
        0,
        0,
        0,
        0,
        0
      ]
    },
    {
      "command": "vlt",
      "mean": 0.31878418352000004,
      "stddev": 0.004405012882919329,
      "median": 0.31889967232000005,
      "user": 0.32906132,
      "system": 0.07003284,
      "min": 0.31177752282000004,
      "max": 0.32647258582000005,
      "times": [
        0.31177752282000004,
        0.31350381282000006,
        0.31409475682000004,
        0.32143731582000007,
        0.31819666482000003,
        0.32273832782000006,
        0.31785579882000004,
        0.32216236982000007,
        0.32647258582000005,
        0.31960267982000007
      ],
      "exit_codes": [
        0,
        0,
        0,
        0,
        0,
        0,
        0,
        0,
        0,
        0
      ]
    },
    {
      "command": "bun",
      "mean": 0.010497410620000001,
      "stddev": 0.00077658769105244,
      "median": 0.010036368820000002,
      "user": 0.00771462,
      "system": 0.008783239999999998,
      "min": 0.009772632820000002,
      "max": 0.011796833820000002,
      "times": [
        0.009923495820000001,
        0.010018811820000001,
        0.01171547382,
        0.010053925820000002,
        0.01001193782,
        0.011796833820000002,
        0.01032347882,
        0.011468244820000001,
        0.00988927082,
        0.009772632820000002
      ],
      "exit_codes": [
        0,
        0,
        0,
        0,
        0,
        0,
        0,
        0,
        0,
        0
      ]
    },
    {
      "command": "deno",
      "mean": 0.04057318382,
      "stddev": 0.0002909439332201311,
      "median": 0.04047457632,
      "user": 0.02431872,
      "system": 0.020951539999999998,
      "min": 0.04016510582,
      "max": 0.04106925382,
      "times": [
        0.04085512182,
        0.04043042982,
        0.04047688682,
        0.04106925382,
        0.04047226582,
        0.04031158882,
        0.04016510582,
        0.04054555582,
        0.04102819282,
        0.04037743682
      ],
      "exit_codes": [
        0,
        0,
        0,
        0,
        0,
        0,
        0,
        0,
        0,
        0
      ]
    }
  ]
}