{
  "results": [
    {
      "command": "npm",
      "mean": 0.4322179622200001,
      "stddev": 0.0033961037700249,
      "median": 0.43228793012,
      "user": 0.51527016,
      "system": 0.06339408,
      "min": 0.42652382362,
      "max": 0.43854047862000006,
      "times": [
        0.42851677362,
        0.42848490762,
        0.43228609162000003,
        0.43480861762000006,
        0.42652382362,
        0.43219760962000003,
        0.43457762462000005,
        0.43228976862,
        0.43854047862000006,
        0.43395392662000004
      ],
      "exit_codes": [
        0,
        0,
        0,
        0,
        0,
        0,
        0,
        0,
        0,
        0
      ]
    },
    {
      "command": "snpm",
      "mean": 0.027588087520000006,
      "stddev": 0.0004425260767024812,
      "median": 0.027651367120000003,
      "user": 0.01872426,
      "system": 0.011174380000000001,
      "min": 0.02653453462,
      "max": 0.028339652620000003,
      "times": [
        0.028339652620000003,
        0.027675294620000002,
        0.027805481620000003,
        0.027627439620000003,
        0.027758048620000003,
        0.027474473620000002,
        0.027890789620000002,
        0.02653453462,
        0.027468899620000004,
        0.02730626062
      ],
      "exit_codes": [
        0,
        0,
        0,
        0,
        0,
        0,
        0,
        0,
        0,
        0
      ]
    },
    {
      "command": "yarn",
      "mean": 0.27421856752000007,
      "stddev": 0.001397533498312544,
      "median": 0.27425174062,
      "user": 0.30930275999999995,
      "system": 0.04880368,
      "min": 0.27145349762000004,
      "max": 0.27711903862000004,
      "times": [
        0.27392569762,
        0.27490983262,
        0.27315631262,
        0.27340277662,
        0.27457778362,
        0.27145349762000004,
        0.27389762262,
        0.27711903862000004,
        0.27474846562000005,
        0.27499464762000003
      ],
      "exit_codes": [
        0,
        0,
        0,
        0,
        0,
        0,
        0,
        0,
        0,
        0
      ]
    },
    {
      "command": "berry",
      "mean": 2.7520531228200005,
      "stddev": 0.028674976937870817,
      "median": 2.7467347816200003,
      "user": 5.45344566,
      "system": 0.98646478,
      "min": 2.7033403166200003,
      "max": 2.7985379106200003,
      "times": [
        2.75290305762,
        2.71875373762,
        2.7033403166200003,
        2.7405665056200004,
        2.73869415962,
        2.78408476762,
        2.77631121362,
        2.7356547036200003,
        2.7985379106200003,
        2.77168485562
      ],
      "exit_codes": [
        0,
        0,
        0,
        0,
        0,
        0,
        0,
        0,
        0,
        0
      ]
    },
    {
      "command": "pnpm",
      "mean": 0.6781457127199999,
      "stddev": 0.008849384552193954,
      "median": 0.67604831062,
      "user": 0.7623922599999998,
      "system": 0.10456188,
      "min": 0.66447497962,
      "max": 0.69102964462,
      "times": [
        0.66447497962,
        0.69102964462,
        0.67806556362,
        0.67403105762,
        0.68883892062,
        0.67004737562,
        0.68446674362,
        0.67369007462,
        0.68771827962,
        0.66909448762
      ],
      "exit_codes": [
        0,
        0,
        0,
        0,
        0,
        0,
        0,
        0,
        0,
        0
      ]
    },
    {
      "command": "vlt",
      "mean": 0.28737257032,
      "stddev": 0.002986364382091036,
      "median": 0.28792785462000003,
      "user": 0.31417875999999995,
      "system": 0.05013027999999999,
      "min": 0.28291517262000004,
      "max": 0.29115759362000004,
      "times": [
        0.28469632262000005,
        0.28891382162,
        0.28694188762,
        0.29115759362000004,
        0.28291517262000004,
        0.29017603462,
        0.28365033862000005,
        0.29039047362000003,
        0.28475559362,
        0.29012846462
      ],
      "exit_codes": [
        0,
        0,
        0,
        0,
        0,
        0,
        0,
        0,
        0,
        0
      ]
    },
    {
      "command": "bun",
      "mean": 0.00833839962,
      "stddev": 0.00014159182392214613,
      "median": 0.00835494662,
      "user": 0.008780360000000001,
      "system": 0.00503218,
      "min": 0.00797042862,
      "max": 0.00851867762,
      "times": [
        0.00838802962,
        0.008308596619999999,
        0.008296748619999999,
        0.00797042862,
        0.00851867762,
        0.008337618619999999,
        0.00837227462,
        0.008413960619999999,
        0.00830065662,
        0.008477004619999999
      ],
      "exit_codes": [
        0,
        0,
        0,
        0,
        0,
        0,
        0,
        0,
        0,
        0
      ]
    },
    {
      "command": "deno",
      "mean": 0.03602211242,
      "stddev": 0.0006090185548869255,
      "median": 0.03610459012,
      "user": 0.02359626,
      "system": 0.01666278,
      "min": 0.03468896362,
      "max": 0.03685773762,
      "times": [
        0.03685773762,
        0.03468896362,
        0.03613084262,
        0.03553228062,
        0.03589247362,
        0.03635327862,
        0.03559712762,
        0.03629547762,
        0.03607833762,
        0.03679460462
      ],
      "exit_codes": [
        0,
        0,
        0,
        0,
        0,
        0,
        0,
        0,
        0,
        0
      ]
    }
  ]
}