{
  "results": [
    {
      "command": "npm",
      "mean": 7.640404157979999,
      "stddev": 0.02598728348189495,
      "median": 7.63943847038,
      "user": 7.11988994,
      "system": 4.90735916,
      "min": 7.59608500188,
      "max": 7.678217324879999,
      "times": [
        7.6630409108799995,
        7.671401857879999,
        7.59608500188,
        7.64018885288,
        7.6298890108799995,
        7.6007897908799995,
        7.678217324879999,
        7.65264441288,
        7.63309632888,
        7.638688087879999
      ],
      "exit_codes": [
        0,
        0,
        0,
        0,
        0,
        0,
        0,
        0,
        0,
        0
      ]
    },
    {
      "command": "snpm",
      "mean": 0.15387076708000003,
      "stddev": 0.0029088391147416163,
      "median": 0.15472704388000003,
      "user": 0.027983339999999995,
      "system": 0.12803346,
      "min": 0.14786900988,
      "max": 0.15697097488000003,
      "times": [
        0.15303704788000003,
        0.15333525388000002,
        0.15027020388,
        0.14786900988,
        0.15227330988,
        0.15611883388000003,
        0.15613535688000002,
        0.15625028988000003,
        0.15644738988,
        0.15697097488000003
      ],
      "exit_codes": [
        0,
        0,
        0,
        0,
        0,
        0,
        0,
        0,
        0,
        0
      ]
    },
    {
      "command": "yarn",
      "mean": 3.7874675870800005,
      "stddev": 0.04190194857809734,
      "median": 3.7869258958800005,
      "user": 3.3659304399999996,
      "system": 4.14599336,
      "min": 3.7195159828800004,
      "max": 3.85047462788,
      "times": [
        3.80357737388,
        3.7195159828800004,
        3.79333047388,
        3.85047462788,
        3.76960589888,
        3.8306928378800005,
        3.7805213178800003,
        3.83900907288,
        3.7446558608800005,
        3.7432924238800003
      ],
      "exit_codes": [
        0,
        0,
        0,
        0,
        0,
        0,
        0,
        0,
        0,
        0
      ]
    },
    {
      "command": "berry",
      "mean": 4.34376392298,
      "stddev": 0.029099641793701544,
      "median": 4.34662178238,
      "user": 4.56015804,
      "system": 2.4882672599999998,
      "min": 4.3044115838799994,
      "max": 4.38726327888,
      "times": [
        4.35209545488,
        4.33684049788,
        4.38726327888,
        4.34563959988,
        4.30529497688,
        4.375757602879999,
        4.37583731488,
        4.3044115838799994,
        4.347603964879999,
        4.30689495488
      ],
      "exit_codes": [
        0,
        0,
        0,
        0,
        0,
        0,
        0,
        0,
        0,
        0
      ]
    },
    {
      "command": "pnpm",
      "mean": 1.3045842132800003,
      "stddev": 0.01744265941968522,
      "median": 1.29904369788,
      "user": 1.9433649399999997,
      "system": 0.76134996,
      "min": 1.2817894538799999,
      "max": 1.34137419188,
      "times": [
        1.28873184588,
        1.28945072488,
        1.34137419188,
        1.32229945488,
        1.2817894538799999,
        1.31068606388,
        1.29793773888,
        1.29519876688,
        1.31822423488,
        1.30014965688
      ],
      "exit_codes": [
        0,
        0,
        0,
        0,
        0,
        0,
        0,
        0,
        0,
        0
      ]
    },
    {
      "command": "vlt",
      "mean": 2.86217057798,
      "stddev": 0.04265702956322402,
      "median": 2.8812796933800002,
      "user": 2.61823924,
      "system": 2.71551516,
      "min": 2.7929801608800005,
      "max": 2.9185242078800004,
      "times": [
        2.88797603788,
        2.8562196408800005,
        2.7929801608800005,
        2.82001148988,
        2.79351470888,
        2.88607390088,
        2.9185242078800004,
        2.8823467178800004,
        2.90384624588,
        2.88021266888
      ],
      "exit_codes": [
        0,
        0,
        0,
        0,
        0,
        0,
        0,
        0,
        0,
        0
      ]
    },
    {
      "command": "bun",
      "mean": 0.27761672328000003,
      "stddev": 0.001296225833610503,
      "median": 0.27786299388,
      "user": 0.01544344,
      "system": 0.26770926,
      "min": 0.27579429288,
      "max": 0.27989748888,
      "times": [
        0.27702498088,
        0.27580654588,
        0.27579429288,
        0.27641303988,
        0.27805523588,
        0.27829840588,
        0.27767075188,
        0.27805700388,
        0.27989748888,
        0.27914948688
      ],
      "exit_codes": [
        0,
        0,
        0,
        0,
        0,
        0,
        0,
        0,
        0,
        0
      ]
    },
    {
      "command": "deno",
      "mean": 0.48443308938000007,
      "stddev": 0.01073258628890308,
      "median": 0.48180773438,
      "user": 0.41548014,
      "system": 0.6167465599999999,
      "min": 0.46645061688,
      "max": 0.5056836448800001,
      "times": [
        0.46645061688,
        0.5010021078800001,
        0.48412201788000003,
        0.48579583188000003,
        0.47884002688,
        0.47976967488,
        0.47905150388,
        0.48333518788,
        0.48028028088,
        0.5056836448800001
      ],
      "exit_codes": [
        0,
        0,
        0,
        0,
        0,
        0,
        0,
        0,
        0,
        0
      ]
    }
  ]
}