{
  "results": [
    {
      "command": "npm",
      "mean": 0.9639785492800002,
      "stddev": 0.00625227766491456,
      "median": 0.9642120307800001,
      "user": 1.03578546,
      "system": 0.19020496,
      "min": 0.95103728878,
      "max": 0.9747078277800001,
      "times": [
        0.9747078277800001,
        0.97018744778,
        0.96375627078,
        0.9646677907800001,
        0.96301141578,
        0.96530112578,
        0.95646651678,
        0.96712777778,
        0.9635220307800001,
        0.95103728878
      ],
      "exit_codes": [
        0,
        0,
        0,
        0,
        0,
        0,
        0,
        0,
        0,
        0
      ]
    },
    {
      "command": "snpm",
      "mean": 0.6213330950800001,
      "stddev": 0.008404317728177457,
      "median": 0.61761578928,
      "user": 0.39490046,
      "system": 0.23324605999999998,
      "min": 0.61360411778,
      "max": 0.6411772007800001,
      "times": [
        0.61839069078,
        0.61408348578,
        0.61662322478,
        0.63229842278,
        0.61643246178,
        0.6411772007800001,
        0.61684088778,
        0.62048580178,
        0.6233946567800001,
        0.61360411778
      ],
      "exit_codes": [
        0,
        0,
        0,
        0,
        0,
        0,
        0,
        0,
        0,
        0
      ]
    },
    {
      "command": "yarn",
      "mean": 6.085542950979999,
      "stddev": 0.13018957482959043,
      "median": 6.06287867028,
      "user": 3.9819383599999996,
      "system": 1.54117036,
      "min": 5.90701928578,
      "max": 6.3658912567799995,
      "times": [
        5.9757244177799995,
        5.95855188678,
        6.15334028578,
        6.14708255678,
        5.90701928578,
        6.210708503779999,
        6.07426245578,
        6.051494884779999,
        6.3658912567799995,
        6.01135397578
      ],
      "exit_codes": [
        0,
        0,
        0,
        0,
        0,
        0,
        0,
        0,
        0,
        0
      ]
    },
    {
      "command": "berry",
      "mean": 2.8969904723799997,
      "stddev": 0.08338012403804698,
      "median": 2.86625157478,
      "user": 3.506684859999999,
      "system": 0.6817960600000001,
      "min": 2.8161756227800003,
      "max": 3.10521082778,
      "times": [
        2.8161756227800003,
        2.8395436647800003,
        2.85762124878,
        2.87488190078,
        2.96711746678,
        2.8275785027800002,
        2.9434001157800003,
        3.10521082778,
        2.8899382587800004,
        2.8484371147800003
      ],
      "exit_codes": [
        0,
        0,
        0,
        0,
        0,
        0,
        0,
        0,
        0,
        0
      ]
    },
    {
      "command": "pnpm",
      "mean": 1.28071968848,
      "stddev": 0.016762386769149984,
      "median": 1.2812450477800001,
      "user": 1.72670666,
      "system": 0.34752256,
      "min": 1.24994184878,
      "max": 1.31218978578,
      "times": [
        1.26055430678,
        1.28884842078,
        1.2946131007800001,
        1.27327218578,
        1.28983542478,
        1.31218978578,
        1.28569040278,
        1.24994184878,
        1.27545171578,
        1.27679969278
      ],
      "exit_codes": [
        0,
        0,
        0,
        0,
        0,
        0,
        0,
        0,
        0,
        0
      ]
    },
    {
      "command": "vlt",
      "mean": 0.33965707918000004,
      "stddev": 0.006361858163959064,
      "median": 0.33773975328000005,
      "user": 0.35767146000000005,
      "system": 0.07764636,
      "min": 0.33173550378,
      "max": 0.35039248778,
      "times": [
        0.33173550378,
        0.34835137978,
        0.33372460778,
        0.33573681978000003,
        0.35039248778,
        0.33302304178000003,
        0.33649484278,
        0.34597149378000003,
        0.34215595078,
        0.33898466378000003
      ],
      "exit_codes": [
        0,
        0,
        0,
        0,
        0,
        0,
        0,
        0,
        0,
        0
      ]
    },
    {
      "command": "bun",
      "mean": 0.040444891979999995,
      "stddev": 0.0009738696766703212,
      "median": 0.04002784628,
      "user": 0.007257259999999999,
      "system": 0.03879076,
      "min": 0.03930014878,
      "max": 0.042659134779999996,
      "times": [
        0.03930014878,
        0.04135881978,
        0.040037875779999996,
        0.039466037780000005,
        0.04110626778,
        0.03983557678000001,
        0.04001781678000001,
        0.039948917779999996,
        0.040718323779999996,
        0.042659134779999996
      ],
      "exit_codes": [
        0,
        0,
        0,
        0,
        0,
        0,
        0,
        0,
        0,
        0
      ]
    },
    {
      "command": "deno",
      "mean": 0.85667816528,
      "stddev": 0.032422789622176366,
      "median": 0.84825372878,
      "user": 1.30711896,
      "system": 0.34097375999999996,
      "min": 0.82618690478,
      "max": 0.93809063678,
      "times": [
        0.87036271578,
        0.93809063678,
        0.85350164578,
        0.82618690478,
        0.84300581178,
        0.87771301778,
        0.83202542578,
        0.82998862578,
        0.86605839178,
        0.8298484767800001
      ],
      "exit_codes": [
        0,
        0,
        0,
        0,
        0,
        0,
        0,
        0,
        0,
        0
      ]
    }
  ]
}