{
  "results": [
    {
      "command": "npm",
      "mean": 0.5585153544800001,
      "stddev": 0.007091851341331797,
      "median": 0.55736629768,
      "user": 0.59121472,
      "system": 0.1411443,
      "min": 0.55100863168,
      "max": 0.57363222568,
      "times": [
        0.55100863168,
        0.5619965986800001,
        0.55123589768,
        0.5603092996800001,
        0.55723013968,
        0.57363222568,
        0.55750245568,
        0.56718718968,
        0.55228978368,
        0.5527613226800001
      ],
      "exit_codes": [
        0,
        0,
        0,
        0,
        0,
        0,
        0,
        0,
        0,
        0
      ]
    },
    {
      "command": "snpm",
      "mean": 0.10743350837999999,
      "stddev": 0.000807948539917617,
      "median": 0.10713204568000001,
      "user": 0.06690022,
      "system": 0.04369050000000001,
      "min": 0.10662993868000001,
      "max": 0.10944982468,
      "times": [
        0.10713928668,
        0.10944982468,
        0.10693046968,
        0.10749254268,
        0.10665884568,
        0.10823464468,
        0.10758000068,
        0.10712480468,
        0.10709472568,
        0.10662993868000001
      ],
      "exit_codes": [
        0,
        0,
        0,
        0,
        0,
        0,
        0,
        0,
        0,
        0
      ]
    },
    {
      "command": "yarn",
      "mean": 1.97631471678,
      "stddev": 0.293503559458885,
      "median": 1.8879530826800002,
      "user": 0.9435700199999999,
      "system": 0.3242866,
      "min": 1.7159990766800002,
      "max": 2.78974513768,
      "times": [
        1.85147768668,
        1.88641622968,
        2.12540027368,
        1.7159990766800002,
        2.78974513768,
        1.90051676968,
        1.8894899356800001,
        1.7467996536800001,
        1.8402970006800001,
        2.01700540368
      ],
      "exit_codes": [
        0,
        0,
        0,
        0,
        0,
        0,
        0,
        0,
        0,
        0
      ]
    },
    {
      "command": "berry",
      "mean": 1.2388826047800001,
      "stddev": 0.012960493886329444,
      "median": 1.23829432268,
      "user": 1.3443571200000002,
      "system": 0.24572549999999996,
      "min": 1.22140773068,
      "max": 1.26011368468,
      "times": [
        1.24771936168,
        1.2311966756800001,
        1.22814127268,
        1.22733282768,
        1.22140773068,
        1.22518944968,
        1.25290065868,
        1.24539196968,
        1.26011368468,
        1.24943241668
      ],
      "exit_codes": [
        0,
        0,
        0,
        0,
        0,
        0,
        0,
        0,
        0,
        0
      ]
    },
    {
      "command": "pnpm",
      "mean": 0.6729315736799999,
      "stddev": 0.006854528277449731,
      "median": 0.6724048126800001,
      "user": 0.92790812,
      "system": 0.14976489999999998,
      "min": 0.66036618568,
      "max": 0.68630236968,
      "times": [
        0.67107490268,
        0.6737347226800001,
        0.66036618568,
        0.68630236968,
        0.6778726996800001,
        0.67845241568,
        0.66793952168,
        0.6676632306800001,
        0.6762346776800001,
        0.66967501068
      ],
      "exit_codes": [
        0,
        0,
        0,
        0,
        0,
        0,
        0,
        0,
        0,
        0
      ]
    },
    {
      "command": "vlt",
      "mean": 0.2656745695800001,
      "stddev": 0.0022859479233862446,
      "median": 0.26505452568000004,
      "user": 0.26610462,
      "system": 0.053893800000000006,
      "min": 0.26308882368000003,
      "max": 0.27017990168000006,
      "times": [
        0.26523099368,
        0.26450438368000007,
        0.26308882368000003,
        0.26579482668000004,
        0.26418748268000003,
        0.26382367468000006,
        0.27017990168000006,
        0.26490324768000006,
        0.26520580368,
        0.26982655768
      ],
      "exit_codes": [
        0,
        0,
        0,
        0,
        0,
        0,
        0,
        0,
        0,
        0
      ]
    },
    {
      "command": "bun",
      "mean": 0.010553882780000001,
      "stddev": 0.0005433797590321986,
      "median": 0.01039323468,
      "user": 0.005707019999999999,
      "system": 0.0105104,
      "min": 0.01015110368,
      "max": 0.01209567968,
      "times": [
        0.010736334680000001,
        0.01035645568,
        0.01209567968,
        0.01021658368,
        0.01017256068,
        0.01030021368,
        0.01056929468,
        0.01015110368,
        0.01051058768,
        0.010430013680000001
      ],
      "exit_codes": [
        0,
        0,
        0,
        0,
        0,
        0,
        0,
        0,
        0,
        0
      ]
    },
    {
      "command": "deno",
      "mean": 0.17546585868000003,
      "stddev": 0.002578000314259954,
      "median": 0.17484342968,
      "user": 0.23711801999999996,
      "system": 0.0925729,
      "min": 0.17268970568,
      "max": 0.18074959368000001,
      "times": [
        0.17735655068,
        0.17449284568,
        0.18074959368000001,
        0.17808468968000002,
        0.17315139368000002,
        0.17268970568,
        0.17303161768,
        0.17519401368,
        0.17690039668000002,
        0.17300777968
      ],
      "exit_codes": [
        0,
        0,
        0,
        0,
        0,
        0,
        0,
        0,
        0,
        0
      ]
    }
  ]
}