{
  "results": [
    {
      "command": "npm",
      "mean": 0.31847420026,
      "stddev": 0.003330513059133096,
      "median": 0.31804900466,
      "user": 0.32434276,
      "system": 0.07454239999999998,
      "min": 0.31355765916,
      "max": 0.32610898016,
      "times": [
        0.31645820116,
        0.31679465516,
        0.31355765916,
        0.32610898016,
        0.32126051416,
        0.31973358916,
        0.31810541516,
        0.31799259416000003,
        0.31953297016000004,
        0.31519742416
      ],
      "exit_codes": [
        0,
        0,
        0,
        0,
        0,
        0,
        0,
        0,
        0,
        0
      ]
    },
    {
      "command": "snpm",
      "mean": 0.02756849716,
      "stddev": 0.00043510720636895925,
      "median": 0.027559298660000002,
      "user": 0.01793676,
      "system": 0.011748599999999998,
      "min": 0.02696653716,
      "max": 0.02831247216,
      "times": [
        0.02724361016,
        0.027858906160000002,
        0.02707603716,
        0.02696653716,
        0.02798969516,
        0.027201184160000003,
        0.027917932160000002,
        0.02732443516,
        0.02779416216,
        0.02831247216
      ],
      "exit_codes": [
        0,
        0,
        0,
        0,
        0,
        0,
        0,
        0,
        0,
        0
      ]
    },
    {
      "command": "yarn",
      "mean": 0.22930370826000002,
      "stddev": 0.0018578152102802109,
      "median": 0.22921669516,
      "user": 0.20245335999999997,
      "system": 0.0519308,
      "min": 0.22639446016,
      "max": 0.23355685916000002,
      "times": [
        0.22875753916000002,
        0.23355685916000002,
        0.22639446016,
        0.22964253216000002,
        0.22825144216,
        0.22728985116,
        0.23063660116,
        0.22921185016,
        0.23007440716000002,
        0.22922154016000001
      ],
      "exit_codes": [
        0,
        0,
        0,
        0,
        0,
        0,
        0,
        0,
        0,
        0
      ]
    },
    {
      "command": "berry",
      "mean": 0.60228793576,
      "stddev": 0.01941594335935657,
      "median": 0.59269490266,
      "user": 0.67754396,
      "system": 0.1188832,
      "min": 0.5857643141600001,
      "max": 0.6502830111600001,
      "times": [
        0.6502830111600001,
        0.6138129331600001,
        0.6122625311600001,
        0.59086946716,
        0.61288116216,
        0.58665977016,
        0.59452033816,
        0.5857643141600001,
        0.58839128516,
        0.58743454516
      ],
      "exit_codes": [
        0,
        0,
        0,
        0,
        0,
        0,
        0,
        0,
        0,
        0
      ]
    },
    {
      "command": "pnpm",
      "mean": 0.5860138617600001,
      "stddev": 0.008347380985677515,
      "median": 0.58639362216,
      "user": 0.6153530599999999,
      "system": 0.1026371,
      "min": 0.57440411016,
      "max": 0.5990990581600001,
      "times": [
        0.5990990581600001,
        0.59845498016,
        0.5776152051600001,
        0.58868360416,
        0.5755362391600001,
        0.57440411016,
        0.5908415571600001,
        0.58242905916,
        0.58410364016,
        0.5889711641600001
      ],
      "exit_codes": [
        0,
        0,
        0,
        0,
        0,
        0,
        0,
        0,
        0,
        0
      ]
    },
    {
      "command": "vlt",
      "mean": 0.26757014056,
      "stddev": 0.003860511038052664,
      "median": 0.26750630566,
      "user": 0.26948156000000006,
      "system": 0.0535018,
      "min": 0.26224507916,
      "max": 0.27545230016,
      "times": [
        0.26565418516,
        0.26439276016,
        0.26784781716,
        0.26898188716000004,
        0.26270661116,
        0.27094016716,
        0.26716479416,
        0.27031580416,
        0.27545230016,
        0.26224507916
      ],
      "exit_codes": [
        0,
        0,
        0,
        0,
        0,
        0,
        0,
        0,
        0,
        0
      ]
    },
    {
      "command": "bun",
      "mean": 0.00609853466,
      "stddev": 0.000261566197952354,
      "median": 0.00609581666,
      "user": 0.00405236,
      "system": 0.0055358000000000004,
      "min": 0.0057053111600000005,
      "max": 0.006491195160000001,
      "times": [
        0.006403021160000001,
        0.0063418801600000005,
        0.0061707711600000005,
        0.005885833160000001,
        0.0057053111600000005,
        0.00602086216,
        0.0058093851600000005,
        0.005875402160000001,
        0.006281685160000001,
        0.006491195160000001
      ],
      "exit_codes": [
        0,
        0,
        0,
        0,
        0,
        0,
        0,
        0,
        0,
        0
      ]
    },
    {
      "command": "deno",
      "mean": 0.03579163646,
      "stddev": 0.0004219758387633228,
      "median": 0.03560769216,
      "user": 0.02063296,
      "system": 0.0181995,
      "min": 0.035453345160000004,
      "max": 0.036618222160000005,
      "times": [
        0.03558508316,
        0.03563030116,
        0.03565537816,
        0.035453345160000004,
        0.03558335616,
        0.036618222160000005,
        0.03577035716,
        0.03661727216,
        0.03547107816,
        0.03553197116
      ],
      "exit_codes": [
        0,
        0,
        0,
        0,
        0,
        0,
        0,
        0,
        0,
        0
      ]
    }
  ]
}