{
  "results": [
    {
      "command": "npm",
      "mean": 0.5056439981399999,
      "stddev": 0.006292315147636469,
      "median": 0.50550931164,
      "user": 0.5546919400000001,
      "system": 0.10071022,
      "min": 0.49643602764000005,
      "max": 0.52121341864,
      "times": [
        0.50585782864,
        0.49912478764000007,
        0.50290950364,
        0.52121341864,
        0.50516079464,
        0.49643602764000005,
        0.50922659864,
        0.50621894464,
        0.50359355164,
        0.50669852564
      ],
      "exit_codes": [
        0,
        0,
        0,
        0,
        0,
        0,
        0,
        0,
        0,
        0
      ]
    },
    {
      "command": "snpm",
      "mean": 0.03275293724,
      "stddev": 0.00408030347409097,
      "median": 0.03143373714000001,
      "user": 0.02009194,
      "system": 0.015006720000000001,
      "min": 0.030961607640000003,
      "max": 0.044971786640000004,
      "times": [
        0.031266028640000006,
        0.03136287964000001,
        0.03155015364,
        0.03113723464,
        0.031530532640000004,
        0.03133084564000001,
        0.044971786640000004,
        0.030961607640000003,
        0.03150459464000001,
        0.03191370864
      ],
      "exit_codes": [
        0,
        0,
        0,
        0,
        0,
        0,
        0,
        0,
        0,
        0
      ]
    },
    {
      "command": "yarn",
      "mean": 0.2910452930400001,
      "stddev": 0.0016085922527356153,
      "median": 0.29097024814000005,
      "user": 0.31218603999999994,
      "system": 0.06303162,
      "min": 0.28807406864000007,
      "max": 0.29341580264000006,
      "times": [
        0.29318375864000007,
        0.28976593364000003,
        0.28989625964000004,
        0.29219780464000006,
        0.28989632164000007,
        0.29125544864,
        0.29068504764,
        0.29208248464000003,
        0.29341580264000006,
        0.28807406864000007
      ],
      "exit_codes": [
        0,
        0,
        0,
        0,
        0,
        0,
        0,
        0,
        0,
        0
      ]
    },
    {
      "command": "berry",
      "mean": 0.6991307501399999,
      "stddev": 0.012389755478371022,
      "median": 0.69805568814,
      "user": 0.82031094,
      "system": 0.13372242,
      "min": 0.68503786164,
      "max": 0.72201368564,
      "times": [
        0.69730090464,
        0.68687215064,
        0.68503786164,
        0.70165858464,
        0.72201368564,
        0.69068197864,
        0.70523264464,
        0.69881047164,
        0.68558140764,
        0.71811781164
      ],
      "exit_codes": [
        0,
        0,
        0,
        0,
        0,
        0,
        0,
        0,
        0,
        0
      ]
    },
    {
      "command": "pnpm",
      "mean": 0.69722916934,
      "stddev": 0.020758808584041426,
      "median": 0.69303265964,
      "user": 0.77418404,
      "system": 0.12457361999999998,
      "min": 0.67458997864,
      "max": 0.73935917564,
      "times": [
        0.68168202064,
        0.68752838464,
        0.71329197964,
        0.73935917564,
        0.69853693464,
        0.72285178464,
        0.67992769664,
        0.67560609264,
        0.67458997864,
        0.69891764564
      ],
      "exit_codes": [
        0,
        0,
        0,
        0,
        0,
        0,
        0,
        0,
        0,
        0
      ]
    },
    {
      "command": "vlt",
      "mean": 0.31471120474000003,
      "stddev": 0.004884345845582667,
      "median": 0.31395190914000004,
      "user": 0.32585264,
      "system": 0.06657922,
      "min": 0.30807087264000005,
      "max": 0.32610899264000004,
      "times": [
        0.31420430764000007,
        0.31603856464,
        0.31198671864000005,
        0.31319876264,
        0.32610899264000004,
        0.31369951064000007,
        0.31590311664000004,
        0.30807087264000005,
        0.30898902764,
        0.31891217364
      ],
      "exit_codes": [
        0,
        0,
        0,
        0,
        0,
        0,
        0,
        0,
        0,
        0
      ]
    },
    {
      "command": "bun",
      "mean": 0.01041371384,
      "stddev": 0.000538462003070003,
      "median": 0.010265519640000002,
      "user": 0.007010839999999999,
      "system": 0.009122619999999998,
      "min": 0.010067108640000001,
      "max": 0.01198356664,
      "times": [
        0.01198356664,
        0.01006738564,
        0.01045905964,
        0.01033675164,
        0.010305593640000001,
        0.01022181364,
        0.01009515764,
        0.01022544564,
        0.01037525564,
        0.010067108640000001
      ],
      "exit_codes": [
        0,
        0,
        0,
        0,
        0,
        0,
        0,
        0,
        0,
        0
      ]
    },
    {
      "command": "deno",
      "mean": 0.040901026140000005,
      "stddev": 0.00023783504522893652,
      "median": 0.040981679640000004,
      "user": 0.02440274,
      "system": 0.020591320000000003,
      "min": 0.040516822640000005,
      "max": 0.04129252364000001,
      "times": [
        0.041112608640000006,
        0.04052312064000001,
        0.04129252364000001,
        0.040516822640000005,
        0.04097929964000001,
        0.041053459640000005,
        0.040728700640000004,
        0.04098405964000001,
        0.040835387640000005,
        0.04098427864
      ],
      "exit_codes": [
        0,
        0,
        0,
        0,
        0,
        0,
        0,
        0,
        0,
        0
      ]
    }
  ]
}