{
  "results": [
    {
      "command": "npm",
      "mean": 19.19241868972,
      "stddev": 0.5229367909669377,
      "median": 19.141872351419998,
      "user": 14.340339660000001,
      "system": 5.671940800000001,
      "min": 18.443495404420002,
      "max": 20.12572927542,
      "times": [
        19.15507162042,
        18.443495404420002,
        18.76248234542,
        20.12572927542,
        19.406585402420003,
        18.47422911442,
        19.72554467842,
        19.67987341742,
        19.02250255642,
        19.12867308242
      ],
      "exit_codes": [
        0,
        0,
        0,
        0,
        0,
        0,
        0,
        0,
        0,
        0
      ]
    },
    {
      "command": "snpm",
      "mean": 0.6160674613200001,
      "stddev": 0.005723796516266308,
      "median": 0.61453790042,
      "user": 0.39186956,
      "system": 0.2328879,
      "min": 0.6090938214200001,
      "max": 0.62748005242,
      "times": [
        0.6175229314200001,
        0.62748005242,
        0.61460773842,
        0.6125175774200001,
        0.6256481504200001,
        0.6158505604200001,
        0.6090938214200001,
        0.6119545514200001,
        0.6115311674200001,
        0.6144680624200001
      ],
      "exit_codes": [
        0,
        0,
        0,
        0,
        0,
        0,
        0,
        0,
        0,
        0
      ]
    },
    {
      "command": "yarn",
      "mean": 23.71256767362,
      "stddev": 0.5562881557890648,
      "median": 23.58246617092,
      "user": 30.94405016,
      "system": 14.3384277,
      "min": 23.02312197042,
      "max": 25.172166512420002,
      "times": [
        23.43491175342,
        23.77176121842,
        23.47066087342,
        23.694271468420002,
        23.02312197042,
        23.83971015442,
        25.172166512420002,
        23.46139377442,
        23.271015325420002,
        23.98666368542
      ],
      "exit_codes": [
        0,
        0,
        0,
        0,
        0,
        0,
        0,
        0,
        0,
        0
      ]
    },
    {
      "command": "berry",
      "mean": 9.15413959222,
      "stddev": 0.24033405309746556,
      "median": 9.128647037419999,
      "user": 15.351328659999998,
      "system": 5.418682799999999,
      "min": 8.843659880419999,
      "max": 9.713130141419999,
      "times": [
        9.03087601042,
        9.111482774419999,
        8.88678592542,
        9.277093686419999,
        8.975616283419999,
        9.244770811419999,
        8.843659880419999,
        9.713130141419999,
        9.14581130042,
        9.31216910842
      ],
      "exit_codes": [
        0,
        0,
        0,
        0,
        0,
        0,
        0,
        0,
        0,
        0
      ]
    },
    {
      "command": "pnpm",
      "mean": 5.24602092262,
      "stddev": 0.15310435247826587,
      "median": 5.22102878492,
      "user": 9.852617660000002,
      "system": 3.6049766000000005,
      "min": 5.06500617642,
      "max": 5.66297050942,
      "times": [
        5.06500617642,
        5.23968791342,
        5.11827702642,
        5.20236965642,
        5.253315397420001,
        5.2634000934200005,
        5.19547182942,
        5.28507749242,
        5.66297050942,
        5.17463313142
      ],
      "exit_codes": [
        0,
        0,
        0,
        0,
        0,
        0,
        0,
        0,
        0,
        0
      ]
    },
    {
      "command": "vlt",
      "mean": 8.19675986472,
      "stddev": 0.22446562400975,
      "median": 8.15492895892,
      "user": 10.08897246,
      "system": 4.6773026,
      "min": 7.932338515420001,
      "max": 8.71087108842,
      "times": [
        8.21191600742,
        7.932338515420001,
        7.994575144420001,
        8.02867259242,
        8.441296550419999,
        8.280994928419998,
        8.223504799419999,
        8.71087108842,
        8.09794191042,
        8.04548711042
      ],
      "exit_codes": [
        0,
        0,
        0,
        0,
        0,
        0,
        0,
        0,
        0,
        0
      ]
    },
    {
      "command": "bun",
      "mean": 2.79981220572,
      "stddev": 0.22451038562955583,
      "median": 2.71230985742,
      "user": 3.3480609599999993,
      "system": 3.1892447999999995,
      "min": 2.6040866614200002,
      "max": 3.3592196214200003,
      "times": [
        2.6040866614200002,
        2.7203492554200004,
        2.6630489544200002,
        2.6353409554200002,
        2.7730298654200003,
        3.3592196214200003,
        2.8630756024200004,
        2.70427045942,
        3.0427809044200003,
        2.63291977742
      ],
      "exit_codes": [
        0,
        0,
        0,
        0,
        0,
        0,
        0,
        0,
        0,
        0
      ]
    },
    {
      "command": "deno",
      "mean": 9.288688212619999,
      "stddev": 0.5395619992675313,
      "median": 9.370110293419998,
      "user": 6.52648236,
      "system": 2.6401557,
      "min": 8.53937770042,
      "max": 10.562751970419999,
      "times": [
        9.51647154442,
        9.197862645419999,
        9.38479065942,
        8.53937770042,
        9.374811660419999,
        8.96098481042,
        9.365408926419999,
        10.562751970419999,
        8.56753098342,
        9.416891225419999
      ],
      "exit_codes": [
        0,
        0,
        0,
        0,
        0,
        0,
        0,
        0,
        0,
        0
      ]
    }
  ]
}