{
  "results": [
    {
      "command": "npm",
      "mean": 4.636890972,
      "stddev": 0.5841422180753858,
      "median": 4.5366882586,
      "user": 1.5016190799999998,
      "system": 0.29222102000000005,
      "min": 4.016263449599999,
      "max": 5.6577408795999995,
      "times": [
        5.6260902816,
        4.6468074216,
        4.016263449599999,
        4.4849217416,
        4.5884547756,
        4.2076370726,
        4.0700060526,
        4.0586954136,
        5.6577408795999995,
        5.012292631599999
      ],
      "exit_codes": [
        0,
        0,
        0,
        0,
        0,
        0,
        0,
        0,
        0,
        0
      ]
    },
    {
      "command": "snpm",
      "mean": 0.6227389125,
      "stddev": 0.004768946684477496,
      "median": 0.6225629541000001,
      "user": 0.40664588,
      "system": 0.22376641999999997,
      "min": 0.6155910576000001,
      "max": 0.6294476136,
      "times": [
        0.6294476136,
        0.6253507956000001,
        0.6279161926000001,
        0.6219810486,
        0.6199076926,
        0.6155910576000001,
        0.6192407186000001,
        0.6162204006,
        0.6285887456000001,
        0.6231448596000001
      ],
      "exit_codes": [
        0,
        0,
        0,
        0,
        0,
        0,
        0,
        0,
        0,
        0
      ]
    },
    {
      "command": "yarn",
      "mean": 24.896437931199998,
      "stddev": 0.7643400752204847,
      "median": 24.722072563599998,
      "user": 31.679342280000004,
      "system": 15.765887319999996,
      "min": 23.9409338056,
      "max": 26.277148395599998,
      "times": [
        24.3025830186,
        24.575511069599997,
        23.9409338056,
        24.1308979146,
        24.4349501486,
        24.868634057599998,
        25.243816837599997,
        26.277148395599998,
        25.0157980246,
        26.174106039599998
      ],
      "exit_codes": [
        0,
        0,
        0,
        0,
        0,
        0,
        0,
        0,
        0,
        0
      ]
    },
    {
      "command": "berry",
      "mean": 6.6742016403,
      "stddev": 0.1547161189418043,
      "median": 6.6285300576,
      "user": 12.32799508,
      "system": 3.4769286200000002,
      "min": 6.4754533396,
      "max": 7.008053826599999,
      "times": [
        6.7464436046,
        6.7235192455999995,
        7.008053826599999,
        6.4924428446,
        6.4754533396,
        6.6061194636,
        6.8489880676,
        6.5839358956,
        6.6180408176,
        6.6390192976
      ],
      "exit_codes": [
        0,
        0,
        0,
        0,
        0,
        0,
        0,
        0,
        0,
        0
      ]
    },
    {
      "command": "pnpm",
      "mean": 4.5007173455,
      "stddev": 0.08070481693698205,
      "median": 4.4761457316,
      "user": 6.791642779999999,
      "system": 2.39147502,
      "min": 4.4342318116,
      "max": 4.7322347826,
      "times": [
        4.7322347826,
        4.4797234856,
        4.5125297326,
        4.4725679776,
        4.5123477765999995,
        4.4678595356,
        4.4456946386,
        4.4656816226,
        4.4342318116,
        4.4843020916
      ],
      "exit_codes": [
        0,
        0,
        0,
        0,
        0,
        0,
        0,
        0,
        0,
        0
      ]
    },
    {
      "command": "vlt",
      "mean": 0.3368377724,
      "stddev": 0.0023998685743653533,
      "median": 0.33608008660000005,
      "user": 0.35544728000000003,
      "system": 0.07793441999999999,
      "min": 0.3340348006,
      "max": 0.34204922560000006,
      "times": [
        0.33522633660000006,
        0.34027209960000004,
        0.3340348006,
        0.34204922560000006,
        0.3346273356,
        0.3370701936,
        0.33594806960000007,
        0.33621210360000003,
        0.33741510760000004,
        0.33552245160000005
      ],
      "exit_codes": [
        0,
        0,
        0,
        0,
        0,
        0,
        0,
        0,
        0,
        0
      ]
    },
    {
      "command": "bun",
      "mean": 2.6122229747,
      "stddev": 0.13954297446711744,
      "median": 2.5805013206,
      "user": 3.33889598,
      "system": 3.00823312,
      "min": 2.4654672385999996,
      "max": 2.9652631765999997,
      "times": [
        2.5220300235999997,
        2.5693538586,
        2.6369412035999997,
        2.5291250526,
        2.4654672385999996,
        2.4719149816,
        2.6971927526,
        2.6732926766,
        2.9652631765999997,
        2.5916487826
      ],
      "exit_codes": [
        0,
        0,
        0,
        0,
        0,
        0,
        0,
        0,
        0,
        0
      ]
    },
    {
      "command": "deno",
      "mean": 8.5259275037,
      "stddev": 0.667823187560032,
      "median": 8.4589348321,
      "user": 3.72007938,
      "system": 0.84102882,
      "min": 7.6486705615999995,
      "max": 9.9932740476,
      "times": [
        8.450022456600001,
        7.857077815599999,
        8.850324436600001,
        8.017171584600002,
        8.9743205496,
        8.4678472076,
        9.0073631296,
        7.9932032475999995,
        9.9932740476,
        7.6486705615999995
      ],
      "exit_codes": [
        0,
        0,
        0,
        0,
        0,
        0,
        0,
        0,
        0,
        0
      ]
    }
  ]
}