{
  "results": [
    {
      "command": "npm",
      "mean": 0.10116050800000002,
      "stddev": 0.0023954773927493144,
      "median": 0.10095970250000001,
      "user": 0.0930693,
      "system": 0.02432672,
      "min": 0.09762685950000001,
      "max": 0.10621456550000001,
      "times": [
        0.10094886650000001,
        0.10287351250000001,
        0.10621456550000001,
        0.09883560250000001,
        0.09847923750000001,
        0.10097053850000001,
        0.1007108745,
        0.09762685950000001,
        0.10269433550000001,
        0.1022506875
      ],
      "exit_codes": [
        0,
        0,
        0,
        0,
        0,
        0,
        0,
        0,
        0,
        0
      ]
    },
    {
      "command": "snpm",
      "mean": 0.027596197299999996,
      "stddev": 0.00034243096316156945,
      "median": 0.0277128045,
      "user": 0.0163788,
      "system": 0.013482820000000001,
      "min": 0.0268330315,
      "max": 0.0279345485,
      "times": [
        0.0268330315,
        0.027647012500000002,
        0.027778596500000002,
        0.027835178500000002,
        0.027877487500000003,
        0.0279129145,
        0.027432492500000002,
        0.0279345485,
        0.0275292515,
        0.0271814595
      ],
      "exit_codes": [
        0,
        0,
        0,
        0,
        0,
        0,
        0,
        0,
        0,
        0
      ]
    },
    {
      "command": "yarn",
      "mean": 0.18015976120000002,
      "stddev": 0.0015218279217930734,
      "median": 0.179882267,
      "user": 0.1439434,
      "system": 0.04655262,
      "min": 0.1777745795,
      "max": 0.18320045550000003,
      "times": [
        0.1797508965,
        0.17843374950000002,
        0.18001363750000002,
        0.1790998825,
        0.18124769950000003,
        0.1814921475,
        0.18320045550000003,
        0.1777745795,
        0.1809777455,
        0.17960681850000002
      ],
      "exit_codes": [
        0,
        0,
        0,
        0,
        0,
        0,
        0,
        0,
        0,
        0
      ]
    },
    {
      "command": "berry",
      "mean": 0.31001751890000007,
      "stddev": 0.00666794933577736,
      "median": 0.3116171845,
      "user": 0.35049749999999996,
      "system": 0.06403391999999998,
      "min": 0.2990182495,
      "max": 0.3219704005,
      "times": [
        0.2990182495,
        0.3114283725,
        0.3126916475,
        0.31565569849999997,
        0.3139799425,
        0.3032844045,
        0.3118059965,
        0.3219704005,
        0.3089519775,
        0.3013884995
      ],
      "exit_codes": [
        0,
        0,
        0,
        0,
        0,
        0,
        0,
        0,
        0,
        0
      ]
    },
    {
      "command": "pnpm",
      "mean": 0.4242600304,
      "stddev": 0.0065046527191942784,
      "median": 0.423875439,
      "user": 0.44222709999999993,
      "system": 0.07569531999999998,
      "min": 0.4125627245,
      "max": 0.4328838765,
      "times": [
        0.4229167725,
        0.4328838765,
        0.4312720545,
        0.4149312635,
        0.42434708050000003,
        0.4125627245,
        0.4211558675,
        0.4314713065,
        0.4234037975,
        0.4276555605
      ],
      "exit_codes": [
        0,
        0,
        0,
        0,
        0,
        0,
        0,
        0,
        0,
        0
      ]
    },
    {
      "command": "vlt",
      "mean": 0.2232230786,
      "stddev": 0.0023639220723376,
      "median": 0.22275118100000002,
      "user": 0.2175957,
      "system": 0.05634572,
      "min": 0.2201012575,
      "max": 0.22770175950000002,
      "times": [
        0.22333173450000002,
        0.2271405965,
        0.22123476350000001,
        0.2201012575,
        0.22217062750000002,
        0.2236173945,
        0.22362247650000003,
        0.22770175950000002,
        0.2221160275,
        0.22119414850000002
      ],
      "exit_codes": [
        0,
        0,
        0,
        0,
        0,
        0,
        0,
        0,
        0,
        0
      ]
    },
    {
      "command": "bun",
      "mean": 0.014879864699999999,
      "stddev": 0.0000942556113934865,
      "median": 0.014831183,
      "user": 0.0059495,
      "system": 0.008955219999999998,
      "min": 0.0147899455,
      "max": 0.0150655195,
      "times": [
        0.0147899455,
        0.0148127595,
        0.0148239195,
        0.0150655195,
        0.0148091615,
        0.0148329565,
        0.0148294095,
        0.0148584135,
        0.015037988499999998,
        0.0149385735
      ],
      "exit_codes": [
        0,
        0,
        0,
        0,
        0,
        0,
        0,
        0,
        0,
        0
      ]
    },
    {
      "command": "deno",
      "mean": 0.057092067499999996,
      "stddev": 0.00042830365731382663,
      "median": 0.057269414500000004,
      "user": 0.035587600000000004,
      "system": 0.02759342,
      "min": 0.05613405950000001,
      "max": 0.05757391750000001,
      "times": [
        0.05734956150000001,
        0.05613405950000001,
        0.057308924500000004,
        0.0572367885,
        0.05719119350000001,
        0.05663190750000001,
        0.057302040500000005,
        0.05747330950000001,
        0.056718972500000006,
        0.05757391750000001
      ],
      "exit_codes": [
        0,
        0,
        0,
        0,
        0,
        0,
        0,
        0,
        0,
        0
      ]
    },
    {
      "command": "nx",
      "mean": 0.8163874583,
      "stddev": 0.011671319080579029,
      "median": 0.8137549825000001,
      "user": 0.6099509,
      "system": 0.15477272,
      "min": 0.7991343925000001,
      "max": 0.8439768385,
      "times": [
        0.8164985035,
        0.8439768385,
        0.8185165485,
        0.8138823495,
        0.7991343925000001,
        0.8131738975,
        0.8128485565,
        0.8046643835,
        0.8275514975,
        0.8136276155000001
      ],
      "exit_codes": [
        0,
        0,
        0,
        0,
        0,
        0,
        0,
        0,
        0,
        0
      ]
    },
    {
      "command": "turbo",
      "mean": 0.3899492176,
      "stddev": 0.033175917049340885,
      "median": 0.37709272250000003,
      "user": 0.12698389999999998,
      "system": 0.07983771999999999,
      "min": 0.3633112435,
      "max": 0.4827175795,
      "times": [
        0.3754831245,
        0.3705424955,
        0.3894190455,
        0.3732144705,
        0.3805381095,
        0.3774240605,
        0.4100806625,
        0.3767613845,
        0.4827175795,
        0.3633112435
      ],
      "exit_codes": [
        0,
        0,
        0,
        0,
        0,
        0,
        0,
        0,
        0,
        0
      ]
    },
    {
      "command": "node",
      "mean": 0.005222782600000001,
      "stddev": 0.00009104222460863963,
      "median": 0.00524377,
      "user": 0.0013285999999999997,
      "system": 0.00390222,
      "min": 0.005091387500000001,
      "max": 0.0053837025,
      "times": [
        0.0052662725,
        0.005091387500000001,
        0.0051185175,
        0.0052277815000000005,
        0.0053837025,
        0.0053022075,
        0.005295414500000001,
        0.0052597585,
        0.005122161500000001,
        0.005160622500000001
      ],
      "exit_codes": [
        0,
        0,
        0,
        0,
        0,
        0,
        0,
        0,
        0,
        0
      ]
    }
  ]
}