{
  "results": [
    {
      "command": "npm",
      "mean": 6.3744565796599995,
      "stddev": 0.22065863603163954,
      "median": 6.50128921786,
      "user": 3.41661932,
      "system": 0.79568608,
      "min": 5.93807779886,
      "max": 6.56577870986,
      "times": [
        6.55824021286,
        5.93807779886,
        6.07154960386,
        6.55235630386,
        6.17635613286,
        6.48239814286,
        6.56577870986,
        6.33488447686,
        6.52018029286,
        6.54474412186
      ],
      "exit_codes": [
        0,
        0,
        0,
        0,
        0,
        0,
        0,
        0,
        0,
        0
      ]
    },
    {
      "command": "snpm",
      "mean": 0.09366020875999999,
      "stddev": 0.0011174600380098123,
      "median": 0.09354603236,
      "user": 0.06480411999999999,
      "system": 0.03229278,
      "min": 0.09220062486,
      "max": 0.09564773886,
      "times": [
        0.09409746486000001,
        0.09403004986,
        0.09226753786,
        0.09300200486,
        0.09386599586000001,
        0.09220062486,
        0.09322606886,
        0.09536299186,
        0.09564773886,
        0.09290160986
      ],
      "exit_codes": [
        0,
        0,
        0,
        0,
        0,
        0,
        0,
        0,
        0,
        0
      ]
    },
    {
      "command": "yarn",
      "mean": 5.29653634406,
      "stddev": 0.2607353287785711,
      "median": 5.20354284686,
      "user": 6.14573282,
      "system": 1.5331534799999997,
      "min": 5.04911594386,
      "max": 5.91051643386,
      "times": [
        5.07058433986,
        5.14109658086,
        5.04911594386,
        5.35083469486,
        5.26076575286,
        5.58981597186,
        5.07678400886,
        5.36952977286,
        5.14631994086,
        5.91051643386
      ],
      "exit_codes": [
        0,
        0,
        0,
        0,
        0,
        0,
        0,
        0,
        0,
        0
      ]
    },
    {
      "command": "berry",
      "mean": 2.7257022296600004,
      "stddev": 0.04090561778695315,
      "median": 2.72754941886,
      "user": 4.19735202,
      "system": 0.9212991799999999,
      "min": 2.65234771686,
      "max": 2.78597370686,
      "times": [
        2.65234771686,
        2.78494281686,
        2.7308597158600003,
        2.72592500386,
        2.72917383386,
        2.67061136486,
        2.78597370686,
        2.72224764686,
        2.75111154786,
        2.70382894286
      ],
      "exit_codes": [
        0,
        0,
        0,
        0,
        0,
        0,
        0,
        0,
        0,
        0
      ]
    },
    {
      "command": "pnpm",
      "mean": 2.32866687956,
      "stddev": 2.8962021948219077,
      "median": 1.3759246868600001,
      "user": 2.17306842,
      "system": 0.44372768,
      "min": 1.28991227186,
      "max": 11.01651240986,
      "times": [
        1.3756687838600001,
        1.42770496286,
        1.40569037686,
        1.37959373486,
        1.31781289086,
        1.28991227186,
        1.3367765338600002,
        11.01651240986,
        1.3608162408600002,
        1.3761805898600001
      ],
      "exit_codes": [
        0,
        0,
        0,
        0,
        0,
        0,
        0,
        0,
        0,
        0
      ]
    },
    {
      "command": "vlt",
      "mean": 2.96672045006,
      "stddev": 0.12435419317908507,
      "median": 2.99626484786,
      "user": 1.9765575199999996,
      "system": 0.53751878,
      "min": 2.80132271486,
      "max": 3.22295681286,
      "times": [
        3.01965243686,
        2.80132271486,
        2.82485729486,
        3.03797696286,
        3.22295681286,
        3.02459733686,
        2.8692553488600003,
        2.84699100086,
        2.97287725886,
        3.04671733286
      ],
      "exit_codes": [
        0,
        0,
        0,
        0,
        0,
        0,
        0,
        0,
        0,
        0
      ]
    },
    {
      "command": "bun",
      "mean": 0.46514679676000004,
      "stddev": 0.0905088066860869,
      "median": 0.42547044136,
      "user": 0.44430581999999996,
      "system": 0.24225628000000002,
      "min": 0.38392771686,
      "max": 0.69747865486,
      "times": [
        0.5552237928600001,
        0.42088183686,
        0.38738228986,
        0.42337237486,
        0.46347674286,
        0.42756850786,
        0.47192356586,
        0.69747865486,
        0.38392771686,
        0.42023248486000003
      ],
      "exit_codes": [
        0,
        0,
        0,
        0,
        0,
        0,
        0,
        0,
        0,
        0
      ]
    },
    {
      "command": "deno",
      "mean": 2.68064461816,
      "stddev": 0.2500350839659285,
      "median": 2.66006900186,
      "user": 1.14105002,
      "system": 0.30008458,
      "min": 2.24682722086,
      "max": 3.09017827186,
      "times": [
        2.24682722086,
        2.50190967286,
        2.67704184286,
        2.82395100586,
        2.82354953786,
        2.53154016686,
        3.09017827186,
        2.64309616086,
        2.44523920886,
        3.02311309286
      ],
      "exit_codes": [
        0,
        0,
        0,
        0,
        0,
        0,
        0,
        0,
        0,
        0
      ]
    }
  ]
}