{
  "results": [
    {
      "command": "npm",
      "mean": 0.6025211128,
      "stddev": 0.00532065271968995,
      "median": 0.6029549394,
      "user": 0.6745717200000001,
      "system": 0.11286161999999997,
      "min": 0.5964068159,
      "max": 0.6151384369,
      "times": [
        0.6151384369,
        0.5971082598999999,
        0.5964068159,
        0.6044576999,
        0.5987305309,
        0.6047137399,
        0.5975776599,
        0.6040652948999999,
        0.6018445839,
        0.6051681059
      ],
      "exit_codes": [
        0,
        0,
        0,
        0,
        0,
        0,
        0,
        0,
        0,
        0
      ]
    },
    {
      "command": "snpm",
      "mean": 0.0326193566,
      "stddev": 0.0002935531939734431,
      "median": 0.0325038854,
      "user": 0.022472219999999998,
      "system": 0.01236502,
      "min": 0.0321869809,
      "max": 0.033097885900000006,
      "times": [
        0.0330809039,
        0.032460926900000006,
        0.0324047089,
        0.032450990900000004,
        0.0321869809,
        0.0324751999,
        0.0325647399,
        0.0329386579,
        0.033097885900000006,
        0.0325325709
      ],
      "exit_codes": [
        0,
        0,
        0,
        0,
        0,
        0,
        0,
        0,
        0,
        0
      ]
    },
    {
      "command": "yarn",
      "mean": 0.3047093618000001,
      "stddev": 0.003133290668046751,
      "median": 0.3050221719,
      "user": 0.33854742,
      "system": 0.062364719999999985,
      "min": 0.3006904549,
      "max": 0.3125980089,
      "times": [
        0.30490366290000004,
        0.3125980089,
        0.3051406809,
        0.3006904549,
        0.30240427890000005,
        0.3060568269,
        0.30542685290000005,
        0.30525062490000004,
        0.30256501290000004,
        0.3020572139
      ],
      "exit_codes": [
        0,
        0,
        0,
        0,
        0,
        0,
        0,
        0,
        0,
        0
      ]
    },
    {
      "command": "berry",
      "mean": 3.8357405688,
      "stddev": 0.0528361991352148,
      "median": 3.8134176724,
      "user": 7.292987119999999,
      "system": 1.9345805199999997,
      "min": 3.7506196719,
      "max": 3.9390576549,
      "times": [
        3.7506196719,
        3.8061066639,
        3.8544088549,
        3.9390576549,
        3.8006499199,
        3.8751512179,
        3.8192822289,
        3.8990448349,
        3.8055315249,
        3.8075531159000002
      ],
      "exit_codes": [
        0,
        0,
        0,
        0,
        0,
        0,
        0,
        0,
        0,
        0
      ]
    },
    {
      "command": "pnpm",
      "mean": 0.7321287928,
      "stddev": 0.017380174250503307,
      "median": 0.7300591694,
      "user": 0.8790976199999999,
      "system": 0.16855482000000002,
      "min": 0.7072810709,
      "max": 0.7619003519,
      "times": [
        0.7619003519,
        0.7558885079,
        0.7275997489,
        0.7084307099,
        0.7359741559,
        0.7072810709,
        0.7224138589,
        0.7457844879,
        0.7234964459,
        0.7325185899
      ],
      "exit_codes": [
        0,
        0,
        0,
        0,
        0,
        0,
        0,
        0,
        0,
        0
      ]
    },
    {
      "command": "vlt",
      "mean": 0.3377130077,
      "stddev": 0.003623912575062041,
      "median": 0.3374426394,
      "user": 0.3613893199999999,
      "system": 0.07634712,
      "min": 0.33176651090000003,
      "max": 0.34454436990000004,
      "times": [
        0.3370858679,
        0.33779941090000004,
        0.33617091790000003,
        0.3350374689,
        0.33922502590000003,
        0.3379883979,
        0.33176651090000003,
        0.3345832939,
        0.34454436990000004,
        0.34292881290000005
      ],
      "exit_codes": [
        0,
        0,
        0,
        0,
        0,
        0,
        0,
        0,
        0,
        0
      ]
    },
    {
      "command": "bun",
      "mean": 0.013970286000000002,
      "stddev": 0.00018382279267460297,
      "median": 0.0138913804,
      "user": 0.008287319999999999,
      "system": 0.01124412,
      "min": 0.0137446399,
      "max": 0.0142889099,
      "times": [
        0.0138917869,
        0.0141764549,
        0.0138247279,
        0.0141945009,
        0.0140571959,
        0.0137446399,
        0.0138909739,
        0.0138637679,
        0.0137699019,
        0.0142889099
      ],
      "exit_codes": [
        0,
        0,
        0,
        0,
        0,
        0,
        0,
        0,
        0,
        0
      ]
    },
    {
      "command": "deno",
      "mean": 0.1533329293,
      "stddev": 0.01556227630814951,
      "median": 0.14790448490000002,
      "user": 0.03216242,
      "system": 0.02447112,
      "min": 0.1377590569,
      "max": 0.1822526439,
      "times": [
        0.16352208690000003,
        0.1377590569,
        0.15469071790000002,
        0.17851042090000002,
        0.1510724139,
        0.1447365559,
        0.13882373690000002,
        0.1388942669,
        0.1822526439,
        0.1430673929
      ],
      "exit_codes": [
        0,
        0,
        0,
        0,
        0,
        0,
        0,
        0,
        0,
        0
      ]
    }
  ]
}