{
  "results": [
    {
      "command": "npm",
      "mean": 9.097686622380001,
      "stddev": 0.035274139740003506,
      "median": 9.09611532048,
      "user": 11.420193819999998,
      "system": 3.3167666,
      "min": 9.04233334098,
      "max": 9.14498534398,
      "times": [
        9.09524909498,
        9.14498534398,
        9.08395784998,
        9.13828779498,
        9.09698154598,
        9.05434307098,
        9.13320806398,
        9.126370251980001,
        9.061149865980001,
        9.04233334098
      ],
      "exit_codes": [
        0,
        0,
        0,
        0,
        0,
        0,
        0,
        0,
        0,
        0
      ]
    },
    {
      "command": "snpm",
      "mean": 0.6022797358800001,
      "stddev": 0.008075837620298005,
      "median": 0.6013866209800001,
      "user": 0.38536712,
      "system": 0.2270028,
      "min": 0.5928028959800001,
      "max": 0.6234343509800001,
      "times": [
        0.5928028959800001,
        0.6011441839800001,
        0.6009306779800001,
        0.6016290579800001,
        0.6031122909800001,
        0.6053687199800001,
        0.6035624329800001,
        0.5938309389800001,
        0.6234343509800001,
        0.5969818089800001
      ],
      "exit_codes": [
        0,
        0,
        0,
        0,
        0,
        0,
        0,
        0,
        0,
        0
      ]
    },
    {
      "command": "yarn",
      "mean": 9.60817579318,
      "stddev": 0.5701359776655995,
      "median": 9.42975110498,
      "user": 4.830838819999999,
      "system": 3.3300197999999996,
      "min": 8.87096677898,
      "max": 10.79561749498,
      "times": [
        9.49395651498,
        10.79561749498,
        9.76654432798,
        9.301450472980001,
        8.87096677898,
        9.59526674398,
        9.36554569498,
        10.48820568098,
        9.23010268098,
        9.17410154098
      ],
      "exit_codes": [
        0,
        0,
        0,
        0,
        0,
        0,
        0,
        0,
        0,
        0
      ]
    },
    {
      "command": "berry",
      "mean": 4.399381495380001,
      "stddev": 0.051016504337235036,
      "median": 4.38398004948,
      "user": 5.99042282,
      "system": 1.7297291000000001,
      "min": 4.334749539980001,
      "max": 4.50084260698,
      "times": [
        4.38161628898,
        4.49011476198,
        4.37051634198,
        4.334749539980001,
        4.3863438099800005,
        4.35976999098,
        4.50084260698,
        4.379596916980001,
        4.39322545998,
        4.39703923598
      ],
      "exit_codes": [
        0,
        0,
        0,
        0,
        0,
        0,
        0,
        0,
        0,
        0
      ]
    },
    {
      "command": "pnpm",
      "mean": 3.59716986698,
      "stddev": 0.2603727450695805,
      "median": 3.4891847704799996,
      "user": 4.33854382,
      "system": 1.3737188999999999,
      "min": 3.36544764898,
      "max": 4.24386184898,
      "times": [
        3.83708606098,
        3.41370238198,
        3.50255045798,
        3.4716914429799997,
        3.75795023298,
        3.5120940409799997,
        4.24386184898,
        3.4758190829799998,
        3.39149547098,
        3.36544764898
      ],
      "exit_codes": [
        0,
        0,
        0,
        0,
        0,
        0,
        0,
        0,
        0,
        0
      ]
    },
    {
      "command": "vlt",
      "mean": 2.0252446151799997,
      "stddev": 0.010738677238722313,
      "median": 2.02264615098,
      "user": 2.38808352,
      "system": 1.6515681,
      "min": 2.01334406998,
      "max": 2.05275300898,
      "times": [
        2.02022154398,
        2.05275300898,
        2.01334406998,
        2.02011835798,
        2.02286860698,
        2.02626844998,
        2.03428497098,
        2.02526135998,
        2.01490208798,
        2.0224236949799996
      ],
      "exit_codes": [
        0,
        0,
        0,
        0,
        0,
        0,
        0,
        0,
        0,
        0
      ]
    },
    {
      "command": "bun",
      "mean": 0.33564039818,
      "stddev": 0.007410090579230294,
      "median": 0.33333905548000003,
      "user": 0.14725682,
      "system": 0.2883791,
      "min": 0.33156601098,
      "max": 0.35755916098,
      "times": [
        0.33360045998000004,
        0.33203159998000004,
        0.33375192498,
        0.33307765098000003,
        0.33605931698,
        0.35755916098,
        0.33194277898,
        0.33272796098,
        0.33408711698,
        0.33156601098
      ],
      "exit_codes": [
        0,
        0,
        0,
        0,
        0,
        0,
        0,
        0,
        0,
        0
      ]
    },
    {
      "command": "deno",
      "mean": 1.11961792758,
      "stddev": 0.012548119536848066,
      "median": 1.1172823629800002,
      "user": 1.1396398199999997,
      "system": 0.6966434,
      "min": 1.09833896698,
      "max": 1.14379083698,
      "times": [
        1.12297857098,
        1.11313970798,
        1.11799304498,
        1.13110574498,
        1.10572412798,
        1.14379083698,
        1.13103328898,
        1.11550330498,
        1.09833896698,
        1.1165716809800001
      ],
      "exit_codes": [
        0,
        0,
        0,
        0,
        0,
        0,
        0,
        0,
        0,
        0
      ]
    }
  ]
}