{
  "results": [
    {
      "command": "npm",
      "mean": 0.55858372622,
      "stddev": 0.004212965224141725,
      "median": 0.55769940842,
      "user": 0.61155948,
      "system": 0.10966318,
      "min": 0.55281663242,
      "max": 0.56665113142,
      "times": [
        0.55956588742,
        0.56341942142,
        0.55389137042,
        0.55651406342,
        0.5574679034200001,
        0.55793091342,
        0.56665113142,
        0.56244659142,
        0.55513334742,
        0.55281663242
      ],
      "exit_codes": [
        0,
        0,
        0,
        0,
        0,
        0,
        0,
        0,
        0,
        0
      ]
    },
    {
      "command": "snpm",
      "mean": 0.031530759219999996,
      "stddev": 0.00020614384625489187,
      "median": 0.03158294292,
      "user": 0.019858880000000002,
      "system": 0.01382448,
      "min": 0.031173752420000003,
      "max": 0.03178323242,
      "times": [
        0.03178323242,
        0.03174032542000001,
        0.03162763142,
        0.03153825442,
        0.03138961442,
        0.03170021942,
        0.03121251742,
        0.03168772542000001,
        0.031173752420000003,
        0.03145431942
      ],
      "exit_codes": [
        0,
        0,
        0,
        0,
        0,
        0,
        0,
        0,
        0,
        0
      ]
    },
    {
      "command": "yarn",
      "mean": 0.30842574672,
      "stddev": 0.003467712807934993,
      "median": 0.30849752092000005,
      "user": 0.35111638,
      "system": 0.06515688,
      "min": 0.30423272042,
      "max": 0.31519333942,
      "times": [
        0.30824493142000003,
        0.30423272042,
        0.30433072242000003,
        0.30572033742,
        0.30526800642,
        0.31113159142,
        0.31228497542,
        0.30875011042,
        0.31519333942,
        0.30910073242
      ],
      "exit_codes": [
        0,
        0,
        0,
        0,
        0,
        0,
        0,
        0,
        0,
        0
      ]
    },
    {
      "command": "berry",
      "mean": 5.378285869320001,
      "stddev": 0.1043493827673341,
      "median": 5.3860676864200006,
      "user": 9.412755979999998,
      "system": 3.21776748,
      "min": 5.2268770814200005,
      "max": 5.61063390342,
      "times": [
        5.61063390342,
        5.2268770814200005,
        5.3610385034200005,
        5.37193095942,
        5.4170812474200005,
        5.40020441342,
        5.429261382420001,
        5.2851537544200005,
        5.42837928542,
        5.252298162420001
      ],
      "exit_codes": [
        0,
        0,
        0,
        0,
        0,
        0,
        0,
        0,
        0,
        0
      ]
    },
    {
      "command": "pnpm",
      "mean": 0.7470351453200001,
      "stddev": 0.015589568635594775,
      "median": 0.74167814442,
      "user": 0.82000528,
      "system": 0.15599538,
      "min": 0.72517721142,
      "max": 0.77391870742,
      "times": [
        0.77243784542,
        0.7588622004200001,
        0.7485255954200001,
        0.77391870742,
        0.7383272764200001,
        0.74398077642,
        0.73368999842,
        0.73937551242,
        0.72517721142,
        0.73605632942
      ],
      "exit_codes": [
        0,
        0,
        0,
        0,
        0,
        0,
        0,
        0,
        0,
        0
      ]
    },
    {
      "command": "vlt",
      "mean": 0.33054358361999997,
      "stddev": 0.0023273145140796903,
      "median": 0.33128468542,
      "user": 0.35134257999999996,
      "system": 0.07327157999999998,
      "min": 0.32610062342,
      "max": 0.33307766642000003,
      "times": [
        0.33035366242,
        0.33183638142,
        0.32784228842,
        0.33206776642,
        0.33286878942000003,
        0.32610062342,
        0.33073298942,
        0.33307766642000003,
        0.32792292142,
        0.33263274742000004
      ],
      "exit_codes": [
        0,
        0,
        0,
        0,
        0,
        0,
        0,
        0,
        0,
        0
      ]
    },
    {
      "command": "bun",
      "mean": 0.011601591319999998,
      "stddev": 0.0006196443165822551,
      "median": 0.011294430920000001,
      "user": 0.00835598,
      "system": 0.00913768,
      "min": 0.01109069042,
      "max": 0.01283293842,
      "times": [
        0.011322622420000001,
        0.011683203420000001,
        0.01151520842,
        0.01283293842,
        0.012753147420000001,
        0.011257676420000001,
        0.01109069042,
        0.01113204842,
        0.01116213842,
        0.01126623942
      ],
      "exit_codes": [
        0,
        0,
        0,
        0,
        0,
        0,
        0,
        0,
        0,
        0
      ]
    },
    {
      "command": "deno",
      "mean": 0.8038494380200001,
      "stddev": 0.031974718222426396,
      "median": 0.8079045604200001,
      "user": 0.31630077999999995,
      "system": 0.13524798,
      "min": 0.75439117442,
      "max": 0.84320012842,
      "times": [
        0.8216941014200001,
        0.75439117442,
        0.7949337244200001,
        0.84290148042,
        0.84320012842,
        0.77571310742,
        0.7681332644200001,
        0.77743114142,
        0.8392208614200001,
        0.8208753964200001
      ],
      "exit_codes": [
        0,
        0,
        0,
        0,
        0,
        0,
        0,
        0,
        0,
        0
      ]
    }
  ]
}