{
  "results": [
    {
      "command": "npm",
      "mean": 0.56084322392,
      "stddev": 0.012913504790326562,
      "median": 0.55764749152,
      "user": 0.61432132,
      "system": 0.10932140000000001,
      "min": 0.5506318935200001,
      "max": 0.59640181152,
      "times": [
        0.5584732175200001,
        0.59640181152,
        0.5568217655200001,
        0.5544215625200001,
        0.5506318935200001,
        0.5601931855200001,
        0.5521634795200001,
        0.56899370652,
        0.5513436445200001,
        0.5589879725200001
      ],
      "exit_codes": [
        0,
        0,
        0,
        0,
        0,
        0,
        0,
        0,
        0,
        0
      ]
    },
    {
      "command": "snpm",
      "mean": 0.034100741020000006,
      "stddev": 0.00038524048762253666,
      "median": 0.03413338902,
      "user": 0.02078672,
      "system": 0.015528799999999999,
      "min": 0.03366268352,
      "max": 0.03493696752,
      "times": [
        0.03430703652,
        0.03413444452,
        0.03370831652,
        0.03493696752,
        0.03443659052,
        0.03413233352,
        0.03421780852,
        0.03371205652,
        0.03366268352,
        0.03375917252
      ],
      "exit_codes": [
        0,
        0,
        0,
        0,
        0,
        0,
        0,
        0,
        0,
        0
      ]
    },
    {
      "command": "yarn",
      "mean": 0.30683808861999995,
      "stddev": 0.0038041037227672533,
      "median": 0.30537484902,
      "user": 0.34993231999999996,
      "system": 0.062173,
      "min": 0.30162988152000003,
      "max": 0.31288433752,
      "times": [
        0.30789530352,
        0.31268132452,
        0.30455582052,
        0.30162988152000003,
        0.30257035752,
        0.30499077052,
        0.31055827852,
        0.31288433752,
        0.30485588452,
        0.30575892752
      ],
      "exit_codes": [
        0,
        0,
        0,
        0,
        0,
        0,
        0,
        0,
        0,
        0
      ]
    },
    {
      "command": "berry",
      "mean": 5.275678040920002,
      "stddev": 0.08951897296281953,
      "median": 5.27261038202,
      "user": 9.293193319999999,
      "system": 3.1136112000000002,
      "min": 5.15319328152,
      "max": 5.46923728352,
      "times": [
        5.46923728352,
        5.20114683152,
        5.23351185152,
        5.3136776155200005,
        5.34455313952,
        5.2251459455200004,
        5.18446616752,
        5.31170891252,
        5.320139380520001,
        5.15319328152
      ],
      "exit_codes": [
        0,
        0,
        0,
        0,
        0,
        0,
        0,
        0,
        0,
        0
      ]
    },
    {
      "command": "pnpm",
      "mean": 0.7317934689200001,
      "stddev": 0.01355218703853032,
      "median": 0.7329423480200001,
      "user": 0.8133089199999999,
      "system": 0.1551514,
      "min": 0.71437449752,
      "max": 0.7562954625200001,
      "times": [
        0.7423008905200001,
        0.7351893425200001,
        0.72208419852,
        0.71437449752,
        0.71935983552,
        0.7358180785200001,
        0.7144300925200001,
        0.7473869375200001,
        0.7306953535200001,
        0.7562954625200001
      ],
      "exit_codes": [
        0,
        0,
        0,
        0,
        0,
        0,
        0,
        0,
        0,
        0
      ]
    },
    {
      "command": "vlt",
      "mean": 0.31620233342000004,
      "stddev": 0.005505205420061395,
      "median": 0.31714304452,
      "user": 0.34585082,
      "system": 0.0665877,
      "min": 0.30785670352,
      "max": 0.32472157552,
      "times": [
        0.32147009852,
        0.31706678752,
        0.30964702852000003,
        0.31594130252,
        0.31721930152,
        0.30785670352,
        0.32136073452,
        0.30859389952,
        0.32472157552,
        0.31814590252
      ],
      "exit_codes": [
        0,
        0,
        0,
        0,
        0,
        0,
        0,
        0,
        0,
        0
      ]
    },
    {
      "command": "bun",
      "mean": 0.01119952492,
      "stddev": 0.0002612798690508702,
      "median": 0.011094797520000001,
      "user": 0.00674012,
      "system": 0.0101291,
      "min": 0.01097823652,
      "max": 0.01188583652,
      "times": [
        0.01124333852,
        0.01132860552,
        0.01097823652,
        0.010987568520000001,
        0.01101691452,
        0.01188583652,
        0.011041094520000001,
        0.01105429252,
        0.011135302520000001,
        0.01132405952
      ],
      "exit_codes": [
        0,
        0,
        0,
        0,
        0,
        0,
        0,
        0,
        0,
        0
      ]
    },
    {
      "command": "deno",
      "mean": 0.82208658042,
      "stddev": 0.17402800633709453,
      "median": 0.7778806925200001,
      "user": 0.3143138200000001,
      "system": 0.13088189999999997,
      "min": 0.6893786515200001,
      "max": 1.3003517185200002,
      "times": [
        0.6893786515200001,
        1.3003517185200002,
        0.7774936395200001,
        0.7041445835200001,
        0.9397696235200002,
        0.8060849295200001,
        0.6895059065200001,
        0.7782677455200001,
        0.7918271415200001,
        0.7440418645200001
      ],
      "exit_codes": [
        0,
        0,
        0,
        0,
        0,
        0,
        0,
        0,
        0,
        0
      ]
    }
  ]
}