{
  "results": [
    {
      "command": "npm",
      "mean": 0.56847505284,
      "stddev": 0.01160961133439931,
      "median": 0.56709983174,
      "user": 0.6245469799999999,
      "system": 0.11129255999999998,
      "min": 0.55298188224,
      "max": 0.59217647324,
      "times": [
        0.55298188224,
        0.56102793324,
        0.57587338724,
        0.56686406624,
        0.56733559724,
        0.58097005824,
        0.57311046724,
        0.59217647324,
        0.55760599124,
        0.55680467224
      ],
      "exit_codes": [
        0,
        0,
        0,
        0,
        0,
        0,
        0,
        0,
        0,
        0
      ]
    },
    {
      "command": "snpm",
      "mean": 0.03162042874,
      "stddev": 0.00040836706487944256,
      "median": 0.03149103274000001,
      "user": 0.019140380000000002,
      "system": 0.014705560000000001,
      "min": 0.031069009240000004,
      "max": 0.03250421624000001,
      "times": [
        0.031505670240000005,
        0.03147639524,
        0.03128558824,
        0.03250421624000001,
        0.03206985124,
        0.031889792240000006,
        0.031714477240000004,
        0.031366579240000005,
        0.031069009240000004,
        0.031322708240000004
      ],
      "exit_codes": [
        0,
        0,
        0,
        0,
        0,
        0,
        0,
        0,
        0,
        0
      ]
    },
    {
      "command": "yarn",
      "mean": 0.30855487303999996,
      "stddev": 0.0033676800431652063,
      "median": 0.30781487923999995,
      "user": 0.35479787999999995,
      "system": 0.06196776,
      "min": 0.30335018024,
      "max": 0.31429215624,
      "times": [
        0.31429215624,
        0.30619030124,
        0.30996988724,
        0.31211909224,
        0.30664159224,
        0.30898816624,
        0.30617070624,
        0.31232805024,
        0.30335018024,
        0.30549859824
      ],
      "exit_codes": [
        0,
        0,
        0,
        0,
        0,
        0,
        0,
        0,
        0,
        0
      ]
    },
    {
      "command": "berry",
      "mean": 5.09336914274,
      "stddev": 0.08647191541757461,
      "median": 5.06773402924,
      "user": 9.119848580000001,
      "system": 3.0871176599999997,
      "min": 4.98410372924,
      "max": 5.27554106724,
      "times": [
        5.27554106724,
        5.02079637624,
        5.13871404024,
        5.04002680324,
        5.01966632524,
        5.03387652224,
        5.09544125524,
        5.18365906324,
        4.98410372924,
        5.14186624524
      ],
      "exit_codes": [
        0,
        0,
        0,
        0,
        0,
        0,
        0,
        0,
        0,
        0
      ]
    },
    {
      "command": "pnpm",
      "mean": 0.6483915287400001,
      "stddev": 0.01591600910244587,
      "median": 0.64424797974,
      "user": 0.8131528799999999,
      "system": 0.15575916,
      "min": 0.62827626224,
      "max": 0.68429383024,
      "times": [
        0.62827626224,
        0.68429383024,
        0.64364896124,
        0.63948388324,
        0.66316649924,
        0.63378635624,
        0.64739275624,
        0.63746655824,
        0.66155318224,
        0.64484699824
      ],
      "exit_codes": [
        0,
        0,
        0,
        0,
        0,
        0,
        0,
        0,
        0,
        0
      ]
    },
    {
      "command": "vlt",
      "mean": 0.32912141223999997,
      "stddev": 0.0027062122329086034,
      "median": 0.33033364724,
      "user": 0.35156297999999997,
      "system": 0.07045396,
      "min": 0.32502826924,
      "max": 0.33276494623999997,
      "times": [
        0.33276494623999997,
        0.33011069724,
        0.33123069924,
        0.33100874324,
        0.32567490124,
        0.33172450624,
        0.32613661424,
        0.32502826924,
        0.32697814824,
        0.33055659723999997
      ],
      "exit_codes": [
        0,
        0,
        0,
        0,
        0,
        0,
        0,
        0,
        0,
        0
      ]
    },
    {
      "command": "bun",
      "mean": 0.01198505844,
      "stddev": 0.0008220447285184423,
      "median": 0.01198519124,
      "user": 0.00980748,
      "system": 0.00836746,
      "min": 0.01107077824,
      "max": 0.01307317924,
      "times": [
        0.01307317924,
        0.01110039324,
        0.01266085524,
        0.01107132724,
        0.01107077824,
        0.01128419424,
        0.01301498724,
        0.01138196424,
        0.01258841824,
        0.01260448724
      ],
      "exit_codes": [
        0,
        0,
        0,
        0,
        0,
        0,
        0,
        0,
        0,
        0
      ]
    },
    {
      "command": "deno",
      "mean": 0.66856966834,
      "stddev": 0.04849457018078515,
      "median": 0.65670779574,
      "user": 0.31209068,
      "system": 0.13167205999999998,
      "min": 0.61129342824,
      "max": 0.76144585824,
      "times": [
        0.68791796124,
        0.61344984524,
        0.71526177624,
        0.64188048024,
        0.66265431224,
        0.62078682324,
        0.65076127924,
        0.76144585824,
        0.72024491924,
        0.61129342824
      ],
      "exit_codes": [
        0,
        0,
        0,
        0,
        0,
        0,
        0,
        0,
        0,
        0
      ]
    }
  ]
}