{
  "results": [
    {
      "command": "npm",
      "mean": 0.57100684864,
      "stddev": 0.008824066388781903,
      "median": 0.57031276964,
      "user": 0.63029684,
      "system": 0.11068193999999998,
      "min": 0.55819622164,
      "max": 0.5868663846400001,
      "times": [
        0.5868663846400001,
        0.56836223164,
        0.5790667486400001,
        0.55819622164,
        0.56569263564,
        0.57933886964,
        0.56058748164,
        0.57226330764,
        0.57619371964,
        0.56350088564
      ],
      "exit_codes": [
        0,
        0,
        0,
        0,
        0,
        0,
        0,
        0,
        0,
        0
      ]
    },
    {
      "command": "snpm",
      "mean": 0.03549347484,
      "stddev": 0.0007595864599166851,
      "median": 0.035381663140000005,
      "user": 0.021959339999999997,
      "system": 0.01594064,
      "min": 0.03459376264,
      "max": 0.03755054564,
      "times": [
        0.03543441264,
        0.03525613164,
        0.03755054564,
        0.03545584664,
        0.03499599864,
        0.03556191964,
        0.03580394464,
        0.03459376264,
        0.03532891364,
        0.03495327264
      ],
      "exit_codes": [
        0,
        0,
        0,
        0,
        0,
        0,
        0,
        0,
        0,
        0
      ]
    },
    {
      "command": "yarn",
      "mean": 0.31844875694,
      "stddev": 0.0029926690702085632,
      "median": 0.31877662614,
      "user": 0.36701804,
      "system": 0.06503144,
      "min": 0.31355950264000004,
      "max": 0.32373479364,
      "times": [
        0.32151973964,
        0.31553984064,
        0.31893854164,
        0.32037746064,
        0.32027393464000004,
        0.31861471064,
        0.31355950264000004,
        0.32373479364,
        0.31568210464,
        0.31624694064000003
      ],
      "exit_codes": [
        0,
        0,
        0,
        0,
        0,
        0,
        0,
        0,
        0,
        0
      ]
    },
    {
      "command": "berry",
      "mean": 5.23991020104,
      "stddev": 0.06044326936052917,
      "median": 5.22718780564,
      "user": 9.445282639999999,
      "system": 3.1629090399999997,
      "min": 5.16869242764,
      "max": 5.38553334364,
      "times": [
        5.38553334364,
        5.29958586064,
        5.16869242764,
        5.23328397364,
        5.23788995564,
        5.20277277564,
        5.2635210276399995,
        5.18997219264,
        5.19675881564,
        5.22109163764
      ],
      "exit_codes": [
        0,
        0,
        0,
        0,
        0,
        0,
        0,
        0,
        0,
        0
      ]
    },
    {
      "command": "pnpm",
      "mean": 0.6958313426400001,
      "stddev": 0.08504441485454851,
      "median": 0.6612452281400001,
      "user": 0.8513781399999999,
      "system": 0.15402974,
      "min": 0.64682850264,
      "max": 0.9413569636400001,
      "times": [
        0.64841952764,
        0.9413569636400001,
        0.73242485964,
        0.64682850264,
        0.6714974156400001,
        0.6583577766400001,
        0.65930838364,
        0.67762954064,
        0.66079164164,
        0.66169881464
      ],
      "exit_codes": [
        0,
        0,
        0,
        0,
        0,
        0,
        0,
        0,
        0,
        0
      ]
    },
    {
      "command": "vlt",
      "mean": 0.34940692584,
      "stddev": 0.0051600726145944135,
      "median": 0.35062302564000003,
      "user": 0.38273374,
      "system": 0.07494714,
      "min": 0.33933779264,
      "max": 0.35650333364000003,
      "times": [
        0.33933779264,
        0.35086287364,
        0.34598891964,
        0.35079030564,
        0.34333711364,
        0.34748578064,
        0.35650333364000003,
        0.35568085464000004,
        0.35045574564000004,
        0.35362653864000004
      ],
      "exit_codes": [
        0,
        0,
        0,
        0,
        0,
        0,
        0,
        0,
        0,
        0
      ]
    },
    {
      "command": "bun",
      "mean": 0.011760647439999997,
      "stddev": 0.0007203953788792373,
      "median": 0.011440318139999999,
      "user": 0.008069839999999998,
      "system": 0.009598639999999999,
      "min": 0.01124072564,
      "max": 0.01317494164,
      "times": [
        0.01317494164,
        0.01130183064,
        0.01140285764,
        0.01124072564,
        0.01147777864,
        0.01154669264,
        0.01173687264,
        0.01317023964,
        0.01127848664,
        0.01127604864
      ],
      "exit_codes": [
        0,
        0,
        0,
        0,
        0,
        0,
        0,
        0,
        0,
        0
      ]
    },
    {
      "command": "deno",
      "mean": 0.72249095194,
      "stddev": 0.07276720217197803,
      "median": 0.70722810464,
      "user": 0.31811054000000005,
      "system": 0.13032684,
      "min": 0.61789110564,
      "max": 0.8958205276400001,
      "times": [
        0.6965900126400001,
        0.8958205276400001,
        0.70426589064,
        0.74503330964,
        0.6669119776400001,
        0.75622949064,
        0.71019031864,
        0.7707243356400001,
        0.61789110564,
        0.66125255064
      ],
      "exit_codes": [
        0,
        0,
        0,
        0,
        0,
        0,
        0,
        0,
        0,
        0
      ]
    }
  ]
}