{
  "results": [
    {
      "command": "npm",
      "mean": 0.56984690846,
      "stddev": 0.011674522523733006,
      "median": 0.56606392806,
      "user": 0.6302912999999999,
      "system": 0.10877057999999999,
      "min": 0.55867641006,
      "max": 0.59417812106,
      "times": [
        0.56787013206,
        0.59417812106,
        0.5660262340600001,
        0.57281785906,
        0.58893611506,
        0.55867641006,
        0.56492747806,
        0.55886034606,
        0.56610162206,
        0.56007476706
      ],
      "exit_codes": [
        0,
        0,
        0,
        0,
        0,
        0,
        0,
        0,
        0,
        0
      ]
    },
    {
      "command": "snpm",
      "mean": 0.032524784960000004,
      "stddev": 0.0004696537487863697,
      "median": 0.03242400656,
      "user": 0.0204292,
      "system": 0.01425918,
      "min": 0.03200288806,
      "max": 0.03344987606,
      "times": [
        0.03200288806,
        0.03246708906,
        0.033384076060000004,
        0.03213149206,
        0.03247362706,
        0.03243578006,
        0.032214884060000004,
        0.03344987606,
        0.03227590406,
        0.032412233060000004
      ],
      "exit_codes": [
        0,
        0,
        0,
        0,
        0,
        0,
        0,
        0,
        0,
        0
      ]
    },
    {
      "command": "yarn",
      "mean": 0.31070810636,
      "stddev": 0.003256835781236572,
      "median": 0.31039109706,
      "user": 0.3530424,
      "system": 0.06637818,
      "min": 0.30623215906,
      "max": 0.31623482206000003,
      "times": [
        0.30796751306000003,
        0.31164259206,
        0.30623215906,
        0.31391058506,
        0.31623482206000003,
        0.30913960206,
        0.31358389306,
        0.30794822306,
        0.30721006606,
        0.31321160806000004
      ],
      "exit_codes": [
        0,
        0,
        0,
        0,
        0,
        0,
        0,
        0,
        0,
        0
      ]
    },
    {
      "command": "berry",
      "mean": 5.7695985619600005,
      "stddev": 0.893660771680482,
      "median": 5.37200181106,
      "user": 9.371468799999997,
      "system": 3.1642984799999994,
      "min": 5.25976698806,
      "max": 8.241002143060001,
      "times": [
        6.50237168306,
        5.57128894606,
        5.3755383730599995,
        8.241002143060001,
        5.38821378006,
        5.25976698806,
        5.33765534406,
        5.36846524906,
        5.33552352406,
        5.31615958906
      ],
      "exit_codes": [
        0,
        0,
        0,
        0,
        0,
        0,
        0,
        0,
        0,
        0
      ]
    },
    {
      "command": "pnpm",
      "mean": 0.74094694876,
      "stddev": 0.00814316491656866,
      "median": 0.7415721980600001,
      "user": 0.8354758999999999,
      "system": 0.14908298,
      "min": 0.72259990506,
      "max": 0.7535567160600001,
      "times": [
        0.73574420506,
        0.74353986206,
        0.74167941006,
        0.74164057806,
        0.7535567160600001,
        0.72259990506,
        0.74150381806,
        0.7376992560600001,
        0.73960346206,
        0.7519022750600001
      ],
      "exit_codes": [
        0,
        0,
        0,
        0,
        0,
        0,
        0,
        0,
        0,
        0
      ]
    },
    {
      "command": "vlt",
      "mean": 0.3354562041600001,
      "stddev": 0.0036077669286864187,
      "median": 0.33468174806,
      "user": 0.35408049999999996,
      "system": 0.07041857999999998,
      "min": 0.33062188206000004,
      "max": 0.34299755006,
      "times": [
        0.33920671006,
        0.33062188206000004,
        0.33489279606,
        0.33198921006000004,
        0.33684501706000003,
        0.33447070006,
        0.33790876306,
        0.34299755006,
        0.33224752106,
        0.33338189206
      ],
      "exit_codes": [
        0,
        0,
        0,
        0,
        0,
        0,
        0,
        0,
        0,
        0
      ]
    },
    {
      "command": "bun",
      "mean": 0.01194164356,
      "stddev": 0.0007235256788463352,
      "median": 0.01149625056,
      "user": 0.008813399999999999,
      "system": 0.009113880000000001,
      "min": 0.01132370406,
      "max": 0.01316466806,
      "times": [
        0.01168940406,
        0.01143285206,
        0.01302332606,
        0.01291844606,
        0.01145472506,
        0.01152166206,
        0.01132370406,
        0.01316466806,
        0.01147083906,
        0.01141680906
      ],
      "exit_codes": [
        0,
        0,
        0,
        0,
        0,
        0,
        0,
        0,
        0,
        0
      ]
    },
    {
      "command": "deno",
      "mean": 0.7721864021600001,
      "stddev": 0.04036928024205766,
      "median": 0.78979614456,
      "user": 0.3207529,
      "system": 0.13677008000000002,
      "min": 0.7084036690600001,
      "max": 0.83042072306,
      "times": [
        0.7957638570600001,
        0.83042072306,
        0.75049269306,
        0.80151302506,
        0.78528697006,
        0.80732908406,
        0.7084036690600001,
        0.7390833130600001,
        0.7092653680600001,
        0.79430531906
      ],
      "exit_codes": [
        0,
        0,
        0,
        0,
        0,
        0,
        0,
        0,
        0,
        0
      ]
    }
  ]
}