{
  "results": [
    {
      "command": "npm",
      "mean": 0.57700604676,
      "stddev": 0.008622313492918445,
      "median": 0.5769912221600001,
      "user": 0.6403304399999998,
      "system": 0.1083051,
      "min": 0.56397098716,
      "max": 0.5949948101600001,
      "times": [
        0.5760275451600001,
        0.58304386216,
        0.5819529091600001,
        0.56397098716,
        0.5822954051600001,
        0.5674481161600001,
        0.5949948101600001,
        0.5713757681600001,
        0.5779548991600001,
        0.5709961651600001
      ],
      "exit_codes": [
        0,
        0,
        0,
        0,
        0,
        0,
        0,
        0,
        0,
        0
      ]
    },
    {
      "command": "snpm",
      "mean": 0.033988080760000004,
      "stddev": 0.0008162367584692815,
      "median": 0.03379524816,
      "user": 0.022033839999999996,
      "system": 0.0142394,
      "min": 0.03283372016,
      "max": 0.03576251216,
      "times": [
        0.034772790160000004,
        0.03319871516,
        0.033563589160000004,
        0.03354664716,
        0.03283372016,
        0.03576251216,
        0.03396110016,
        0.03395722416,
        0.03363327216,
        0.03465123716
      ],
      "exit_codes": [
        0,
        0,
        0,
        0,
        0,
        0,
        0,
        0,
        0,
        0
      ]
    },
    {
      "command": "yarn",
      "mean": 0.31833955016000004,
      "stddev": 0.003931528794987055,
      "median": 0.31670877116,
      "user": 0.36881314000000004,
      "system": 0.0638569,
      "min": 0.31361661616000003,
      "max": 0.32520156416,
      "times": [
        0.32345498616,
        0.32331036316,
        0.31459534416,
        0.31361661616000003,
        0.31670468116,
        0.32520156416,
        0.31652723816,
        0.31671286116,
        0.31492244416000004,
        0.31834940316000004
      ],
      "exit_codes": [
        0,
        0,
        0,
        0,
        0,
        0,
        0,
        0,
        0,
        0
      ]
    },
    {
      "command": "berry",
      "mean": 5.33344521906,
      "stddev": 0.13567705052954637,
      "median": 5.33880808766,
      "user": 9.514874339999999,
      "system": 3.2402002999999993,
      "min": 5.10436745416,
      "max": 5.5497751941599995,
      "times": [
        5.26408130216,
        5.33290382016,
        5.52114711016,
        5.35787520816,
        5.3447123551599995,
        5.10436745416,
        5.41702314016,
        5.5497751941599995,
        5.29840029716,
        5.14416630916
      ],
      "exit_codes": [
        0,
        0,
        0,
        0,
        0,
        0,
        0,
        0,
        0,
        0
      ]
    },
    {
      "command": "pnpm",
      "mean": 0.7540269465600001,
      "stddev": 0.14822090405527577,
      "median": 0.70603410466,
      "user": 0.85544424,
      "system": 0.15710670000000002,
      "min": 0.6849695531600001,
      "max": 1.19662310516,
      "times": [
        0.69125451416,
        1.19662310516,
        0.6849695531600001,
        0.7168740591600001,
        0.6962462811600001,
        0.6922236011600001,
        0.7247505381600001,
        0.7264547951600001,
        0.7158219281600001,
        0.6950510901600001
      ],
      "exit_codes": [
        0,
        0,
        0,
        0,
        0,
        0,
        0,
        0,
        0,
        0
      ]
    },
    {
      "command": "vlt",
      "mean": 0.34243027136,
      "stddev": 0.003917951428966018,
      "median": 0.34372458766,
      "user": 0.3639179399999999,
      "system": 0.07837469999999999,
      "min": 0.33348077616,
      "max": 0.34690326716000003,
      "times": [
        0.34199732616,
        0.34560335416000004,
        0.34412827216,
        0.34454662116,
        0.33348077616,
        0.34429714916000004,
        0.34332090316,
        0.34316012116,
        0.34690326716000003,
        0.33686492316
      ],
      "exit_codes": [
        0,
        0,
        0,
        0,
        0,
        0,
        0,
        0,
        0,
        0
      ]
    },
    {
      "command": "bun",
      "mean": 0.01210093036,
      "stddev": 0.0005590946836624011,
      "median": 0.011910182660000001,
      "user": 0.00838814,
      "system": 0.009700199999999999,
      "min": 0.011580742160000001,
      "max": 0.013331597160000002,
      "times": [
        0.012148772160000001,
        0.012998240160000002,
        0.011897764160000001,
        0.011940996160000002,
        0.011580742160000001,
        0.013331597160000002,
        0.011707339160000002,
        0.01164045416,
        0.01192260116,
        0.011840797160000001
      ],
      "exit_codes": [
        0,
        0,
        0,
        0,
        0,
        0,
        0,
        0,
        0,
        0
      ]
    },
    {
      "command": "deno",
      "mean": 0.93132155916,
      "stddev": 0.13870495603046767,
      "median": 0.8965848836600001,
      "user": 0.32309854,
      "system": 0.137108,
      "min": 0.7399782171600001,
      "max": 1.2245424731599999,
      "times": [
        1.2245424731599999,
        0.9196907001600001,
        1.0922535041599999,
        0.7399782171600001,
        1.03490776616,
        0.9053160941600001,
        0.7890513771600001,
        0.8590038791600001,
        0.8606179071600001,
        0.8878536731600001
      ],
      "exit_codes": [
        0,
        0,
        0,
        0,
        0,
        0,
        0,
        0,
        0,
        0
      ]
    }
  ]
}