{
  "results": [
    {
      "command": "npm",
      "mean": 0.52251571632,
      "stddev": 0.007064540479962268,
      "median": 0.5200914274199999,
      "user": 0.5745196199999999,
      "system": 0.10452288000000001,
      "min": 0.5156129914199999,
      "max": 0.53755370542,
      "times": [
        0.5173822594199999,
        0.53755370542,
        0.5194075244199999,
        0.5156129914199999,
        0.53428021842,
        0.52077533042,
        0.52276312642,
        0.5221092294199999,
        0.51761651142,
        0.51765626642
      ],
      "exit_codes": [
        0,
        0,
        0,
        0,
        0,
        0,
        0,
        0,
        0,
        0
      ]
    },
    {
      "command": "snpm",
      "mean": 0.03199423932,
      "stddev": 0.00025183891508281567,
      "median": 0.03205575392,
      "user": 0.019595519999999998,
      "system": 0.01471228,
      "min": 0.031680138420000004,
      "max": 0.03247078442,
      "times": [
        0.031711605420000004,
        0.03247078442,
        0.03213035042,
        0.03199978742,
        0.031766773420000005,
        0.03221792542,
        0.03213319842,
        0.03172010942,
        0.031680138420000004,
        0.03211172042
      ],
      "exit_codes": [
        0,
        0,
        0,
        0,
        0,
        0,
        0,
        0,
        0,
        0
      ]
    },
    {
      "command": "yarn",
      "mean": 0.3007607662200001,
      "stddev": 0.0047545871195347885,
      "median": 0.30017258242,
      "user": 0.32621091999999996,
      "system": 0.06275188,
      "min": 0.29331524042,
      "max": 0.31228747742,
      "times": [
        0.29951762842,
        0.31228747742,
        0.30082753642000004,
        0.30285502242,
        0.29331524042,
        0.29887665442000005,
        0.29719758842000005,
        0.30297413142,
        0.29774262042000005,
        0.30201376242000005
      ],
      "exit_codes": [
        0,
        0,
        0,
        0,
        0,
        0,
        0,
        0,
        0,
        0
      ]
    },
    {
      "command": "berry",
      "mean": 2.89897441512,
      "stddev": 0.04133871450380117,
      "median": 2.89784567492,
      "user": 5.78778232,
      "system": 1.37611558,
      "min": 2.81395053442,
      "max": 2.97881396942,
      "times": [
        2.97881396942,
        2.87401394642,
        2.88435464742,
        2.89486817942,
        2.81395053442,
        2.92810744942,
        2.9025218384199998,
        2.93499203042,
        2.9008231704200003,
        2.87729838542
      ],
      "exit_codes": [
        0,
        0,
        0,
        0,
        0,
        0,
        0,
        0,
        0,
        0
      ]
    },
    {
      "command": "pnpm",
      "mean": 0.69162354512,
      "stddev": 0.021542455708176853,
      "median": 0.68375281942,
      "user": 0.8424493200000001,
      "system": 0.15377178,
      "min": 0.66130141942,
      "max": 0.74033845042,
      "times": [
        0.66130141942,
        0.69086025842,
        0.68254043742,
        0.68012282442,
        0.69936844742,
        0.67852676442,
        0.68496520142,
        0.74033845042,
        0.71840656142,
        0.67980508642
      ],
      "exit_codes": [
        0,
        0,
        0,
        0,
        0,
        0,
        0,
        0,
        0,
        0
      ]
    },
    {
      "command": "vlt",
      "mean": 0.32135406852000004,
      "stddev": 0.0027321933709514236,
      "median": 0.32106605842,
      "user": 0.33300942,
      "system": 0.06979877999999999,
      "min": 0.31765063642,
      "max": 0.32511822742,
      "times": [
        0.31920860242000004,
        0.32291755442000003,
        0.32511822742,
        0.31893265442,
        0.32427300042,
        0.32292316042,
        0.32466092242000005,
        0.31765063642,
        0.31864136442,
        0.31921456242
      ],
      "exit_codes": [
        0,
        0,
        0,
        0,
        0,
        0,
        0,
        0,
        0,
        0
      ]
    },
    {
      "command": "bun",
      "mean": 0.01062478842,
      "stddev": 0.0007084393502436182,
      "median": 0.01030025442,
      "user": 0.00718612,
      "system": 0.009465379999999999,
      "min": 0.00978648742,
      "max": 0.01175641342,
      "times": [
        0.01175641342,
        0.01020477942,
        0.00978648742,
        0.01157442242,
        0.01053399542,
        0.01008745942,
        0.01167099542,
        0.01014427142,
        0.01009333042,
        0.01039572942
      ],
      "exit_codes": [
        0,
        0,
        0,
        0,
        0,
        0,
        0,
        0,
        0,
        0
      ]
    },
    {
      "command": "deno",
      "mean": 0.04224418352000001,
      "stddev": 0.0007644339139142701,
      "median": 0.04198136042,
      "user": 0.023317119999999997,
      "system": 0.023861579999999997,
      "min": 0.041598342420000003,
      "max": 0.044256247420000006,
      "times": [
        0.04187982642,
        0.04190468042000001,
        0.041598342420000003,
        0.041695218420000006,
        0.042525059420000004,
        0.042058040420000005,
        0.04212183642,
        0.04161116042000001,
        0.04279142342,
        0.044256247420000006
      ],
      "exit_codes": [
        0,
        0,
        0,
        0,
        0,
        0,
        0,
        0,
        0,
        0
      ]
    }
  ]
}