{
  "results": [
    {
      "command": "npm",
      "mean": 10.41308914746,
      "stddev": 0.06804094885853264,
      "median": 10.405773068759999,
      "user": 10.784617519999998,
      "system": 4.88974106,
      "min": 10.325194913259999,
      "max": 10.51985709826,
      "times": [
        10.33249199326,
        10.34532947026,
        10.325194913259999,
        10.38664916126,
        10.37444307526,
        10.51985709826,
        10.49432719026,
        10.43223977326,
        10.49546182326,
        10.42489697626
      ],
      "exit_codes": [
        0,
        0,
        0,
        0,
        0,
        0,
        0,
        0,
        0,
        0
      ]
    },
    {
      "command": "snpm",
      "mean": 0.6627149834600001,
      "stddev": 0.015899479662762058,
      "median": 0.66599727726,
      "user": 0.41988941999999996,
      "system": 0.25085986,
      "min": 0.63423860126,
      "max": 0.68520477026,
      "times": [
        0.6608031492600001,
        0.6671621882600001,
        0.66576776226,
        0.63423860126,
        0.64134269826,
        0.68520477026,
        0.67548937026,
        0.66622679226,
        0.6817538012600001,
        0.64916070126
      ],
      "exit_codes": [
        0,
        0,
        0,
        0,
        0,
        0,
        0,
        0,
        0,
        0
      ]
    },
    {
      "command": "yarn",
      "mean": 8.589986919260001,
      "stddev": 0.14460245651421347,
      "median": 8.551035420759998,
      "user": 5.940809419999999,
      "system": 5.03504356,
      "min": 8.366782023259999,
      "max": 8.83617787126,
      "times": [
        8.82998431126,
        8.47558580626,
        8.68417638126,
        8.366782023259999,
        8.553073016259999,
        8.48511678326,
        8.60042191026,
        8.83617787126,
        8.519553264259999,
        8.548997825259999
      ],
      "exit_codes": [
        0,
        0,
        0,
        0,
        0,
        0,
        0,
        0,
        0,
        0
      ]
    },
    {
      "command": "berry",
      "mean": 5.83504213036,
      "stddev": 0.08046999634660815,
      "median": 5.833757757259999,
      "user": 7.143798919999999,
      "system": 2.7689637599999997,
      "min": 5.71072083426,
      "max": 6.00894368926,
      "times": [
        5.71072083426,
        6.00894368926,
        5.77286260226,
        5.782248850259999,
        5.84592399526,
        5.78030575726,
        5.92963858326,
        5.8292598372599995,
        5.85226147726,
        5.838255677259999
      ],
      "exit_codes": [
        0,
        0,
        0,
        0,
        0,
        0,
        0,
        0,
        0,
        0
      ]
    },
    {
      "command": "pnpm",
      "mean": 3.689254752160001,
      "stddev": 0.08127892305373825,
      "median": 3.65513858976,
      "user": 4.71364492,
      "system": 1.42132076,
      "min": 3.61583752226,
      "max": 3.8982284702600003,
      "times": [
        3.8982284702600003,
        3.7298421532600003,
        3.74643066826,
        3.66028908626,
        3.64962515126,
        3.6194827012600004,
        3.69070454926,
        3.63211912626,
        3.64998809326,
        3.61583752226
      ],
      "exit_codes": [
        0,
        0,
        0,
        0,
        0,
        0,
        0,
        0,
        0,
        0
      ]
    },
    {
      "command": "vlt",
      "mean": 3.6122933789600005,
      "stddev": 0.026879347112760184,
      "median": 3.61481171276,
      "user": 3.6115269199999993,
      "system": 2.95318366,
      "min": 3.55951855326,
      "max": 3.65470664026,
      "times": [
        3.6060058492600002,
        3.55951855326,
        3.61324234926,
        3.61638107626,
        3.57646171426,
        3.60463136726,
        3.65470664026,
        3.64291310126,
        3.62315639226,
        3.62591674626
      ],
      "exit_codes": [
        0,
        0,
        0,
        0,
        0,
        0,
        0,
        0,
        0,
        0
      ]
    },
    {
      "command": "bun",
      "mean": 0.31036252666,
      "stddev": 0.0034475450420964823,
      "median": 0.30926705526,
      "user": 0.018126220000000002,
      "system": 0.29793785999999994,
      "min": 0.30660479526,
      "max": 0.31830380826,
      "times": [
        0.30664059226,
        0.30660479526,
        0.30903950126,
        0.30860579526,
        0.30825794625999997,
        0.31068605926,
        0.30949460926,
        0.31161342726,
        0.31437873226,
        0.31830380826
      ],
      "exit_codes": [
        0,
        0,
        0,
        0,
        0,
        0,
        0,
        0,
        0,
        0
      ]
    },
    {
      "command": "deno",
      "mean": 1.0859459432600003,
      "stddev": 0.0201498543310033,
      "median": 1.0811979107600003,
      "user": 1.3047326199999998,
      "system": 0.82885846,
      "min": 1.06503240026,
      "max": 1.13569917426,
      "times": [
        1.10750482426,
        1.06503240026,
        1.07890036526,
        1.08915378826,
        1.0815627922600002,
        1.0707171832600002,
        1.13569917426,
        1.0823428372600001,
        1.0677130382600002,
        1.0808330292600001
      ],
      "exit_codes": [
        0,
        0,
        0,
        0,
        0,
        0,
        0,
        0,
        0,
        0
      ]
    }
  ]
}