{
  "results": [
    {
      "command": "npm",
      "mean": 0.55702375296,
      "stddev": 0.004630065099731483,
      "median": 0.55735558966,
      "user": 0.61564486,
      "system": 0.10331262,
      "min": 0.55026024666,
      "max": 0.56660676166,
      "times": [
        0.5538564056599999,
        0.55799038766,
        0.56142038966,
        0.55052260566,
        0.56660676166,
        0.55026024666,
        0.55618801866,
        0.55834417466,
        0.55832774766,
        0.55672079166
      ],
      "exit_codes": [
        0,
        0,
        0,
        0,
        0,
        0,
        0,
        0,
        0,
        0
      ]
    },
    {
      "command": "snpm",
      "mean": 0.03213327506000001,
      "stddev": 0.0003614548109380214,
      "median": 0.03209497466,
      "user": 0.019202459999999998,
      "system": 0.014956619999999999,
      "min": 0.03152525866,
      "max": 0.032637779660000005,
      "times": [
        0.03214055666,
        0.03162409966,
        0.03152525866,
        0.032519687660000005,
        0.03195595666,
        0.03237878566,
        0.03197916866,
        0.03204939266,
        0.032637779660000005,
        0.03252206466
      ],
      "exit_codes": [
        0,
        0,
        0,
        0,
        0,
        0,
        0,
        0,
        0,
        0
      ]
    },
    {
      "command": "yarn",
      "mean": 0.31017081006,
      "stddev": 0.02038069258087311,
      "median": 0.30384382616000005,
      "user": 0.34588536000000003,
      "system": 0.06377511999999999,
      "min": 0.29744412466000003,
      "max": 0.37081272066000004,
      "times": [
        0.30155193566000005,
        0.30377685266000004,
        0.30493713666000005,
        0.30326571066,
        0.30391079966,
        0.30820301466000005,
        0.30500828966000004,
        0.30279751566,
        0.37081272066000004,
        0.29744412466000003
      ],
      "exit_codes": [
        0,
        0,
        0,
        0,
        0,
        0,
        0,
        0,
        0,
        0
      ]
    },
    {
      "command": "berry",
      "mean": 1.08053954146,
      "stddev": 0.020900005828465296,
      "median": 1.07445648266,
      "user": 1.19904886,
      "system": 0.20472611999999998,
      "min": 1.05939906466,
      "max": 1.1357533556600001,
      "times": [
        1.0839668556600002,
        1.0650163696600001,
        1.07798984166,
        1.05939906466,
        1.09349929266,
        1.0684266256600001,
        1.08385477966,
        1.07092312366,
        1.1357533556600001,
        1.06656610566
      ],
      "exit_codes": [
        0,
        0,
        0,
        0,
        0,
        0,
        0,
        0,
        0,
        0
      ]
    },
    {
      "command": "pnpm",
      "mean": 0.71629918136,
      "stddev": 0.03221901865753488,
      "median": 0.70610046166,
      "user": 0.78223256,
      "system": 0.12484122000000002,
      "min": 0.68087847066,
      "max": 0.79188406966,
      "times": [
        0.70445742666,
        0.72968264766,
        0.75157360066,
        0.68087847066,
        0.70774349666,
        0.79188406966,
        0.68894666266,
        0.68746715666,
        0.70237641366,
        0.71798186866
      ],
      "exit_codes": [
        0,
        0,
        0,
        0,
        0,
        0,
        0,
        0,
        0,
        0
      ]
    },
    {
      "command": "vlt",
      "mean": 0.32846994206,
      "stddev": 0.0030593240514316276,
      "median": 0.32772167616000003,
      "user": 0.34508686,
      "system": 0.06865592000000001,
      "min": 0.32416425166,
      "max": 0.33396771066000003,
      "times": [
        0.33294802866,
        0.32416425166,
        0.32847158866000004,
        0.32782896366000003,
        0.32714871266,
        0.32649536766000004,
        0.32761438866000003,
        0.33099691866000003,
        0.33396771066000003,
        0.32506348966000004
      ],
      "exit_codes": [
        0,
        0,
        0,
        0,
        0,
        0,
        0,
        0,
        0,
        0
      ]
    },
    {
      "command": "bun",
      "mean": 0.01175760516,
      "stddev": 0.0005713175486079958,
      "median": 0.011630972660000002,
      "user": 0.008744359999999998,
      "system": 0.008795019999999999,
      "min": 0.011208277660000002,
      "max": 0.01288323966,
      "times": [
        0.01127676466,
        0.011208277660000002,
        0.011372593660000001,
        0.01288323966,
        0.011546214660000002,
        0.01180446666,
        0.011715730660000001,
        0.01174007466,
        0.012767673660000001,
        0.011261015660000002
      ],
      "exit_codes": [
        0,
        0,
        0,
        0,
        0,
        0,
        0,
        0,
        0,
        0
      ]
    },
    {
      "command": "deno",
      "mean": 0.17182839946000003,
      "stddev": 0.005578127731682876,
      "median": 0.17026155866000003,
      "user": 0.13866285999999997,
      "system": 0.051411319999999996,
      "min": 0.16699900366,
      "max": 0.18711119366,
      "times": [
        0.17304973166,
        0.16699900366,
        0.17115975666000002,
        0.16936336066000002,
        0.16794832666,
        0.17261665766,
        0.16745305366000002,
        0.17362131466000003,
        0.16896159566000002,
        0.18711119366
      ],
      "exit_codes": [
        0,
        0,
        0,
        0,
        0,
        0,
        0,
        0,
        0,
        0
      ]
    }
  ]
}