{
  "results": [
    {
      "command": "npm",
      "mean": 0.3190167809600001,
      "stddev": 0.0015994729264733694,
      "median": 0.31923639156000005,
      "user": 0.32340292000000004,
      "system": 0.07567818000000001,
      "min": 0.31666203806000004,
      "max": 0.32179776906,
      "times": [
        0.31739837206000004,
        0.31839455906,
        0.31940686606,
        0.31713100906,
        0.32179776906,
        0.31666203806000004,
        0.32126463006000006,
        0.31963978306,
        0.31939810606,
        0.31907467706000003
      ],
      "exit_codes": [
        0,
        0,
        0,
        0,
        0,
        0,
        0,
        0,
        0,
        0
      ]
    },
    {
      "command": "snpm",
      "mean": 0.027991009160000007,
      "stddev": 0.0004646894905767615,
      "median": 0.027934686060000005,
      "user": 0.01692292,
      "system": 0.01339448,
      "min": 0.027344256060000002,
      "max": 0.028702456060000003,
      "times": [
        0.027453391060000002,
        0.028138956060000005,
        0.028260573060000002,
        0.028702456060000003,
        0.027730416060000002,
        0.027584669060000004,
        0.028323097060000003,
        0.027721447060000005,
        0.027344256060000002,
        0.028650830060000004
      ],
      "exit_codes": [
        0,
        0,
        0,
        0,
        0,
        0,
        0,
        0,
        0,
        0
      ]
    },
    {
      "command": "yarn",
      "mean": 0.23248834126,
      "stddev": 0.005456440085185536,
      "median": 0.23163722406,
      "user": 0.20244092000000005,
      "system": 0.05448808000000001,
      "min": 0.22709881206000002,
      "max": 0.24715913806,
      "times": [
        0.23175135506,
        0.22811085106,
        0.23304888006000002,
        0.23403313906,
        0.22794525206000002,
        0.22709881206000002,
        0.23424874106000002,
        0.23152309306000002,
        0.22996415106,
        0.24715913806
      ],
      "exit_codes": [
        0,
        0,
        0,
        0,
        0,
        0,
        0,
        0,
        0,
        0
      ]
    },
    {
      "command": "berry",
      "mean": 2.27812263016,
      "stddev": 0.055235290168981814,
      "median": 2.28735254506,
      "user": 3.4572974199999997,
      "system": 0.96072618,
      "min": 2.1761379340600002,
      "max": 2.35481738706,
      "times": [
        2.1761379340600002,
        2.23862537606,
        2.33388992906,
        2.28639382106,
        2.35481738706,
        2.29719786106,
        2.2883112690600003,
        2.21417011106,
        2.24945989306,
        2.34222272006
      ],
      "exit_codes": [
        0,
        0,
        0,
        0,
        0,
        0,
        0,
        0,
        0,
        0
      ]
    },
    {
      "command": "pnpm",
      "mean": 0.7065655980600001,
      "stddev": 0.0071744843216468325,
      "median": 0.7041684405599999,
      "user": 0.7267777199999998,
      "system": 0.14219527999999998,
      "min": 0.69798849806,
      "max": 0.71768863406,
      "times": [
        0.70462854206,
        0.69980228106,
        0.70370833906,
        0.69798849806,
        0.71467153606,
        0.71768863406,
        0.70066901506,
        0.70820324006,
        0.70068360306,
        0.71761229206
      ],
      "exit_codes": [
        0,
        0,
        0,
        0,
        0,
        0,
        0,
        0,
        0,
        0
      ]
    },
    {
      "command": "vlt",
      "mean": 0.27021927486,
      "stddev": 0.0025693840566484616,
      "median": 0.26959714556000003,
      "user": 0.27009442000000006,
      "system": 0.05306898,
      "min": 0.26566586506000006,
      "max": 0.27469262706,
      "times": [
        0.26991449806000006,
        0.27176952906,
        0.27265766606,
        0.27469262706,
        0.26927979306000005,
        0.27278714106,
        0.26826693706000004,
        0.26566586506000006,
        0.26829292306,
        0.26886576906000004
      ],
      "exit_codes": [
        0,
        0,
        0,
        0,
        0,
        0,
        0,
        0,
        0,
        0
      ]
    },
    {
      "command": "bun",
      "mean": 0.00594807426,
      "stddev": 0.00030950995279661035,
      "median": 0.00594476606,
      "user": 0.00395062,
      "system": 0.005579179999999999,
      "min": 0.0055222920600000005,
      "max": 0.00642277006,
      "times": [
        0.00554973906,
        0.00594409106,
        0.00564551806,
        0.00594544106,
        0.00642277006,
        0.00636927906,
        0.0055222920600000005,
        0.00607410906,
        0.00622914606,
        0.00577835706
      ],
      "exit_codes": [
        0,
        0,
        0,
        0,
        0,
        0,
        0,
        0,
        0,
        0
      ]
    },
    {
      "command": "deno",
      "mean": 0.03593092086,
      "stddev": 0.00039916664714597484,
      "median": 0.03577028906,
      "user": 0.02115122,
      "system": 0.01895518,
      "min": 0.035352409060000006,
      "max": 0.03658433206,
      "times": [
        0.03557312906000001,
        0.035796886060000005,
        0.03658433206,
        0.03629991206,
        0.03634515506,
        0.035352409060000006,
        0.035743692060000005,
        0.036329354060000006,
        0.03573553706,
        0.03554880206
      ],
      "exit_codes": [
        0,
        0,
        0,
        0,
        0,
        0,
        0,
        0,
        0,
        0
      ]
    }
  ]
}