{
  "results": [
    {
      "command": "npm",
      "mean": 2.07482330802,
      "stddev": 0.020828545959620304,
      "median": 2.0695442678199996,
      "user": 2.14993294,
      "system": 0.79984592,
      "min": 2.03852899882,
      "max": 2.12048903682,
      "times": [
        2.03852899882,
        2.06347268282,
        2.0830250598199997,
        2.0684771348199997,
        2.12048903682,
        2.08958985082,
        2.08729411282,
        2.05859172082,
        2.06815308182,
        2.07061140082
      ],
      "exit_codes": [
        0,
        0,
        0,
        0,
        0,
        0,
        0,
        0,
        0,
        0
      ]
    },
    {
      "command": "snpm",
      "mean": 0.10864874172000001,
      "stddev": 0.0008202979948302276,
      "median": 0.10865705882000001,
      "user": 0.06720163999999999,
      "system": 0.04477701999999999,
      "min": 0.10770429282,
      "max": 0.11048085782000001,
      "times": [
        0.10776885882000001,
        0.10843802182000001,
        0.10887609582,
        0.10891951582,
        0.10770429282,
        0.10785795482,
        0.10812043082000002,
        0.10892831282000001,
        0.10939307582,
        0.11048085782000001
      ],
      "exit_codes": [
        0,
        0,
        0,
        0,
        0,
        0,
        0,
        0,
        0,
        0
      ]
    },
    {
      "command": "yarn",
      "mean": 2.08614486292,
      "stddev": 0.11532492375582597,
      "median": 2.0556402493199997,
      "user": 1.15363914,
      "system": 0.63335472,
      "min": 1.9641096728199998,
      "max": 2.38563859682,
      "times": [
        2.01412692082,
        2.38563859682,
        2.02640736682,
        2.11253312682,
        1.9641096728199998,
        2.13697736382,
        1.9780398958199998,
        2.13233518682,
        2.07424894682,
        2.0370315518199997
      ],
      "exit_codes": [
        0,
        0,
        0,
        0,
        0,
        0,
        0,
        0,
        0,
        0
      ]
    },
    {
      "command": "berry",
      "mean": 1.57955312162,
      "stddev": 0.023031853824433575,
      "median": 1.5848518248199999,
      "user": 1.8423452400000002,
      "system": 0.47345202000000003,
      "min": 1.54105260182,
      "max": 1.61576901282,
      "times": [
        1.58520100382,
        1.5585581628199998,
        1.54105260182,
        1.61576901282,
        1.55225913882,
        1.60036917982,
        1.59886400082,
        1.58450264582,
        1.5642723698199998,
        1.5946830998200001
      ],
      "exit_codes": [
        0,
        0,
        0,
        0,
        0,
        0,
        0,
        0,
        0,
        0
      ]
    },
    {
      "command": "pnpm",
      "mean": 1.21231451872,
      "stddev": 0.016098412333606205,
      "median": 1.2176624778199998,
      "user": 1.61980764,
      "system": 0.38730522,
      "min": 1.17866892982,
      "max": 1.23240118082,
      "times": [
        1.1999176618199998,
        1.21968155982,
        1.23240118082,
        1.2066050128199999,
        1.19576698282,
        1.21564339582,
        1.17866892982,
        1.2238000388199999,
        1.21985758782,
        1.23080283682
      ],
      "exit_codes": [
        0,
        0,
        0,
        0,
        0,
        0,
        0,
        0,
        0,
        0
      ]
    },
    {
      "command": "vlt",
      "mean": 0.60540108232,
      "stddev": 0.004655427013138369,
      "median": 0.60455438632,
      "user": 0.6294806399999999,
      "system": 0.36159222,
      "min": 0.59757246482,
      "max": 0.6161289338200001,
      "times": [
        0.60188091582,
        0.60356570982,
        0.6082077788200001,
        0.6033524958200001,
        0.6161289338200001,
        0.60636661682,
        0.6080833318200001,
        0.6033095128200001,
        0.59757246482,
        0.60554306282
      ],
      "exit_codes": [
        0,
        0,
        0,
        0,
        0,
        0,
        0,
        0,
        0,
        0
      ]
    },
    {
      "command": "bun",
      "mean": 0.036979078219999996,
      "stddev": 0.0008742018684010234,
      "median": 0.03667651482,
      "user": 0.00617854,
      "system": 0.03650562,
      "min": 0.03623232082,
      "max": 0.03938416182,
      "times": [
        0.03754179882,
        0.03938416182,
        0.03623232082,
        0.03679764882,
        0.03648545882,
        0.03644343682000001,
        0.036494582819999996,
        0.036910698820000004,
        0.03655538082,
        0.03694529382
      ],
      "exit_codes": [
        0,
        0,
        0,
        0,
        0,
        0,
        0,
        0,
        0,
        0
      ]
    },
    {
      "command": "deno",
      "mean": 0.24785316972,
      "stddev": 0.005128770154408751,
      "median": 0.25064201032,
      "user": 0.27417534,
      "system": 0.16283171999999996,
      "min": 0.23880586282000002,
      "max": 0.25358791182,
      "times": [
        0.24354038582,
        0.25072579582,
        0.25358791182,
        0.25066993981999997,
        0.23880586282000002,
        0.24430777682000002,
        0.25061408082,
        0.25283013482,
        0.24098003982000002,
        0.25246976882
      ],
      "exit_codes": [
        0,
        0,
        0,
        0,
        0,
        0,
        0,
        0,
        0,
        0
      ]
    }
  ]
}