{
  "results": [
    {
      "command": "npm",
      "mean": 2.3301512964399995,
      "stddev": 1.6620651687434287,
      "median": 1.49209314954,
      "user": 1.59869632,
      "system": 0.67370724,
      "min": 1.4788871130399999,
      "max": 5.70156156804,
      "times": [
        1.4788871130399999,
        1.53339443804,
        1.54344266804,
        5.6059295990399995,
        1.49249003604,
        1.49169626304,
        1.49127737504,
        1.48108833504,
        1.48174556904,
        5.70156156804
      ],
      "exit_codes": [
        0,
        0,
        0,
        0,
        0,
        0,
        0,
        0,
        0,
        0
      ]
    },
    {
      "command": "snpm",
      "mean": 0.04104968784,
      "stddev": 0.001015670749801312,
      "median": 0.04095004654000001,
      "user": 0.019671019999999994,
      "system": 0.023737039999999997,
      "min": 0.039276202040000006,
      "max": 0.042697866040000004,
      "times": [
        0.040226916040000005,
        0.040142560040000004,
        0.042697866040000004,
        0.04046929304000001,
        0.04083300804000001,
        0.041980727040000006,
        0.042256437040000004,
        0.039276202040000006,
        0.041067085040000006,
        0.04154678404000001
      ],
      "exit_codes": [
        0,
        0,
        0,
        0,
        0,
        0,
        0,
        0,
        0,
        0
      ]
    },
    {
      "command": "yarn",
      "mean": 4.51777359154,
      "stddev": 1.3646476104389738,
      "median": 3.8828444070400003,
      "user": 5.85535602,
      "system": 2.2930151399999996,
      "min": 3.82839665804,
      "max": 8.14064070504,
      "times": [
        8.14064070504,
        3.96360356004,
        3.86057431404,
        3.91347856704,
        6.00697706604,
        3.88610106004,
        3.84758791004,
        3.82839665804,
        3.85078832104,
        3.87958775404
      ],
      "exit_codes": [
        0,
        0,
        0,
        0,
        0,
        0,
        0,
        0,
        0,
        0
      ]
    },
    {
      "command": "berry",
      "mean": 3.5765508846399996,
      "stddev": 1.8773475343917485,
      "median": 2.35774739354,
      "user": 3.75946632,
      "system": 1.10641934,
      "min": 2.32758039504,
      "max": 6.72538819404,
      "times": [
        6.72538819404,
        6.14301708904,
        2.34657057004,
        2.34653200604,
        2.32758039504,
        2.36053928704,
        2.3568791020399997,
        2.35791174504,
        2.35758304204,
        6.44350741604
      ],
      "exit_codes": [
        0,
        0,
        0,
        0,
        0,
        0,
        0,
        0,
        0,
        0
      ]
    },
    {
      "command": "pnpm",
      "mean": 1.07893323474,
      "stddev": 0.015434271014228678,
      "median": 1.08052207254,
      "user": 1.7015721199999998,
      "system": 0.49061173999999996,
      "min": 1.05203017704,
      "max": 1.09640331004,
      "times": [
        1.09597759304,
        1.09601308904,
        1.09640331004,
        1.06750595004,
        1.05203017704,
        1.06115006704,
        1.08436745304,
        1.07667669204,
        1.0675912830399998,
        1.09161673304
      ],
      "exit_codes": [
        0,
        0,
        0,
        0,
        0,
        0,
        0,
        0,
        0,
        0
      ]
    },
    {
      "command": "vlt",
      "mean": 1.3976050561400002,
      "stddev": 1.4161914133025237,
      "median": 0.9283933955400001,
      "user": 1.1320089199999999,
      "system": 0.4424026399999999,
      "min": 0.9126505010400001,
      "max": 5.64611854304,
      "times": [
        0.9368957200400001,
        0.9301063360400001,
        5.64611854304,
        0.9204973470400001,
        0.9126505010400001,
        0.9300405410400001,
        0.9267462500400001,
        0.9138250400400001,
        0.9340870590400001,
        0.9250832240400001
      ],
      "exit_codes": [
        0,
        0,
        0,
        0,
        0,
        0,
        0,
        0,
        0,
        0
      ]
    },
    {
      "command": "bun",
      "mean": 0.6939266500400001,
      "stddev": 1.4849334038496507,
      "median": 0.19711273504,
      "user": 0.20458791999999998,
      "system": 0.21512224,
      "min": 0.17841600404,
      "max": 5.14854708104,
      "times": [
        0.19622064404,
        5.14854708104,
        0.21114120404,
        0.17841600404,
        0.19520064304,
        0.19800482604,
        0.23043459504,
        0.18677147104,
        0.19269503804,
        0.20183499404
      ],
      "exit_codes": [
        0,
        0,
        0,
        0,
        0,
        0,
        0,
        0,
        0,
        0
      ]
    },
    {
      "command": "deno",
      "mean": 3.40807612564,
      "stddev": 2.0874436983120193,
      "median": 2.16205687854,
      "user": 0.8291007199999999,
      "system": 0.44271344,
      "min": 1.60718297804,
      "max": 7.06466078404,
      "times": [
        7.06466078404,
        2.17138227504,
        2.15273148204,
        2.00076856004,
        2.12083221004,
        6.30781382704,
        1.60718297804,
        2.27867065404,
        2.0301363440399998,
        6.34658214204
      ],
      "exit_codes": [
        0,
        0,
        0,
        0,
        0,
        0,
        0,
        0,
        0,
        0
      ]
    }
  ]
}