{
  "results": [
    {
      "command": "npm",
      "mean": 4.64098427126,
      "stddev": 0.49269907085839404,
      "median": 4.52718086556,
      "user": 1.0578201200000001,
      "system": 0.21262326000000004,
      "min": 4.05497446956,
      "max": 5.93084419856,
      "times": [
        4.48619412256,
        4.05497446956,
        4.61660467156,
        4.56816760856,
        4.43588178256,
        4.34855909156,
        5.93084419856,
        4.70974866956,
        4.27030584856,
        4.98856224956
      ],
      "exit_codes": [
        0,
        0,
        0,
        0,
        0,
        0,
        0,
        0,
        0,
        0
      ]
    },
    {
      "command": "snpm",
      "mean": 0.22431045576000003,
      "stddev": 0.001322574712818437,
      "median": 0.22422519506,
      "user": 0.11346461999999999,
      "system": 0.11812776,
      "min": 0.22257784656,
      "max": 0.22684616756,
      "times": [
        0.22304726156,
        0.22350111856,
        0.22684616756,
        0.22629471356,
        0.22408750156,
        0.22307855456,
        0.22483573756,
        0.22447276756,
        0.22257784656,
        0.22436288856
      ],
      "exit_codes": [
        0,
        0,
        0,
        0,
        0,
        0,
        0,
        0,
        0,
        0
      ]
    },
    {
      "command": "yarn",
      "mean": 11.15937104536,
      "stddev": 0.1640876292767985,
      "median": 11.112770469059999,
      "user": 13.99896172,
      "system": 7.28678046,
      "min": 10.97871314356,
      "max": 11.59638975556,
      "times": [
        11.05892303556,
        10.97871314356,
        11.27825350556,
        11.04203993356,
        11.14095678556,
        11.59638975556,
        11.10961222556,
        11.10576994556,
        11.16712341056,
        11.11592871256
      ],
      "exit_codes": [
        0,
        0,
        0,
        0,
        0,
        0,
        0,
        0,
        0,
        0
      ]
    },
    {
      "command": "berry",
      "mean": 3.2057933741599998,
      "stddev": 0.0439603135557725,
      "median": 3.20081189356,
      "user": 6.07908712,
      "system": 1.33639646,
      "min": 3.15498679656,
      "max": 3.28876850956,
      "times": [
        3.28876850956,
        3.16601193756,
        3.16137764756,
        3.20098928556,
        3.22571566056,
        3.24219454356,
        3.16110958456,
        3.20063450156,
        3.15498679656,
        3.25614527456
      ],
      "exit_codes": [
        0,
        0,
        0,
        0,
        0,
        0,
        0,
        0,
        0,
        0
      ]
    },
    {
      "command": "pnpm",
      "mean": 2.32025757196,
      "stddev": 0.0797274048752924,
      "median": 2.29883898856,
      "user": 3.43260042,
      "system": 1.1245864599999997,
      "min": 2.23196978956,
      "max": 2.4690296315599998,
      "times": [
        2.42518591356,
        2.36737842356,
        2.3682265665599997,
        2.2727969465599998,
        2.32488103056,
        2.25010436356,
        2.4690296315599998,
        2.25038149956,
        2.23196978956,
        2.24262155456
      ],
      "exit_codes": [
        0,
        0,
        0,
        0,
        0,
        0,
        0,
        0,
        0,
        0
      ]
    },
    {
      "command": "vlt",
      "mean": 0.31957377656,
      "stddev": 0.0016781551088412444,
      "median": 0.31963912456,
      "user": 0.33262561999999996,
      "system": 0.06665425999999999,
      "min": 0.31598850456000005,
      "max": 0.32250981756,
      "times": [
        0.31896527956000004,
        0.31598850456000005,
        0.31819504756000005,
        0.32250981756,
        0.31994924056,
        0.32110649256,
        0.32058072556000006,
        0.31890423456000005,
        0.31932900856,
        0.32020941456
      ],
      "exit_codes": [
        0,
        0,
        0,
        0,
        0,
        0,
        0,
        0,
        0,
        0
      ]
    },
    {
      "command": "bun",
      "mean": 1.20539668776,
      "stddev": 0.11887414753712218,
      "median": 1.17830351106,
      "user": 0.83442892,
      "system": 0.8959763599999999,
      "min": 1.06309537356,
      "max": 1.44302685356,
      "times": [
        1.25300676856,
        1.0971988425599999,
        1.06309537356,
        1.22312468056,
        1.11386667256,
        1.21126613556,
        1.44302685356,
        1.12175392656,
        1.1453408865599999,
        1.3822867375599999
      ],
      "exit_codes": [
        0,
        0,
        0,
        0,
        0,
        0,
        0,
        0,
        0,
        0
      ]
    },
    {
      "command": "deno",
      "mean": 6.764563497260001,
      "stddev": 0.6893779822835081,
      "median": 6.6878504765599995,
      "user": 1.5164520199999998,
      "system": 0.36042435999999994,
      "min": 5.83536927856,
      "max": 7.96782196656,
      "times": [
        6.08063204356,
        6.79971543156,
        7.21177099656,
        7.47071337656,
        7.34082558056,
        6.57598552156,
        6.51736841456,
        5.84543236256,
        5.83536927856,
        7.96782196656
      ],
      "exit_codes": [
        0,
        0,
        0,
        0,
        0,
        0,
        0,
        0,
        0,
        0
      ]
    }
  ]
}