{
  "results": [
    {
      "command": "npm",
      "mean": 5.23232043092,
      "stddev": 0.4842965663866496,
      "median": 4.96831999352,
      "user": 1.17424644,
      "system": 0.2339422,
      "min": 4.79147688652,
      "max": 6.19055065552,
      "times": [
        4.85655232552,
        5.32473080852,
        4.79147688652,
        4.96405057752,
        4.81795618952,
        5.72837377152,
        4.97258940952,
        6.19055065552,
        4.83675747552,
        5.8401662095199995
      ],
      "exit_codes": [
        0,
        0,
        0,
        0,
        0,
        0,
        0,
        0,
        0,
        0
      ]
    },
    {
      "command": "snpm",
      "mean": 0.24081609602,
      "stddev": 0.009252675551405572,
      "median": 0.24009743052000002,
      "user": 0.12147654,
      "system": 0.1267858,
      "min": 0.22889690352,
      "max": 0.26090261452,
      "times": [
        0.24406930652,
        0.23962647852000002,
        0.26090261452,
        0.23004869352,
        0.23139422152,
        0.25024942452000004,
        0.24004300752000002,
        0.22889690352,
        0.24277845652000002,
        0.24015185352
      ],
      "exit_codes": [
        0,
        0,
        0,
        0,
        0,
        0,
        0,
        0,
        0,
        0
      ]
    },
    {
      "command": "yarn",
      "mean": 12.83715208262,
      "stddev": 0.13210130987441246,
      "median": 12.84222540102,
      "user": 15.747561039999999,
      "system": 7.825010599999999,
      "min": 12.67449019652,
      "max": 13.08260550052,
      "times": [
        12.73626123052,
        12.86938864952,
        12.86186122852,
        13.08260550052,
        13.03491241352,
        12.72029796352,
        12.69111183552,
        12.67449019652,
        12.87800223452,
        12.82258957352
      ],
      "exit_codes": [
        0,
        0,
        0,
        0,
        0,
        0,
        0,
        0,
        0,
        0
      ]
    },
    {
      "command": "berry",
      "mean": 3.6158963347199995,
      "stddev": 0.08036331683098591,
      "median": 3.60637674552,
      "user": 6.4400448400000005,
      "system": 1.4361776,
      "min": 3.5056354605199997,
      "max": 3.78681820552,
      "times": [
        3.5338428995199997,
        3.63691483152,
        3.78681820552,
        3.60206468652,
        3.5532356305199997,
        3.5056354605199997,
        3.61068880452,
        3.70932460352,
        3.64957795752,
        3.57086026752
      ],
      "exit_codes": [
        0,
        0,
        0,
        0,
        0,
        0,
        0,
        0,
        0,
        0
      ]
    },
    {
      "command": "pnpm",
      "mean": 2.7236329797199996,
      "stddev": 0.17559471360420914,
      "median": 2.65607014402,
      "user": 3.67973444,
      "system": 1.1917547999999998,
      "min": 2.60718230152,
      "max": 3.20714534652,
      "times": [
        2.86841257652,
        2.63088187852,
        3.20714534652,
        2.66732774352,
        2.6448125445199997,
        2.62771259752,
        2.6785913305199998,
        2.6692913045199997,
        2.60718230152,
        2.63497217352
      ],
      "exit_codes": [
        0,
        0,
        0,
        0,
        0,
        0,
        0,
        0,
        0,
        0
      ]
    },
    {
      "command": "vlt",
      "mean": 0.33356084012,
      "stddev": 0.006862537955166765,
      "median": 0.33092097202000004,
      "user": 0.34736614,
      "system": 0.0735529,
      "min": 0.32793026352000004,
      "max": 0.35033592552000004,
      "times": [
        0.32976935052000006,
        0.32901258552000007,
        0.33146098152000003,
        0.32793026352000004,
        0.33220262852000004,
        0.33173694952000005,
        0.35033592552000004,
        0.34298792952000007,
        0.33038096252000004,
        0.32979082452
      ],
      "exit_codes": [
        0,
        0,
        0,
        0,
        0,
        0,
        0,
        0,
        0,
        0
      ]
    },
    {
      "command": "bun",
      "mean": 1.6045269557199997,
      "stddev": 0.2934244636602038,
      "median": 1.49132227152,
      "user": 0.8548375399999999,
      "system": 0.956264,
      "min": 1.3464862445199999,
      "max": 2.35945399052,
      "times": [
        2.35945399052,
        1.48166569852,
        1.50097884452,
        1.3558387405199999,
        1.3464862445199999,
        1.77095013052,
        1.64338660352,
        1.42361076952,
        1.38933755152,
        1.77356098352
      ],
      "exit_codes": [
        0,
        0,
        0,
        0,
        0,
        0,
        0,
        0,
        0,
        0
      ]
    },
    {
      "command": "deno",
      "mean": 7.63927124512,
      "stddev": 1.1873549688613352,
      "median": 7.516727663519999,
      "user": 1.63601034,
      "system": 0.4087248999999999,
      "min": 6.35013520652,
      "max": 9.69168989152,
      "times": [
        6.68773676152,
        7.4440332185199996,
        7.58942210852,
        9.69168989152,
        6.39051057252,
        7.89487011052,
        9.61327897352,
        6.35013520652,
        8.26175468552,
        6.46928092252
      ],
      "exit_codes": [
        0,
        0,
        0,
        0,
        0,
        0,
        0,
        0,
        0,
        0
      ]
    }
  ]
}