{
  "results": [
    {
      "command": "npm",
      "mean": 4.13627671494,
      "stddev": 0.21329854679925575,
      "median": 4.085401663739999,
      "user": 1.1009378399999998,
      "system": 0.22030738,
      "min": 3.83504176524,
      "max": 4.4555085412399995,
      "times": [
        4.011932164239999,
        4.106787895239999,
        3.83504176524,
        3.9148778382400002,
        4.1100306902399995,
        4.06401543224,
        4.00323486924,
        4.42764083124,
        4.43369712224,
        4.4555085412399995
      ],
      "exit_codes": [
        0,
        0,
        0,
        0,
        0,
        0,
        0,
        0,
        0,
        0
      ]
    },
    {
      "command": "snpm",
      "mean": 0.22925976904,
      "stddev": 0.0014198438174479488,
      "median": 0.22908388724,
      "user": 0.11438474000000001,
      "system": 0.12267757999999998,
      "min": 0.22761059724000002,
      "max": 0.23145390324000004,
      "times": [
        0.23014920324000002,
        0.23145390324000004,
        0.22786944324000002,
        0.22858913624000002,
        0.23050682824000002,
        0.22774736924000002,
        0.22791175924000004,
        0.22957863824000002,
        0.23118081224000003,
        0.22761059724000002
      ],
      "exit_codes": [
        0,
        0,
        0,
        0,
        0,
        0,
        0,
        0,
        0,
        0
      ]
    },
    {
      "command": "yarn",
      "mean": 12.442819532240001,
      "stddev": 0.15186526329007613,
      "median": 12.41951447674,
      "user": 15.50207884,
      "system": 8.73079718,
      "min": 12.13933968824,
      "max": 12.76465669424,
      "times": [
        12.76465669424,
        12.56435487824,
        12.36544679424,
        12.39003707624,
        12.13933968824,
        12.46356603724,
        12.38357589524,
        12.43823557324,
        12.40079338024,
        12.51818930524
      ],
      "exit_codes": [
        0,
        0,
        0,
        0,
        0,
        0,
        0,
        0,
        0,
        0
      ]
    },
    {
      "command": "berry",
      "mean": 3.54301278784,
      "stddev": 0.06145784944051765,
      "median": 3.53346039124,
      "user": 6.53353474,
      "system": 1.4580002799999998,
      "min": 3.44612171324,
      "max": 3.64234024124,
      "times": [
        3.50225926324,
        3.64234024124,
        3.48494509024,
        3.44612171324,
        3.6179469982400003,
        3.60419153224,
        3.49279395224,
        3.5169400302400002,
        3.57260830524,
        3.54998075224
      ],
      "exit_codes": [
        0,
        0,
        0,
        0,
        0,
        0,
        0,
        0,
        0,
        0
      ]
    },
    {
      "command": "pnpm",
      "mean": 2.4640247257400003,
      "stddev": 0.0420973599059955,
      "median": 2.46704927374,
      "user": 3.804899340000001,
      "system": 1.20747488,
      "min": 2.39162800224,
      "max": 2.5243033232400003,
      "times": [
        2.48164394124,
        2.47190636824,
        2.39162800224,
        2.49940515924,
        2.46219217924,
        2.43611722924,
        2.5243033232400003,
        2.42297795324,
        2.5225402632400002,
        2.42753283824
      ],
      "exit_codes": [
        0,
        0,
        0,
        0,
        0,
        0,
        0,
        0,
        0,
        0
      ]
    },
    {
      "command": "vlt",
      "mean": 0.32207944724000004,
      "stddev": 0.0029649253375109382,
      "median": 0.32142251774,
      "user": 0.33317553999999994,
      "system": 0.07395448,
      "min": 0.31606866524000005,
      "max": 0.32772189324,
      "times": [
        0.32772189324,
        0.32116708424,
        0.31994934224000005,
        0.32271116624,
        0.32121633124000004,
        0.32418148124,
        0.32143275724000003,
        0.32493347324000005,
        0.31606866524000005,
        0.32141227824
      ],
      "exit_codes": [
        0,
        0,
        0,
        0,
        0,
        0,
        0,
        0,
        0,
        0
      ]
    },
    {
      "command": "bun",
      "mean": 1.11361209854,
      "stddev": 0.0556753183584749,
      "median": 1.08777649524,
      "user": 0.8754121399999999,
      "system": 1.03129878,
      "min": 1.06525897924,
      "max": 1.2451739722400001,
      "times": [
        1.06711245524,
        1.06525897924,
        1.2451739722400001,
        1.1488821902400002,
        1.09677653524,
        1.0781178042400001,
        1.17126823624,
        1.07044789724,
        1.1143064602400001,
        1.07877645524
      ],
      "exit_codes": [
        0,
        0,
        0,
        0,
        0,
        0,
        0,
        0,
        0,
        0
      ]
    },
    {
      "command": "deno",
      "mean": 6.24203334914,
      "stddev": 0.367036863180301,
      "median": 6.31481365474,
      "user": 1.60539564,
      "system": 0.38684228000000004,
      "min": 5.59214057324,
      "max": 6.65484233424,
      "times": [
        6.21114751624,
        6.41567739824,
        5.98787640524,
        6.65484233424,
        6.64319936224,
        6.3657459872399995,
        5.59214057324,
        6.26388132224,
        5.66212023724,
        6.62370235524
      ],
      "exit_codes": [
        0,
        0,
        0,
        0,
        0,
        0,
        0,
        0,
        0,
        0
      ]
    }
  ]
}