{
  "results": [
    {
      "command": "npm",
      "mean": 4.313508327940001,
      "stddev": 0.03688990036748358,
      "median": 4.30655334724,
      "user": 4.591298360000001,
      "system": 2.45659646,
      "min": 4.24580685374,
      "max": 4.38370210474,
      "times": [
        4.321777855740001,
        4.24580685374,
        4.38370210474,
        4.291283640740001,
        4.31176163674,
        4.301345057740001,
        4.36806034774,
        4.31287031974,
        4.298515263740001,
        4.299960198740001
      ],
      "exit_codes": [
        0,
        0,
        0,
        0,
        0,
        0,
        0,
        0,
        0,
        0
      ]
    },
    {
      "command": "snpm",
      "mean": 0.10850226124,
      "stddev": 0.001737758813435296,
      "median": 0.10808002624,
      "user": 0.02694126,
      "system": 0.08393366,
      "min": 0.10660614674,
      "max": 0.11180140674,
      "times": [
        0.10660614674,
        0.10790754674,
        0.10906743274,
        0.11180140674,
        0.10687247474,
        0.10825250574,
        0.10975374574,
        0.10670711474,
        0.10715802274,
        0.11089621574
      ],
      "exit_codes": [
        0,
        0,
        0,
        0,
        0,
        0,
        0,
        0,
        0,
        0
      ]
    },
    {
      "command": "yarn",
      "mean": 9.84086016534,
      "stddev": 0.09068348076079705,
      "median": 9.80622232624,
      "user": 13.651873759999997,
      "system": 7.12262286,
      "min": 9.73556812274,
      "max": 10.02565018274,
      "times": [
        9.953121384740001,
        9.79721144374,
        9.73556812274,
        9.75019023474,
        9.90470859574,
        9.76545639874,
        10.02565018274,
        9.78802241074,
        9.87343967074,
        9.81523320874
      ],
      "exit_codes": [
        0,
        0,
        0,
        0,
        0,
        0,
        0,
        0,
        0,
        0
      ]
    },
    {
      "command": "berry",
      "mean": 3.838867922040001,
      "stddev": 0.06600541261083945,
      "median": 3.85416871524,
      "user": 6.664749559999999,
      "system": 2.21634126,
      "min": 3.73282996874,
      "max": 3.93140719974,
      "times": [
        3.85759870674,
        3.73282996874,
        3.9047928507400003,
        3.85073872374,
        3.73984342074,
        3.93140719974,
        3.89038122474,
        3.82412627774,
        3.7735753397400003,
        3.88338550774
      ],
      "exit_codes": [
        0,
        0,
        0,
        0,
        0,
        0,
        0,
        0,
        0,
        0
      ]
    },
    {
      "command": "pnpm",
      "mean": 2.2793205175399995,
      "stddev": 0.022632856461220423,
      "median": 2.28045094124,
      "user": 3.6644586599999998,
      "system": 1.4954061600000002,
      "min": 2.24752217574,
      "max": 2.30977995174,
      "times": [
        2.25928025174,
        2.30977995174,
        2.30643775474,
        2.28785471774,
        2.25182378674,
        2.27304716474,
        2.24752217574,
        2.25943503174,
        2.30093320974,
        2.29709113074
      ],
      "exit_codes": [
        0,
        0,
        0,
        0,
        0,
        0,
        0,
        0,
        0,
        0
      ]
    },
    {
      "command": "vlt",
      "mean": 2.42710443834,
      "stddev": 0.031029200533091158,
      "median": 2.4283124437400003,
      "user": 3.22833626,
      "system": 1.6156349599999995,
      "min": 2.38442496874,
      "max": 2.47840615674,
      "times": [
        2.4311097037400002,
        2.44823093674,
        2.41457999074,
        2.38442496874,
        2.44058299874,
        2.46774084674,
        2.39008373474,
        2.39036986274,
        2.42551518374,
        2.47840615674
      ],
      "exit_codes": [
        0,
        0,
        0,
        0,
        0,
        0,
        0,
        0,
        0,
        0
      ]
    },
    {
      "command": "bun",
      "mean": 0.49142375054,
      "stddev": 0.012554482381233729,
      "median": 0.49216646674,
      "user": 0.49658466,
      "system": 0.9041007600000001,
      "min": 0.47684459174,
      "max": 0.52083803174,
      "times": [
        0.47684459174,
        0.50253298574,
        0.49236108174000004,
        0.49459959074000004,
        0.48531623374,
        0.47767557574,
        0.52083803174,
        0.49223432474,
        0.47973648074,
        0.49209860874
      ],
      "exit_codes": [
        0,
        0,
        0,
        0,
        0,
        0,
        0,
        0,
        0,
        0
      ]
    },
    {
      "command": "deno",
      "mean": 4.09545872644,
      "stddev": 0.28212767708721653,
      "median": 4.044043094240001,
      "user": 1.8124123599999997,
      "system": 1.3557225599999998,
      "min": 3.79552132974,
      "max": 4.888291776740001,
      "times": [
        4.05040348374,
        4.10602093474,
        4.095014654740001,
        4.037682704740001,
        3.94894217674,
        4.888291776740001,
        4.14856798874,
        3.79552132974,
        3.95925477174,
        3.92488744274
      ],
      "exit_codes": [
        0,
        0,
        0,
        0,
        0,
        0,
        0,
        0,
        0,
        0
      ]
    }
  ]
}