{
  "results": [
    {
      "command": "npm",
      "mean": 7.214858727379999,
      "stddev": 0.03264742511179951,
      "median": 7.218247308879999,
      "user": 8.27944804,
      "system": 2.7871155999999995,
      "min": 7.16239840788,
      "max": 7.27165596488,
      "times": [
        7.19057696388,
        7.23634303288,
        7.223667067879999,
        7.16784270188,
        7.27165596488,
        7.2250724568799995,
        7.212827549879999,
        7.16239840788,
        7.20876567588,
        7.2494374518799995
      ],
      "exit_codes": [
        0,
        0,
        0,
        0,
        0,
        0,
        0,
        0,
        0,
        0
      ]
    },
    {
      "command": "snpm",
      "mean": 0.23436177168,
      "stddev": 0.004210231204118864,
      "median": 0.23430831888,
      "user": 0.11212153999999999,
      "system": 0.1291457,
      "min": 0.22870971388000003,
      "max": 0.24528129788000003,
      "times": [
        0.24528129788000003,
        0.22870971388000003,
        0.23538354688000002,
        0.23420349488,
        0.23441314288,
        0.23329721888000002,
        0.23472785088,
        0.23059515688,
        0.23149344588,
        0.23551284788000001
      ],
      "exit_codes": [
        0,
        0,
        0,
        0,
        0,
        0,
        0,
        0,
        0,
        0
      ]
    },
    {
      "command": "yarn",
      "mean": 3.51544138148,
      "stddev": 0.05029357502836752,
      "median": 3.5060262353800002,
      "user": 2.7894559399999994,
      "system": 2.5221874000000004,
      "min": 3.44128237488,
      "max": 3.60235541188,
      "times": [
        3.49193319588,
        3.52558753788,
        3.45328170388,
        3.51597235288,
        3.60235541188,
        3.4885729478800003,
        3.5504127318800003,
        3.58893543988,
        3.44128237488,
        3.49608011788
      ],
      "exit_codes": [
        0,
        0,
        0,
        0,
        0,
        0,
        0,
        0,
        0,
        0
      ]
    },
    {
      "command": "berry",
      "mean": 2.92872715738,
      "stddev": 0.026255813062627618,
      "median": 2.93151564988,
      "user": 3.38509844,
      "system": 1.3356428,
      "min": 2.86872842588,
      "max": 2.96276254488,
      "times": [
        2.9363275728800002,
        2.91546354288,
        2.9606829978800002,
        2.90852350388,
        2.86872842588,
        2.96276254488,
        2.94723771088,
        2.92267812788,
        2.93816341988,
        2.92670372688
      ],
      "exit_codes": [
        0,
        0,
        0,
        0,
        0,
        0,
        0,
        0,
        0,
        0
      ]
    },
    {
      "command": "pnpm",
      "mean": 2.12274123348,
      "stddev": 0.053533460262230985,
      "median": 2.11839259438,
      "user": 2.75804014,
      "system": 0.9107248,
      "min": 2.06199770888,
      "max": 2.27137353788,
      "times": [
        2.12431179288,
        2.09400813788,
        2.08844071788,
        2.13198345188,
        2.12304597588,
        2.11999139988,
        2.09546582288,
        2.11679378888,
        2.06199770888,
        2.27137353788
      ],
      "exit_codes": [
        0,
        0,
        0,
        0,
        0,
        0,
        0,
        0,
        0,
        0
      ]
    },
    {
      "command": "vlt",
      "mean": 1.7873315181800002,
      "stddev": 0.011456729539927176,
      "median": 1.78760627738,
      "user": 1.95111524,
      "system": 1.4091492000000003,
      "min": 1.77102545188,
      "max": 1.8081235588800002,
      "times": [
        1.77584852688,
        1.7965632018800002,
        1.77102545188,
        1.79025053088,
        1.7862369388800001,
        1.7878633968800002,
        1.79875063888,
        1.78734915788,
        1.7713037788800001,
        1.8081235588800002
      ],
      "exit_codes": [
        0,
        0,
        0,
        0,
        0,
        0,
        0,
        0,
        0,
        0
      ]
    },
    {
      "command": "bun",
      "mean": 0.17910010888000003,
      "stddev": 0.0006099389117546095,
      "median": 0.17927402638,
      "user": 0.01316914,
      "system": 0.17143719999999998,
      "min": 0.17764319088000002,
      "max": 0.17996629088000002,
      "times": [
        0.17926878688,
        0.17925902888,
        0.17852651388000002,
        0.17764319088000002,
        0.17953829888,
        0.17934295288000002,
        0.17878729988,
        0.17927926588,
        0.17938945988000002,
        0.17996629088000002
      ],
      "exit_codes": [
        0,
        0,
        0,
        0,
        0,
        0,
        0,
        0,
        0,
        0
      ]
    },
    {
      "command": "deno",
      "mean": 0.5901270535800002,
      "stddev": 0.008670123166057035,
      "median": 0.58973416988,
      "user": 0.57218134,
      "system": 0.5013382999999999,
      "min": 0.58163639588,
      "max": 0.6135864868800001,
      "times": [
        0.6135864868800001,
        0.5856979638800001,
        0.5845034348800001,
        0.5900088548800001,
        0.5903474648800001,
        0.5894594848800001,
        0.58163639588,
        0.59280245888,
        0.5818347168800001,
        0.5913932738800001
      ],
      "exit_codes": [
        0,
        0,
        0,
        0,
        0,
        0,
        0,
        0,
        0,
        0
      ]
    }
  ]
}