{
  "results": [
    {
      "command": "npm",
      "mean": 10.112871553140002,
      "stddev": 0.98017212336533,
      "median": 9.629066478840002,
      "user": 9.86101374,
      "system": 5.316356239999999,
      "min": 9.560529605340001,
      "max": 12.475215117340001,
      "times": [
        9.623050372340002,
        9.72211532034,
        9.615121010340001,
        9.57877827034,
        9.75869344834,
        12.475215117340001,
        9.560529605340001,
        11.581497633340001,
        9.57863216834,
        9.635082585340001
      ],
      "exit_codes": [
        0,
        0,
        0,
        0,
        0,
        0,
        0,
        0,
        0,
        0
      ]
    },
    {
      "command": "snpm",
      "mean": 0.15269233504000002,
      "stddev": 0.004189700173579276,
      "median": 0.15157872134,
      "user": 0.030187439999999992,
      "system": 0.12374814,
      "min": 0.14797973234,
      "max": 0.16158776734000002,
      "times": [
        0.15340181634000002,
        0.15650827634,
        0.14883138234,
        0.15261982034000002,
        0.15672884534,
        0.14861227834000001,
        0.15053762234,
        0.15011580934000002,
        0.16158776734000002,
        0.14797973234
      ],
      "exit_codes": [
        0,
        0,
        0,
        0,
        0,
        0,
        0,
        0,
        0,
        0
      ]
    },
    {
      "command": "yarn",
      "mean": 19.57162161694,
      "stddev": 0.15823805521842305,
      "median": 19.51083570834,
      "user": 26.431182839999998,
      "system": 14.222502839999999,
      "min": 19.411126869340002,
      "max": 19.841933255340003,
      "times": [
        19.55909220934,
        19.44624734134,
        19.74808918434,
        19.812302362340002,
        19.439187989340002,
        19.411126869340002,
        19.46928156234,
        19.55238985434,
        19.436565541340002,
        19.841933255340003
      ],
      "exit_codes": [
        0,
        0,
        0,
        0,
        0,
        0,
        0,
        0,
        0,
        0
      ]
    },
    {
      "command": "berry",
      "mean": 7.96058207084,
      "stddev": 0.049874406000068816,
      "median": 7.94506498134,
      "user": 12.236842240000001,
      "system": 5.187003839999999,
      "min": 7.88329059634,
      "max": 8.04907684834,
      "times": [
        7.97457867734,
        7.88329059634,
        7.91733017634,
        7.92840964934,
        7.93933374334,
        8.03737929134,
        7.95079621934,
        8.04907684834,
        7.9903132143399995,
        7.93531229234
      ],
      "exit_codes": [
        0,
        0,
        0,
        0,
        0,
        0,
        0,
        0,
        0,
        0
      ]
    },
    {
      "command": "pnpm",
      "mean": 3.61955340084,
      "stddev": 0.02917288642869186,
      "median": 3.61491664434,
      "user": 7.25412824,
      "system": 3.01878184,
      "min": 3.57833653034,
      "max": 3.66928232434,
      "times": [
        3.66928232434,
        3.60586623334,
        3.58419935534,
        3.61608476634,
        3.65159885934,
        3.61374852234,
        3.62175344234,
        3.57833653034,
        3.65651277934,
        3.59815119534
      ],
      "exit_codes": [
        0,
        0,
        0,
        0,
        0,
        0,
        0,
        0,
        0,
        0
      ]
    },
    {
      "command": "vlt",
      "mean": 5.04008206554,
      "stddev": 0.06378459703716016,
      "median": 5.042880048840001,
      "user": 6.737364340000001,
      "system": 3.50614834,
      "min": 4.93964055534,
      "max": 5.14529847534,
      "times": [
        4.97917487734,
        5.02383801734,
        5.04465888334,
        5.04110121434,
        5.14529847534,
        4.93964055534,
        5.12335945734,
        5.07046502434,
        5.0739705293399995,
        4.95931362134
      ],
      "exit_codes": [
        0,
        0,
        0,
        0,
        0,
        0,
        0,
        0,
        0,
        0
      ]
    },
    {
      "command": "bun",
      "mean": 1.55303535564,
      "stddev": 0.04706239121316211,
      "median": 1.55295888334,
      "user": 1.7999181399999997,
      "system": 2.5419466399999995,
      "min": 1.4697806953399999,
      "max": 1.66006578134,
      "times": [
        1.53470549834,
        1.55491999934,
        1.55541816234,
        1.53528062434,
        1.66006578134,
        1.55099776734,
        1.57609177034,
        1.58177045034,
        1.51132280734,
        1.4697806953399999
      ],
      "exit_codes": [
        0,
        0,
        0,
        0,
        0,
        0,
        0,
        0,
        0,
        0
      ]
    },
    {
      "command": "deno",
      "mean": 3.80318130284,
      "stddev": 0.1545055592532006,
      "median": 3.77607689834,
      "user": 3.9848089399999997,
      "system": 2.2994939400000005,
      "min": 3.60169589734,
      "max": 4.19739654434,
      "times": [
        3.65615569134,
        3.72371860234,
        3.85859309634,
        3.73602117634,
        4.19739654434,
        3.60169589734,
        3.8629248933399998,
        3.7929513673399997,
        3.75920242934,
        3.84315333034
      ],
      "exit_codes": [
        0,
        0,
        0,
        0,
        0,
        0,
        0,
        0,
        0,
        0
      ]
    }
  ]
}