{
  "results": [
    {
      "command": "npm",
      "mean": 0.5640864465400001,
      "stddev": 0.011077070458517482,
      "median": 0.56092547644,
      "user": 0.60774786,
      "system": 0.13728242,
      "min": 0.54927921144,
      "max": 0.5855224264400001,
      "times": [
        0.55588169744,
        0.55242873144,
        0.5578816134400001,
        0.55788586844,
        0.54927921144,
        0.56396508444,
        0.57108188344,
        0.56882798444,
        0.5855224264400001,
        0.5781099644400001
      ],
      "exit_codes": [
        0,
        0,
        0,
        0,
        0,
        0,
        0,
        0,
        0,
        0
      ]
    },
    {
      "command": "snpm",
      "mean": 0.10759117854000003,
      "stddev": 0.0010314705884039964,
      "median": 0.10736865444000002,
      "user": 0.06586686,
      "system": 0.04493822,
      "min": 0.10668759044000001,
      "max": 0.11038861544,
      "times": [
        0.11038861544,
        0.10696384744000001,
        0.10751155044,
        0.10668759044000001,
        0.10784885744,
        0.10722575844000001,
        0.10679945944000001,
        0.10679610044000001,
        0.10791411844000001,
        0.10777588744000001
      ],
      "exit_codes": [
        0,
        0,
        0,
        0,
        0,
        0,
        0,
        0,
        0,
        0
      ]
    },
    {
      "command": "yarn",
      "mean": 1.8561509206399998,
      "stddev": 0.054238902580821716,
      "median": 1.87509258394,
      "user": 0.9850226599999999,
      "system": 0.3299007199999999,
      "min": 1.74207576744,
      "max": 1.91500711844,
      "times": [
        1.91311500444,
        1.83161943344,
        1.88994059844,
        1.8858846674399998,
        1.85200030944,
        1.77908119144,
        1.74207576744,
        1.91500711844,
        1.88848461544,
        1.86430050044
      ],
      "exit_codes": [
        0,
        0,
        0,
        0,
        0,
        0,
        0,
        0,
        0,
        0
      ]
    },
    {
      "command": "berry",
      "mean": 1.25721098144,
      "stddev": 0.043553147652352964,
      "median": 1.23742309394,
      "user": 1.35711116,
      "system": 0.26125402,
      "min": 1.20461942744,
      "max": 1.3525880104399999,
      "times": [
        1.23395906644,
        1.3525880104399999,
        1.23580978044,
        1.29716185544,
        1.22935616944,
        1.21993638144,
        1.30210725544,
        1.23903640744,
        1.20461942744,
        1.25753546044
      ],
      "exit_codes": [
        0,
        0,
        0,
        0,
        0,
        0,
        0,
        0,
        0,
        0
      ]
    },
    {
      "command": "pnpm",
      "mean": 0.69400453724,
      "stddev": 0.007797761148581445,
      "median": 0.6943255364400001,
      "user": 0.9505841599999998,
      "system": 0.15649702,
      "min": 0.6832173514400001,
      "max": 0.70661202944,
      "times": [
        0.6832173514400001,
        0.68672054544,
        0.68698437244,
        0.70191203544,
        0.69948532044,
        0.69918388744,
        0.70661202944,
        0.68655214444,
        0.69991050044,
        0.6894671854400001
      ],
      "exit_codes": [
        0,
        0,
        0,
        0,
        0,
        0,
        0,
        0,
        0,
        0
      ]
    },
    {
      "command": "vlt",
      "mean": 0.26530192904,
      "stddev": 0.0015140397076009791,
      "median": 0.26503961044,
      "user": 0.26111256,
      "system": 0.05645732,
      "min": 0.26342154744,
      "max": 0.26782262944,
      "times": [
        0.26673510044000004,
        0.26442878044,
        0.26565044044,
        0.26610122644,
        0.26360150744,
        0.26782262944,
        0.26342154744,
        0.26712101044000003,
        0.26374170244,
        0.26439534544000004
      ],
      "exit_codes": [
        0,
        0,
        0,
        0,
        0,
        0,
        0,
        0,
        0,
        0
      ]
    },
    {
      "command": "bun",
      "mean": 0.010652796340000003,
      "stddev": 0.0001914793682757753,
      "median": 0.01062701744,
      "user": 0.00574706,
      "system": 0.01049062,
      "min": 0.010332054440000002,
      "max": 0.011003375440000001,
      "times": [
        0.010641372440000001,
        0.010559075440000001,
        0.010612662440000002,
        0.010737787440000002,
        0.010530188440000001,
        0.010703482440000002,
        0.011003375440000001,
        0.010927893440000001,
        0.01048007144,
        0.010332054440000002
      ],
      "exit_codes": [
        0,
        0,
        0,
        0,
        0,
        0,
        0,
        0,
        0,
        0
      ]
    },
    {
      "command": "deno",
      "mean": 0.17826156844000002,
      "stddev": 0.004199525023587212,
      "median": 0.17718140344,
      "user": 0.23814755999999998,
      "system": 0.09581182,
      "min": 0.17167174344000002,
      "max": 0.18710329944,
      "times": [
        0.17636703844,
        0.17518457744000002,
        0.17167174344000002,
        0.17666096644,
        0.17770184044,
        0.18227061244,
        0.17473849644,
        0.18710329944,
        0.18104498244,
        0.17987212744
      ],
      "exit_codes": [
        0,
        0,
        0,
        0,
        0,
        0,
        0,
        0,
        0,
        0
      ]
    }
  ]
}