{
  "results": [
    {
      "command": "npm",
      "mean": 0.32760648872000003,
      "stddev": 0.005146612366343283,
      "median": 0.32604805382,
      "user": 0.33477266,
      "system": 0.078053,
      "min": 0.32230111132000006,
      "max": 0.33741530032000006,
      "times": [
        0.33637627532000003,
        0.32262040032000006,
        0.32230111132000006,
        0.32368433732000007,
        0.32504347032,
        0.32406440932,
        0.32956266432000003,
        0.33741530032000006,
        0.32794428132000003,
        0.32705263732000006
      ],
      "exit_codes": [
        0,
        0,
        0,
        0,
        0,
        0,
        0,
        0,
        0,
        0
      ]
    },
    {
      "command": "snpm",
      "mean": 0.028042578420000002,
      "stddev": 0.0005318802951987315,
      "median": 0.027857946820000003,
      "user": 0.01684426,
      "system": 0.013510199999999997,
      "min": 0.027367682320000003,
      "max": 0.029258045320000002,
      "times": [
        0.027585841320000002,
        0.02848148932,
        0.028199601320000003,
        0.027909842320000003,
        0.027628514320000002,
        0.02776281732,
        0.029258045320000002,
        0.027806051320000004,
        0.027367682320000003,
        0.028425899320000003
      ],
      "exit_codes": [
        0,
        0,
        0,
        0,
        0,
        0,
        0,
        0,
        0,
        0
      ]
    },
    {
      "command": "yarn",
      "mean": 0.23485999872000002,
      "stddev": 0.0042151056710892825,
      "median": 0.23359284632000002,
      "user": 0.20651796,
      "system": 0.052744400000000004,
      "min": 0.23037731532,
      "max": 0.24336683932,
      "times": [
        0.24336683932,
        0.23100059432,
        0.23565060432,
        0.24181172332,
        0.23284129532,
        0.23113662232,
        0.23522930032,
        0.23037731532,
        0.23339611432000001,
        0.23378957832000002
      ],
      "exit_codes": [
        0,
        0,
        0,
        0,
        0,
        0,
        0,
        0,
        0,
        0
      ]
    },
    {
      "command": "berry",
      "mean": 2.20427168892,
      "stddev": 0.024280018241674056,
      "median": 2.20345135932,
      "user": 3.4258135600000004,
      "system": 0.9344444000000001,
      "min": 2.15002030032,
      "max": 2.23954908232,
      "times": [
        2.20515511832,
        2.23935629732,
        2.23954908232,
        2.21394562532,
        2.20174760032,
        2.20966367132,
        2.19963206632,
        2.18905700132,
        2.15002030032,
        2.19459012632
      ],
      "exit_codes": [
        0,
        0,
        0,
        0,
        0,
        0,
        0,
        0,
        0,
        0
      ]
    },
    {
      "command": "pnpm",
      "mean": 0.6766720086200001,
      "stddev": 0.008460429669644425,
      "median": 0.67584449832,
      "user": 0.7043725599999999,
      "system": 0.1353622,
      "min": 0.6643505233200001,
      "max": 0.6896899683200001,
      "times": [
        0.6729854593200001,
        0.6775444693200001,
        0.6887856813200001,
        0.6856553193200001,
        0.67574621132,
        0.6672179183200001,
        0.6759427853200001,
        0.6643505233200001,
        0.6688017503200001,
        0.6896899683200001
      ],
      "exit_codes": [
        0,
        0,
        0,
        0,
        0,
        0,
        0,
        0,
        0,
        0
      ]
    },
    {
      "command": "vlt",
      "mean": 0.26897503152,
      "stddev": 0.0029412911794116903,
      "median": 0.2683945898200001,
      "user": 0.27229226000000006,
      "system": 0.0522325,
      "min": 0.26587157032000003,
      "max": 0.27652201032000007,
      "times": [
        0.26731543932,
        0.26661759632000004,
        0.26857280332000005,
        0.27093053032000003,
        0.26854084532000005,
        0.26587157032000003,
        0.27037862632000004,
        0.27652201032000007,
        0.26675255932,
        0.26824833432000006
      ],
      "exit_codes": [
        0,
        0,
        0,
        0,
        0,
        0,
        0,
        0,
        0,
        0
      ]
    },
    {
      "command": "bun",
      "mean": 0.005942626019999999,
      "stddev": 0.000280928704130799,
      "median": 0.0058525828200000005,
      "user": 0.00405426,
      "system": 0.005369400000000001,
      "min": 0.00558635432,
      "max": 0.00633582032,
      "times": [
        0.00624209432,
        0.00592877732,
        0.00615613232,
        0.0057424463200000005,
        0.00633582032,
        0.00571098332,
        0.00562083432,
        0.00577638832,
        0.00632642932,
        0.00558635432
      ],
      "exit_codes": [
        0,
        0,
        0,
        0,
        0,
        0,
        0,
        0,
        0,
        0
      ]
    },
    {
      "command": "deno",
      "mean": 0.03692698911999999,
      "stddev": 0.0007968853188602229,
      "median": 0.03684271932,
      "user": 0.020618759999999996,
      "system": 0.019867000000000003,
      "min": 0.03578787032,
      "max": 0.03882803232,
      "times": [
        0.03640530732,
        0.03741296732,
        0.03665379732,
        0.03882803232,
        0.03721452932,
        0.03722940932,
        0.03578787032,
        0.03703164132,
        0.03643099732,
        0.03627533932
      ],
      "exit_codes": [
        0,
        0,
        0,
        0,
        0,
        0,
        0,
        0,
        0,
        0
      ]
    }
  ]
}