{
  "results": [
    {
      "command": "npm",
      "mean": 9.0183862451,
      "stddev": 0.044268036533375625,
      "median": 9.0173995636,
      "user": 11.30604818,
      "system": 3.2956689,
      "min": 8.949406011099999,
      "max": 9.084838722099999,
      "times": [
        9.0633169231,
        9.0376712661,
        8.9692146741,
        9.0460075331,
        9.0639911091,
        9.084838722099999,
        8.9751873331,
        8.9971278611,
        8.949406011099999,
        8.997101018099999
      ],
      "exit_codes": [
        0,
        0,
        0,
        0,
        0,
        0,
        0,
        0,
        0,
        0
      ]
    },
    {
      "command": "snpm",
      "mean": 0.5907280296000001,
      "stddev": 0.008672462868391243,
      "median": 0.5883306871,
      "user": 0.37972468,
      "system": 0.22129279999999998,
      "min": 0.5836776251000001,
      "max": 0.6154643101000001,
      "times": [
        0.5878759691000001,
        0.5926220951000001,
        0.5888238961000001,
        0.5875003961,
        0.5914221451000001,
        0.5874206701000001,
        0.5836877841000001,
        0.5836776251000001,
        0.6154643101000001,
        0.5887854051000001
      ],
      "exit_codes": [
        0,
        0,
        0,
        0,
        0,
        0,
        0,
        0,
        0,
        0
      ]
    },
    {
      "command": "yarn",
      "mean": 8.37300771,
      "stddev": 0.40573335145644857,
      "median": 8.2552567136,
      "user": 4.724788679999999,
      "system": 3.2914755999999996,
      "min": 7.968524821100001,
      "max": 9.334100166099999,
      "times": [
        7.968524821100001,
        8.044887273099999,
        8.1139001801,
        8.0463356241,
        8.599892798099999,
        8.3966132471,
        8.4137977631,
        8.073221776099999,
        9.334100166099999,
        8.738803451099999
      ],
      "exit_codes": [
        0,
        0,
        0,
        0,
        0,
        0,
        0,
        0,
        0,
        0
      ]
    },
    {
      "command": "berry",
      "mean": 4.331919308300001,
      "stddev": 0.26798863298374986,
      "median": 4.242993649600001,
      "user": 5.916210179999999,
      "system": 1.7538459000000004,
      "min": 4.2210310811000005,
      "max": 5.1340630121,
      "times": [
        4.2682370661,
        5.1340630121,
        4.242456869100001,
        4.231327134100001,
        4.243530430100001,
        4.2215254361,
        4.2795674661000005,
        4.2297553131,
        4.2476992751000004,
        4.2210310811000005
      ],
      "exit_codes": [
        0,
        0,
        0,
        0,
        0,
        0,
        0,
        0,
        0,
        0
      ]
    },
    {
      "command": "pnpm",
      "mean": 3.2909129446999996,
      "stddev": 0.03663275850279259,
      "median": 3.2747650701,
      "user": 4.340108679999999,
      "system": 1.3594021,
      "min": 3.2584067141,
      "max": 3.3872593270999998,
      "times": [
        3.2584067141,
        3.3014588481,
        3.2753436791,
        3.2700297581,
        3.2950209921,
        3.3165124911,
        3.3872593270999998,
        3.2741864611,
        3.2608489711,
        3.2700622051
      ],
      "exit_codes": [
        0,
        0,
        0,
        0,
        0,
        0,
        0,
        0,
        0,
        0
      ]
    },
    {
      "command": "vlt",
      "mean": 2.0237210118,
      "stddev": 0.01752205080126574,
      "median": 2.0256610806,
      "user": 2.41189728,
      "system": 1.6524503000000004,
      "min": 1.9978569580999999,
      "max": 2.0636236121,
      "times": [
        2.0150783661,
        2.0636236121,
        2.0360183310999997,
        2.0244832091,
        2.0269062571,
        2.0092377991,
        2.0268389521,
        2.0063331551,
        1.9978569580999999,
        2.0308334781
      ],
      "exit_codes": [
        0,
        0,
        0,
        0,
        0,
        0,
        0,
        0,
        0,
        0
      ]
    },
    {
      "command": "bun",
      "mean": 0.33931168879999996,
      "stddev": 0.0038830656319070456,
      "median": 0.3404683076,
      "user": 0.15224948,
      "system": 0.2901532,
      "min": 0.3308315261,
      "max": 0.3443001201,
      "times": [
        0.3308315261,
        0.3379826251,
        0.3357596131,
        0.3414966441,
        0.3417284561,
        0.3365927701,
        0.3394399711,
        0.3416737991,
        0.34331136310000004,
        0.3443001201
      ],
      "exit_codes": [
        0,
        0,
        0,
        0,
        0,
        0,
        0,
        0,
        0,
        0
      ]
    },
    {
      "command": "deno",
      "mean": 1.1169611394,
      "stddev": 0.01592658681090986,
      "median": 1.1143369500999998,
      "user": 1.14444888,
      "system": 0.6848777999999999,
      "min": 1.0947504290999999,
      "max": 1.1540475811,
      "times": [
        1.1540475811,
        1.1143900680999999,
        1.1132494991,
        1.1194358120999999,
        1.1142838321,
        1.1110082151,
        1.0947504290999999,
        1.1186124511,
        1.1320579321,
        1.0977755741
      ],
      "exit_codes": [
        0,
        0,
        0,
        0,
        0,
        0,
        0,
        0,
        0,
        0
      ]
    }
  ]
}