{
  "results": [
    {
      "command": "npm",
      "mean": 0.5786016904200001,
      "stddev": 0.0047351124835923,
      "median": 0.5767809099200001,
      "user": 0.6438805599999999,
      "system": 0.10766966,
      "min": 0.57327830242,
      "max": 0.5870317954200001,
      "times": [
        0.58570040842,
        0.57824088442,
        0.5870317954200001,
        0.5743699804200001,
        0.58359221742,
        0.5762894764200001,
        0.57727234342,
        0.57487010242,
        0.57537139342,
        0.57327830242
      ],
      "exit_codes": [
        0,
        0,
        0,
        0,
        0,
        0,
        0,
        0,
        0,
        0
      ]
    },
    {
      "command": "snpm",
      "mean": 0.032992902020000006,
      "stddev": 0.0005417685759213434,
      "median": 0.03297258992,
      "user": 0.021244259999999997,
      "system": 0.013980860000000001,
      "min": 0.03218032442,
      "max": 0.033994619420000004,
      "times": [
        0.03367397842000001,
        0.03322219942,
        0.032973339420000004,
        0.032409152420000004,
        0.03297184042,
        0.033994619420000004,
        0.033227120420000006,
        0.032869444420000005,
        0.032407001420000005,
        0.03218032442
      ],
      "exit_codes": [
        0,
        0,
        0,
        0,
        0,
        0,
        0,
        0,
        0,
        0
      ]
    },
    {
      "command": "yarn",
      "mean": 0.31452704382,
      "stddev": 0.013002108274200449,
      "median": 0.30863783692,
      "user": 0.35755046,
      "system": 0.06311586,
      "min": 0.30558485342,
      "max": 0.34989635942,
      "times": [
        0.34989635942,
        0.30740229842,
        0.30558485342,
        0.30834543242,
        0.31037062442,
        0.30749887842,
        0.30893024142000003,
        0.30619798642,
        0.32448282442000004,
        0.31656093942
      ],
      "exit_codes": [
        0,
        0,
        0,
        0,
        0,
        0,
        0,
        0,
        0,
        0
      ]
    },
    {
      "command": "berry",
      "mean": 1.0763276664199999,
      "stddev": 0.01079225700080333,
      "median": 1.07867200742,
      "user": 1.2048600600000001,
      "system": 0.20731855999999999,
      "min": 1.05627685942,
      "max": 1.09265978842,
      "times": [
        1.0789586874200001,
        1.05627685942,
        1.09265978842,
        1.07838532742,
        1.08646780542,
        1.08683066042,
        1.06425204742,
        1.06690561342,
        1.08057465442,
        1.07196522042
      ],
      "exit_codes": [
        0,
        0,
        0,
        0,
        0,
        0,
        0,
        0,
        0,
        0
      ]
    },
    {
      "command": "pnpm",
      "mean": 0.74000432792,
      "stddev": 0.057423761956764574,
      "median": 0.7210400184200001,
      "user": 0.80430586,
      "system": 0.12962336,
      "min": 0.6783074664200001,
      "max": 0.8798700114200001,
      "times": [
        0.7234344634200001,
        0.80959717342,
        0.73935346042,
        0.7083413204200001,
        0.6783074664200001,
        0.71864557342,
        0.69013800642,
        0.71723107342,
        0.8798700114200001,
        0.73512473042
      ],
      "exit_codes": [
        0,
        0,
        0,
        0,
        0,
        0,
        0,
        0,
        0,
        0
      ]
    },
    {
      "command": "vlt",
      "mean": 0.33642909502000007,
      "stddev": 0.007299513461723955,
      "median": 0.33441897292,
      "user": 0.36191626,
      "system": 0.07265506,
      "min": 0.32729663742000004,
      "max": 0.35276071442,
      "times": [
        0.34313858642,
        0.33312322742,
        0.33551841442,
        0.32867642842,
        0.32729663742000004,
        0.33209222542,
        0.33585206242000004,
        0.33331953142000004,
        0.35276071442,
        0.34251312242000004
      ],
      "exit_codes": [
        0,
        0,
        0,
        0,
        0,
        0,
        0,
        0,
        0,
        0
      ]
    },
    {
      "command": "bun",
      "mean": 0.01238187722,
      "stddev": 0.0008449111447576957,
      "median": 0.01199568292,
      "user": 0.009106659999999999,
      "system": 0.009311959999999998,
      "min": 0.01158732042,
      "max": 0.01397493642,
      "times": [
        0.011894156420000001,
        0.01325705142,
        0.01158732042,
        0.01163252442,
        0.012063995420000001,
        0.01397493642,
        0.01217086642,
        0.01363062542,
        0.011927370420000001,
        0.01167992542
      ],
      "exit_codes": [
        0,
        0,
        0,
        0,
        0,
        0,
        0,
        0,
        0,
        0
      ]
    },
    {
      "command": "deno",
      "mean": 0.17466410072,
      "stddev": 0.004777597291753042,
      "median": 0.17343141292000003,
      "user": 0.13948866,
      "system": 0.05414106,
      "min": 0.16989433742,
      "max": 0.18773058242000001,
      "times": [
        0.17225326642000002,
        0.17580406342000002,
        0.17539135542,
        0.17365332042,
        0.18773058242000001,
        0.17561432742000002,
        0.17289304042,
        0.16989433742,
        0.17320950542000002,
        0.17019720842000002
      ],
      "exit_codes": [
        0,
        0,
        0,
        0,
        0,
        0,
        0,
        0,
        0,
        0
      ]
    }
  ]
}