{
  "results": [
    {
      "command": "npm",
      "mean": 0.5700314101400001,
      "stddev": 0.009506371640371145,
      "median": 0.57027731204,
      "user": 0.6312125199999998,
      "system": 0.10461904,
      "min": 0.5562248120400001,
      "max": 0.5857097630400001,
      "times": [
        0.5663929830400001,
        0.57294628804,
        0.57512950904,
        0.5751723890400001,
        0.56760833604,
        0.55668163004,
        0.5857097630400001,
        0.5562248120400001,
        0.5822096510400001,
        0.5622387400400001
      ],
      "exit_codes": [
        0,
        0,
        0,
        0,
        0,
        0,
        0,
        0,
        0,
        0
      ]
    },
    {
      "command": "snpm",
      "mean": 0.032366062540000004,
      "stddev": 0.0005323299311961054,
      "median": 0.03223251354,
      "user": 0.02102522,
      "system": 0.013576140000000004,
      "min": 0.03167032104,
      "max": 0.03352964104,
      "times": [
        0.03251832904,
        0.03187612204,
        0.03260531804,
        0.03234092004,
        0.03195859504,
        0.03296782904,
        0.03167032104,
        0.03212410704,
        0.03352964104,
        0.03206944304
      ],
      "exit_codes": [
        0,
        0,
        0,
        0,
        0,
        0,
        0,
        0,
        0,
        0
      ]
    },
    {
      "command": "yarn",
      "mean": 0.31819191694000004,
      "stddev": 0.009138503979103462,
      "median": 0.31542647354,
      "user": 0.36331002,
      "system": 0.06680934000000001,
      "min": 0.31121683004,
      "max": 0.34499073004,
      "times": [
        0.31872083204,
        0.31457410804,
        0.31594810604,
        0.31121683004,
        0.34499073004,
        0.31490484104,
        0.31449943904,
        0.31599958504,
        0.31372968904,
        0.31733500904
      ],
      "exit_codes": [
        0,
        0,
        0,
        0,
        0,
        0,
        0,
        0,
        0,
        0
      ]
    },
    {
      "command": "berry",
      "mean": 5.4217198505400015,
      "stddev": 0.16161331608843252,
      "median": 5.3997380145400005,
      "user": 9.54099982,
      "system": 3.27776874,
      "min": 5.1285078660400005,
      "max": 5.71397444104,
      "times": [
        5.71397444104,
        5.53055406004,
        5.644717310040001,
        5.397738561040001,
        5.4022410160400005,
        5.3766133190400005,
        5.31853207404,
        5.40173746804,
        5.1285078660400005,
        5.30258239004
      ],
      "exit_codes": [
        0,
        0,
        0,
        0,
        0,
        0,
        0,
        0,
        0,
        0
      ]
    },
    {
      "command": "pnpm",
      "mean": 0.77037074754,
      "stddev": 0.014112547495996662,
      "median": 0.77116902754,
      "user": 0.84969922,
      "system": 0.15619173999999997,
      "min": 0.7499180670400001,
      "max": 0.7962583630400001,
      "times": [
        0.7545772100400001,
        0.7522898410400001,
        0.7962583630400001,
        0.7709922990400001,
        0.7499180670400001,
        0.7713457560400001,
        0.7683404600400001,
        0.7822377360400001,
        0.7831114120400001,
        0.7746363310400001
      ],
      "exit_codes": [
        0,
        0,
        0,
        0,
        0,
        0,
        0,
        0,
        0,
        0
      ]
    },
    {
      "command": "vlt",
      "mean": 0.34003640284,
      "stddev": 0.004466410396306544,
      "median": 0.34025483254,
      "user": 0.36127721999999995,
      "system": 0.07910774,
      "min": 0.33180079904,
      "max": 0.34741213404,
      "times": [
        0.34253822304,
        0.34300235904,
        0.33906699804,
        0.33998946904,
        0.34052019604,
        0.33853802404,
        0.33348179104,
        0.34401403504,
        0.34741213404,
        0.33180079904
      ],
      "exit_codes": [
        0,
        0,
        0,
        0,
        0,
        0,
        0,
        0,
        0,
        0
      ]
    },
    {
      "command": "bun",
      "mean": 0.011643434840000001,
      "stddev": 0.0005678725282152325,
      "median": 0.011478614540000001,
      "user": 0.00880552,
      "system": 0.00864804,
      "min": 0.01120165304,
      "max": 0.01325974004,
      "times": [
        0.01162933204,
        0.01325974004,
        0.011717966040000001,
        0.01122387304,
        0.011734345040000002,
        0.01142148704,
        0.011354345040000002,
        0.011355865040000001,
        0.01120165304,
        0.011535742040000001
      ],
      "exit_codes": [
        0,
        0,
        0,
        0,
        0,
        0,
        0,
        0,
        0,
        0
      ]
    },
    {
      "command": "deno",
      "mean": 0.8020442895400001,
      "stddev": 0.04812179377033909,
      "median": 0.7911158985400001,
      "user": 0.31548102,
      "system": 0.12726134,
      "min": 0.7492604730400001,
      "max": 0.9212659740400001,
      "times": [
        0.9212659740400001,
        0.78098416404,
        0.82353544704,
        0.8303592660400001,
        0.7768832430400001,
        0.76213658104,
        0.7574362000400001,
        0.7492604730400001,
        0.8012476330400001,
        0.8173339140400001
      ],
      "exit_codes": [
        0,
        0,
        0,
        0,
        0,
        0,
        0,
        0,
        0,
        0
      ]
    }
  ]
}