{
  "results": [
    {
      "command": "npm",
      "mean": 10.00724043572,
      "stddev": 0.04677386226714771,
      "median": 10.01689163902,
      "user": 10.449340920000001,
      "system": 4.62489762,
      "min": 9.92648648902,
      "max": 10.08435728802,
      "times": [
        10.00802974802,
        9.94635291002,
        10.01313500602,
        10.049487454020001,
        10.08435728802,
        10.04182355402,
        9.92648648902,
        9.959563967020001,
        10.022519669020001,
        10.02064827202
      ],
      "exit_codes": [
        0,
        0,
        0,
        0,
        0,
        0,
        0,
        0,
        0,
        0
      ]
    },
    {
      "command": "snpm",
      "mean": 0.6367828659200001,
      "stddev": 0.03478813211700315,
      "median": 0.62613165552,
      "user": 0.40754912,
      "system": 0.23782371999999996,
      "min": 0.6169588880200001,
      "max": 0.73958702602,
      "times": [
        0.62649363002,
        0.6271346800200001,
        0.62091358702,
        0.62250169202,
        0.63502882102,
        0.6169588880200001,
        0.6178085980200001,
        0.6356320560200001,
        0.6257696810200001,
        0.73958702602
      ],
      "exit_codes": [
        0,
        0,
        0,
        0,
        0,
        0,
        0,
        0,
        0,
        0
      ]
    },
    {
      "command": "yarn",
      "mean": 7.8709936998200005,
      "stddev": 0.1909988579786037,
      "median": 7.89670922002,
      "user": 6.28492832,
      "system": 5.119578119999999,
      "min": 7.40393759102,
      "max": 8.14530609402,
      "times": [
        7.40393759102,
        7.7728889500200005,
        7.840802813020001,
        7.99911950602,
        8.14530609402,
        7.95261562702,
        8.01130973702,
        7.832622504020001,
        7.78456844302,
        7.966765733020001
      ],
      "exit_codes": [
        0,
        0,
        0,
        0,
        0,
        0,
        0,
        0,
        0,
        0
      ]
    },
    {
      "command": "berry",
      "mean": 5.63604869852,
      "stddev": 0.14566589072551708,
      "median": 5.58918623502,
      "user": 7.1801444199999995,
      "system": 2.75328662,
      "min": 5.50488969702,
      "max": 6.0436011910200005,
      "times": [
        6.0436011910200005,
        5.696060621020001,
        5.57529734602,
        5.662058418020001,
        5.50488969702,
        5.56823300802,
        5.60307512402,
        5.60342056002,
        5.54959156402,
        5.5542594560200005
      ],
      "exit_codes": [
        0,
        0,
        0,
        0,
        0,
        0,
        0,
        0,
        0,
        0
      ]
    },
    {
      "command": "pnpm",
      "mean": 3.33431858672,
      "stddev": 0.027288073203212693,
      "median": 3.33220184102,
      "user": 4.543610119999999,
      "system": 1.40263382,
      "min": 3.28900871302,
      "max": 3.38753771702,
      "times": [
        3.30978397302,
        3.35286281402,
        3.30537993702,
        3.32911742302,
        3.38753771702,
        3.33528625902,
        3.3476056500199998,
        3.32895036702,
        3.28900871302,
        3.35765301402
      ],
      "exit_codes": [
        0,
        0,
        0,
        0,
        0,
        0,
        0,
        0,
        0,
        0
      ]
    },
    {
      "command": "vlt",
      "mean": 3.4746500970199996,
      "stddev": 0.046504363757046745,
      "median": 3.46620805352,
      "user": 3.49133492,
      "system": 2.8442276199999994,
      "min": 3.42727774902,
      "max": 3.59614155802,
      "times": [
        3.43879125402,
        3.44340514602,
        3.47234570002,
        3.47125068302,
        3.46116542402,
        3.50743942702,
        3.42727774902,
        3.59614155802,
        3.48524398202,
        3.4434400470199997
      ],
      "exit_codes": [
        0,
        0,
        0,
        0,
        0,
        0,
        0,
        0,
        0,
        0
      ]
    },
    {
      "command": "bun",
      "mean": 0.31110544522000005,
      "stddev": 0.0072175540580266115,
      "median": 0.30851945402000003,
      "user": 0.017603119999999996,
      "system": 0.2977522199999999,
      "min": 0.30795506202,
      "max": 0.33265649402,
      "times": [
        0.30861216402,
        0.30795506202,
        0.30946750702000003,
        0.30840877402,
        0.30808335602000003,
        0.30900494802,
        0.30808958902,
        0.30842674402000003,
        0.31034981402,
        0.33265649402
      ],
      "exit_codes": [
        0,
        0,
        0,
        0,
        0,
        0,
        0,
        0,
        0,
        0
      ]
    },
    {
      "command": "deno",
      "mean": 1.0913566448199998,
      "stddev": 0.038859811722032817,
      "median": 1.08560159452,
      "user": 1.29504762,
      "system": 0.8459771199999999,
      "min": 1.04433375102,
      "max": 1.1472237350199999,
      "times": [
        1.0736168090199998,
        1.04433375102,
        1.04517910902,
        1.0468505260199998,
        1.06824686602,
        1.1472237350199999,
        1.11777191902,
        1.1392158670199999,
        1.0975863800199999,
        1.13354148602
      ],
      "exit_codes": [
        0,
        0,
        0,
        0,
        0,
        0,
        0,
        0,
        0,
        0
      ]
    }
  ]
}