{
  "results": [
    {
      "command": "npm",
      "mean": 23.6719620446,
      "stddev": 0.7200804761283346,
      "median": 23.641143431099998,
      "user": 15.273482059999997,
      "system": 4.45633174,
      "min": 22.2089598961,
      "max": 24.8254798341,
      "times": [
        24.2489735231,
        24.8254798341,
        24.0808255871,
        23.4352995151,
        23.1058000181,
        23.8151444311,
        23.4671424311,
        23.1506186711,
        24.3813765391,
        22.2089598961
      ],
      "exit_codes": [
        0,
        0,
        0,
        0,
        0,
        0,
        0,
        0,
        0,
        0
      ]
    },
    {
      "command": "snpm",
      "mean": 0.6035616776,
      "stddev": 0.00714776739916771,
      "median": 0.6030237856,
      "user": 0.38966486,
      "system": 0.22404564,
      "min": 0.5922200151,
      "max": 0.6186668451,
      "times": [
        0.6011355481,
        0.6036914570999999,
        0.6037247111,
        0.6055587540999999,
        0.6186668451,
        0.6023561141,
        0.6122518341,
        0.5996609910999999,
        0.5963505061,
        0.5922200151
      ],
      "exit_codes": [
        0,
        0,
        0,
        0,
        0,
        0,
        0,
        0,
        0,
        0
      ]
    },
    {
      "command": "yarn",
      "mean": 18.3437347045,
      "stddev": 0.4813837479370709,
      "median": 18.2268259426,
      "user": 19.29751296,
      "system": 8.712379440000001,
      "min": 17.4326184601,
      "max": 19.0041550961,
      "times": [
        18.2314723181,
        18.9312070781,
        18.4964034161,
        18.9506524451,
        17.4326184601,
        19.0041550961,
        18.2221795671,
        18.1916144541,
        18.0638995131,
        17.9131446971
      ],
      "exit_codes": [
        0,
        0,
        0,
        0,
        0,
        0,
        0,
        0,
        0,
        0
      ]
    },
    {
      "command": "berry",
      "mean": 6.6754091415,
      "stddev": 0.09816603318107475,
      "median": 6.6528056876,
      "user": 11.63977306,
      "system": 3.3690089399999996,
      "min": 6.4870725951,
      "max": 6.8312778101,
      "times": [
        6.4870725951,
        6.6295242731,
        6.7436404451000005,
        6.7342920831,
        6.6580251691,
        6.6348056651,
        6.5867874201,
        6.6475862061,
        6.8010797481,
        6.8312778101
      ],
      "exit_codes": [
        0,
        0,
        0,
        0,
        0,
        0,
        0,
        0,
        0,
        0
      ]
    },
    {
      "command": "pnpm",
      "mean": 4.4531029048,
      "stddev": 0.11911601319934932,
      "median": 4.4345613631,
      "user": 6.75949746,
      "system": 2.42181344,
      "min": 4.2609534351,
      "max": 4.7106137421,
      "times": [
        4.2609534351,
        4.3637449071,
        4.4177052031,
        4.7106137421,
        4.5352108721,
        4.5016426091,
        4.3701389821,
        4.4514175231,
        4.5414763020999995,
        4.3781254721
      ],
      "exit_codes": [
        0,
        0,
        0,
        0,
        0,
        0,
        0,
        0,
        0,
        0
      ]
    },
    {
      "command": "vlt",
      "mean": 6.909200322000001,
      "stddev": 0.34999166520614206,
      "median": 6.8021433910999995,
      "user": 6.62887746,
      "system": 2.62046644,
      "min": 6.4685656061,
      "max": 7.5226088951,
      "times": [
        6.7213399871,
        6.4685656061,
        7.0102372111,
        6.7626014261,
        7.3607691691,
        7.2802919901,
        6.8416853561,
        6.5713492661,
        6.5525543131,
        7.5226088951
      ],
      "exit_codes": [
        0,
        0,
        0,
        0,
        0,
        0,
        0,
        0,
        0,
        0
      ]
    },
    {
      "command": "bun",
      "mean": 1.6212760422999999,
      "stddev": 0.19555994150093786,
      "median": 1.5565363596,
      "user": 2.0588016599999994,
      "system": 1.7373624399999996,
      "min": 1.4331299441,
      "max": 2.1339351190999998,
      "times": [
        2.1339351190999998,
        1.5878080960999998,
        1.6242955961,
        1.8043009681,
        1.5584752181,
        1.4331299441,
        1.5124848481,
        1.4812687751,
        1.5224643571,
        1.5545975011
      ],
      "exit_codes": [
        0,
        0,
        0,
        0,
        0,
        0,
        0,
        0,
        0,
        0
      ]
    },
    {
      "command": "deno",
      "mean": 13.6327081288,
      "stddev": 1.2880130520008684,
      "median": 13.8521644211,
      "user": 4.379146959999999,
      "system": 1.9991402399999996,
      "min": 11.9125607141,
      "max": 16.1706832981,
      "times": [
        13.4277035471,
        12.6484886651,
        14.4882901561,
        14.2766252951,
        14.3328960501,
        12.3930261971,
        11.9125607141,
        14.5283368211,
        12.1484705441,
        16.1706832981
      ],
      "exit_codes": [
        0,
        0,
        0,
        0,
        0,
        0,
        0,
        0,
        0,
        0
      ]
    }
  ]
}