{
  "results": [
    {
      "command": "npm",
      "mean": 24.28032218652,
      "stddev": 0.913373341044117,
      "median": 24.157868554719997,
      "user": 15.23054034,
      "system": 4.5068332799999995,
      "min": 23.09766510072,
      "max": 25.89715891772,
      "times": [
        23.52786731772,
        25.78490440872,
        23.60880918672,
        23.09766510072,
        24.436468300719998,
        25.89715891772,
        23.87926880872,
        23.44235900072,
        24.56112365572,
        24.56759716772
      ],
      "exit_codes": [
        0,
        0,
        0,
        0,
        0,
        0,
        0,
        0,
        0,
        0
      ]
    },
    {
      "command": "snpm",
      "mean": 0.59701677372,
      "stddev": 0.014487382928181707,
      "median": 0.59310620172,
      "user": 0.36124304,
      "system": 0.24492778000000004,
      "min": 0.58307891372,
      "max": 0.63410039272,
      "times": [
        0.59366862172,
        0.6061090877199999,
        0.59098343072,
        0.59254378172,
        0.60009327572,
        0.58307891372,
        0.58338780672,
        0.63410039272,
        0.58434855972,
        0.60185386672
      ],
      "exit_codes": [
        0,
        0,
        0,
        0,
        0,
        0,
        0,
        0,
        0,
        0
      ]
    },
    {
      "command": "yarn",
      "mean": 18.43126209852,
      "stddev": 1.2475831513376794,
      "median": 18.18471552122,
      "user": 18.394314440000006,
      "system": 8.66178048,
      "min": 17.27731893172,
      "max": 21.72253848072,
      "times": [
        18.50255932272,
        19.06095368172,
        17.60298974572,
        17.45601922872,
        17.490219448719998,
        18.51330858672,
        17.27731893172,
        18.81984183872,
        21.72253848072,
        17.86687171972
      ],
      "exit_codes": [
        0,
        0,
        0,
        0,
        0,
        0,
        0,
        0,
        0,
        0
      ]
    },
    {
      "command": "berry",
      "mean": 6.71039095262,
      "stddev": 0.08998181371974603,
      "median": 6.69971037172,
      "user": 11.75963954,
      "system": 3.36049968,
      "min": 6.58608668672,
      "max": 6.87982635672,
      "times": [
        6.58608668672,
        6.65813455772,
        6.8202130077200005,
        6.62615027872,
        6.65248569472,
        6.629984915720001,
        6.76460886972,
        6.74128618572,
        6.7451329727200005,
        6.87982635672
      ],
      "exit_codes": [
        0,
        0,
        0,
        0,
        0,
        0,
        0,
        0,
        0,
        0
      ]
    },
    {
      "command": "pnpm",
      "mean": 4.7733689130200005,
      "stddev": 0.06413546199922548,
      "median": 4.768712985720001,
      "user": 6.83319954,
      "system": 2.52364318,
      "min": 4.70548266072,
      "max": 4.92255227572,
      "times": [
        4.77838214372,
        4.92255227572,
        4.8126646847200005,
        4.72651931272,
        4.7765336217200005,
        4.8263667667200005,
        4.76089234972,
        4.70548266072,
        4.7079856947200005,
        4.7163096197200005
      ],
      "exit_codes": [
        0,
        0,
        0,
        0,
        0,
        0,
        0,
        0,
        0,
        0
      ]
    },
    {
      "command": "vlt",
      "mean": 7.45545502562,
      "stddev": 0.9681152144588503,
      "median": 7.29203316522,
      "user": 6.6268340399999985,
      "system": 2.7202648799999998,
      "min": 6.57143336572,
      "max": 10.156645704719999,
      "times": [
        6.57143336572,
        7.48534485372,
        7.4050677487200005,
        7.17899858172,
        6.70511454572,
        7.01074323272,
        7.68198002272,
        6.82576641072,
        7.5334557897200005,
        10.156645704719999
      ],
      "exit_codes": [
        0,
        0,
        0,
        0,
        0,
        0,
        0,
        0,
        0,
        0
      ]
    },
    {
      "command": "bun",
      "mean": 1.72474281412,
      "stddev": 0.19260662252607072,
      "median": 1.68750770872,
      "user": 1.9930900399999998,
      "system": 1.71535178,
      "min": 1.52335819672,
      "max": 2.1918453217200002,
      "times": [
        1.66909528172,
        1.8697217017199999,
        1.77706280072,
        2.1918453217200002,
        1.8076910847199998,
        1.6193828967200001,
        1.52335819672,
        1.54458061172,
        1.70592013572,
        1.53877010972
      ],
      "exit_codes": [
        0,
        0,
        0,
        0,
        0,
        0,
        0,
        0,
        0,
        0
      ]
    },
    {
      "command": "deno",
      "mean": 15.405228368120001,
      "stddev": 1.3901822673147148,
      "median": 15.46176994872,
      "user": 4.3563661399999996,
      "system": 2.0196204799999995,
      "min": 13.295163062719999,
      "max": 17.57505054972,
      "times": [
        16.213261842719998,
        15.84065779272,
        17.57505054972,
        15.08288210472,
        13.464665006719999,
        13.295163062719999,
        14.89872865372,
        14.38048892472,
        15.92807375672,
        17.37331198672
      ],
      "exit_codes": [
        0,
        0,
        0,
        0,
        0,
        0,
        0,
        0,
        0,
        0
      ]
    }
  ]
}