{
  "results": [
    {
      "command": "npm",
      "mean": 23.039031311499997,
      "stddev": 0.5271426439346538,
      "median": 23.0209700433,
      "user": 15.757278319999998,
      "system": 3.46725634,
      "min": 22.1058957908,
      "max": 23.9561391348,
      "times": [
        23.9561391348,
        23.4123670048,
        22.8590028838,
        23.0931339238,
        23.2776824978,
        23.6170948498,
        22.4292585648,
        22.1058957908,
        22.6909323018,
        22.9488061628
      ],
      "exit_codes": [
        0,
        0,
        0,
        0,
        0,
        0,
        0,
        0,
        0,
        0
      ]
    },
    {
      "command": "snpm",
      "mean": 0.5265323273000001,
      "stddev": 0.01661622313137207,
      "median": 0.5256702418000001,
      "user": 0.38346941999999995,
      "system": 0.15221243999999998,
      "min": 0.4936174378,
      "max": 0.5546708328000001,
      "times": [
        0.4936174378,
        0.5194218838000001,
        0.5273592408000001,
        0.5546708328000001,
        0.5239812428000001,
        0.5179630048000001,
        0.5388757768000001,
        0.5285455098,
        0.5472908488000001,
        0.5135974948
      ],
      "exit_codes": [
        0,
        0,
        0,
        0,
        0,
        0,
        0,
        0,
        0,
        0
      ]
    },
    {
      "command": "yarn",
      "mean": 16.922408849399996,
      "stddev": 0.17570998782651223,
      "median": 16.856493574799998,
      "user": 18.688655320000002,
      "system": 5.83230344,
      "min": 16.7007222448,
      "max": 17.2394152588,
      "times": [
        16.9282246128,
        17.1385260078,
        16.8614813508,
        17.2394152588,
        16.7007222448,
        17.1399040498,
        16.8256412988,
        16.851505798799998,
        16.7760478258,
        16.7626200458
      ],
      "exit_codes": [
        0,
        0,
        0,
        0,
        0,
        0,
        0,
        0,
        0,
        0
      ]
    },
    {
      "command": "berry",
      "mean": 6.5902840856,
      "stddev": 0.13051693374057938,
      "median": 6.5648725883,
      "user": 12.038742919999999,
      "system": 2.55146224,
      "min": 6.4435719168,
      "max": 6.8323652668,
      "times": [
        6.4435719168,
        6.761875659799999,
        6.8323652668,
        6.5588693957999995,
        6.457366663799999,
        6.6905014018,
        6.4757065348,
        6.5708757808,
        6.4658477408,
        6.6458604948
      ],
      "exit_codes": [
        0,
        0,
        0,
        0,
        0,
        0,
        0,
        0,
        0,
        0
      ]
    },
    {
      "command": "pnpm",
      "mean": 4.5298091743,
      "stddev": 0.06357010155517531,
      "median": 4.5146892693,
      "user": 6.749973519999999,
      "system": 1.70538544,
      "min": 4.4246087618,
      "max": 4.6330435678,
      "times": [
        4.5722004858,
        4.5806065668,
        4.5025495668,
        4.4523060677999995,
        4.6058185408,
        4.5268289718,
        4.6330435678,
        4.4246087618,
        4.4986308638,
        4.501498349799999
      ],
      "exit_codes": [
        0,
        0,
        0,
        0,
        0,
        0,
        0,
        0,
        0,
        0
      ]
    },
    {
      "command": "vlt",
      "mean": 6.567818835599999,
      "stddev": 0.8920729345499072,
      "median": 6.245690118799999,
      "user": 6.891781619999998,
      "system": 2.04760514,
      "min": 6.0850408758,
      "max": 9.1943271538,
      "times": [
        6.0850408758,
        6.470467772799999,
        9.1943271538,
        6.2560054368,
        6.1025964688,
        6.245366360799999,
        6.687589002799999,
        6.2395476748,
        6.246013876799999,
        6.1512337328
      ],
      "exit_codes": [
        0,
        0,
        0,
        0,
        0,
        0,
        0,
        0,
        0,
        0
      ]
    },
    {
      "command": "bun",
      "mean": 1.3690099793,
      "stddev": 0.031220646072374632,
      "median": 1.3665749313,
      "user": 2.16606642,
      "system": 1.20121474,
      "min": 1.3246482398,
      "max": 1.4461284998,
      "times": [
        1.3246482398,
        1.3604927078,
        1.3671146818,
        1.3751166178,
        1.3660351808,
        1.3589686358,
        1.3328784398,
        1.3726769048,
        1.4461284998,
        1.3860398848
      ],
      "exit_codes": [
        0,
        0,
        0,
        0,
        0,
        0,
        0,
        0,
        0,
        0
      ]
    },
    {
      "command": "deno",
      "mean": 11.5542990714,
      "stddev": 0.17282953509800877,
      "median": 11.547690612299998,
      "user": 4.5504174200000005,
      "system": 1.3823880400000002,
      "min": 11.2085076488,
      "max": 11.7735731548,
      "times": [
        11.3648442088,
        11.4629305978,
        11.6884490328,
        11.7735731548,
        11.7530766598,
        11.5187127358,
        11.4892764268,
        11.2085076488,
        11.706951759799999,
        11.5766684888
      ],
      "exit_codes": [
        0,
        0,
        0,
        0,
        0,
        0,
        0,
        0,
        0,
        0
      ]
    }
  ]
}