{
  "results": [
    {
      "command": "npm",
      "mean": 22.46383352192,
      "stddev": 0.5498621812900636,
      "median": 22.44103531322,
      "user": 14.6178031,
      "system": 4.46085776,
      "min": 21.78231451122,
      "max": 23.43026856122,
      "times": [
        21.80021130322,
        22.82310199822,
        22.12918364022,
        22.55547532222,
        21.78231451122,
        22.39880359522,
        22.48326703122,
        21.95335830322,
        23.28235095322,
        23.43026856122
      ],
      "exit_codes": [
        0,
        0,
        0,
        0,
        0,
        0,
        0,
        0,
        0,
        0
      ]
    },
    {
      "command": "snpm",
      "mean": 0.59776328032,
      "stddev": 0.007022745451939524,
      "median": 0.59739027522,
      "user": 0.3829345,
      "system": 0.22517486,
      "min": 0.59060947922,
      "max": 0.61565483822,
      "times": [
        0.59227761122,
        0.59167759422,
        0.59722007422,
        0.60012314922,
        0.61565483822,
        0.59220249822,
        0.60195943522,
        0.59060947922,
        0.59756047622,
        0.59834764722
      ],
      "exit_codes": [
        0,
        0,
        0,
        0,
        0,
        0,
        0,
        0,
        0,
        0
      ]
    },
    {
      "command": "yarn",
      "mean": 17.161611665819997,
      "stddev": 0.35082300449136217,
      "median": 17.04964429022,
      "user": 18.062287400000002,
      "system": 8.601312459999999,
      "min": 16.67034487322,
      "max": 17.82423163322,
      "times": [
        16.88124207822,
        17.70924827522,
        17.01870332522,
        17.08058525522,
        17.26695469022,
        16.95242632422,
        17.31095793122,
        16.90142227222,
        16.67034487322,
        17.82423163322
      ],
      "exit_codes": [
        0,
        0,
        0,
        0,
        0,
        0,
        0,
        0,
        0,
        0
      ]
    },
    {
      "command": "berry",
      "mean": 6.59298658632,
      "stddev": 0.06791019909865874,
      "median": 6.58823369722,
      "user": 11.548812899999998,
      "system": 3.3450508599999997,
      "min": 6.49995448322,
      "max": 6.76317208122,
      "times": [
        6.57299517122,
        6.52154095622,
        6.60922813722,
        6.63257802122,
        6.59375659322,
        6.58365278622,
        6.76317208122,
        6.49995448322,
        6.56017302522,
        6.592814608219999
      ],
      "exit_codes": [
        0,
        0,
        0,
        0,
        0,
        0,
        0,
        0,
        0,
        0
      ]
    },
    {
      "command": "pnpm",
      "mean": 4.4697817211199995,
      "stddev": 0.04902355655851227,
      "median": 4.452347663219999,
      "user": 6.513448599999999,
      "system": 2.4367223599999996,
      "min": 4.40918841122,
      "max": 4.5750081392199995,
      "times": [
        4.40918841122,
        4.42949406022,
        4.5750081392199995,
        4.494885057219999,
        4.43628007122,
        4.45266706722,
        4.52053509622,
        4.50032992122,
        4.42740112822,
        4.45202825922
      ],
      "exit_codes": [
        0,
        0,
        0,
        0,
        0,
        0,
        0,
        0,
        0,
        0
      ]
    },
    {
      "command": "vlt",
      "mean": 6.72255504292,
      "stddev": 0.3777252581110348,
      "median": 6.79055927422,
      "user": 6.4103791,
      "system": 2.64072556,
      "min": 6.18649594822,
      "max": 7.48458279422,
      "times": [
        6.703860543219999,
        6.29038856722,
        6.9024923742199995,
        6.348404954219999,
        6.96390401522,
        6.49243422222,
        6.87725800522,
        6.97572900522,
        7.48458279422,
        6.18649594822
      ],
      "exit_codes": [
        0,
        0,
        0,
        0,
        0,
        0,
        0,
        0,
        0,
        0
      ]
    },
    {
      "command": "bun",
      "mean": 1.52981722132,
      "stddev": 0.0620136904468234,
      "median": 1.53089164072,
      "user": 2.0182941999999997,
      "system": 1.73322766,
      "min": 1.4217175902199999,
      "max": 1.6052876382199999,
      "times": [
        1.5848419012200001,
        1.5186700312199999,
        1.58457412622,
        1.51072833622,
        1.4217175902199999,
        1.54311325022,
        1.44858700522,
        1.6052876382199999,
        1.6018281032200001,
        1.47882423122
      ],
      "exit_codes": [
        0,
        0,
        0,
        0,
        0,
        0,
        0,
        0,
        0,
        0
      ]
    },
    {
      "command": "deno",
      "mean": 12.700481619220001,
      "stddev": 0.7817025131886753,
      "median": 12.72731677022,
      "user": 4.3151904000000005,
      "system": 2.01826026,
      "min": 11.278349411219999,
      "max": 14.092789462219999,
      "times": [
        14.092789462219999,
        13.73317868422,
        11.85649388322,
        11.278349411219999,
        12.871035127219999,
        12.30654788122,
        12.583598413219999,
        12.90623201022,
        12.943505697219999,
        12.43308562222
      ],
      "exit_codes": [
        0,
        0,
        0,
        0,
        0,
        0,
        0,
        0,
        0,
        0
      ]
    }
  ]
}