{
  "results": [
    {
      "command": "npm",
      "mean": 24.40095837418,
      "stddev": 1.228054679659769,
      "median": 24.217051023379998,
      "user": 15.14532958,
      "system": 3.29114374,
      "min": 22.732412072379997,
      "max": 26.46323475738,
      "times": [
        22.98870747738,
        23.993721927379998,
        26.46323475738,
        24.881746473379998,
        22.732412072379997,
        23.83897233938,
        24.44038011938,
        23.139100391379998,
        25.67014426238,
        25.861163921379998
      ],
      "exit_codes": [
        0,
        0,
        0,
        0,
        0,
        0,
        0,
        0,
        0,
        0
      ]
    },
    {
      "command": "snpm",
      "mean": 0.5425739148800001,
      "stddev": 0.007553621954246257,
      "median": 0.5408131123800001,
      "user": 0.41051508000000003,
      "system": 0.14177834,
      "min": 0.5310313213800001,
      "max": 0.5566218903800001,
      "times": [
        0.5504056903800001,
        0.53847708638,
        0.53964571938,
        0.5392516833800001,
        0.5419805053800001,
        0.53318633138,
        0.5310313213800001,
        0.5461778973800001,
        0.5489610233800001,
        0.5566218903800001
      ],
      "exit_codes": [
        0,
        0,
        0,
        0,
        0,
        0,
        0,
        0,
        0,
        0
      ]
    },
    {
      "command": "yarn",
      "mean": 16.94119422008,
      "stddev": 0.3791367514368075,
      "median": 16.948684958879998,
      "user": 18.242157680000002,
      "system": 5.66308014,
      "min": 16.36115757838,
      "max": 17.56541764538,
      "times": [
        17.17866454838,
        16.938294397379998,
        16.529810628379998,
        17.29729796438,
        16.36115757838,
        16.959075520379997,
        16.67740577438,
        17.332374096379997,
        16.57244404738,
        17.56541764538
      ],
      "exit_codes": [
        0,
        0,
        0,
        0,
        0,
        0,
        0,
        0,
        0,
        0
      ]
    },
    {
      "command": "berry",
      "mean": 6.56106039348,
      "stddev": 0.28627348411364234,
      "median": 6.48067766138,
      "user": 11.983481279999998,
      "system": 2.4535260399999994,
      "min": 6.38773297638,
      "max": 7.395793676379999,
      "times": [
        6.620213541379999,
        6.50279270338,
        6.48932752138,
        6.3930304933799995,
        6.39381697238,
        7.395793676379999,
        6.51475831138,
        6.441109937379999,
        6.4720278013799994,
        6.38773297638
      ],
      "exit_codes": [
        0,
        0,
        0,
        0,
        0,
        0,
        0,
        0,
        0,
        0
      ]
    },
    {
      "command": "pnpm",
      "mean": 4.189424405679999,
      "stddev": 0.09689757975181683,
      "median": 4.18850953888,
      "user": 6.58549718,
      "system": 1.63472814,
      "min": 4.06356114638,
      "max": 4.381487015379999,
      "times": [
        4.18605384238,
        4.07872802838,
        4.06356114638,
        4.088196313379999,
        4.196161709379999,
        4.271366040379999,
        4.381487015379999,
        4.2901162913799995,
        4.1476084343799995,
        4.190965235379999
      ],
      "exit_codes": [
        0,
        0,
        0,
        0,
        0,
        0,
        0,
        0,
        0,
        0
      ]
    },
    {
      "command": "vlt",
      "mean": 7.08458409398,
      "stddev": 0.9351264373773788,
      "median": 6.835673162879999,
      "user": 6.469439779999999,
      "system": 1.8535249399999998,
      "min": 6.17800475538,
      "max": 9.16461183438,
      "times": [
        6.99491103738,
        6.20422388838,
        6.30861559538,
        7.596788977379999,
        7.003445559379999,
        8.260633954380001,
        9.16461183438,
        6.17800475538,
        6.6764352883799996,
        6.45817004938
      ],
      "exit_codes": [
        0,
        0,
        0,
        0,
        0,
        0,
        0,
        0,
        0,
        0
      ]
    },
    {
      "command": "bun",
      "mean": 1.49841110218,
      "stddev": 0.07049550718803657,
      "median": 1.48623863738,
      "user": 2.04668958,
      "system": 1.12374944,
      "min": 1.39630825638,
      "max": 1.64499600238,
      "times": [
        1.4230824823800001,
        1.39630825638,
        1.48789437038,
        1.4703202483800002,
        1.59710522838,
        1.64499600238,
        1.48458290438,
        1.50472934438,
        1.46516109838,
        1.50993108638
      ],
      "exit_codes": [
        0,
        0,
        0,
        0,
        0,
        0,
        0,
        0,
        0,
        0
      ]
    },
    {
      "command": "deno",
      "mean": 14.46030957508,
      "stddev": 1.4127208449221509,
      "median": 14.112048682880001,
      "user": 4.27195108,
      "system": 1.29618234,
      "min": 12.23987110138,
      "max": 17.13649878338,
      "times": [
        13.85079411138,
        17.13649878338,
        14.37330325438,
        14.585719734380001,
        13.81285489338,
        12.23987110138,
        13.47512672238,
        16.45729696338,
        13.32045307538,
        15.35117711138
      ],
      "exit_codes": [
        0,
        0,
        0,
        0,
        0,
        0,
        0,
        0,
        0,
        0
      ]
    }
  ]
}