{
  "results": [
    {
      "command": "npm",
      "mean": 23.87826455164,
      "stddev": 0.6565272204691386,
      "median": 24.15093045144,
      "user": 14.624440639999998,
      "system": 4.244210299999999,
      "min": 22.73425419044,
      "max": 24.74602890344,
      "times": [
        24.74602890344,
        23.23888652344,
        24.45749808644,
        24.52086655144,
        22.73425419044,
        23.279563457440002,
        23.23007935644,
        24.21288058944,
        24.27360754444,
        24.08898031344
      ],
      "exit_codes": [
        0,
        0,
        0,
        0,
        0,
        0,
        0,
        0,
        0,
        0
      ]
    },
    {
      "command": "snpm",
      "mean": 0.57546051734,
      "stddev": 0.00583609732700625,
      "median": 0.57411758044,
      "user": 0.34790593999999997,
      "system": 0.23612329999999998,
      "min": 0.57014182844,
      "max": 0.5871931744400001,
      "times": [
        0.5740612074400001,
        0.57052490044,
        0.57014182844,
        0.5710308354400001,
        0.5766977044400001,
        0.5871931744400001,
        0.5704614844400001,
        0.5748511404400001,
        0.5854689444400001,
        0.5741739534400001
      ],
      "exit_codes": [
        0,
        0,
        0,
        0,
        0,
        0,
        0,
        0,
        0,
        0
      ]
    },
    {
      "command": "yarn",
      "mean": 17.472994393940002,
      "stddev": 0.6613910051858352,
      "median": 17.35111640644,
      "user": 17.792193239999996,
      "system": 8.2513778,
      "min": 16.650748837440002,
      "max": 19.04360298144,
      "times": [
        16.89371810144,
        17.43516624344,
        16.650748837440002,
        17.26706656944,
        19.04360298144,
        17.00387694144,
        17.44130318144,
        17.626480656440002,
        18.19311261744,
        17.17486780944
      ],
      "exit_codes": [
        0,
        0,
        0,
        0,
        0,
        0,
        0,
        0,
        0,
        0
      ]
    },
    {
      "command": "berry",
      "mean": 6.5921048854399995,
      "stddev": 0.1550660791841769,
      "median": 6.53195782694,
      "user": 11.478697839999999,
      "system": 3.2833592000000005,
      "min": 6.445956342440001,
      "max": 6.922518713440001,
      "times": [
        6.55288501244,
        6.46277390244,
        6.445956342440001,
        6.852328200440001,
        6.51054735244,
        6.60235888544,
        6.49173748144,
        6.56891232244,
        6.5110306414400005,
        6.922518713440001
      ],
      "exit_codes": [
        0,
        0,
        0,
        0,
        0,
        0,
        0,
        0,
        0,
        0
      ]
    },
    {
      "command": "pnpm",
      "mean": 4.350041436340001,
      "stddev": 0.06556005241789922,
      "median": 4.32647897944,
      "user": 6.54285994,
      "system": 2.4081140000000003,
      "min": 4.27236344444,
      "max": 4.47734089044,
      "times": [
        4.47734089044,
        4.4626120594400005,
        4.30762170944,
        4.37324077244,
        4.29297377244,
        4.31786330244,
        4.27236344444,
        4.34589866344,
        4.31540509244,
        4.33509465644
      ],
      "exit_codes": [
        0,
        0,
        0,
        0,
        0,
        0,
        0,
        0,
        0,
        0
      ]
    },
    {
      "command": "vlt",
      "mean": 7.504600277940002,
      "stddev": 0.9399885085984899,
      "median": 7.18520418644,
      "user": 6.52889734,
      "system": 2.6318527,
      "min": 6.66989386644,
      "max": 9.88908894044,
      "times": [
        7.82686369044,
        6.78467730844,
        7.28894134944,
        7.40472694644,
        6.66989386644,
        9.88908894044,
        8.35856663444,
        7.04858944444,
        7.08146702344,
        6.6931875754400005
      ],
      "exit_codes": [
        0,
        0,
        0,
        0,
        0,
        0,
        0,
        0,
        0,
        0
      ]
    },
    {
      "command": "bun",
      "mean": 1.55501474804,
      "stddev": 0.06966237987846423,
      "median": 1.5430616634399998,
      "user": 1.9660187400000002,
      "system": 1.6864499000000002,
      "min": 1.42028020644,
      "max": 1.69234684644,
      "times": [
        1.5260608304399998,
        1.57186513944,
        1.61023407644,
        1.5600624964399998,
        1.42028020644,
        1.69234684644,
        1.6117325064399999,
        1.52525146544,
        1.5062716724399998,
        1.52604224044
      ],
      "exit_codes": [
        0,
        0,
        0,
        0,
        0,
        0,
        0,
        0,
        0,
        0
      ]
    },
    {
      "command": "deno",
      "mean": 14.080034368039998,
      "stddev": 1.0015076224164696,
      "median": 14.01743055894,
      "user": 4.29564614,
      "system": 2.0059256,
      "min": 12.624205229440001,
      "max": 16.15869477844,
      "times": [
        13.382325615440001,
        13.44777826244,
        16.15869477844,
        14.66165232844,
        14.02099183944,
        12.96758611644,
        14.45294582044,
        14.01386927844,
        12.624205229440001,
        15.07029441144
      ],
      "exit_codes": [
        0,
        0,
        0,
        0,
        0,
        0,
        0,
        0,
        0,
        0
      ]
    }
  ]
}