{
  "results": [
    {
      "command": "npm",
      "mean": 23.044331857879996,
      "stddev": 0.9946945181733936,
      "median": 22.94199839628,
      "user": 14.9439868,
      "system": 3.1899776199999996,
      "min": 21.97059335628,
      "max": 25.61993140428,
      "times": [
        22.147720880279998,
        22.80406944028,
        25.61993140428,
        23.07992735228,
        22.469879249279998,
        23.29303487628,
        23.18913340228,
        21.97059335628,
        23.57000776728,
        22.299020850279998
      ],
      "exit_codes": [
        0,
        0,
        0,
        0,
        0,
        0,
        0,
        0,
        0,
        0
      ]
    },
    {
      "command": "snpm",
      "mean": 0.5250820468799999,
      "stddev": 0.002909600275884218,
      "median": 0.52523031278,
      "user": 0.3960987,
      "system": 0.13954222,
      "min": 0.52077094828,
      "max": 0.53006089328,
      "times": [
        0.52159752928,
        0.53006089328,
        0.52716986228,
        0.52778990228,
        0.52698588228,
        0.52077094828,
        0.52648373828,
        0.52397688728,
        0.52396865328,
        0.52201617228
      ],
      "exit_codes": [
        0,
        0,
        0,
        0,
        0,
        0,
        0,
        0,
        0,
        0
      ]
    },
    {
      "command": "yarn",
      "mean": 16.239413788479997,
      "stddev": 0.48363297043803255,
      "median": 16.24573969928,
      "user": 17.535933500000002,
      "system": 5.43909322,
      "min": 15.60305060528,
      "max": 17.18158657128,
      "times": [
        17.18158657128,
        15.60305060528,
        16.300063386279998,
        15.74992053428,
        16.39132870328,
        16.93907907628,
        15.78979619828,
        16.20565202428,
        15.94783341128,
        16.28582737428
      ],
      "exit_codes": [
        0,
        0,
        0,
        0,
        0,
        0,
        0,
        0,
        0,
        0
      ]
    },
    {
      "command": "berry",
      "mean": 6.31727682608,
      "stddev": 0.15530901353313845,
      "median": 6.28679546028,
      "user": 11.6263379,
      "system": 2.39085022,
      "min": 6.124760527279999,
      "max": 6.6174499212799995,
      "times": [
        6.19665325828,
        6.6174499212799995,
        6.33912614428,
        6.23360578628,
        6.16439563428,
        6.56516895428,
        6.35801711428,
        6.243940826279999,
        6.124760527279999,
        6.32965009428
      ],
      "exit_codes": [
        0,
        0,
        0,
        0,
        0,
        0,
        0,
        0,
        0,
        0
      ]
    },
    {
      "command": "pnpm",
      "mean": 4.103500399579999,
      "stddev": 0.13240664487299927,
      "median": 4.05139045578,
      "user": 6.552700799999999,
      "system": 1.5858241199999998,
      "min": 3.9726038792800002,
      "max": 4.424522308279999,
      "times": [
        4.085432969279999,
        3.99664566528,
        4.01833017328,
        4.050040344279999,
        3.9726038792800002,
        4.249538203279999,
        4.160130801279999,
        4.424522308279999,
        4.05274056728,
        4.025019084279999
      ],
      "exit_codes": [
        0,
        0,
        0,
        0,
        0,
        0,
        0,
        0,
        0,
        0
      ]
    },
    {
      "command": "vlt",
      "mean": 6.252753867379999,
      "stddev": 0.24493619988548201,
      "median": 6.1585098792799995,
      "user": 6.277695700000001,
      "system": 1.7730366199999998,
      "min": 5.9183154472799995,
      "max": 6.73570917928,
      "times": [
        6.73570917928,
        5.9183154472799995,
        6.113984685279999,
        6.2011852332799995,
        6.364355079279999,
        6.2917472942799995,
        6.625433902279999,
        6.049168069279999,
        6.1158345252799995,
        6.1118052582799995
      ],
      "exit_codes": [
        0,
        0,
        0,
        0,
        0,
        0,
        0,
        0,
        0,
        0
      ]
    },
    {
      "command": "bun",
      "mean": 1.37522095218,
      "stddev": 0.09296543298122331,
      "median": 1.33825429928,
      "user": 2.0474701,
      "system": 1.10341942,
      "min": 1.28252112428,
      "max": 1.5482725482800002,
      "times": [
        1.29670280228,
        1.36228833328,
        1.34256954128,
        1.2907811472800002,
        1.53174235528,
        1.33393905728,
        1.5482725482800002,
        1.44115238928,
        1.28252112428,
        1.3222402232800001
      ],
      "exit_codes": [
        0,
        0,
        0,
        0,
        0,
        0,
        0,
        0,
        0,
        0
      ]
    },
    {
      "command": "deno",
      "mean": 12.28795807058,
      "stddev": 0.601077740946545,
      "median": 12.19211697878,
      "user": 4.2951414,
      "system": 1.2469396199999998,
      "min": 11.23495777728,
      "max": 13.31988657928,
      "times": [
        11.23495777728,
        12.41497520628,
        13.31988657928,
        11.77046995528,
        13.295599595279999,
        12.354667942279999,
        12.01563499628,
        12.15036879228,
        12.23386516528,
        12.08915469628
      ],
      "exit_codes": [
        0,
        0,
        0,
        0,
        0,
        0,
        0,
        0,
        0,
        0
      ]
    }
  ]
}