{
  "results": [
    {
      "command": "npm",
      "mean": 23.538797161219996,
      "stddev": 2.005283890180427,
      "median": 23.15681246962,
      "user": 14.763518719999999,
      "system": 4.38452342,
      "min": 21.95226452662,
      "max": 29.29774649862,
      "times": [
        23.84311197562,
        29.29774649862,
        22.05570103862,
        22.49276796562,
        23.25206452462,
        21.95226452662,
        23.06954606762,
        22.67129661362,
        23.50939352962,
        23.24407887162
      ],
      "exit_codes": [
        0,
        0,
        0,
        0,
        0,
        0,
        0,
        0,
        0,
        0
      ]
    },
    {
      "command": "snpm",
      "mean": 0.5809874825200001,
      "stddev": 0.005977721923776392,
      "median": 0.57813923962,
      "user": 0.36734321999999997,
      "system": 0.22244021999999997,
      "min": 0.57664044362,
      "max": 0.59653209162,
      "times": [
        0.5796460506200001,
        0.58764790162,
        0.57811075962,
        0.57726354562,
        0.59653209162,
        0.5778594286200001,
        0.57664044362,
        0.5802050026200001,
        0.57780188162,
        0.57816771962
      ],
      "exit_codes": [
        0,
        0,
        0,
        0,
        0,
        0,
        0,
        0,
        0,
        0
      ]
    },
    {
      "command": "yarn",
      "mean": 17.12617067082,
      "stddev": 0.18622599518860494,
      "median": 17.06065644162,
      "user": 17.81542712,
      "system": 8.325198519999999,
      "min": 16.90555259162,
      "max": 17.46614429162,
      "times": [
        17.18478198662,
        17.20284941762,
        17.02518428562,
        17.01586831462,
        17.46614429162,
        16.92089280262,
        17.09612859762,
        17.43357665962,
        16.90555259162,
        17.01072776062
      ],
      "exit_codes": [
        0,
        0,
        0,
        0,
        0,
        0,
        0,
        0,
        0,
        0
      ]
    },
    {
      "command": "berry",
      "mean": 6.567631111819999,
      "stddev": 0.033391162542180546,
      "median": 6.565035076119999,
      "user": 11.365842220000001,
      "system": 3.28079952,
      "min": 6.52077893362,
      "max": 6.63685498062,
      "times": [
        6.5782823196199995,
        6.58962120862,
        6.63685498062,
        6.52077893362,
        6.55108183062,
        6.5534486446199995,
        6.59746589162,
        6.57662150762,
        6.54409168562,
        6.52806411562
      ],
      "exit_codes": [
        0,
        0,
        0,
        0,
        0,
        0,
        0,
        0,
        0,
        0
      ]
    },
    {
      "command": "pnpm",
      "mean": 4.5880920644200005,
      "stddev": 0.055332526039778666,
      "median": 4.57748185462,
      "user": 6.36647702,
      "system": 2.40785502,
      "min": 4.53605679262,
      "max": 4.74398155762,
      "times": [
        4.55230487262,
        4.55744588362,
        4.53605679262,
        4.57481433362,
        4.58014937562,
        4.59663425962,
        4.74398155762,
        4.59771619562,
        4.58491323762,
        4.55690413562
      ],
      "exit_codes": [
        0,
        0,
        0,
        0,
        0,
        0,
        0,
        0,
        0,
        0
      ]
    },
    {
      "command": "vlt",
      "mean": 6.55657145102,
      "stddev": 0.2174588300088384,
      "median": 6.50225812312,
      "user": 6.717590519999999,
      "system": 2.70493042,
      "min": 6.31219273662,
      "max": 7.08893498862,
      "times": [
        6.67380024862,
        6.36856924162,
        6.41042232262,
        6.46599086862,
        6.53852537762,
        6.62525254962,
        6.31219273662,
        6.39006139962,
        6.69196477662,
        7.08893498862
      ],
      "exit_codes": [
        0,
        0,
        0,
        0,
        0,
        0,
        0,
        0,
        0,
        0
      ]
    },
    {
      "command": "bun",
      "mean": 1.4931090038200001,
      "stddev": 0.05086959678566916,
      "median": 1.48288311812,
      "user": 2.01429962,
      "system": 1.7140874200000003,
      "min": 1.42373384162,
      "max": 1.60206907762,
      "times": [
        1.47663715862,
        1.43512016062,
        1.60206907762,
        1.48912907762,
        1.49399238462,
        1.55227536462,
        1.5214123556199999,
        1.46566157162,
        1.4710590456200001,
        1.42373384162
      ],
      "exit_codes": [
        0,
        0,
        0,
        0,
        0,
        0,
        0,
        0,
        0,
        0
      ]
    },
    {
      "command": "deno",
      "mean": 12.788656671320002,
      "stddev": 0.8344860927050257,
      "median": 12.51869352112,
      "user": 4.44024962,
      "system": 1.9589617200000002,
      "min": 11.86868618562,
      "max": 14.61012395262,
      "times": [
        11.86868618562,
        14.61012395262,
        12.39375874662,
        13.80906726762,
        12.11962021262,
        12.44733924862,
        12.01362847262,
        12.59004779362,
        12.63389692462,
        13.40039790862
      ],
      "exit_codes": [
        0,
        0,
        0,
        0,
        0,
        0,
        0,
        0,
        0,
        0
      ]
    }
  ]
}