{
  "results": [
    {
      "command": "npm",
      "mean": 20.305262823119996,
      "stddev": 0.5784108455310588,
      "median": 20.25915744112,
      "user": 15.020163399999998,
      "system": 4.49237752,
      "min": 19.63294272512,
      "max": 21.453529401119997,
      "times": [
        19.99413289512,
        21.18344114712,
        19.77005007112,
        20.357820907119997,
        20.45938928212,
        20.22284088612,
        19.63294272512,
        19.68300692012,
        20.29547399612,
        21.453529401119997
      ],
      "exit_codes": [
        0,
        0,
        0,
        0,
        0,
        0,
        0,
        0,
        0,
        0
      ]
    },
    {
      "command": "snpm",
      "mean": 0.6105974094200001,
      "stddev": 0.010458429382200785,
      "median": 0.6117107766200001,
      "user": 0.3907476999999999,
      "system": 0.23020071999999997,
      "min": 0.59164121412,
      "max": 0.62502693412,
      "times": [
        0.6082970481200001,
        0.62502693412,
        0.59638941412,
        0.6115318241200001,
        0.6188982041200001,
        0.59164121412,
        0.6182091281200001,
        0.6118897291200001,
        0.6216760491200001,
        0.60241454912
      ],
      "exit_codes": [
        0,
        0,
        0,
        0,
        0,
        0,
        0,
        0,
        0,
        0
      ]
    },
    {
      "command": "yarn",
      "mean": 16.52364541682,
      "stddev": 0.47234748098860535,
      "median": 16.47560814362,
      "user": 18.3015151,
      "system": 8.46276592,
      "min": 15.98741464012,
      "max": 17.34560775612,
      "times": [
        16.665896183119997,
        16.32509782912,
        16.62611845812,
        17.236740522119998,
        16.056773532119998,
        17.34560775612,
        16.12840194212,
        16.04594821812,
        15.98741464012,
        16.81845508712
      ],
      "exit_codes": [
        0,
        0,
        0,
        0,
        0,
        0,
        0,
        0,
        0,
        0
      ]
    },
    {
      "command": "berry",
      "mean": 6.539719420119999,
      "stddev": 0.08865985021734571,
      "median": 6.52677641662,
      "user": 11.6615615,
      "system": 3.3356405199999997,
      "min": 6.42563120912,
      "max": 6.719871267119999,
      "times": [
        6.62054294712,
        6.5098062281199995,
        6.719871267119999,
        6.54374660512,
        6.4743162631199995,
        6.42899000012,
        6.5960939421199996,
        6.59375125912,
        6.48444448012,
        6.42563120912
      ],
      "exit_codes": [
        0,
        0,
        0,
        0,
        0,
        0,
        0,
        0,
        0,
        0
      ]
    },
    {
      "command": "pnpm",
      "mean": 4.14763555762,
      "stddev": 0.032330068666083386,
      "median": 4.14316027762,
      "user": 6.797924399999999,
      "system": 2.46625262,
      "min": 4.08745338312,
      "max": 4.19787985212,
      "times": [
        4.14762804912,
        4.183850469119999,
        4.12235198812,
        4.13869250612,
        4.13627036712,
        4.15178488912,
        4.08745338312,
        4.19787985212,
        4.1869529311199996,
        4.12349114112
      ],
      "exit_codes": [
        0,
        0,
        0,
        0,
        0,
        0,
        0,
        0,
        0,
        0
      ]
    },
    {
      "command": "vlt",
      "mean": 6.27567542162,
      "stddev": 0.2340470444448092,
      "median": 6.24270834862,
      "user": 6.6571051,
      "system": 2.6424821199999995,
      "min": 5.95887777212,
      "max": 6.84051699512,
      "times": [
        6.13631044012,
        6.29384354812,
        6.45707135512,
        6.112782688119999,
        6.84051699512,
        6.090883799119999,
        6.19157314912,
        6.35028429612,
        6.32461017312,
        5.95887777212
      ],
      "exit_codes": [
        0,
        0,
        0,
        0,
        0,
        0,
        0,
        0,
        0,
        0
      ]
    },
    {
      "command": "bun",
      "mean": 1.38069146582,
      "stddev": 0.04531346067645402,
      "median": 1.37173632512,
      "user": 2.0611243,
      "system": 1.73850042,
      "min": 1.31390430912,
      "max": 1.46200121912,
      "times": [
        1.35115453112,
        1.37325014212,
        1.43156569612,
        1.46200121912,
        1.32683107512,
        1.31390430912,
        1.4188767771200002,
        1.40670249912,
        1.3702225081200001,
        1.35240590112
      ],
      "exit_codes": [
        0,
        0,
        0,
        0,
        0,
        0,
        0,
        0,
        0,
        0
      ]
    },
    {
      "command": "deno",
      "mean": 10.88048026092,
      "stddev": 0.7973486918673172,
      "median": 10.78450703462,
      "user": 4.366972799999999,
      "system": 2.0140203199999998,
      "min": 9.78295787112,
      "max": 12.372803945120001,
      "times": [
        10.554740971120001,
        9.911136201120001,
        11.01427309812,
        11.71033641412,
        12.372803945120001,
        10.20572015812,
        11.603414159120002,
        11.132616501120001,
        10.51680329012,
        9.78295787112
      ],
      "exit_codes": [
        0,
        0,
        0,
        0,
        0,
        0,
        0,
        0,
        0,
        0
      ]
    }
  ]
}