{
  "results": [
    {
      "command": "npm",
      "mean": 7.78171201322,
      "stddev": 0.038418811971968184,
      "median": 7.77960590512,
      "user": 7.29798618,
      "system": 5.007250999999999,
      "min": 7.72366015662,
      "max": 7.86373202662,
      "times": [
        7.86373202662,
        7.78629026362,
        7.76652826862,
        7.7519113516200004,
        7.74297695162,
        7.78889021762,
        7.72366015662,
        7.77292154662,
        7.79823719362,
        7.82197215562
      ],
      "exit_codes": [
        0,
        0,
        0,
        0,
        0,
        0,
        0,
        0,
        0,
        0
      ]
    },
    {
      "command": "snpm",
      "mean": 0.16098037142000002,
      "stddev": 0.0063560020112559895,
      "median": 0.16287740311999999,
      "user": 0.03129838,
      "system": 0.1321341,
      "min": 0.15110850562,
      "max": 0.16978594362000002,
      "times": [
        0.15522698762,
        0.15636415162,
        0.15110850562,
        0.15248186562000002,
        0.16231671862,
        0.16835270162000002,
        0.16343808762,
        0.16629813962,
        0.16978594362000002,
        0.16443061262
      ],
      "exit_codes": [
        0,
        0,
        0,
        0,
        0,
        0,
        0,
        0,
        0,
        0
      ]
    },
    {
      "command": "yarn",
      "mean": 4.10003391672,
      "stddev": 0.5828820871611645,
      "median": 3.9164643206200003,
      "user": 3.5063319799999997,
      "system": 4.267831899999999,
      "min": 3.8400770046200003,
      "max": 5.84411169062,
      "times": [
        3.8400770046200003,
        3.88594710562,
        5.84411169062,
        3.98842571062,
        3.9375798256200003,
        3.9402809756200003,
        3.9230351526200002,
        3.9098934886200003,
        3.85085307562,
        3.88013513762
      ],
      "exit_codes": [
        0,
        0,
        0,
        0,
        0,
        0,
        0,
        0,
        0,
        0
      ]
    },
    {
      "command": "berry",
      "mean": 4.4487538965199995,
      "stddev": 0.02379651274174433,
      "median": 4.4474827041200005,
      "user": 4.71224038,
      "system": 2.5555095999999997,
      "min": 4.4147267696200005,
      "max": 4.49030739862,
      "times": [
        4.44672462062,
        4.4482407876200005,
        4.45718265662,
        4.46032911862,
        4.4147267696200005,
        4.44095052362,
        4.41560171062,
        4.4820492316200005,
        4.43142614762,
        4.49030739862
      ],
      "exit_codes": [
        0,
        0,
        0,
        0,
        0,
        0,
        0,
        0,
        0,
        0
      ]
    },
    {
      "command": "pnpm",
      "mean": 1.33655762842,
      "stddev": 0.021313496478620356,
      "median": 1.34296649312,
      "user": 2.0655301799999997,
      "system": 0.7796239999999999,
      "min": 1.3003022666200001,
      "max": 1.3623087526200002,
      "times": [
        1.3310256896200001,
        1.3003022666200001,
        1.3055762636200001,
        1.3504839966200002,
        1.36129182962,
        1.3521571056200001,
        1.3164973936200002,
        1.3623087526200002,
        1.3384385736200002,
        1.3474944126200001
      ],
      "exit_codes": [
        0,
        0,
        0,
        0,
        0,
        0,
        0,
        0,
        0,
        0
      ]
    },
    {
      "command": "vlt",
      "mean": 2.8790511044200002,
      "stddev": 0.01792636672820315,
      "median": 2.88288543062,
      "user": 2.62830388,
      "system": 2.7645676999999997,
      "min": 2.84593725162,
      "max": 2.90634159962,
      "times": [
        2.8694036466200004,
        2.8921509696200003,
        2.89490445862,
        2.8758535696200003,
        2.85881595862,
        2.89120386462,
        2.88991729162,
        2.84593725162,
        2.90634159962,
        2.86598243362
      ],
      "exit_codes": [
        0,
        0,
        0,
        0,
        0,
        0,
        0,
        0,
        0,
        0
      ]
    },
    {
      "command": "bun",
      "mean": 0.2931638592200001,
      "stddev": 0.012534069657362147,
      "median": 0.2861856501200001,
      "user": 0.01821518,
      "system": 0.279799,
      "min": 0.28258025762000005,
      "max": 0.32381412562000006,
      "times": [
        0.28621839062000004,
        0.28319634862000004,
        0.28258025762000005,
        0.28432000562000004,
        0.28402701362000005,
        0.28615290962000006,
        0.29949317762000005,
        0.30027851162,
        0.30155785162000004,
        0.32381412562000006
      ],
      "exit_codes": [
        0,
        0,
        0,
        0,
        0,
        0,
        0,
        0,
        0,
        0
      ]
    },
    {
      "command": "deno",
      "mean": 0.5008046229199999,
      "stddev": 0.010490426851357164,
      "median": 0.50064656162,
      "user": 0.4169616799999999,
      "system": 0.6394181,
      "min": 0.48420980162000005,
      "max": 0.51661181062,
      "times": [
        0.50264551862,
        0.49620430862000003,
        0.51661181062,
        0.51578140862,
        0.48527071062000005,
        0.48420980162000005,
        0.50048085062,
        0.49688278662000007,
        0.50914676062,
        0.50081227262
      ],
      "exit_codes": [
        0,
        0,
        0,
        0,
        0,
        0,
        0,
        0,
        0,
        0
      ]
    }
  ]
}