{
  "results": [
    {
      "command": "npm",
      "mean": 0.31905431018,
      "stddev": 0.0028629651309996403,
      "median": 0.31848801218,
      "user": 0.32393576,
      "system": 0.07712509999999997,
      "min": 0.31555054518000003,
      "max": 0.32583582018,
      "times": [
        0.32124898018000003,
        0.32583582018,
        0.32055235218000006,
        0.31747980318,
        0.31921763518,
        0.31775838918000004,
        0.31555054518000003,
        0.31962462318,
        0.31616463618,
        0.31711031718000005
      ],
      "exit_codes": [
        0,
        0,
        0,
        0,
        0,
        0,
        0,
        0,
        0,
        0
      ]
    },
    {
      "command": "snpm",
      "mean": 0.02752677168,
      "stddev": 0.0005210595094572695,
      "median": 0.027706616680000004,
      "user": 0.01676166,
      "system": 0.012956600000000002,
      "min": 0.026758665180000002,
      "max": 0.028310278180000002,
      "times": [
        0.026758665180000002,
        0.02689013218,
        0.027828759180000003,
        0.027038476180000003,
        0.027744081180000005,
        0.027030387180000004,
        0.027907976180000002,
        0.027669152180000003,
        0.028310278180000002,
        0.028089809180000005
      ],
      "exit_codes": [
        0,
        0,
        0,
        0,
        0,
        0,
        0,
        0,
        0,
        0
      ]
    },
    {
      "command": "yarn",
      "mean": 0.24234687947999997,
      "stddev": 0.00390160494616677,
      "median": 0.24283181418,
      "user": 0.21514015999999997,
      "system": 0.0542145,
      "min": 0.23456715718,
      "max": 0.24692398918,
      "times": [
        0.23456715718,
        0.24600741118,
        0.24692398918,
        0.23854978718,
        0.24390976618000001,
        0.23944478718,
        0.24030606918,
        0.24175386218,
        0.24536334018,
        0.24664262518000002
      ],
      "exit_codes": [
        0,
        0,
        0,
        0,
        0,
        0,
        0,
        0,
        0,
        0
      ]
    },
    {
      "command": "berry",
      "mean": 2.15158826988,
      "stddev": 0.0321426198343529,
      "median": 2.1455587421799995,
      "user": 3.54519526,
      "system": 0.9428702,
      "min": 2.0927005631799998,
      "max": 2.2069011231799998,
      "times": [
        2.2069011231799998,
        2.17484151118,
        2.1436228111799998,
        2.1813074971799997,
        2.0927005631799998,
        2.1285801431799998,
        2.18049429118,
        2.1304321751799997,
        2.1474946731799998,
        2.12950791018
      ],
      "exit_codes": [
        0,
        0,
        0,
        0,
        0,
        0,
        0,
        0,
        0,
        0
      ]
    },
    {
      "command": "pnpm",
      "mean": 0.59280710818,
      "stddev": 0.008704862144880888,
      "median": 0.5941887456799999,
      "user": 0.7118785599999999,
      "system": 0.13952589999999998,
      "min": 0.57998784218,
      "max": 0.60987546418,
      "times": [
        0.59933422118,
        0.60987546418,
        0.59441395118,
        0.59752941618,
        0.57998784218,
        0.58244089018,
        0.59396354018,
        0.58239052818,
        0.59141056218,
        0.59672466618
      ],
      "exit_codes": [
        0,
        0,
        0,
        0,
        0,
        0,
        0,
        0,
        0,
        0
      ]
    },
    {
      "command": "vlt",
      "mean": 0.27445369128,
      "stddev": 0.0034666948740357958,
      "median": 0.27419188668000005,
      "user": 0.27641176000000006,
      "system": 0.0557627,
      "min": 0.26949099518,
      "max": 0.27981937818,
      "times": [
        0.27981937818,
        0.27560421618000003,
        0.27819895918000004,
        0.27142048118000006,
        0.27756285518,
        0.27727666618,
        0.27168805418,
        0.27277955718,
        0.26949099518,
        0.27069575018
      ],
      "exit_codes": [
        0,
        0,
        0,
        0,
        0,
        0,
        0,
        0,
        0,
        0
      ]
    },
    {
      "command": "bun",
      "mean": 0.00673346378,
      "stddev": 0.0017260116434095224,
      "median": 0.00622061768,
      "user": 0.00342996,
      "system": 0.006899999999999999,
      "min": 0.00571977718,
      "max": 0.01183742618,
      "times": [
        0.00632413018,
        0.00605606118,
        0.006311620180000001,
        0.01183742618,
        0.00612961518,
        0.00638205118,
        0.00592098018,
        0.00586319718,
        0.00571977718,
        0.00678977918
      ],
      "exit_codes": [
        0,
        0,
        0,
        0,
        0,
        0,
        0,
        0,
        0,
        0
      ]
    },
    {
      "command": "deno",
      "mean": 0.03736281998,
      "stddev": 0.0005138184154535153,
      "median": 0.03748424168,
      "user": 0.020976559999999998,
      "system": 0.020568299999999998,
      "min": 0.03649219318,
      "max": 0.03807704818,
      "times": [
        0.03753480518,
        0.03757071018,
        0.03807704818,
        0.037899539180000004,
        0.03728585418,
        0.036849311180000004,
        0.03664774418,
        0.03649219318,
        0.03743367818,
        0.037837316180000004
      ],
      "exit_codes": [
        0,
        0,
        0,
        0,
        0,
        0,
        0,
        0,
        0,
        0
      ]
    }
  ]
}