{
  "results": [
    {
      "command": "npm",
      "mean": 1.4699453427799998,
      "stddev": 0.006135417748227789,
      "median": 1.4683922091800001,
      "user": 1.50540342,
      "system": 0.6504218199999998,
      "min": 1.45954769568,
      "max": 1.48167100768,
      "times": [
        1.45954769568,
        1.46835937168,
        1.46534990068,
        1.46745368368,
        1.48167100768,
        1.47505350868,
        1.46842504668,
        1.46506375968,
        1.47187299068,
        1.47665646268
      ],
      "exit_codes": [
        0,
        0,
        0,
        0,
        0,
        0,
        0,
        0,
        0,
        0
      ]
    },
    {
      "command": "snpm",
      "mean": 0.03907637798,
      "stddev": 0.0008340928626964804,
      "median": 0.038819126179999996,
      "user": 0.01746392,
      "system": 0.023764219999999996,
      "min": 0.03832588268,
      "max": 0.04132831468,
      "times": [
        0.03879270268,
        0.03884554968,
        0.03848871768,
        0.03851972268,
        0.03868698868,
        0.03969033568,
        0.04132831468,
        0.03832588268,
        0.039004977680000004,
        0.03908058768
      ],
      "exit_codes": [
        0,
        0,
        0,
        0,
        0,
        0,
        0,
        0,
        0,
        0
      ]
    },
    {
      "command": "yarn",
      "mean": 3.94551827978,
      "stddev": 0.1742878896327397,
      "median": 3.88465592818,
      "user": 5.65825102,
      "system": 2.2988956200000006,
      "min": 3.8082012606799998,
      "max": 4.43962967668,
      "times": [
        3.9094097466799997,
        3.8664950596799996,
        3.8393242706799997,
        3.93258363968,
        3.8777441276799998,
        3.8915677286799997,
        3.8082012606799998,
        4.029562904680001,
        4.43962967668,
        3.86066438268
      ],
      "exit_codes": [
        0,
        0,
        0,
        0,
        0,
        0,
        0,
        0,
        0,
        0
      ]
    },
    {
      "command": "berry",
      "mean": 2.6714633069799993,
      "stddev": 0.6795627102630666,
      "median": 2.4347810361799995,
      "user": 3.6823862199999993,
      "system": 1.1363728199999998,
      "min": 2.41327639268,
      "max": 4.70707279068,
      "times": [
        2.42056292268,
        2.4226142976799996,
        2.43388527668,
        2.4356767956799996,
        2.41327639268,
        2.5489854726799996,
        2.4620726116799996,
        2.4480451666799996,
        2.42244134268,
        4.70707279068
      ],
      "exit_codes": [
        0,
        0,
        0,
        0,
        0,
        0,
        0,
        0,
        0,
        0
      ]
    },
    {
      "command": "pnpm",
      "mean": 1.3364101768799999,
      "stddev": 0.2026920781709475,
      "median": 1.26647291468,
      "user": 1.67099852,
      "system": 0.49546322,
      "min": 1.20452698768,
      "max": 1.92884311268,
      "times": [
        1.29718103768,
        1.92884311268,
        1.3110266696800001,
        1.25749664068,
        1.26702766168,
        1.37089350068,
        1.26591816768,
        1.20452698768,
        1.21196676368,
        1.24922122668
      ],
      "exit_codes": [
        0,
        0,
        0,
        0,
        0,
        0,
        0,
        0,
        0,
        0
      ]
    },
    {
      "command": "vlt",
      "mean": 0.98683877688,
      "stddev": 0.057423934156296284,
      "median": 0.9677936281800001,
      "user": 1.11650992,
      "system": 0.45634462,
      "min": 0.95200862368,
      "max": 1.15378518868,
      "times": [
        0.9654399026800001,
        0.9782690716800001,
        0.95778169568,
        1.00341115868,
        0.95373734068,
        0.9609284866800001,
        0.9728789466800001,
        0.97014735368,
        1.15378518868,
        0.95200862368
      ],
      "exit_codes": [
        0,
        0,
        0,
        0,
        0,
        0,
        0,
        0,
        0,
        0
      ]
    },
    {
      "command": "bun",
      "mean": 0.34194014948,
      "stddev": 0.075525125263952,
      "median": 0.32420963168000005,
      "user": 0.18428632,
      "system": 0.21620121999999994,
      "min": 0.26471723768000005,
      "max": 0.48660250168,
      "times": [
        0.33828890468000006,
        0.32396367068000004,
        0.48660250168,
        0.26471723768000005,
        0.48369391668000006,
        0.32445559268,
        0.32689817068000004,
        0.26736124968,
        0.31564501768000003,
        0.28777523268000005
      ],
      "exit_codes": [
        0,
        0,
        0,
        0,
        0,
        0,
        0,
        0,
        0,
        0
      ]
    },
    {
      "command": "deno",
      "mean": 3.8979392772800003,
      "stddev": 0.7244195300823877,
      "median": 3.9205799921800004,
      "user": 0.81002862,
      "system": 0.45401362,
      "min": 2.87529045868,
      "max": 5.44622831568,
      "times": [
        3.29660593668,
        4.1647293456800005,
        3.51283073268,
        2.87529045868,
        4.358942342680001,
        3.78435394468,
        4.0568060396800005,
        3.06197990968,
        5.44622831568,
        4.42162574668
      ],
      "exit_codes": [
        0,
        0,
        0,
        0,
        0,
        0,
        0,
        0,
        0,
        0
      ]
    }
  ]
}