{
  "results": [
    {
      "command": "npm",
      "mean": 1.0747284354600002,
      "stddev": 0.005608442437019651,
      "median": 1.0755087632600002,
      "user": 1.0795021599999999,
      "system": 0.5875442999999999,
      "min": 1.06199591276,
      "max": 1.0813949097600002,
      "times": [
        1.0769458177600002,
        1.07080260976,
        1.07365025076,
        1.07977374876,
        1.06199591276,
        1.07057616476,
        1.08080398876,
        1.0772692427600001,
        1.0813949097600002,
        1.07407170876
      ],
      "exit_codes": [
        0,
        0,
        0,
        0,
        0,
        0,
        0,
        0,
        0,
        0
      ]
    },
    {
      "command": "snpm",
      "mean": 0.040385744759999995,
      "stddev": 0.0003148157099872879,
      "median": 0.04038231926,
      "user": 0.017679359999999998,
      "system": 0.024972599999999998,
      "min": 0.03983449076,
      "max": 0.04103398576,
      "times": [
        0.04040033676,
        0.03983449076,
        0.04060249876,
        0.04026236376,
        0.04103398576,
        0.040663675760000004,
        0.04009860476,
        0.04041948476,
        0.04036430176,
        0.04017770476
      ],
      "exit_codes": [
        0,
        0,
        0,
        0,
        0,
        0,
        0,
        0,
        0,
        0
      ]
    },
    {
      "command": "yarn",
      "mean": 0.73265756806,
      "stddev": 0.006646297344145191,
      "median": 0.73398909626,
      "user": 0.69054516,
      "system": 0.5436139999999999,
      "min": 0.72263660376,
      "max": 0.74244565376,
      "times": [
        0.72263660376,
        0.7347844597600001,
        0.7270449117600001,
        0.7419535337600001,
        0.74244565376,
        0.73319373276,
        0.7368750487600001,
        0.72414490176,
        0.73567732076,
        0.7278195137600001
      ],
      "exit_codes": [
        0,
        0,
        0,
        0,
        0,
        0,
        0,
        0,
        0,
        0
      ]
    },
    {
      "command": "berry",
      "mean": 1.11710769986,
      "stddev": 0.011169464858576632,
      "median": 1.1201516107600002,
      "user": 1.2803765599999999,
      "system": 0.41575189999999995,
      "min": 1.0956949067600001,
      "max": 1.1295327587600001,
      "times": [
        1.0956949067600001,
        1.1295327587600001,
        1.1202025927600001,
        1.1185590817600002,
        1.1201006287600002,
        1.12928554176,
        1.1026654157600002,
        1.12075943676,
        1.10609701576,
        1.12817961976
      ],
      "exit_codes": [
        0,
        0,
        0,
        0,
        0,
        0,
        0,
        0,
        0,
        0
      ]
    },
    {
      "command": "pnpm",
      "mean": 0.7039100535600001,
      "stddev": 0.03564575006178577,
      "median": 0.69332790126,
      "user": 0.9446960599999998,
      "system": 0.2172691,
      "min": 0.67642936876,
      "max": 0.8073264157600001,
      "times": [
        0.6878750407600001,
        0.8073264157600001,
        0.67642936876,
        0.6975908187600001,
        0.6935444057600001,
        0.69311139676,
        0.68012379676,
        0.70697667976,
        0.6913031607600001,
        0.70481945176
      ],
      "exit_codes": [
        0,
        0,
        0,
        0,
        0,
        0,
        0,
        0,
        0,
        0
      ]
    },
    {
      "command": "vlt",
      "mean": 0.57470379646,
      "stddev": 0.008209720595004601,
      "median": 0.5739700937600001,
      "user": 0.59131156,
      "system": 0.3561565,
      "min": 0.56431530176,
      "max": 0.59277833976,
      "times": [
        0.56431530176,
        0.56681292776,
        0.56836597976,
        0.57790727176,
        0.59277833976,
        0.58149332576,
        0.56757473376,
        0.57984989676,
        0.57502103876,
        0.57291914876
      ],
      "exit_codes": [
        0,
        0,
        0,
        0,
        0,
        0,
        0,
        0,
        0,
        0
      ]
    },
    {
      "command": "bun",
      "mean": 0.03205367146,
      "stddev": 0.00031552768736358187,
      "median": 0.03202416626,
      "user": 0.006629759999999998,
      "system": 0.031001299999999992,
      "min": 0.03153941376,
      "max": 0.032736826760000004,
      "times": [
        0.032736826760000004,
        0.03153941376,
        0.03193462376,
        0.03199611776,
        0.03201261976,
        0.03169079676,
        0.03203571276,
        0.03207148976,
        0.032140919760000004,
        0.03237819376
      ],
      "exit_codes": [
        0,
        0,
        0,
        0,
        0,
        0,
        0,
        0,
        0,
        0
      ]
    },
    {
      "command": "deno",
      "mean": 0.19187375056,
      "stddev": 0.006312647564761599,
      "median": 0.19114511576,
      "user": 0.16969086000000003,
      "system": 0.1364987,
      "min": 0.18421202476,
      "max": 0.20699623876,
      "times": [
        0.18910101376000002,
        0.19124240576,
        0.19169426676,
        0.19576380576000002,
        0.20699623876,
        0.18727942176,
        0.19104782576,
        0.19632643476,
        0.18507406776000002,
        0.18421202476
      ],
      "exit_codes": [
        0,
        0,
        0,
        0,
        0,
        0,
        0,
        0,
        0,
        0
      ]
    }
  ]
}