{
  "results": [
    {
      "command": "npm",
      "mean": 5.227318701,
      "stddev": 0.0495538473302373,
      "median": 5.219209623599999,
      "user": 5.838454639999999,
      "system": 2.9776444399999997,
      "min": 5.1504348591,
      "max": 5.3270456711,
      "times": [
        5.3270456711,
        5.2264849861,
        5.1943118591,
        5.1979540770999995,
        5.1866841201,
        5.2885442100999995,
        5.2292049831,
        5.2605879831,
        5.1504348591,
        5.2119342611
      ],
      "exit_codes": [
        0,
        0,
        0,
        0,
        0,
        0,
        0,
        0,
        0,
        0
      ]
    },
    {
      "command": "snpm",
      "mean": 0.14910537620000003,
      "stddev": 0.0013617759961764941,
      "median": 0.1488354211,
      "user": 0.03201474,
      "system": 0.11944094000000001,
      "min": 0.1471935541,
      "max": 0.1523851541,
      "times": [
        0.14991591310000002,
        0.14854157910000002,
        0.1495943171,
        0.1523851541,
        0.1496650111,
        0.1471935541,
        0.14775412810000002,
        0.1489722761,
        0.1483332631,
        0.1486985661
      ],
      "exit_codes": [
        0,
        0,
        0,
        0,
        0,
        0,
        0,
        0,
        0,
        0
      ]
    },
    {
      "command": "yarn",
      "mean": 11.4273229663,
      "stddev": 0.11639835445448372,
      "median": 11.421444578100001,
      "user": 14.994103139999998,
      "system": 8.383366939999998,
      "min": 11.2642924371,
      "max": 11.6470758311,
      "times": [
        11.4581830881,
        11.419743587100001,
        11.2880201181,
        11.4231455691,
        11.3852654101,
        11.5912348471,
        11.2642924371,
        11.6470758311,
        11.468288065100001,
        11.3279807101
      ],
      "exit_codes": [
        0,
        0,
        0,
        0,
        0,
        0,
        0,
        0,
        0,
        0
      ]
    },
    {
      "command": "berry",
      "mean": 5.5845045527,
      "stddev": 0.08272182486129138,
      "median": 5.5841085706,
      "user": 9.356831840000002,
      "system": 3.2577292400000006,
      "min": 5.415604646099999,
      "max": 5.7294446821,
      "times": [
        5.415604646099999,
        5.6950759651,
        5.610912112099999,
        5.5868175601,
        5.542276999099999,
        5.5731370611,
        5.7294446821,
        5.5210963531,
        5.5813995810999995,
        5.589280567099999
      ],
      "exit_codes": [
        0,
        0,
        0,
        0,
        0,
        0,
        0,
        0,
        0,
        0
      ]
    },
    {
      "command": "pnpm",
      "mean": 2.7928208869,
      "stddev": 0.17515840472078428,
      "median": 2.7347986861000004,
      "user": 4.381836139999999,
      "system": 1.8238436399999998,
      "min": 2.5974367621,
      "max": 3.1309648941000003,
      "times": [
        2.6927234791,
        2.7348786131000002,
        2.7737537961000003,
        2.5974367621,
        2.7347187591,
        2.7575910001,
        2.7086544421000003,
        3.1294032361000004,
        3.1309648941000003,
        2.6680838871000003
      ],
      "exit_codes": [
        0,
        0,
        0,
        0,
        0,
        0,
        0,
        0,
        0,
        0
      ]
    },
    {
      "command": "vlt",
      "mean": 3.0634294227,
      "stddev": 0.18869913503106722,
      "median": 2.9514119646,
      "user": 4.01450094,
      "system": 1.9778708400000002,
      "min": 2.8929902751000003,
      "max": 3.3933523771000003,
      "times": [
        3.3191826741000003,
        2.9559742281,
        2.8929902751000003,
        2.9468497011,
        3.3933523771000003,
        3.3319677041,
        2.9899461371,
        2.9438353381,
        2.9187431191,
        2.9414526731
      ],
      "exit_codes": [
        0,
        0,
        0,
        0,
        0,
        0,
        0,
        0,
        0,
        0
      ]
    },
    {
      "command": "bun",
      "mean": 0.6225561028000002,
      "stddev": 0.033410571511259285,
      "median": 0.6076185196000001,
      "user": 0.62768164,
      "system": 1.08413304,
      "min": 0.5817773721000001,
      "max": 0.6743212761000001,
      "times": [
        0.5817773721000001,
        0.6530219911000001,
        0.5955713631000001,
        0.5854889261000001,
        0.6518055351,
        0.6743212761000001,
        0.6054260771000001,
        0.6098109621000001,
        0.6674004441000001,
        0.6009370811000001
      ],
      "exit_codes": [
        0,
        0,
        0,
        0,
        0,
        0,
        0,
        0,
        0,
        0
      ]
    },
    {
      "command": "deno",
      "mean": 4.217709257499999,
      "stddev": 0.47740770817404066,
      "median": 4.130980300099999,
      "user": 2.32646834,
      "system": 1.7709232399999997,
      "min": 3.7153033111,
      "max": 5.4727844680999995,
      "times": [
        4.3580803071,
        4.1954250130999995,
        4.0167175381,
        3.7153033111,
        4.2571267671,
        5.4727844680999995,
        4.4337683451,
        3.7299816121,
        3.9313696261,
        4.0665355871
      ],
      "exit_codes": [
        0,
        0,
        0,
        0,
        0,
        0,
        0,
        0,
        0,
        0
      ]
    }
  ]
}