{
  "results": [
    {
      "command": "npm",
      "mean": 24.53415800874,
      "stddev": 1.6987563803099626,
      "median": 24.11888356784,
      "user": 14.50599274,
      "system": 4.27931204,
      "min": 22.489121610839998,
      "max": 28.461354876839998,
      "times": [
        25.53253441384,
        24.39406192384,
        22.489121610839998,
        23.08679402384,
        24.12421406084,
        22.84205884584,
        24.11355307484,
        24.105546872839998,
        26.192340383839998,
        28.461354876839998
      ],
      "exit_codes": [
        0,
        0,
        0,
        0,
        0,
        0,
        0,
        0,
        0,
        0
      ]
    },
    {
      "command": "snpm",
      "mean": 0.57433718644,
      "stddev": 0.005898995392162491,
      "median": 0.57282098484,
      "user": 0.36605454000000004,
      "system": 0.21806044,
      "min": 0.56731568684,
      "max": 0.58444991784,
      "times": [
        0.58444991784,
        0.57259460584,
        0.57344635684,
        0.58099344284,
        0.58289145484,
        0.57120199884,
        0.56916379484,
        0.56826724184,
        0.57304736384,
        0.56731568684
      ],
      "exit_codes": [
        0,
        0,
        0,
        0,
        0,
        0,
        0,
        0,
        0,
        0
      ]
    },
    {
      "command": "yarn",
      "mean": 17.622825108839997,
      "stddev": 0.9727403955639997,
      "median": 17.22790063934,
      "user": 17.567715739999997,
      "system": 8.192086139999997,
      "min": 16.62508985684,
      "max": 19.52681905184,
      "times": [
        17.78274519684,
        16.676049113839998,
        16.62508985684,
        17.14611295084,
        17.290184364839998,
        19.52681905184,
        17.51231198884,
        17.118173851839998,
        19.38514779884,
        17.165616913839997
      ],
      "exit_codes": [
        0,
        0,
        0,
        0,
        0,
        0,
        0,
        0,
        0,
        0
      ]
    },
    {
      "command": "berry",
      "mean": 6.46385256974,
      "stddev": 0.0647383663275923,
      "median": 6.468007396839999,
      "user": 11.294056839999998,
      "system": 3.24934504,
      "min": 6.37972296884,
      "max": 6.61006966084,
      "times": [
        6.48170103084,
        6.39702439884,
        6.61006966084,
        6.41893143484,
        6.51074170284,
        6.37972296884,
        6.45931441384,
        6.47670037984,
        6.49684296984,
        6.40747673684
      ],
      "exit_codes": [
        0,
        0,
        0,
        0,
        0,
        0,
        0,
        0,
        0,
        0
      ]
    },
    {
      "command": "pnpm",
      "mean": 4.41587351024,
      "stddev": 0.21850286677539174,
      "median": 4.33998443434,
      "user": 6.41365304,
      "system": 2.35831884,
      "min": 4.22666499684,
      "max": 5.02637072884,
      "times": [
        4.32425112684,
        4.43354218484,
        4.23320560684,
        4.34564536584,
        4.49309353784,
        5.02637072884,
        4.31959030084,
        4.22666499684,
        4.33432350284,
        4.42204775084
      ],
      "exit_codes": [
        0,
        0,
        0,
        0,
        0,
        0,
        0,
        0,
        0,
        0
      ]
    },
    {
      "command": "vlt",
      "mean": 6.906777932839999,
      "stddev": 0.45643960676623097,
      "median": 6.848696475840001,
      "user": 6.574567739999999,
      "system": 2.6290121399999995,
      "min": 6.40138767084,
      "max": 7.96714083784,
      "times": [
        7.04506118684,
        7.21552027384,
        7.96714083784,
        6.40138767084,
        6.42505823984,
        6.51630847984,
        6.85858949084,
        7.21426538084,
        6.83880346084,
        6.58564430684
      ],
      "exit_codes": [
        0,
        0,
        0,
        0,
        0,
        0,
        0,
        0,
        0,
        0
      ]
    },
    {
      "command": "bun",
      "mean": 1.4864513428400001,
      "stddev": 0.0683987581124359,
      "median": 1.47407150484,
      "user": 1.96896034,
      "system": 1.6521898399999997,
      "min": 1.37941817584,
      "max": 1.63106523884,
      "times": [
        1.37941817584,
        1.47482210584,
        1.47332090384,
        1.42463719684,
        1.5643795038400001,
        1.47042610384,
        1.43539193584,
        1.52315596984,
        1.63106523884,
        1.48789629384
      ],
      "exit_codes": [
        0,
        0,
        0,
        0,
        0,
        0,
        0,
        0,
        0,
        0
      ]
    },
    {
      "command": "deno",
      "mean": 13.06796243654,
      "stddev": 1.0033096894043787,
      "median": 13.178732619840002,
      "user": 4.352171739999999,
      "system": 1.9693655399999996,
      "min": 11.646388149840002,
      "max": 14.970141057840001,
      "times": [
        13.31250099084,
        13.351862078840002,
        12.430606133840001,
        12.295719806840001,
        11.646388149840002,
        14.970141057840001,
        13.246235242840001,
        11.88576099884,
        13.11122999684,
        14.42917990884
      ],
      "exit_codes": [
        0,
        0,
        0,
        0,
        0,
        0,
        0,
        0,
        0,
        0
      ]
    }
  ]
}