{
  "results": [
    {
      "command": "npm",
      "mean": 0.57118131028,
      "stddev": 0.015636049302849085,
      "median": 0.56606262128,
      "user": 0.6330969,
      "system": 0.10636377999999999,
      "min": 0.56098871078,
      "max": 0.6161068307800001,
      "times": [
        0.57180951778,
        0.56184433178,
        0.56259463978,
        0.6161068307800001,
        0.57279323278,
        0.57241860778,
        0.56744901278,
        0.56467622978,
        0.56098871078,
        0.56113198878
      ],
      "exit_codes": [
        0,
        0,
        0,
        0,
        0,
        0,
        0,
        0,
        0,
        0
      ]
    },
    {
      "command": "snpm",
      "mean": 0.03514438768000001,
      "stddev": 0.0005426203347327578,
      "median": 0.03514134278,
      "user": 0.020715699999999997,
      "system": 0.01666778,
      "min": 0.03440466878,
      "max": 0.03644596078,
      "times": [
        0.03465310378,
        0.03539763678,
        0.03440466878,
        0.03644596078,
        0.035137608779999996,
        0.03514507678,
        0.03475930478,
        0.03550874078,
        0.03480561978,
        0.03518615578
      ],
      "exit_codes": [
        0,
        0,
        0,
        0,
        0,
        0,
        0,
        0,
        0,
        0
      ]
    },
    {
      "command": "yarn",
      "mean": 0.3157496925800001,
      "stddev": 0.003523436266175193,
      "median": 0.31543670178000005,
      "user": 0.36111259999999995,
      "system": 0.06607148000000002,
      "min": 0.30954296778000007,
      "max": 0.32343067378000007,
      "times": [
        0.31380757578000007,
        0.31523762178000003,
        0.31547649878000006,
        0.31702158978000006,
        0.31803232078000004,
        0.32343067378000007,
        0.31539690478000004,
        0.30954296778000007,
        0.31738932378000007,
        0.31216144878
      ],
      "exit_codes": [
        0,
        0,
        0,
        0,
        0,
        0,
        0,
        0,
        0,
        0
      ]
    },
    {
      "command": "berry",
      "mean": 1.1012979144800001,
      "stddev": 0.008701413971486535,
      "median": 1.0991808237800003,
      "user": 1.2095401999999997,
      "system": 0.20929857999999996,
      "min": 1.0900787327800001,
      "max": 1.11892218278,
      "times": [
        1.0966520477800001,
        1.1068985287800002,
        1.0916274427800001,
        1.09429050478,
        1.1084638607800001,
        1.0900787327800001,
        1.1017095997800002,
        1.11892218278,
        1.09616588878,
        1.10817035578
      ],
      "exit_codes": [
        0,
        0,
        0,
        0,
        0,
        0,
        0,
        0,
        0,
        0
      ]
    },
    {
      "command": "pnpm",
      "mean": 0.7419969244800001,
      "stddev": 0.026284075047920793,
      "median": 0.73320443228,
      "user": 0.8042848999999999,
      "system": 0.13130767999999998,
      "min": 0.71169403578,
      "max": 0.79557374678,
      "times": [
        0.79557374678,
        0.71169403578,
        0.72320053378,
        0.71391559178,
        0.7594563667800001,
        0.75709349478,
        0.73598377778,
        0.7304250867800001,
        0.72143506878,
        0.77119154178
      ],
      "exit_codes": [
        0,
        0,
        0,
        0,
        0,
        0,
        0,
        0,
        0,
        0
      ]
    },
    {
      "command": "vlt",
      "mean": 0.3238863002800001,
      "stddev": 0.006977824585972137,
      "median": 0.32443840378000005,
      "user": 0.35441269999999997,
      "system": 0.07093798,
      "min": 0.31385746578000007,
      "max": 0.33868567778,
      "times": [
        0.32516763078000005,
        0.32707535878000005,
        0.32370917678000005,
        0.32772231678,
        0.31385746578000007,
        0.32879761978000005,
        0.33868567778,
        0.31688439478,
        0.32062357278000003,
        0.31633978878
      ],
      "exit_codes": [
        0,
        0,
        0,
        0,
        0,
        0,
        0,
        0,
        0,
        0
      ]
    },
    {
      "command": "bun",
      "mean": 0.011765888280000001,
      "stddev": 0.0004711982716299476,
      "median": 0.011636705280000001,
      "user": 0.0090071,
      "system": 0.00851798,
      "min": 0.01139236878,
      "max": 0.01312758078,
      "times": [
        0.01139236878,
        0.011634585780000001,
        0.01312758078,
        0.01152918078,
        0.01172822578,
        0.011615249780000001,
        0.01182036378,
        0.011737118780000002,
        0.01143538378,
        0.011638824780000001
      ],
      "exit_codes": [
        0,
        0,
        0,
        0,
        0,
        0,
        0,
        0,
        0,
        0
      ]
    },
    {
      "command": "deno",
      "mean": 0.17335942937999999,
      "stddev": 0.003013801140415013,
      "median": 0.17400205828,
      "user": 0.14450899999999997,
      "system": 0.04850638,
      "min": 0.16852954478,
      "max": 0.17759208578000002,
      "times": [
        0.17714669478,
        0.17080210678000002,
        0.16986491278000002,
        0.16852954478,
        0.17432877778,
        0.17427670078000002,
        0.17372741578,
        0.17098057478,
        0.17759208578000002,
        0.17634547978
      ],
      "exit_codes": [
        0,
        0,
        0,
        0,
        0,
        0,
        0,
        0,
        0,
        0
      ]
    }
  ]
}