{
  "results": [
    {
      "command": "npm",
      "mean": 0.60911474466,
      "stddev": 0.007404770965331423,
      "median": 0.60659790946,
      "user": 0.6834974599999999,
      "system": 0.11305316000000001,
      "min": 0.59941960046,
      "max": 0.62281491546,
      "times": [
        0.60647707046,
        0.6115768704600001,
        0.6187340504600001,
        0.61592201246,
        0.60321128546,
        0.59941960046,
        0.6019843234600001,
        0.62281491546,
        0.60428856946,
        0.6067187484600001
      ],
      "exit_codes": [
        0,
        0,
        0,
        0,
        0,
        0,
        0,
        0,
        0,
        0
      ]
    },
    {
      "command": "snpm",
      "mean": 0.035925721359999996,
      "stddev": 0.000338718770343024,
      "median": 0.03593555046,
      "user": 0.02126476,
      "system": 0.01670656,
      "min": 0.03536431146,
      "max": 0.03646274546,
      "times": [
        0.03567550946,
        0.03633917446,
        0.03591885346,
        0.03558762046,
        0.03606131246,
        0.03595224746,
        0.03565127146,
        0.03646274546,
        0.03536431146,
        0.03624416746
      ],
      "exit_codes": [
        0,
        0,
        0,
        0,
        0,
        0,
        0,
        0,
        0,
        0
      ]
    },
    {
      "command": "yarn",
      "mean": 0.30384045766,
      "stddev": 0.003305658205077584,
      "median": 0.30271659446,
      "user": 0.3422158599999999,
      "system": 0.05917475999999999,
      "min": 0.30070615346,
      "max": 0.31166121746000003,
      "times": [
        0.30384967846,
        0.31166121746000003,
        0.30626382746,
        0.30072509546000004,
        0.30679720146,
        0.30070615346,
        0.30241981846,
        0.30176511146,
        0.30301337046000004,
        0.30120310246000004
      ],
      "exit_codes": [
        0,
        0,
        0,
        0,
        0,
        0,
        0,
        0,
        0,
        0
      ]
    },
    {
      "command": "berry",
      "mean": 1.0292695595600003,
      "stddev": 0.022448515075822423,
      "median": 1.02368995896,
      "user": 1.19953316,
      "system": 0.20678776000000001,
      "min": 0.99502685446,
      "max": 1.0660353854600002,
      "times": [
        1.0121502474600002,
        1.05265707946,
        1.0660353854600002,
        1.01715904146,
        1.0095037174600001,
        1.03022087646,
        1.04828257346,
        1.05045642646,
        1.0112033934600002,
        0.99502685446
      ],
      "exit_codes": [
        0,
        0,
        0,
        0,
        0,
        0,
        0,
        0,
        0,
        0
      ]
    },
    {
      "command": "pnpm",
      "mean": 0.7753556842600001,
      "stddev": 0.02033733598127547,
      "median": 0.77388399996,
      "user": 0.8500646599999999,
      "system": 0.13902385999999997,
      "min": 0.7447870774600001,
      "max": 0.8072190544600001,
      "times": [
        0.8051812324600001,
        0.7447870774600001,
        0.76525648546,
        0.7561265754600001,
        0.7890844474600001,
        0.7555768594600001,
        0.76416110146,
        0.78251151446,
        0.7836524944600001,
        0.8072190544600001
      ],
      "exit_codes": [
        0,
        0,
        0,
        0,
        0,
        0,
        0,
        0,
        0,
        0
      ]
    },
    {
      "command": "vlt",
      "mean": 0.33320344196,
      "stddev": 0.005845274676892452,
      "median": 0.33313534246,
      "user": 0.36965956,
      "system": 0.07656255999999999,
      "min": 0.32324086646,
      "max": 0.34254512946000004,
      "times": [
        0.33212129346,
        0.32624671846000003,
        0.33092076046,
        0.33414939146,
        0.33765722546000004,
        0.32324086646,
        0.34254512946000004,
        0.32825147746,
        0.33861295346000003,
        0.33828860346
      ],
      "exit_codes": [
        0,
        0,
        0,
        0,
        0,
        0,
        0,
        0,
        0,
        0
      ]
    },
    {
      "command": "bun",
      "mean": 0.01429570456,
      "stddev": 0.0004139002437743785,
      "median": 0.014140023960000001,
      "user": 0.00957886,
      "system": 0.01036506,
      "min": 0.01402393246,
      "max": 0.01549451946,
      "times": [
        0.01422008446,
        0.01402393246,
        0.014044748460000001,
        0.01549451946,
        0.01432129146,
        0.01416729346,
        0.01437258946,
        0.01411057046,
        0.01411275446,
        0.01408926146
      ],
      "exit_codes": [
        0,
        0,
        0,
        0,
        0,
        0,
        0,
        0,
        0,
        0
      ]
    },
    {
      "command": "deno",
      "mean": 0.04644673545999999,
      "stddev": 0.0008502893791397133,
      "median": 0.04614005346,
      "user": 0.02710206,
      "system": 0.024846459999999997,
      "min": 0.04574139946,
      "max": 0.04841075146,
      "times": [
        0.04585812946,
        0.04663154546,
        0.04574139946,
        0.04578446546,
        0.04841075146,
        0.04620535046,
        0.04607475646,
        0.04574955746,
        0.04761736746,
        0.04639403146
      ],
      "exit_codes": [
        0,
        0,
        0,
        0,
        0,
        0,
        0,
        0,
        0,
        0
      ]
    }
  ]
}