{
  "results": [
    {
      "command": "npm",
      "mean": 3.50570837398,
      "stddev": 0.0447940209987808,
      "median": 3.50060054398,
      "user": 3.8957167200000002,
      "system": 2.4759724800000003,
      "min": 3.45416484298,
      "max": 3.6187822229799997,
      "times": [
        3.5084459199799998,
        3.6187822229799997,
        3.4967889509799996,
        3.49047498398,
        3.4568515779799998,
        3.4740143039799998,
        3.52212788898,
        3.5310209109799997,
        3.50441213698,
        3.45416484298
      ],
      "exit_codes": [
        0,
        0,
        0,
        0,
        0,
        0,
        0,
        0,
        0,
        0
      ]
    },
    {
      "command": "snpm",
      "mean": 0.17467996658,
      "stddev": 0.004193206264581917,
      "median": 0.17478151747999998,
      "user": 0.029384820000000006,
      "system": 0.14740618,
      "min": 0.16533080298,
      "max": 0.18070169998,
      "times": [
        0.17296158898,
        0.17251843398,
        0.18070169998,
        0.17211618498,
        0.17610811298,
        0.16533080298,
        0.17393975398,
        0.17562328098,
        0.17957376698,
        0.17792603998
      ],
      "exit_codes": [
        0,
        0,
        0,
        0,
        0,
        0,
        0,
        0,
        0,
        0
      ]
    },
    {
      "command": "yarn",
      "mean": 2.89847830308,
      "stddev": 0.5458246036900868,
      "median": 2.72348290548,
      "user": 2.8412000199999996,
      "system": 2.9620592799999996,
      "min": 2.65577491198,
      "max": 4.53319962598,
      "times": [
        2.74345036298,
        2.71697210298,
        2.75776526598,
        4.53319962598,
        2.6728595829799997,
        2.71071458698,
        2.65577491198,
        2.72999370798,
        2.75741733998,
        2.70663554298
      ],
      "exit_codes": [
        0,
        0,
        0,
        0,
        0,
        0,
        0,
        0,
        0,
        0
      ]
    },
    {
      "command": "berry",
      "mean": 3.09111700948,
      "stddev": 0.047643744380308994,
      "median": 3.08601682798,
      "user": 3.67776712,
      "system": 1.6228538799999999,
      "min": 2.99471654198,
      "max": 3.17638993998,
      "times": [
        2.99471654198,
        3.0469665239799997,
        3.07706378998,
        3.0774352549799997,
        3.07509382098,
        3.10556265898,
        3.13578899298,
        3.09459840098,
        3.17638993998,
        3.12755416998
      ],
      "exit_codes": [
        0,
        0,
        0,
        0,
        0,
        0,
        0,
        0,
        0,
        0
      ]
    },
    {
      "command": "pnpm",
      "mean": 1.3181450178800003,
      "stddev": 0.03350328253449307,
      "median": 1.30573067598,
      "user": 1.83952812,
      "system": 0.67657758,
      "min": 1.28886238398,
      "max": 1.4094239399800002,
      "times": [
        1.29013273498,
        1.30701724398,
        1.3274542739800002,
        1.29755018498,
        1.32330954498,
        1.30444410798,
        1.4094239399800002,
        1.30253764198,
        1.3307181219800002,
        1.28886238398
      ],
      "exit_codes": [
        0,
        0,
        0,
        0,
        0,
        0,
        0,
        0,
        0,
        0
      ]
    },
    {
      "command": "vlt",
      "mean": 1.8954982826800002,
      "stddev": 0.027817664735903958,
      "median": 1.89383174098,
      "user": 2.17120862,
      "system": 1.68227978,
      "min": 1.85245537998,
      "max": 1.9456507659800002,
      "times": [
        1.92515016798,
        1.87500337398,
        1.85245537998,
        1.8747133989800002,
        1.9111498469800001,
        1.90302478698,
        1.9159806079800001,
        1.8672158029800001,
        1.9456507659800002,
        1.88463869498
      ],
      "exit_codes": [
        0,
        0,
        0,
        0,
        0,
        0,
        0,
        0,
        0,
        0
      ]
    },
    {
      "command": "bun",
      "mean": 0.27067721668000005,
      "stddev": 0.004811615969484492,
      "median": 0.27163011598000003,
      "user": 0.13390922,
      "system": 0.23825498,
      "min": 0.26209556498000003,
      "max": 0.27723236398,
      "times": [
        0.27544761798000006,
        0.27294616198000005,
        0.27104577998,
        0.26337809798000006,
        0.26209556498000003,
        0.26944576498000006,
        0.27525181798000004,
        0.27221445198000005,
        0.27723236398,
        0.26771454498
      ],
      "exit_codes": [
        0,
        0,
        0,
        0,
        0,
        0,
        0,
        0,
        0,
        0
      ]
    },
    {
      "command": "deno",
      "mean": 0.55194724768,
      "stddev": 0.018382311491851273,
      "median": 0.5506416029800001,
      "user": 0.4933659199999999,
      "system": 0.55202018,
      "min": 0.52777567398,
      "max": 0.59044633798,
      "times": [
        0.55410972298,
        0.54717348298,
        0.5334401899800001,
        0.5391480819800001,
        0.5590879989800001,
        0.5667392079800001,
        0.5666868499800001,
        0.52777567398,
        0.53486492998,
        0.59044633798
      ],
      "exit_codes": [
        0,
        0,
        0,
        0,
        0,
        0,
        0,
        0,
        0,
        0
      ]
    }
  ]
}