{
  "results": [
    {
      "command": "npm",
      "mean": 8.372493479520001,
      "stddev": 0.02554047056854194,
      "median": 8.37027237362,
      "user": 8.646920779999999,
      "system": 3.5232991799999995,
      "min": 8.33252789562,
      "max": 8.41559344362,
      "times": [
        8.370729417620002,
        8.41559344362,
        8.401853653620002,
        8.369815329620002,
        8.36423258662,
        8.38388697162,
        8.33252789562,
        8.39501434962,
        8.35056990562,
        8.340711241620001
      ],
      "exit_codes": [
        0,
        0,
        0,
        0,
        0,
        0,
        0,
        0,
        0,
        0
      ]
    },
    {
      "command": "snpm",
      "mean": 0.08471078042,
      "stddev": 0.002049792493729149,
      "median": 0.08387006962000002,
      "user": 0.027680080000000003,
      "system": 0.05940497999999998,
      "min": 0.08245764062000001,
      "max": 0.08881325762000002,
      "times": [
        0.08269028662000001,
        0.08706240062000001,
        0.08881325762000002,
        0.08245764062000001,
        0.08294583762000002,
        0.08644004462000002,
        0.08384558062000001,
        0.08328128762,
        0.08389455862000002,
        0.08567690962
      ],
      "exit_codes": [
        0,
        0,
        0,
        0,
        0,
        0,
        0,
        0,
        0,
        0
      ]
    },
    {
      "command": "yarn",
      "mean": 17.15360225252,
      "stddev": 0.7964065105737694,
      "median": 16.799409740119998,
      "user": 23.38682958,
      "system": 9.18784088,
      "min": 16.52566210462,
      "max": 18.92433430662,
      "times": [
        16.81715773562,
        18.92433430662,
        16.777329672620002,
        16.89039724662,
        16.571542812620002,
        16.78166174462,
        16.52566210462,
        17.01035652562,
        16.73608759962,
        18.50149277662
      ],
      "exit_codes": [
        0,
        0,
        0,
        0,
        0,
        0,
        0,
        0,
        0,
        0
      ]
    },
    {
      "command": "berry",
      "mean": 7.12751829922,
      "stddev": 0.09908955315888135,
      "median": 7.13334678812,
      "user": 11.843635979999998,
      "system": 3.74676148,
      "min": 6.97731279162,
      "max": 7.27136203262,
      "times": [
        7.16824012662,
        7.09845344962,
        7.2375568786199995,
        7.27136203262,
        7.19805560962,
        6.97981364162,
        7.06035812462,
        6.97731279162,
        7.07644011962,
        7.20759021762
      ],
      "exit_codes": [
        0,
        0,
        0,
        0,
        0,
        0,
        0,
        0,
        0,
        0
      ]
    },
    {
      "command": "pnpm",
      "mean": 3.41517370122,
      "stddev": 0.040050264086151255,
      "median": 3.41780668862,
      "user": 7.02309898,
      "system": 1.9090848800000004,
      "min": 3.34551477462,
      "max": 3.47225571662,
      "times": [
        3.47225571662,
        3.39066225962,
        3.38599022462,
        3.37267069862,
        3.44241514662,
        3.4698959496199997,
        3.40270962662,
        3.43290375062,
        3.43671886462,
        3.34551477462
      ],
      "exit_codes": [
        0,
        0,
        0,
        0,
        0,
        0,
        0,
        0,
        0,
        0
      ]
    },
    {
      "command": "vlt",
      "mean": 4.35347817532,
      "stddev": 0.05256318830135495,
      "median": 4.35359727012,
      "user": 6.24562208,
      "system": 2.37231788,
      "min": 4.26474884962,
      "max": 4.45019334862,
      "times": [
        4.37531118162,
        4.39864086162,
        4.38989369362,
        4.32817162662,
        4.33188335862,
        4.32961990762,
        4.45019334862,
        4.28811472562,
        4.37820419962,
        4.26474884962
      ],
      "exit_codes": [
        0,
        0,
        0,
        0,
        0,
        0,
        0,
        0,
        0,
        0
      ]
    },
    {
      "command": "bun",
      "mean": 1.45885794902,
      "stddev": 0.06342799633847214,
      "median": 1.44975765012,
      "user": 1.73562138,
      "system": 1.59217448,
      "min": 1.36413644862,
      "max": 1.5845006396199999,
      "times": [
        1.5845006396199999,
        1.36413644862,
        1.44630129362,
        1.4686589206199998,
        1.41677764662,
        1.42112938562,
        1.5166657956199998,
        1.3928283936199999,
        1.4532140066199999,
        1.52436695962
      ],
      "exit_codes": [
        0,
        0,
        0,
        0,
        0,
        0,
        0,
        0,
        0,
        0
      ]
    },
    {
      "command": "deno",
      "mean": 4.460611503919999,
      "stddev": 0.17399063805212586,
      "median": 4.43489347212,
      "user": 3.6214322799999996,
      "system": 1.23447418,
      "min": 4.24321921862,
      "max": 4.80246328862,
      "times": [
        4.57589593062,
        4.44308021962,
        4.31884304462,
        4.43225503662,
        4.28075831862,
        4.4375319076199995,
        4.36304821462,
        4.70901985962,
        4.80246328862,
        4.24321921862
      ],
      "exit_codes": [
        0,
        0,
        0,
        0,
        0,
        0,
        0,
        0,
        0,
        0
      ]
    }
  ]
}