{
  "results": [
    {
      "command": "npm",
      "mean": 21.857639159,
      "stddev": 0.6993120425678728,
      "median": 21.737272598400004,
      "user": 15.414590319999999,
      "system": 6.0619304,
      "min": 20.927487043400003,
      "max": 23.249305089400004,
      "times": [
        22.4700359994,
        20.927487043400003,
        21.665957512400002,
        21.808587684400003,
        21.409218899400003,
        21.0021009244,
        23.249305089400004,
        21.899421364400002,
        21.503154178400003,
        22.641122894400002
      ],
      "exit_codes": [
        0,
        0,
        0,
        0,
        0,
        0,
        0,
        0,
        0,
        0
      ]
    },
    {
      "command": "snpm",
      "mean": 0.6321838478999999,
      "stddev": 0.010822167757915785,
      "median": 0.6291506688999999,
      "user": 0.40376562,
      "system": 0.2373055,
      "min": 0.6203570084,
      "max": 0.6569041564,
      "times": [
        0.6569041564,
        0.6438657394,
        0.6293025024,
        0.6227066314,
        0.6289988354,
        0.6203570084,
        0.6236212554,
        0.6238070663999999,
        0.6355288504,
        0.6367464334
      ],
      "exit_codes": [
        0,
        0,
        0,
        0,
        0,
        0,
        0,
        0,
        0,
        0
      ]
    },
    {
      "command": "yarn",
      "mean": 25.7246494117,
      "stddev": 0.26528303779592166,
      "median": 25.685656629900002,
      "user": 33.14650642,
      "system": 15.577410899999999,
      "min": 25.292580741400002,
      "max": 26.1412210404,
      "times": [
        25.4806241894,
        25.979821748400003,
        25.981565599400003,
        25.292580741400002,
        26.1412210404,
        25.6764949694,
        25.9255317844,
        25.3973407844,
        25.6891276634,
        25.6821855964
      ],
      "exit_codes": [
        0,
        0,
        0,
        0,
        0,
        0,
        0,
        0,
        0,
        0
      ]
    },
    {
      "command": "berry",
      "mean": 9.673342719099999,
      "stddev": 0.11924643475273043,
      "median": 9.688058471400002,
      "user": 16.09671762,
      "system": 5.681589899999999,
      "min": 9.4913089704,
      "max": 9.8880273494,
      "times": [
        9.6987006204,
        9.8880273494,
        9.8241144234,
        9.7094260074,
        9.4913089704,
        9.677416322400001,
        9.6517517364,
        9.7097968564,
        9.5704870954,
        9.5123978094
      ],
      "exit_codes": [
        0,
        0,
        0,
        0,
        0,
        0,
        0,
        0,
        0,
        0
      ]
    },
    {
      "command": "pnpm",
      "mean": 5.8783124798,
      "stddev": 0.2113239744989476,
      "median": 5.8759524344,
      "user": 10.10574492,
      "system": 3.7582714999999993,
      "min": 5.5636777444,
      "max": 6.3945611134,
      "times": [
        5.8626789584,
        5.9204920024,
        5.9726042844,
        5.8085405564,
        5.6764413404,
        5.8892259104,
        5.7413569064,
        6.3945611134,
        5.9535459814,
        5.5636777444
      ],
      "exit_codes": [
        0,
        0,
        0,
        0,
        0,
        0,
        0,
        0,
        0,
        0
      ]
    },
    {
      "command": "vlt",
      "mean": 8.893752990200001,
      "stddev": 0.2727989540798633,
      "median": 8.9202805359,
      "user": 10.52015682,
      "system": 4.9562425,
      "min": 8.4612316984,
      "max": 9.2496131724,
      "times": [
        8.9764947704,
        8.5288604284,
        9.0557489224,
        8.4612316984,
        9.1699412354,
        9.2496131724,
        9.2288935174,
        8.8640663014,
        8.7203148864,
        8.6823649694
      ],
      "exit_codes": [
        0,
        0,
        0,
        0,
        0,
        0,
        0,
        0,
        0,
        0
      ]
    },
    {
      "command": "bun",
      "mean": 2.8373997656,
      "stddev": 0.11760920556159017,
      "median": 2.8017654834,
      "user": 3.46454772,
      "system": 3.3466685999999997,
      "min": 2.6973552284,
      "max": 3.1268469143999997,
      "times": [
        2.7972737294,
        2.7790020144,
        2.7783978304,
        2.8945182614,
        2.6973552284,
        2.9127277964,
        2.8062572374,
        2.8688396774,
        3.1268469143999997,
        2.7127789664
      ],
      "exit_codes": [
        0,
        0,
        0,
        0,
        0,
        0,
        0,
        0,
        0,
        0
      ]
    },
    {
      "command": "deno",
      "mean": 11.1829748775,
      "stddev": 0.5215528509684532,
      "median": 11.0138946404,
      "user": 6.587496319999998,
      "system": 2.6381764,
      "min": 10.6774772394,
      "max": 12.5188474304,
      "times": [
        10.7439301254,
        10.9824614504,
        12.5188474304,
        11.0453278304,
        10.7943191984,
        11.1056378064,
        10.9558286914,
        11.5888891734,
        11.4170298294,
        10.6774772394
      ],
      "exit_codes": [
        0,
        0,
        0,
        0,
        0,
        0,
        0,
        0,
        0,
        0
      ]
    }
  ]
}