{
  "results": [
    {
      "command": "npm",
      "mean": 4.1683784923200005,
      "stddev": 0.2846287036927224,
      "median": 4.115966612119999,
      "user": 1.5169353799999998,
      "system": 0.31622429999999996,
      "min": 3.78201693262,
      "max": 4.75774607762,
      "times": [
        3.78201693262,
        3.90752590762,
        4.14984462962,
        4.36855351062,
        4.49270969062,
        4.08208859462,
        4.75774607762,
        4.05737024662,
        4.19889928862,
        3.88703004462
      ],
      "exit_codes": [
        0,
        0,
        0,
        0,
        0,
        0,
        0,
        0,
        0,
        0
      ]
    },
    {
      "command": "snpm",
      "mean": 0.6404491484200001,
      "stddev": 0.00964216171443231,
      "median": 0.64166858912,
      "user": 0.41829218,
      "system": 0.2299918,
      "min": 0.6251154706200001,
      "max": 0.6617636746200001,
      "times": [
        0.6385460846200001,
        0.64152664262,
        0.6463716996200001,
        0.6325737336200001,
        0.6418105356200001,
        0.6251154706200001,
        0.6450544396200001,
        0.6617636746200001,
        0.64191862862,
        0.6298105746200001
      ],
      "exit_codes": [
        0,
        0,
        0,
        0,
        0,
        0,
        0,
        0,
        0,
        0
      ]
    },
    {
      "command": "yarn",
      "mean": 25.29966303752,
      "stddev": 0.4673427447762036,
      "median": 25.11609150962,
      "user": 32.41005828,
      "system": 15.900641499999997,
      "min": 24.86171683262,
      "max": 26.34227070062,
      "times": [
        26.02942957962,
        26.34227070062,
        24.86171683262,
        25.17800637462,
        25.08630981662,
        25.00178031262,
        25.14587320262,
        25.008442605619997,
        24.96856025962,
        25.37424069062
      ],
      "exit_codes": [
        0,
        0,
        0,
        0,
        0,
        0,
        0,
        0,
        0,
        0
      ]
    },
    {
      "command": "berry",
      "mean": 6.712722810220001,
      "stddev": 0.20646887986919724,
      "median": 6.69408456862,
      "user": 12.351297879999999,
      "system": 3.5411656000000002,
      "min": 6.46268499362,
      "max": 6.99487185162,
      "times": [
        6.99487185162,
        6.98645534062,
        6.48311131762,
        6.58029931362,
        6.46268499362,
        6.47365021662,
        6.98549842062,
        6.73377869862,
        6.77248751062,
        6.65439043862
      ],
      "exit_codes": [
        0,
        0,
        0,
        0,
        0,
        0,
        0,
        0,
        0,
        0
      ]
    },
    {
      "command": "pnpm",
      "mean": 4.5372386775199995,
      "stddev": 0.230294526948801,
      "median": 4.46475465712,
      "user": 6.879927879999999,
      "system": 2.4070819,
      "min": 4.28336599062,
      "max": 5.12312646762,
      "times": [
        4.35502770362,
        4.74553942162,
        4.43933451962,
        4.50187835562,
        4.59953162662,
        4.42949497762,
        4.40491291762,
        5.12312646762,
        4.49017479462,
        4.28336599062
      ],
      "exit_codes": [
        0,
        0,
        0,
        0,
        0,
        0,
        0,
        0,
        0,
        0
      ]
    },
    {
      "command": "vlt",
      "mean": 0.35075440292,
      "stddev": 0.00470065070616169,
      "median": 0.35027187362,
      "user": 0.37043677999999997,
      "system": 0.0804755,
      "min": 0.34266613362000004,
      "max": 0.35824199562000003,
      "times": [
        0.35137595962,
        0.34916778762,
        0.35591442362000003,
        0.35589373862,
        0.34266613362000004,
        0.34674001162,
        0.34857617762000004,
        0.34636569562,
        0.35824199562000003,
        0.35260210562
      ],
      "exit_codes": [
        0,
        0,
        0,
        0,
        0,
        0,
        0,
        0,
        0,
        0
      ]
    },
    {
      "command": "bun",
      "mean": 2.70515827812,
      "stddev": 0.17473572065665208,
      "median": 2.65111824312,
      "user": 3.30675248,
      "system": 2.9392518,
      "min": 2.37636760662,
      "max": 2.98424791962,
      "times": [
        2.83503557262,
        2.55413333962,
        2.65465655662,
        2.60473876362,
        2.83256148362,
        2.98424791962,
        2.64757992962,
        2.37636760662,
        2.64709769662,
        2.9151639126199997
      ],
      "exit_codes": [
        0,
        0,
        0,
        0,
        0,
        0,
        0,
        0,
        0,
        0
      ]
    },
    {
      "command": "deno",
      "mean": 8.666012625120002,
      "stddev": 0.612613693114038,
      "median": 8.60754051862,
      "user": 3.71993078,
      "system": 0.8402966000000001,
      "min": 7.70856292162,
      "max": 10.05690068662,
      "times": [
        8.228698359620001,
        9.141549906620002,
        8.697471399620001,
        10.05690068662,
        8.66702149962,
        7.70856292162,
        8.433940430620002,
        9.038216402620002,
        8.139705106620001,
        8.54805953762
      ],
      "exit_codes": [
        0,
        0,
        0,
        0,
        0,
        0,
        0,
        0,
        0,
        0
      ]
    }
  ]
}