{
  "results": [
    {
      "command": "npm",
      "mean": 1.0866410279,
      "stddev": 0.00794802612715708,
      "median": 1.0846278441,
      "user": 1.1046331999999999,
      "system": 0.5810189799999999,
      "min": 1.0742916636000002,
      "max": 1.1022365976000001,
      "times": [
        1.0857458566,
        1.0815688696,
        1.0825365036,
        1.0853067506,
        1.0742916636000002,
        1.0804910816000002,
        1.0839489376,
        1.0943595416,
        1.0959244766,
        1.1022365976000001
      ],
      "exit_codes": [
        0,
        0,
        0,
        0,
        0,
        0,
        0,
        0,
        0,
        0
      ]
    },
    {
      "command": "snpm",
      "mean": 0.04178320340000001,
      "stddev": 0.00139407490452291,
      "median": 0.04143958460000001,
      "user": 0.017528000000000002,
      "system": 0.026366080000000004,
      "min": 0.040687589600000004,
      "max": 0.04573304660000001,
      "times": [
        0.040943255600000006,
        0.041313459600000005,
        0.04163563260000001,
        0.041553742600000006,
        0.042335845600000005,
        0.04573304660000001,
        0.04154855860000001,
        0.041330610600000005,
        0.04075029260000001,
        0.040687589600000004
      ],
      "exit_codes": [
        0,
        0,
        0,
        0,
        0,
        0,
        0,
        0,
        0,
        0
      ]
    },
    {
      "command": "yarn",
      "mean": 0.7557576926000001,
      "stddev": 0.010487389131339595,
      "median": 0.7532248381,
      "user": 0.7278350999999998,
      "system": 0.53408718,
      "min": 0.7424623556000001,
      "max": 0.7789450726,
      "times": [
        0.7789450726,
        0.7424623556000001,
        0.7509931616000001,
        0.7509846386,
        0.7532931586,
        0.7531565176,
        0.7434246696,
        0.7686078256000001,
        0.7585913456,
        0.7571181806
      ],
      "exit_codes": [
        0,
        0,
        0,
        0,
        0,
        0,
        0,
        0,
        0,
        0
      ]
    },
    {
      "command": "berry",
      "mean": 1.1332965470000003,
      "stddev": 0.008073761665832548,
      "median": 1.1327276681000003,
      "user": 1.3248536999999998,
      "system": 0.41527627999999994,
      "min": 1.1202482526000002,
      "max": 1.1460688976000002,
      "times": [
        1.1414062336000002,
        1.1202482526000002,
        1.1293522016000002,
        1.1361031346000001,
        1.1411173216000001,
        1.1265076586,
        1.1389700176000002,
        1.1460688976000002,
        1.1264868676000002,
        1.1267048846
      ],
      "exit_codes": [
        0,
        0,
        0,
        0,
        0,
        0,
        0,
        0,
        0,
        0
      ]
    },
    {
      "command": "pnpm",
      "mean": 0.7091996654000001,
      "stddev": 0.009792818857092453,
      "median": 0.7094990486,
      "user": 0.9855094999999998,
      "system": 0.21805728000000002,
      "min": 0.6913435176,
      "max": 0.7263124126,
      "times": [
        0.7152131686000001,
        0.7106179666,
        0.7001528766,
        0.6913435176,
        0.7083801306,
        0.7263124126,
        0.7024071906,
        0.7149349886,
        0.7029920736,
        0.7196423286
      ],
      "exit_codes": [
        0,
        0,
        0,
        0,
        0,
        0,
        0,
        0,
        0,
        0
      ]
    },
    {
      "command": "vlt",
      "mean": 0.5901837988,
      "stddev": 0.006090512931725763,
      "median": 0.5890856571,
      "user": 0.6096271000000001,
      "system": 0.35781717999999996,
      "min": 0.5794975526,
      "max": 0.6011796356,
      "times": [
        0.5870941236,
        0.5911679646,
        0.5896428896,
        0.5839352206,
        0.6011796356,
        0.5977707866,
        0.5885284246,
        0.5881817876,
        0.5794975526,
        0.5948396026
      ],
      "exit_codes": [
        0,
        0,
        0,
        0,
        0,
        0,
        0,
        0,
        0,
        0
      ]
    },
    {
      "command": "bun",
      "mean": 0.032570407600000004,
      "stddev": 0.00045635336556028674,
      "median": 0.03246255710000001,
      "user": 0.006697799999999999,
      "system": 0.031615779999999996,
      "min": 0.032021260600000004,
      "max": 0.033695681600000006,
      "times": [
        0.0323552266,
        0.032021260600000004,
        0.03238943960000001,
        0.03253567460000001,
        0.033695681600000006,
        0.0325851626,
        0.03304205760000001,
        0.0322019746,
        0.0325827876,
        0.03229481060000001
      ],
      "exit_codes": [
        0,
        0,
        0,
        0,
        0,
        0,
        0,
        0,
        0,
        0
      ]
    },
    {
      "command": "deno",
      "mean": 0.1979202168,
      "stddev": 0.006736133839281849,
      "median": 0.1986106256,
      "user": 0.17902429999999997,
      "system": 0.14092557999999997,
      "min": 0.1836963126,
      "max": 0.2082841256,
      "times": [
        0.20008613760000002,
        0.2043578986,
        0.1945217736,
        0.2032648356,
        0.1971351136,
        0.20125978360000002,
        0.1945784196,
        0.1836963126,
        0.1920177676,
        0.2082841256
      ],
      "exit_codes": [
        0,
        0,
        0,
        0,
        0,
        0,
        0,
        0,
        0,
        0
      ]
    }
  ]
}