{
  "results": [
    {
      "command": "npm",
      "mean": 0.60816610082,
      "stddev": 0.001948443759640048,
      "median": 0.6081224403200001,
      "user": 0.6860257799999998,
      "system": 0.10926776,
      "min": 0.60475201282,
      "max": 0.6117426208200001,
      "times": [
        0.6080202708200001,
        0.6082151438200001,
        0.60901666682,
        0.60475201282,
        0.6117426208200001,
        0.61000792482,
        0.60731720682,
        0.60802973682,
        0.60915944682,
        0.60539997782
      ],
      "exit_codes": [
        0,
        0,
        0,
        0,
        0,
        0,
        0,
        0,
        0,
        0
      ]
    },
    {
      "command": "snpm",
      "mean": 0.033231050219999995,
      "stddev": 0.00016672257546547164,
      "median": 0.03321312932000001,
      "user": 0.02116218,
      "system": 0.01426666,
      "min": 0.033002572820000006,
      "max": 0.03358324582,
      "times": [
        0.03317858382,
        0.03341670982,
        0.03358324582,
        0.03312920482,
        0.033002572820000006,
        0.03331895682,
        0.03323750382,
        0.03322005682,
        0.03301746582,
        0.03320620182
      ],
      "exit_codes": [
        0,
        0,
        0,
        0,
        0,
        0,
        0,
        0,
        0,
        0
      ]
    },
    {
      "command": "yarn",
      "mean": 0.30592408322,
      "stddev": 0.003695281613832052,
      "median": 0.30698405582,
      "user": 0.34449028000000004,
      "system": 0.05798205999999999,
      "min": 0.29708008282000004,
      "max": 0.31097238482,
      "times": [
        0.29708008282000004,
        0.30566489682000003,
        0.30672437482000003,
        0.30783478082000004,
        0.30232407082,
        0.31097238482,
        0.30470606182000004,
        0.30780578182,
        0.30724373682,
        0.30888466082000005
      ],
      "exit_codes": [
        0,
        0,
        0,
        0,
        0,
        0,
        0,
        0,
        0,
        0
      ]
    },
    {
      "command": "berry",
      "mean": 3.822697921019999,
      "stddev": 0.0234490414349123,
      "median": 3.82311078432,
      "user": 7.292968580000002,
      "system": 1.9609809599999999,
      "min": 3.77778639982,
      "max": 3.86284718482,
      "times": [
        3.82072290182,
        3.77778639982,
        3.82210859382,
        3.84704973882,
        3.82627270882,
        3.86284718482,
        3.80365794182,
        3.84231228382,
        3.8241129748200002,
        3.80010848182
      ],
      "exit_codes": [
        0,
        0,
        0,
        0,
        0,
        0,
        0,
        0,
        0,
        0
      ]
    },
    {
      "command": "pnpm",
      "mean": 0.7102493798200001,
      "stddev": 0.01942519734788237,
      "median": 0.7041592618200001,
      "user": 0.89061518,
      "system": 0.16831696000000002,
      "min": 0.6951988978200001,
      "max": 0.7657302398200001,
      "times": [
        0.7657302398200001,
        0.69744457382,
        0.69846874382,
        0.70409553782,
        0.70411744082,
        0.70420108282,
        0.7085025568200001,
        0.6951988978200001,
        0.7169454738200001,
        0.7077892508200001
      ],
      "exit_codes": [
        0,
        0,
        0,
        0,
        0,
        0,
        0,
        0,
        0,
        0
      ]
    },
    {
      "command": "vlt",
      "mean": 0.34267897272000003,
      "stddev": 0.00455778339409305,
      "median": 0.34364473932000006,
      "user": 0.36746088,
      "system": 0.07559146000000001,
      "min": 0.33427393482,
      "max": 0.34971677982000005,
      "times": [
        0.33995629782000003,
        0.34409392782000003,
        0.34395583382000006,
        0.34971677982000005,
        0.34074118582,
        0.34479999382000004,
        0.33714211382000003,
        0.33427393482,
        0.34333364482,
        0.34877601482000004
      ],
      "exit_codes": [
        0,
        0,
        0,
        0,
        0,
        0,
        0,
        0,
        0,
        0
      ]
    },
    {
      "command": "bun",
      "mean": 0.014322140520000002,
      "stddev": 0.0006876918717895468,
      "median": 0.01404810632,
      "user": 0.009113379999999999,
      "system": 0.011023360000000001,
      "min": 0.013796775820000001,
      "max": 0.01579878582,
      "times": [
        0.01427631182,
        0.01381040782,
        0.01400901282,
        0.015519185820000002,
        0.01408719982,
        0.013796775820000001,
        0.01579878582,
        0.01392328282,
        0.01383255182,
        0.014167890820000001
      ],
      "exit_codes": [
        0,
        0,
        0,
        0,
        0,
        0,
        0,
        0,
        0,
        0
      ]
    },
    {
      "command": "deno",
      "mean": 0.12366439652000001,
      "stddev": 0.0038684358728446363,
      "median": 0.12365493431999999,
      "user": 0.030628279999999997,
      "system": 0.02712096,
      "min": 0.11889783982,
      "max": 0.13248893682000001,
      "times": [
        0.12578839882,
        0.12540649982000002,
        0.12032589882,
        0.12071845582,
        0.11971105182,
        0.12310053282,
        0.11889783982,
        0.13248893682000001,
        0.12599701482,
        0.12420933582
      ],
      "exit_codes": [
        0,
        0,
        0,
        0,
        0,
        0,
        0,
        0,
        0,
        0
      ]
    }
  ]
}