{
  "results": [
    {
      "command": "npm",
      "mean": 3.57698097108,
      "stddev": 0.030248637816266327,
      "median": 3.57095632888,
      "user": 4.02488262,
      "system": 2.48938826,
      "min": 3.53023163088,
      "max": 3.62543338088,
      "times": [
        3.55886660688,
        3.55404230188,
        3.57890726788,
        3.57334806788,
        3.62543338088,
        3.53023163088,
        3.56856458988,
        3.55128052688,
        3.62427783688,
        3.60485750088
      ],
      "exit_codes": [
        0,
        0,
        0,
        0,
        0,
        0,
        0,
        0,
        0,
        0
      ]
    },
    {
      "command": "snpm",
      "mean": 0.15089154048000003,
      "stddev": 0.004291613511605705,
      "median": 0.15099555088000002,
      "user": 0.02942841999999999,
      "system": 0.12371106000000001,
      "min": 0.14540999488,
      "max": 0.15570891788000002,
      "times": [
        0.14785961288000002,
        0.14678774088000002,
        0.14601778588000003,
        0.14540999488,
        0.14727532488,
        0.15451697688000002,
        0.15413148888000003,
        0.15553570388000001,
        0.15567185788000001,
        0.15570891788000002
      ],
      "exit_codes": [
        0,
        0,
        0,
        0,
        0,
        0,
        0,
        0,
        0,
        0
      ]
    },
    {
      "command": "yarn",
      "mean": 2.7050782331800005,
      "stddev": 0.03768184685446958,
      "median": 2.7062583373800004,
      "user": 2.8531110199999996,
      "system": 2.9040210600000003,
      "min": 2.62279281588,
      "max": 2.76754981088,
      "times": [
        2.72962457788,
        2.7070496678800002,
        2.71938589588,
        2.76754981088,
        2.69437134288,
        2.70546700688,
        2.6776164218800003,
        2.74265983588,
        2.6842649558800002,
        2.62279281588
      ],
      "exit_codes": [
        0,
        0,
        0,
        0,
        0,
        0,
        0,
        0,
        0,
        0
      ]
    },
    {
      "command": "berry",
      "mean": 3.0244963052800005,
      "stddev": 0.023863114543716004,
      "median": 3.02450711188,
      "user": 3.69392782,
      "system": 1.61801066,
      "min": 2.99111547088,
      "max": 3.06479106588,
      "times": [
        3.06479106588,
        3.03507773588,
        3.02565605088,
        3.00014874788,
        3.02335817288,
        3.06202362088,
        3.01582110288,
        3.02965791988,
        2.99111547088,
        2.99731316488
      ],
      "exit_codes": [
        0,
        0,
        0,
        0,
        0,
        0,
        0,
        0,
        0,
        0
      ]
    },
    {
      "command": "pnpm",
      "mean": 1.22379966008,
      "stddev": 0.029889947448987528,
      "median": 1.21207162588,
      "user": 1.8651058200000001,
      "system": 0.67356576,
      "min": 1.19387828788,
      "max": 1.28480086988,
      "times": [
        1.20060898888,
        1.27626280488,
        1.20330617088,
        1.22852045588,
        1.21159733488,
        1.20665951088,
        1.19387828788,
        1.28480086988,
        1.21254591688,
        1.21981625988
      ],
      "exit_codes": [
        0,
        0,
        0,
        0,
        0,
        0,
        0,
        0,
        0,
        0
      ]
    },
    {
      "command": "vlt",
      "mean": 1.8980817116800002,
      "stddev": 0.01676222134779152,
      "median": 1.89510553588,
      "user": 2.1272969199999996,
      "system": 1.6443640599999998,
      "min": 1.8738038868800002,
      "max": 1.92684319288,
      "times": [
        1.87448366488,
        1.90993760488,
        1.89485419888,
        1.89390556488,
        1.89535687288,
        1.8847697868800002,
        1.91587596888,
        1.9109863748800002,
        1.92684319288,
        1.8738038868800002
      ],
      "exit_codes": [
        0,
        0,
        0,
        0,
        0,
        0,
        0,
        0,
        0,
        0
      ]
    },
    {
      "command": "bun",
      "mean": 0.31100819988000006,
      "stddev": 0.001859236532820557,
      "median": 0.31071746238000003,
      "user": 0.14955042000000002,
      "system": 0.26310636,
      "min": 0.30759435288000003,
      "max": 0.31422568088,
      "times": [
        0.31392964388000005,
        0.30759435288000003,
        0.31162087988000003,
        0.31080242588,
        0.31063249888000005,
        0.31054017288,
        0.31014638788000004,
        0.31115759688000005,
        0.30943235888000004,
        0.31422568088
      ],
      "exit_codes": [
        0,
        0,
        0,
        0,
        0,
        0,
        0,
        0,
        0,
        0
      ]
    },
    {
      "command": "deno",
      "mean": 0.5600972012800001,
      "stddev": 0.03945516261806286,
      "median": 0.54725218738,
      "user": 0.49901371999999994,
      "system": 0.5613165600000001,
      "min": 0.5300088538800001,
      "max": 0.67412641088,
      "times": [
        0.5300088538800001,
        0.54031299988,
        0.5462083438800001,
        0.53523383288,
        0.55456728988,
        0.54829603088,
        0.56354243688,
        0.56454993588,
        0.67412641088,
        0.54412587788
      ],
      "exit_codes": [
        0,
        0,
        0,
        0,
        0,
        0,
        0,
        0,
        0,
        0
      ]
    }
  ]
}