{
  "results": [
    {
      "command": "npm",
      "mean": 5.015488888460001,
      "stddev": 0.019111729936946882,
      "median": 5.015962823860001,
      "user": 5.65992832,
      "system": 2.8232253399999996,
      "min": 4.982178575360001,
      "max": 5.050915602360001,
      "times": [
        5.0211296803600005,
        5.005749374360001,
        5.01862386536,
        5.013142757360001,
        5.050915602360001,
        5.035057328360001,
        4.98968601436,
        4.982178575360001,
        5.025103904360001,
        5.01330178236
      ],
      "exit_codes": [
        0,
        0,
        0,
        0,
        0,
        0,
        0,
        0,
        0,
        0
      ]
    },
    {
      "command": "snpm",
      "mean": 0.15005055046,
      "stddev": 0.005796623948548439,
      "median": 0.14776131686,
      "user": 0.03137021999999999,
      "system": 0.12105043999999998,
      "min": 0.14648936036000001,
      "max": 0.16593398036,
      "times": [
        0.15517957536000002,
        0.14773823836,
        0.14778607736000002,
        0.14648936036000001,
        0.14736756436,
        0.14681616136,
        0.14818668836,
        0.14722346336,
        0.16593398036,
        0.14778439536000001
      ],
      "exit_codes": [
        0,
        0,
        0,
        0,
        0,
        0,
        0,
        0,
        0,
        0
      ]
    },
    {
      "command": "yarn",
      "mean": 10.70528851326,
      "stddev": 0.10325444758634363,
      "median": 10.69489760536,
      "user": 14.640516819999998,
      "system": 7.92431854,
      "min": 10.55980331236,
      "max": 10.86816358436,
      "times": [
        10.58832493636,
        10.86816358436,
        10.60766652936,
        10.73226824536,
        10.652127844359999,
        10.55980331236,
        10.80006755336,
        10.67696899936,
        10.85466791636,
        10.71282621136
      ],
      "exit_codes": [
        0,
        0,
        0,
        0,
        0,
        0,
        0,
        0,
        0,
        0
      ]
    },
    {
      "command": "berry",
      "mean": 5.382226836060001,
      "stddev": 0.05608257669873961,
      "median": 5.40364592936,
      "user": 9.12399852,
      "system": 3.1302130399999997,
      "min": 5.291658675360001,
      "max": 5.44560154236,
      "times": [
        5.291658675360001,
        5.3175578443600005,
        5.303883846360001,
        5.40774324836,
        5.39954861036,
        5.36022902936,
        5.44560154236,
        5.434026779360001,
        5.435261571360001,
        5.42675721336
      ],
      "exit_codes": [
        0,
        0,
        0,
        0,
        0,
        0,
        0,
        0,
        0,
        0
      ]
    },
    {
      "command": "pnpm",
      "mean": 2.48612336626,
      "stddev": 0.03786221101800178,
      "median": 2.47711444036,
      "user": 4.28928382,
      "system": 1.7999130400000003,
      "min": 2.42235094036,
      "max": 2.56885739636,
      "times": [
        2.47188460236,
        2.45929648236,
        2.46706889136,
        2.49242369036,
        2.42235094036,
        2.52833116036,
        2.56885739636,
        2.47259747136,
        2.49679161836,
        2.48163140936
      ],
      "exit_codes": [
        0,
        0,
        0,
        0,
        0,
        0,
        0,
        0,
        0,
        0
      ]
    },
    {
      "command": "vlt",
      "mean": 2.85275674096,
      "stddev": 0.04280649981623404,
      "median": 2.85242638486,
      "user": 3.89742312,
      "system": 1.8896485400000003,
      "min": 2.78826194536,
      "max": 2.91640238536,
      "times": [
        2.88270215936,
        2.87276131336,
        2.91640238536,
        2.90833489436,
        2.88095066136,
        2.8197551503600002,
        2.80132323036,
        2.83209145636,
        2.82498421336,
        2.78826194536
      ],
      "exit_codes": [
        0,
        0,
        0,
        0,
        0,
        0,
        0,
        0,
        0,
        0
      ]
    },
    {
      "command": "bun",
      "mean": 0.5857025139600002,
      "stddev": 0.008643013800469125,
      "median": 0.5845774528600001,
      "user": 0.6448561199999998,
      "system": 1.07914224,
      "min": 0.5736610623600001,
      "max": 0.6037229233600001,
      "times": [
        0.5859145183600001,
        0.5941389073600001,
        0.5785367963600001,
        0.5759243813600001,
        0.5832403873600001,
        0.6037229233600001,
        0.5869953163600001,
        0.5736610623600001,
        0.5826862623600001,
        0.5922045843600001
      ],
      "exit_codes": [
        0,
        0,
        0,
        0,
        0,
        0,
        0,
        0,
        0,
        0
      ]
    },
    {
      "command": "deno",
      "mean": 3.30390728066,
      "stddev": 0.16278675939121082,
      "median": 3.2739946398599997,
      "user": 2.4021141200000002,
      "system": 1.7860319399999998,
      "min": 3.07993623036,
      "max": 3.58565418736,
      "times": [
        3.19372422036,
        3.28828109036,
        3.58565418736,
        3.18027205836,
        3.27018382236,
        3.07993623036,
        3.54661973336,
        3.15497755736,
        3.46161844936,
        3.27780545736
      ],
      "exit_codes": [
        0,
        0,
        0,
        0,
        0,
        0,
        0,
        0,
        0,
        0
      ]
    }
  ]
}