{
  "results": [
    {
      "command": "npm",
      "mean": 5.30869724488,
      "stddev": 0.05694867111696836,
      "median": 5.3323787535800005,
      "user": 5.93665748,
      "system": 2.99251942,
      "min": 5.22678319158,
      "max": 5.388925549580001,
      "times": [
        5.3673840015800005,
        5.22678319158,
        5.34313864758,
        5.22802216158,
        5.33389715958,
        5.25708586258,
        5.35199408258,
        5.33086034758,
        5.388925549580001,
        5.25888144458
      ],
      "exit_codes": [
        0,
        0,
        0,
        0,
        0,
        0,
        0,
        0,
        0,
        0
      ]
    },
    {
      "command": "snpm",
      "mean": 0.15034347568000003,
      "stddev": 0.002642030793205727,
      "median": 0.14968253658,
      "user": 0.029828279999999995,
      "system": 0.12292512000000003,
      "min": 0.14642401058,
      "max": 0.15507121658,
      "times": [
        0.14879006958000002,
        0.15210953358,
        0.14642401058,
        0.15003689158,
        0.15427839558,
        0.14932818158,
        0.14800101058,
        0.15507121658,
        0.14835088458,
        0.15104456258
      ],
      "exit_codes": [
        0,
        0,
        0,
        0,
        0,
        0,
        0,
        0,
        0,
        0
      ]
    },
    {
      "command": "yarn",
      "mean": 11.60125295538,
      "stddev": 0.11968211400781781,
      "median": 11.641548646579999,
      "user": 15.493038379999998,
      "system": 8.500940519999999,
      "min": 11.38332393558,
      "max": 11.745423703579998,
      "times": [
        11.57459200958,
        11.63691108758,
        11.68038691358,
        11.69107695158,
        11.745423703579998,
        11.699311716579999,
        11.56838141958,
        11.64618620558,
        11.38332393558,
        11.38693561058
      ],
      "exit_codes": [
        0,
        0,
        0,
        0,
        0,
        0,
        0,
        0,
        0,
        0
      ]
    },
    {
      "command": "berry",
      "mean": 5.55070603408,
      "stddev": 0.056040317465657415,
      "median": 5.55174558458,
      "user": 9.42633038,
      "system": 3.2022980199999997,
      "min": 5.40110867658,
      "max": 5.61253434558,
      "times": [
        5.59611586658,
        5.53278119558,
        5.59093291058,
        5.54870125258,
        5.58321253158,
        5.5464914835800005,
        5.40110867658,
        5.540392161580001,
        5.55478991658,
        5.61253434558
      ],
      "exit_codes": [
        0,
        0,
        0,
        0,
        0,
        0,
        0,
        0,
        0,
        0
      ]
    },
    {
      "command": "pnpm",
      "mean": 2.6802334542800006,
      "stddev": 0.1874795708485341,
      "median": 2.62529190408,
      "user": 4.359116179999999,
      "system": 1.8320466199999998,
      "min": 2.55641896358,
      "max": 3.2348761185800003,
      "times": [
        2.60176204658,
        2.63963452558,
        2.6585811555800003,
        2.65380774158,
        3.2348761185800003,
        2.6517102365800005,
        2.55641896358,
        2.61094928258,
        2.60687595058,
        2.5877185215800003
      ],
      "exit_codes": [
        0,
        0,
        0,
        0,
        0,
        0,
        0,
        0,
        0,
        0
      ]
    },
    {
      "command": "vlt",
      "mean": 3.0084163890800006,
      "stddev": 0.03327131941916445,
      "median": 2.98860776458,
      "user": 4.047825380000001,
      "system": 1.97933622,
      "min": 2.97842679358,
      "max": 3.08118642158,
      "times": [
        2.9840357445800003,
        3.0248983495800004,
        2.9925732375800003,
        3.0308208435800004,
        2.97842679358,
        2.98464229158,
        3.0440001905800003,
        2.9799768975800003,
        3.08118642158,
        2.98360312058
      ],
      "exit_codes": [
        0,
        0,
        0,
        0,
        0,
        0,
        0,
        0,
        0,
        0
      ]
    },
    {
      "command": "bun",
      "mean": 0.6554851395800001,
      "stddev": 0.06001475842333673,
      "median": 0.6335524420800001,
      "user": 0.64281728,
      "system": 1.1019755199999999,
      "min": 0.59445683858,
      "max": 0.75688967758,
      "times": [
        0.61388217758,
        0.65322270658,
        0.60822106058,
        0.68431743158,
        0.75673317158,
        0.60141472058,
        0.6859586345800001,
        0.59975497658,
        0.75688967758,
        0.59445683858
      ],
      "exit_codes": [
        0,
        0,
        0,
        0,
        0,
        0,
        0,
        0,
        0,
        0
      ]
    },
    {
      "command": "deno",
      "mean": 3.738050437380001,
      "stddev": 0.334634204398209,
      "median": 3.7363305860800002,
      "user": 2.3783489799999997,
      "system": 1.8061546199999998,
      "min": 3.0918207675800002,
      "max": 4.48756841158,
      "times": [
        3.0918207675800002,
        3.70632304758,
        3.5892608275800004,
        3.8119277625800003,
        3.83965533758,
        3.64860841158,
        3.7663381245800003,
        3.93397216058,
        4.48756841158,
        3.50502952258
      ],
      "exit_codes": [
        0,
        0,
        0,
        0,
        0,
        0,
        0,
        0,
        0,
        0
      ]
    }
  ]
}