{
  "results": [
    {
      "command": "npm",
      "mean": 4.85223168392,
      "stddev": 0.016145202152559067,
      "median": 4.855692683420001,
      "user": 5.430819399999999,
      "system": 2.77007402,
      "min": 4.82471069342,
      "max": 4.8747764594200005,
      "times": [
        4.82471069342,
        4.8635731174200005,
        4.851099166420001,
        4.84704332242,
        4.860286200420001,
        4.82552246242,
        4.86290423242,
        4.84478769642,
        4.86761348842,
        4.8747764594200005
      ],
      "exit_codes": [
        0,
        0,
        0,
        0,
        0,
        0,
        0,
        0,
        0,
        0
      ]
    },
    {
      "command": "snpm",
      "mean": 0.14360089412000002,
      "stddev": 0.0013802146601744282,
      "median": 0.14304429592,
      "user": 0.026749600000000002,
      "system": 0.11903822,
      "min": 0.14265263042,
      "max": 0.14706118542000002,
      "times": [
        0.14540343542000003,
        0.14706118542000002,
        0.14293964942,
        0.14292842642000003,
        0.14320554942000002,
        0.14314894242000004,
        0.14321685242,
        0.14272168842000002,
        0.14265263042,
        0.14273058142000003
      ],
      "exit_codes": [
        0,
        0,
        0,
        0,
        0,
        0,
        0,
        0,
        0,
        0
      ]
    },
    {
      "command": "yarn",
      "mean": 10.633584474620001,
      "stddev": 0.10663230250983845,
      "median": 10.64777891442,
      "user": 14.2793112,
      "system": 7.801549819999998,
      "min": 10.47166806042,
      "max": 10.78854538442,
      "times": [
        10.66228376442,
        10.546774364420001,
        10.78854538442,
        10.49144832842,
        10.73895593542,
        10.63327406442,
        10.76865024742,
        10.66724380842,
        10.47166806042,
        10.56700078842
      ],
      "exit_codes": [
        0,
        0,
        0,
        0,
        0,
        0,
        0,
        0,
        0,
        0
      ]
    },
    {
      "command": "berry",
      "mean": 5.426450129820001,
      "stddev": 0.21788177390775132,
      "median": 5.308790291420001,
      "user": 8.945373,
      "system": 3.06352162,
      "min": 5.26997264642,
      "max": 5.87114888442,
      "times": [
        5.828353632420001,
        5.4661773804200005,
        5.30491742542,
        5.29417091042,
        5.310323230420001,
        5.26997264642,
        5.87114888442,
        5.29118551042,
        5.307257352420001,
        5.32099432542
      ],
      "exit_codes": [
        0,
        0,
        0,
        0,
        0,
        0,
        0,
        0,
        0,
        0
      ]
    },
    {
      "command": "pnpm",
      "mean": 2.56219837402,
      "stddev": 0.08002109977064503,
      "median": 2.55958947942,
      "user": 4.136468999999999,
      "system": 1.7535622199999998,
      "min": 2.4523681434199998,
      "max": 2.74772360542,
      "times": [
        2.57134096042,
        2.49178742942,
        2.59876445542,
        2.56080170142,
        2.49935310342,
        2.63015293642,
        2.4523681434199998,
        2.55837725742,
        2.74772360542,
        2.51131414742
      ],
      "exit_codes": [
        0,
        0,
        0,
        0,
        0,
        0,
        0,
        0,
        0,
        0
      ]
    },
    {
      "command": "vlt",
      "mean": 2.8048159473200003,
      "stddev": 0.04267539397632723,
      "median": 2.79550375542,
      "user": 3.8560534999999994,
      "system": 1.8991543200000003,
      "min": 2.75261830842,
      "max": 2.91970793042,
      "times": [
        2.78380655842,
        2.78598670642,
        2.75261830842,
        2.79466050942,
        2.79634700142,
        2.81876491842,
        2.79824478842,
        2.91970793042,
        2.77652581942,
        2.82149693242
      ],
      "exit_codes": [
        0,
        0,
        0,
        0,
        0,
        0,
        0,
        0,
        0,
        0
      ]
    },
    {
      "command": "bun",
      "mean": 0.59675540122,
      "stddev": 0.0668232487945949,
      "median": 0.56649514842,
      "user": 0.6239719,
      "system": 1.06542652,
      "min": 0.55843822042,
      "max": 0.78004590742,
      "times": [
        0.56621742542,
        0.58891422142,
        0.56218412942,
        0.55931720842,
        0.78004590742,
        0.56677287142,
        0.56200761842,
        0.65329064142,
        0.57036576842,
        0.55843822042
      ],
      "exit_codes": [
        0,
        0,
        0,
        0,
        0,
        0,
        0,
        0,
        0,
        0
      ]
    },
    {
      "command": "deno",
      "mean": 3.64308067132,
      "stddev": 0.2009263236538678,
      "median": 3.60075719392,
      "user": 2.4229814000000003,
      "system": 1.7488720199999999,
      "min": 3.40285962242,
      "max": 3.95688615042,
      "times": [
        3.75610665742,
        3.6620920624199997,
        3.40285962242,
        3.51884221942,
        3.95129768542,
        3.95688615042,
        3.42770237842,
        3.53942232542,
        3.42843585642,
        3.78716175542
      ],
      "exit_codes": [
        0,
        0,
        0,
        0,
        0,
        0,
        0,
        0,
        0,
        0
      ]
    }
  ]
}