{
  "results": [
    {
      "command": "npm",
      "mean": 4.611772543960001,
      "stddev": 0.02942306020458739,
      "median": 4.617961726660001,
      "user": 5.25204038,
      "system": 1.9217350199999998,
      "min": 4.55652926416,
      "max": 4.658187205160001,
      "times": [
        4.62580992416,
        4.59963490416,
        4.62291505716,
        4.61795813516,
        4.57964326216,
        4.55652926416,
        4.61796531816,
        4.589936356160001,
        4.64914601316,
        4.658187205160001
      ],
      "exit_codes": [
        0,
        0,
        0,
        0,
        0,
        0,
        0,
        0,
        0,
        0
      ]
    },
    {
      "command": "snpm",
      "mean": 0.10048667946,
      "stddev": 0.000710649316505976,
      "median": 0.10054087416000002,
      "user": 0.02882308,
      "system": 0.07397332,
      "min": 0.09949189516000001,
      "max": 0.10207316116000001,
      "times": [
        0.10099045416,
        0.09969400316,
        0.10207316116000001,
        0.10064578316000002,
        0.09949189516000001,
        0.10049567316000001,
        0.10058607516000001,
        0.10030194316,
        0.10080275116000001,
        0.09978505516000001
      ],
      "exit_codes": [
        0,
        0,
        0,
        0,
        0,
        0,
        0,
        0,
        0,
        0
      ]
    },
    {
      "command": "yarn",
      "mean": 10.39102231216,
      "stddev": 0.08321829968903115,
      "median": 10.38830381366,
      "user": 13.885436680000002,
      "system": 5.29508072,
      "min": 10.24327782116,
      "max": 10.54059733016,
      "times": [
        10.487819420160001,
        10.37169800416,
        10.44929492216,
        10.40813770616,
        10.32865707316,
        10.36871387916,
        10.54059733016,
        10.40490962316,
        10.24327782116,
        10.30711734216
      ],
      "exit_codes": [
        0,
        0,
        0,
        0,
        0,
        0,
        0,
        0,
        0,
        0
      ]
    },
    {
      "command": "berry",
      "mean": 5.19041644376,
      "stddev": 0.05263477041836433,
      "median": 5.182975088660001,
      "user": 8.96051608,
      "system": 2.2704483200000003,
      "min": 5.10855780216,
      "max": 5.279899230160001,
      "times": [
        5.191399570160001,
        5.269584382160001,
        5.1745506071600005,
        5.13986171316,
        5.20790156216,
        5.222997681160001,
        5.15360962116,
        5.15580226816,
        5.279899230160001,
        5.10855780216
      ],
      "exit_codes": [
        0,
        0,
        0,
        0,
        0,
        0,
        0,
        0,
        0,
        0
      ]
    },
    {
      "command": "pnpm",
      "mean": 2.62298266466,
      "stddev": 0.03849481470054307,
      "median": 2.6268157376600003,
      "user": 4.109786980000001,
      "system": 1.08279952,
      "min": 2.54481093216,
      "max": 2.6808699631599997,
      "times": [
        2.58088640216,
        2.6808699631599997,
        2.63506681016,
        2.61651526016,
        2.64701384016,
        2.61856466516,
        2.63782088516,
        2.66827605916,
        2.60000182916,
        2.54481093216
      ],
      "exit_codes": [
        0,
        0,
        0,
        0,
        0,
        0,
        0,
        0,
        0,
        0
      ]
    },
    {
      "command": "vlt",
      "mean": 2.56235425226,
      "stddev": 0.0067992906416562224,
      "median": 2.56180092966,
      "user": 3.4987666799999992,
      "system": 1.26757242,
      "min": 2.54962265816,
      "max": 2.5761816991599997,
      "times": [
        2.56189633616,
        2.56627618616,
        2.5651099401599997,
        2.55803717516,
        2.55588366816,
        2.54962265816,
        2.56170552316,
        2.56727907016,
        2.56155026616,
        2.5761816991599997
      ],
      "exit_codes": [
        0,
        0,
        0,
        0,
        0,
        0,
        0,
        0,
        0,
        0
      ]
    },
    {
      "command": "bun",
      "mean": 0.6284882047600001,
      "stddev": 0.01790558485453224,
      "median": 0.6296940771600001,
      "user": 0.60401268,
      "system": 0.6526180199999999,
      "min": 0.5950273031600001,
      "max": 0.6534453251600001,
      "times": [
        0.6156043721600001,
        0.6442959061600001,
        0.6096985421600001,
        0.6534453251600001,
        0.6303568631600001,
        0.6493505191600001,
        0.6290312911600001,
        0.64032885516,
        0.6177430701600001,
        0.5950273031600001
      ],
      "exit_codes": [
        0,
        0,
        0,
        0,
        0,
        0,
        0,
        0,
        0,
        0
      ]
    },
    {
      "command": "deno",
      "mean": 3.36247541616,
      "stddev": 0.11269080453932381,
      "median": 3.35910586366,
      "user": 2.4109299799999997,
      "system": 1.0802144199999997,
      "min": 3.20516196216,
      "max": 3.53784883816,
      "times": [
        3.25595012116,
        3.20784999016,
        3.48939073916,
        3.36821105316,
        3.49308526416,
        3.32089451016,
        3.35000067416,
        3.39636100916,
        3.20516196216,
        3.53784883816
      ],
      "exit_codes": [
        0,
        0,
        0,
        0,
        0,
        0,
        0,
        0,
        0,
        0
      ]
    }
  ]
}