{
  "results": [
    {
      "command": "npm",
      "mean": 4.955305362039999,
      "stddev": 0.022225890558162955,
      "median": 4.964932703340001,
      "user": 5.481919359999999,
      "system": 2.82381506,
      "min": 4.90898924834,
      "max": 4.98145515234,
      "times": [
        4.96944394334,
        4.96361313834,
        4.93390046834,
        4.93930630834,
        4.90898924834,
        4.94088789834,
        4.98145515234,
        4.96625226834,
        4.96934019434,
        4.97986500034
      ],
      "exit_codes": [
        0,
        0,
        0,
        0,
        0,
        0,
        0,
        0,
        0,
        0
      ]
    },
    {
      "command": "snpm",
      "mean": 0.17997849154000006,
      "stddev": 0.0033501724396248237,
      "median": 0.17792635034000004,
      "user": 0.03126686,
      "system": 0.15100986,
      "min": 0.17610069834000003,
      "max": 0.18471312034,
      "times": [
        0.18349146734000002,
        0.18380768534000003,
        0.17610069834000003,
        0.17808487434000003,
        0.18405889234000003,
        0.17719620534000002,
        0.17771443734000003,
        0.18471312034,
        0.17684970834000002,
        0.17776782634000002
      ],
      "exit_codes": [
        0,
        0,
        0,
        0,
        0,
        0,
        0,
        0,
        0,
        0
      ]
    },
    {
      "command": "yarn",
      "mean": 11.26784290154,
      "stddev": 0.10920140506575826,
      "median": 11.24678372434,
      "user": 14.583361559999997,
      "system": 7.9680671599999995,
      "min": 11.12619278234,
      "max": 11.46864969534,
      "times": [
        11.27159728434,
        11.23996971034,
        11.13884090234,
        11.25359773834,
        11.19221204534,
        11.23420380134,
        11.30335116434,
        11.46864969534,
        11.12619278234,
        11.44981389134
      ],
      "exit_codes": [
        0,
        0,
        0,
        0,
        0,
        0,
        0,
        0,
        0,
        0
      ]
    },
    {
      "command": "berry",
      "mean": 5.49664694134,
      "stddev": 0.0596792971791536,
      "median": 5.50193425734,
      "user": 9.11836696,
      "system": 3.1141209599999997,
      "min": 5.40252826134,
      "max": 5.62565247834,
      "times": [
        5.50812725934,
        5.54340401134,
        5.50863334234,
        5.5242170683400005,
        5.47678442834,
        5.40252826134,
        5.62565247834,
        5.4957412553400005,
        5.42982622134,
        5.45155508734
      ],
      "exit_codes": [
        0,
        0,
        0,
        0,
        0,
        0,
        0,
        0,
        0,
        0
      ]
    },
    {
      "command": "pnpm",
      "mean": 2.87106644174,
      "stddev": 0.04567468607628356,
      "median": 2.8595022838400004,
      "user": 4.13434236,
      "system": 1.7541264599999997,
      "min": 2.81006140434,
      "max": 2.95763193934,
      "times": [
        2.95763193934,
        2.83025026634,
        2.90574841834,
        2.83417009334,
        2.84309482034,
        2.81006140434,
        2.8534446193400003,
        2.93651428034,
        2.87418862734,
        2.86555994834
      ],
      "exit_codes": [
        0,
        0,
        0,
        0,
        0,
        0,
        0,
        0,
        0,
        0
      ]
    },
    {
      "command": "vlt",
      "mean": 2.8531213519399996,
      "stddev": 0.03012444002824831,
      "median": 2.85963237634,
      "user": 3.7619427599999993,
      "system": 1.9297684599999996,
      "min": 2.81000874834,
      "max": 2.89564576934,
      "times": [
        2.83693939534,
        2.88999509234,
        2.81000874834,
        2.85807164434,
        2.81117497234,
        2.82040662134,
        2.8724297393400002,
        2.87534842834,
        2.89564576934,
        2.86119310834
      ],
      "exit_codes": [
        0,
        0,
        0,
        0,
        0,
        0,
        0,
        0,
        0,
        0
      ]
    },
    {
      "command": "bun",
      "mean": 0.7245382001400001,
      "stddev": 0.05994803769037675,
      "median": 0.70621616184,
      "user": 0.62318286,
      "system": 1.0816560599999998,
      "min": 0.65097031934,
      "max": 0.83764737034,
      "times": [
        0.75970411534,
        0.6996220403400001,
        0.65097031934,
        0.8148123353400001,
        0.68239028134,
        0.69739426934,
        0.73582550534,
        0.83764737034,
        0.7128102833400001,
        0.65420548134
      ],
      "exit_codes": [
        0,
        0,
        0,
        0,
        0,
        0,
        0,
        0,
        0,
        0
      ]
    },
    {
      "command": "deno",
      "mean": 4.70587285564,
      "stddev": 0.5568736275605166,
      "median": 4.57680252734,
      "user": 2.4826527599999997,
      "system": 1.76733196,
      "min": 4.07851456334,
      "max": 5.88338044734,
      "times": [
        4.47134363434,
        4.18139791434,
        5.11068413734,
        4.68226142034,
        4.30842758034,
        5.36234072534,
        4.75900165734,
        5.88338044734,
        4.07851456334,
        4.22137647634
      ],
      "exit_codes": [
        0,
        0,
        0,
        0,
        0,
        0,
        0,
        0,
        0,
        0
      ]
    }
  ]
}