{
  "results": [
    {
      "command": "npm",
      "mean": 8.04917992278,
      "stddev": 0.01922996259120613,
      "median": 8.04652653108,
      "user": 8.9112943,
      "system": 3.4056063199999995,
      "min": 8.02365575658,
      "max": 8.09460474858,
      "times": [
        8.09460474858,
        8.04914190958,
        8.05328977258,
        8.03767165158,
        8.03052230558,
        8.03794995358,
        8.05443341558,
        8.02365575658,
        8.04391115258,
        8.06661856158
      ],
      "exit_codes": [
        0,
        0,
        0,
        0,
        0,
        0,
        0,
        0,
        0,
        0
      ]
    },
    {
      "command": "snpm",
      "mean": 0.23261862108000003,
      "stddev": 0.003452462363880954,
      "median": 0.23159050308,
      "user": 0.10642510000000001,
      "system": 0.13354481999999995,
      "min": 0.22756038458000002,
      "max": 0.23882367358000003,
      "times": [
        0.22756038458000002,
        0.23082597758000004,
        0.23009940358000003,
        0.22974961458,
        0.23882367358000003,
        0.23247985158000004,
        0.23153346458000001,
        0.23164754158000003,
        0.23592173158000002,
        0.23754456758000003
      ],
      "exit_codes": [
        0,
        0,
        0,
        0,
        0,
        0,
        0,
        0,
        0,
        0
      ]
    },
    {
      "command": "yarn",
      "mean": 4.23550887078,
      "stddev": 0.13697243276323712,
      "median": 4.2377841620800005,
      "user": 3.1423002999999996,
      "system": 2.83910342,
      "min": 4.02095693658,
      "max": 4.40920746158,
      "times": [
        4.20179551658,
        4.40920746158,
        4.40211761058,
        4.26307720158,
        4.21249112258,
        4.32326606158,
        4.37714221358,
        4.02095693658,
        4.08540159058,
        4.05963299258
      ],
      "exit_codes": [
        0,
        0,
        0,
        0,
        0,
        0,
        0,
        0,
        0,
        0
      ]
    },
    {
      "command": "berry",
      "mean": 3.33954856998,
      "stddev": 0.06851276469368392,
      "median": 3.32021110108,
      "user": 3.8924366,
      "system": 1.50381772,
      "min": 3.27898293358,
      "max": 3.5293916905800002,
      "times": [
        3.3242185165800002,
        3.36761989858,
        3.5293916905800002,
        3.31620368558,
        3.30019327558,
        3.3419663815800003,
        3.27898293358,
        3.34355330658,
        3.3111157225800003,
        3.28224028858
      ],
      "exit_codes": [
        0,
        0,
        0,
        0,
        0,
        0,
        0,
        0,
        0,
        0
      ]
    },
    {
      "command": "pnpm",
      "mean": 2.47776899948,
      "stddev": 0.14238576692392133,
      "median": 2.45496091408,
      "user": 2.8978899999999994,
      "system": 0.9427803199999998,
      "min": 2.2855406145800004,
      "max": 2.72606534858,
      "times": [
        2.53918709758,
        2.72606534858,
        2.37073473058,
        2.34103320658,
        2.57941666358,
        2.61718513858,
        2.59441884658,
        2.35691088658,
        2.2855406145800004,
        2.36719746158
      ],
      "exit_codes": [
        0,
        0,
        0,
        0,
        0,
        0,
        0,
        0,
        0,
        0
      ]
    },
    {
      "command": "vlt",
      "mean": 2.05998938498,
      "stddev": 0.021055497634857014,
      "median": 2.04668437408,
      "user": 2.1734902999999997,
      "system": 1.6049226199999995,
      "min": 2.03959254958,
      "max": 2.10190523158,
      "times": [
        2.04651755158,
        2.07059022058,
        2.07682821058,
        2.04685119658,
        2.04278960158,
        2.03959254958,
        2.04421586458,
        2.10190523158,
        2.0439795805800003,
        2.08662384258
      ],
      "exit_codes": [
        0,
        0,
        0,
        0,
        0,
        0,
        0,
        0,
        0,
        0
      ]
    },
    {
      "command": "bun",
      "mean": 0.21018401008,
      "stddev": 0.0009525935189276954,
      "median": 0.21017566058000003,
      "user": 0.0144978,
      "system": 0.20133302,
      "min": 0.20863959158000003,
      "max": 0.21199870158000003,
      "times": [
        0.21037199258000003,
        0.21199870158000003,
        0.20863959158000003,
        0.21034858658000002,
        0.20890015958000002,
        0.21049976458000003,
        0.20975527658,
        0.21000273458000002,
        0.21133717158,
        0.20998612158000002
      ],
      "exit_codes": [
        0,
        0,
        0,
        0,
        0,
        0,
        0,
        0,
        0,
        0
      ]
    },
    {
      "command": "deno",
      "mean": 0.61000723858,
      "stddev": 0.003991738838947248,
      "median": 0.61066920108,
      "user": 0.5678780000000001,
      "system": 0.54734342,
      "min": 0.60225455358,
      "max": 0.61768559658,
      "times": [
        0.61123489058,
        0.60913413258,
        0.61158754458,
        0.61010351158,
        0.6057952775800001,
        0.61133930958,
        0.61325816858,
        0.61768559658,
        0.60767940058,
        0.60225455358
      ],
      "exit_codes": [
        0,
        0,
        0,
        0,
        0,
        0,
        0,
        0,
        0,
        0
      ]
    }
  ]
}