{
  "results": [
    {
      "command": "npm",
      "mean": 4.511415863820001,
      "stddev": 0.3715102332212282,
      "median": 4.46194527442,
      "user": 1.1151035999999999,
      "system": 0.23467253999999999,
      "min": 3.89379870442,
      "max": 5.055202420420001,
      "times": [
        4.43312909742,
        4.56921111442,
        4.38984187642,
        4.2322413044200005,
        4.10229042742,
        5.055202420420001,
        4.92201681642,
        3.89379870442,
        4.49076145142,
        5.02566542542
      ],
      "exit_codes": [
        0,
        0,
        0,
        0,
        0,
        0,
        0,
        0,
        0,
        0
      ]
    },
    {
      "command": "snpm",
      "mean": 0.23673415892000005,
      "stddev": 0.0032598301884489687,
      "median": 0.23572193442,
      "user": 0.10908579999999998,
      "system": 0.13405733999999997,
      "min": 0.23304891642,
      "max": 0.24300606842,
      "times": [
        0.24120400142,
        0.24300606842,
        0.23568542842,
        0.23575844042000002,
        0.23333657142,
        0.23491348742,
        0.23999035042,
        0.23444349842,
        0.23595482642,
        0.23304891642
      ],
      "exit_codes": [
        0,
        0,
        0,
        0,
        0,
        0,
        0,
        0,
        0,
        0
      ]
    },
    {
      "command": "yarn",
      "mean": 13.437204486619999,
      "stddev": 1.3334478718797143,
      "median": 12.997007416919999,
      "user": 15.971218299999999,
      "system": 9.11056194,
      "min": 12.80768161542,
      "max": 17.40925297842,
      "times": [
        12.98056602142,
        13.36996812342,
        13.148746193420001,
        12.93599297742,
        12.83656579342,
        12.80768161542,
        13.01344881242,
        17.40925297842,
        13.02142872042,
        12.84839363042
      ],
      "exit_codes": [
        0,
        0,
        0,
        0,
        0,
        0,
        0,
        0,
        0,
        0
      ]
    },
    {
      "command": "berry",
      "mean": 3.877590695320001,
      "stddev": 0.6298691291863187,
      "median": 3.62498291842,
      "user": 6.5454674,
      "system": 1.4574768400000002,
      "min": 3.50801319442,
      "max": 5.71645248142,
      "times": [
        4.03262392142,
        3.50801319442,
        5.71645248142,
        3.59631568242,
        3.81429658342,
        3.6264015884200003,
        3.71707988042,
        3.5584702114200004,
        3.62356424842,
        3.5826891614200003
      ],
      "exit_codes": [
        0,
        0,
        0,
        0,
        0,
        0,
        0,
        0,
        0,
        0
      ]
    },
    {
      "command": "pnpm",
      "mean": 2.4347240756200006,
      "stddev": 0.03193513387470396,
      "median": 2.4358271159200005,
      "user": 3.7484231,
      "system": 1.18117564,
      "min": 2.3883389524200003,
      "max": 2.5045690304200003,
      "times": [
        2.4156869374200003,
        2.5045690304200003,
        2.3901840414200004,
        2.4375501014200003,
        2.3883389524200003,
        2.43410413042,
        2.4309925744200003,
        2.44201931042,
        2.46075818642,
        2.44303749142
      ],
      "exit_codes": [
        0,
        0,
        0,
        0,
        0,
        0,
        0,
        0,
        0,
        0
      ]
    },
    {
      "command": "vlt",
      "mean": 0.32557648642000003,
      "stddev": 0.006782833360902415,
      "median": 0.32359563892,
      "user": 0.333214,
      "system": 0.07100254000000002,
      "min": 0.31809357942,
      "max": 0.34360440142000004,
      "times": [
        0.31912758642,
        0.32319534942,
        0.32362552342,
        0.32984457542,
        0.34360440142000004,
        0.32321588842,
        0.31809357942,
        0.32356575442,
        0.32598557842000003,
        0.32550662742
      ],
      "exit_codes": [
        0,
        0,
        0,
        0,
        0,
        0,
        0,
        0,
        0,
        0
      ]
    },
    {
      "command": "bun",
      "mean": 1.7613959014200002,
      "stddev": 1.4772009493850424,
      "median": 1.25725245342,
      "user": 0.8673133,
      "system": 1.02060514,
      "min": 1.14800743442,
      "max": 6.17870044442,
      "times": [
        6.17870044442,
        1.16833639042,
        1.30488763942,
        1.2933088854199999,
        1.18581834542,
        1.14800743442,
        1.47777197842,
        1.48584766842,
        1.22119602142,
        1.1500842064199999
      ],
      "exit_codes": [
        0,
        0,
        0,
        0,
        0,
        0,
        0,
        0,
        0,
        0
      ]
    },
    {
      "command": "deno",
      "mean": 6.83534278682,
      "stddev": 0.8219827592887666,
      "median": 6.6674170664200005,
      "user": 1.5885843999999998,
      "system": 0.37523764000000004,
      "min": 5.59040483142,
      "max": 8.29753031442,
      "times": [
        7.47620910742,
        6.47721296342,
        7.98561409842,
        8.29753031442,
        6.92666717442,
        5.855531500420001,
        6.40942374542,
        5.59040483142,
        6.68203827942,
        6.652795853420001
      ],
      "exit_codes": [
        0,
        0,
        0,
        0,
        0,
        0,
        0,
        0,
        0,
        0
      ]
    }
  ]
}