{
  "results": [
    {
      "command": "npm",
      "mean": 3.9147712932800003,
      "stddev": 0.3340159233819777,
      "median": 3.90537538928,
      "user": 1.43919746,
      "system": 0.29399088,
      "min": 3.5211642052800003,
      "max": 4.69313483028,
      "times": [
        3.60111949428,
        3.62330323728,
        3.89722455828,
        4.19935971328,
        3.91352622028,
        3.9357855012800003,
        3.5211642052800003,
        4.69313483028,
        3.67225147628,
        4.090843696279999
      ],
      "exit_codes": [
        0,
        0,
        0,
        0,
        0,
        0,
        0,
        0,
        0,
        0
      ]
    },
    {
      "command": "snpm",
      "mean": 0.59716981498,
      "stddev": 0.006984392730962371,
      "median": 0.59597941528,
      "user": 0.36412146,
      "system": 0.23939358,
      "min": 0.5869583102800001,
      "max": 0.6124865592800001,
      "times": [
        0.60318135528,
        0.59572194028,
        0.5964449862800001,
        0.59623689028,
        0.6124865592800001,
        0.59146361428,
        0.5943341252800001,
        0.5915799922800001,
        0.5869583102800001,
        0.60329037628
      ],
      "exit_codes": [
        0,
        0,
        0,
        0,
        0,
        0,
        0,
        0,
        0,
        0
      ]
    },
    {
      "command": "yarn",
      "mean": 23.513371668879998,
      "stddev": 0.3090039724370103,
      "median": 23.55090444728,
      "user": 30.57263956,
      "system": 15.06838188,
      "min": 23.14042519528,
      "max": 24.06156180328,
      "times": [
        23.27823567528,
        23.96059667428,
        23.19953104128,
        24.06156180328,
        23.623948334279998,
        23.14042519528,
        23.59678495228,
        23.50502394228,
        23.15077231628,
        23.61683675428
      ],
      "exit_codes": [
        0,
        0,
        0,
        0,
        0,
        0,
        0,
        0,
        0,
        0
      ]
    },
    {
      "command": "berry",
      "mean": 6.436193302279999,
      "stddev": 0.15359358002999582,
      "median": 6.42196388778,
      "user": 12.080238360000001,
      "system": 3.4111313799999996,
      "min": 6.27067376828,
      "max": 6.849328563279999,
      "times": [
        6.849328563279999,
        6.44464494128,
        6.291983999279999,
        6.39731360628,
        6.399282834279999,
        6.48215299328,
        6.32835354428,
        6.27067376828,
        6.44628771828,
        6.45191105428
      ],
      "exit_codes": [
        0,
        0,
        0,
        0,
        0,
        0,
        0,
        0,
        0,
        0
      ]
    },
    {
      "command": "pnpm",
      "mean": 4.25721076228,
      "stddev": 0.08707319200396282,
      "median": 4.259963108279999,
      "user": 6.6629752600000005,
      "system": 2.37400188,
      "min": 4.1371448292799995,
      "max": 4.39065724328,
      "times": [
        4.14016460428,
        4.363487182279999,
        4.39065724328,
        4.22575822128,
        4.17708517028,
        4.29416799528,
        4.32712994028,
        4.208592105279999,
        4.1371448292799995,
        4.30792033128
      ],
      "exit_codes": [
        0,
        0,
        0,
        0,
        0,
        0,
        0,
        0,
        0,
        0
      ]
    },
    {
      "command": "vlt",
      "mean": 0.35516922578000004,
      "stddev": 0.005506877815554919,
      "median": 0.35372550078,
      "user": 0.37639916,
      "system": 0.07994828,
      "min": 0.34644946428,
      "max": 0.36662526428000003,
      "times": [
        0.35220518228000003,
        0.34644946428,
        0.35320997028,
        0.35424103128,
        0.35855671428,
        0.35058174128,
        0.36135115828000003,
        0.35647388828000004,
        0.35199784328,
        0.36662526428000003
      ],
      "exit_codes": [
        0,
        0,
        0,
        0,
        0,
        0,
        0,
        0,
        0,
        0
      ]
    },
    {
      "command": "bun",
      "mean": 2.44127535388,
      "stddev": 0.1203408975599094,
      "median": 2.38831144428,
      "user": 3.3430211599999993,
      "system": 2.89029018,
      "min": 2.31991640928,
      "max": 2.74174937228,
      "times": [
        2.31991640928,
        2.74174937228,
        2.44829277928,
        2.39191797728,
        2.37992429728,
        2.54476205428,
        2.49538409428,
        2.3770584872800002,
        2.32904315628,
        2.38470491128
      ],
      "exit_codes": [
        0,
        0,
        0,
        0,
        0,
        0,
        0,
        0,
        0,
        0
      ]
    },
    {
      "command": "deno",
      "mean": 7.50655849338,
      "stddev": 0.4056374885036666,
      "median": 7.41199708028,
      "user": 3.7642884599999995,
      "system": 0.8168565799999999,
      "min": 6.93783386628,
      "max": 8.427735308279999,
      "times": [
        6.93783386628,
        7.73530409328,
        7.05842894828,
        7.6003784432799995,
        7.324543064279999,
        7.44310413928,
        7.38089002128,
        8.427735308279999,
        7.85080830928,
        7.30655874028
      ],
      "exit_codes": [
        0,
        0,
        0,
        0,
        0,
        0,
        0,
        0,
        0,
        0
      ]
    }
  ]
}