{
  "results": [
    {
      "command": "npm",
      "mean": 7.7733176857399995,
      "stddev": 0.059641489674487194,
      "median": 7.758517144440001,
      "user": 7.29011294,
      "system": 4.97069802,
      "min": 7.697620698440001,
      "max": 7.87231990544,
      "times": [
        7.70256332044,
        7.697620698440001,
        7.75285932444,
        7.84722278344,
        7.79180662044,
        7.843468827440001,
        7.87231990544,
        7.72186375544,
        7.7392766574400005,
        7.76417496444
      ],
      "exit_codes": [
        0,
        0,
        0,
        0,
        0,
        0,
        0,
        0,
        0,
        0
      ]
    },
    {
      "command": "snpm",
      "mean": 0.16547331054000003,
      "stddev": 0.0031261025165198707,
      "median": 0.16465418344,
      "user": 0.029855339999999998,
      "system": 0.13797942000000002,
      "min": 0.16298262944,
      "max": 0.17356739544,
      "times": [
        0.16507378844,
        0.16426176844,
        0.16504659844,
        0.16827197644,
        0.17356739544,
        0.16302436244000001,
        0.16338299744,
        0.16308884444,
        0.16603274444,
        0.16298262944
      ],
      "exit_codes": [
        0,
        0,
        0,
        0,
        0,
        0,
        0,
        0,
        0,
        0
      ]
    },
    {
      "command": "yarn",
      "mean": 4.129465322540001,
      "stddev": 0.4972818807143649,
      "median": 3.96831785544,
      "user": 3.4630614399999997,
      "system": 4.23187542,
      "min": 3.87732300844,
      "max": 5.61247208644,
      "times": [
        3.93077929344,
        3.99767053344,
        5.61247208644,
        4.03179780444,
        3.90774750844,
        3.93896517744,
        3.9323801174399997,
        4.05046442544,
        3.87732300844,
        4.01505327044
      ],
      "exit_codes": [
        0,
        0,
        0,
        0,
        0,
        0,
        0,
        0,
        0,
        0
      ]
    },
    {
      "command": "berry",
      "mean": 4.4354974484400005,
      "stddev": 0.03438053923586169,
      "median": 4.4276754809400005,
      "user": 4.69369264,
      "system": 2.5098436200000003,
      "min": 4.389835560440001,
      "max": 4.49706129744,
      "times": [
        4.49706129744,
        4.42665057444,
        4.40154832344,
        4.4346207384400005,
        4.427746010440001,
        4.49167939344,
        4.45512565744,
        4.42760495144,
        4.40310197744,
        4.389835560440001
      ],
      "exit_codes": [
        0,
        0,
        0,
        0,
        0,
        0,
        0,
        0,
        0,
        0
      ]
    },
    {
      "command": "pnpm",
      "mean": 1.31303294164,
      "stddev": 0.015599711530073845,
      "median": 1.31232394194,
      "user": 1.9947869400000002,
      "system": 0.78274472,
      "min": 1.2935517484399999,
      "max": 1.34508549144,
      "times": [
        1.31639922044,
        1.30953106344,
        1.33351929844,
        1.34508549144,
        1.2972432294399998,
        1.2935517484399999,
        1.31009655844,
        1.2951850624399999,
        1.3145513254399999,
        1.31516641844
      ],
      "exit_codes": [
        0,
        0,
        0,
        0,
        0,
        0,
        0,
        0,
        0,
        0
      ]
    },
    {
      "command": "vlt",
      "mean": 2.95352917854,
      "stddev": 0.029618780115241067,
      "median": 2.94622530544,
      "user": 2.70832274,
      "system": 2.82219382,
      "min": 2.90400476244,
      "max": 2.99449659544,
      "times": [
        2.97503199044,
        2.9368593124399998,
        2.99449659544,
        2.90400476244,
        2.95248296844,
        2.98950112244,
        2.98690918444,
        2.9298529164400002,
        2.93996764244,
        2.92618529044
      ],
      "exit_codes": [
        0,
        0,
        0,
        0,
        0,
        0,
        0,
        0,
        0,
        0
      ]
    },
    {
      "command": "bun",
      "mean": 0.28501295434000007,
      "stddev": 0.0049870429720520245,
      "median": 0.28281465344,
      "user": 0.01734664,
      "system": 0.27334991999999997,
      "min": 0.27992698144000006,
      "max": 0.29650849044000005,
      "times": [
        0.28276577644000006,
        0.28103803944000005,
        0.28286353044,
        0.28766280744000006,
        0.28264119244,
        0.28216086244000005,
        0.28314856644,
        0.29650849044000005,
        0.29141329644,
        0.27992698144000006
      ],
      "exit_codes": [
        0,
        0,
        0,
        0,
        0,
        0,
        0,
        0,
        0,
        0
      ]
    },
    {
      "command": "deno",
      "mean": 0.49440089404,
      "stddev": 0.009582299478558197,
      "median": 0.49470164094,
      "user": 0.41497104,
      "system": 0.62777462,
      "min": 0.47621567944000004,
      "max": 0.5161417354400001,
      "times": [
        0.48972801644,
        0.5013369494400001,
        0.49600668844000007,
        0.49005382344000004,
        0.49515517244000007,
        0.49539495744000006,
        0.49424810944,
        0.47621567944000004,
        0.5161417354400001,
        0.48972780844
      ],
      "exit_codes": [
        0,
        0,
        0,
        0,
        0,
        0,
        0,
        0,
        0,
        0
      ]
    }
  ]
}