{
  "results": [
    {
      "command": "npm",
      "mean": 0.57356669476,
      "stddev": 0.007227013400699571,
      "median": 0.5744280404600001,
      "user": 0.63165854,
      "system": 0.11451439999999999,
      "min": 0.56338820846,
      "max": 0.58665067646,
      "times": [
        0.56338820846,
        0.5657583194600001,
        0.5654040704600001,
        0.5700508174600001,
        0.5830325434600001,
        0.5752888834600001,
        0.58665067646,
        0.5735671974600001,
        0.5767294404600001,
        0.5757967904600001
      ],
      "exit_codes": [
        0,
        0,
        0,
        0,
        0,
        0,
        0,
        0,
        0,
        0
      ]
    },
    {
      "command": "snpm",
      "mean": 0.03533210606,
      "stddev": 0.000600455325378034,
      "median": 0.03549510246,
      "user": 0.02139734,
      "system": 0.016278099999999997,
      "min": 0.03428189246,
      "max": 0.03627460146,
      "times": [
        0.03428189246,
        0.03556472846,
        0.034924073459999996,
        0.03518314146,
        0.03627460146,
        0.03588600946,
        0.03565873946,
        0.03542547646,
        0.03442778446,
        0.035694613459999996
      ],
      "exit_codes": [
        0,
        0,
        0,
        0,
        0,
        0,
        0,
        0,
        0,
        0
      ]
    },
    {
      "command": "yarn",
      "mean": 0.32086747025999995,
      "stddev": 0.004721883560130218,
      "median": 0.32245054496000003,
      "user": 0.37322554,
      "system": 0.06257109999999999,
      "min": 0.31175975046,
      "max": 0.32733590746,
      "times": [
        0.32137614446,
        0.32733590746,
        0.32438866446,
        0.32253980446,
        0.32236128546,
        0.32457595646,
        0.31488004946,
        0.31596767946,
        0.32348946046,
        0.31175975046
      ],
      "exit_codes": [
        0,
        0,
        0,
        0,
        0,
        0,
        0,
        0,
        0,
        0
      ]
    },
    {
      "command": "berry",
      "mean": 5.299856456459999,
      "stddev": 0.12420147519078877,
      "median": 5.29793908946,
      "user": 9.542010639999999,
      "system": 3.1991021999999996,
      "min": 5.15529249746,
      "max": 5.62991075246,
      "times": [
        5.20305912246,
        5.21507457446,
        5.31086956146,
        5.3226783404599995,
        5.3401399304599995,
        5.225661606459999,
        5.15529249746,
        5.30467269746,
        5.29120548146,
        5.62991075246
      ],
      "exit_codes": [
        0,
        0,
        0,
        0,
        0,
        0,
        0,
        0,
        0,
        0
      ]
    },
    {
      "command": "pnpm",
      "mean": 0.67017559266,
      "stddev": 0.012890707488525749,
      "median": 0.6631989899600002,
      "user": 0.8539220399999999,
      "system": 0.1516508,
      "min": 0.6524956594600001,
      "max": 0.6894501824600001,
      "times": [
        0.6586267774600001,
        0.6894501824600001,
        0.6831286124600001,
        0.68650482146,
        0.66196880146,
        0.6825417304600001,
        0.6640032464600001,
        0.6524956594600001,
        0.6623947334600001,
        0.6606413614600001
      ],
      "exit_codes": [
        0,
        0,
        0,
        0,
        0,
        0,
        0,
        0,
        0,
        0
      ]
    },
    {
      "command": "vlt",
      "mean": 0.3432044330599999,
      "stddev": 0.0046097259487178355,
      "median": 0.34373974145999997,
      "user": 0.36335934000000003,
      "system": 0.0735477,
      "min": 0.33218669946,
      "max": 0.34928598046,
      "times": [
        0.34600702646,
        0.34358539445999997,
        0.34059595946,
        0.33218669946,
        0.34083336146,
        0.34632558146,
        0.34389408846,
        0.34928598046,
        0.34156593546,
        0.34776430346
      ],
      "exit_codes": [
        0,
        0,
        0,
        0,
        0,
        0,
        0,
        0,
        0,
        0
      ]
    },
    {
      "command": "bun",
      "mean": 0.012199135160000001,
      "stddev": 0.0005008413988683544,
      "median": 0.01202862996,
      "user": 0.00811214,
      "system": 0.010046399999999999,
      "min": 0.01161974146,
      "max": 0.01318246046,
      "times": [
        0.01200251646,
        0.01183956246,
        0.01206661546,
        0.01194367946,
        0.01314369946,
        0.01201032946,
        0.01213581646,
        0.01204693046,
        0.01161974146,
        0.01318246046
      ],
      "exit_codes": [
        0,
        0,
        0,
        0,
        0,
        0,
        0,
        0,
        0,
        0
      ]
    },
    {
      "command": "deno",
      "mean": 0.69169203676,
      "stddev": 0.03714659397101504,
      "median": 0.6881957829600001,
      "user": 0.32303594,
      "system": 0.134985,
      "min": 0.6422345404600001,
      "max": 0.7560853044600001,
      "times": [
        0.6422345404600001,
        0.7112722624600001,
        0.6987070684600001,
        0.74994163146,
        0.7560853044600001,
        0.6819302074600001,
        0.6593336354600001,
        0.6472532104600001,
        0.6944613584600001,
        0.6757011484600001
      ],
      "exit_codes": [
        0,
        0,
        0,
        0,
        0,
        0,
        0,
        0,
        0,
        0
      ]
    }
  ]
}