{
  "results": [
    {
      "command": "npm",
      "mean": 1.4680802936199997,
      "stddev": 0.012346592990133513,
      "median": 1.4697530567200001,
      "user": 1.5310678599999998,
      "system": 0.6603538999999999,
      "min": 1.45138407922,
      "max": 1.48529368922,
      "times": [
        1.46666045322,
        1.45138407922,
        1.4797387922199998,
        1.47284566022,
        1.45174831822,
        1.48038615122,
        1.48529368922,
        1.47845359322,
        1.4605948442199999,
        1.4536973552199999
      ],
      "exit_codes": [
        0,
        0,
        0,
        0,
        0,
        0,
        0,
        0,
        0,
        0
      ]
    },
    {
      "command": "snpm",
      "mean": 0.04326293652,
      "stddev": 0.0005859053891887411,
      "median": 0.04315712722,
      "user": 0.01840516,
      "system": 0.027053899999999992,
      "min": 0.04258297022,
      "max": 0.04445332622,
      "times": [
        0.04285938422,
        0.04323356022,
        0.04445332622,
        0.04422702222,
        0.04319223622,
        0.04258297022,
        0.04292059322,
        0.04333484022,
        0.04270341422,
        0.04312201822
      ],
      "exit_codes": [
        0,
        0,
        0,
        0,
        0,
        0,
        0,
        0,
        0,
        0
      ]
    },
    {
      "command": "yarn",
      "mean": 3.8800891219199998,
      "stddev": 0.0678136791434238,
      "median": 3.89946547122,
      "user": 5.816952260000001,
      "system": 2.2716768,
      "min": 3.7759447982200003,
      "max": 3.9735714192200002,
      "times": [
        3.87400755222,
        3.77869354822,
        3.94070704622,
        3.7759447982200003,
        3.92259507822,
        3.89566875622,
        3.90326218622,
        3.93728989522,
        3.9735714192200002,
        3.79915093922
      ],
      "exit_codes": [
        0,
        0,
        0,
        0,
        0,
        0,
        0,
        0,
        0,
        0
      ]
    },
    {
      "command": "berry",
      "mean": 2.3926266486200007,
      "stddev": 0.0345962366469978,
      "median": 2.3950124707200002,
      "user": 3.75794356,
      "system": 1.1489241999999997,
      "min": 2.31324853022,
      "max": 2.4429355202200003,
      "times": [
        2.3989577632200003,
        2.4429355202200003,
        2.40626143422,
        2.3740146272200002,
        2.4327989372200003,
        2.39106717822,
        2.41295900722,
        2.37214194322,
        2.31324853022,
        2.38188154522
      ],
      "exit_codes": [
        0,
        0,
        0,
        0,
        0,
        0,
        0,
        0,
        0,
        0
      ]
    },
    {
      "command": "pnpm",
      "mean": 1.1182702041199997,
      "stddev": 0.012093018012941992,
      "median": 1.1190156027199998,
      "user": 1.6666689599999998,
      "system": 0.5113443,
      "min": 1.0973195572199999,
      "max": 1.13837471322,
      "times": [
        1.11033088122,
        1.1211372142199998,
        1.0973195572199999,
        1.13837471322,
        1.13144128022,
        1.11729916822,
        1.12746964522,
        1.1207320372199998,
        1.1014900052199998,
        1.1171075392199998
      ],
      "exit_codes": [
        0,
        0,
        0,
        0,
        0,
        0,
        0,
        0,
        0,
        0
      ]
    },
    {
      "command": "vlt",
      "mean": 0.93498647092,
      "stddev": 0.010153820716888723,
      "median": 0.9371069657200001,
      "user": 1.1159401599999998,
      "system": 0.45941029999999994,
      "min": 0.9184920132200001,
      "max": 0.9477822732200001,
      "times": [
        0.9184920132200001,
        0.9379160522200001,
        0.9441483082200001,
        0.92264359922,
        0.9452224842200001,
        0.92363660022,
        0.92951507322,
        0.9477822732200001,
        0.9362978792200001,
        0.9442104262200001
      ],
      "exit_codes": [
        0,
        0,
        0,
        0,
        0,
        0,
        0,
        0,
        0,
        0
      ]
    },
    {
      "command": "bun",
      "mean": 0.24395027842,
      "stddev": 0.05270549179774667,
      "median": 0.21333241472000003,
      "user": 0.18874246,
      "system": 0.22792669999999998,
      "min": 0.20082266822000003,
      "max": 0.34833479922000005,
      "times": [
        0.34833479922000005,
        0.20082266822000003,
        0.20743922122000003,
        0.27540767122000004,
        0.33397301322,
        0.21671883022000002,
        0.22950564722000003,
        0.20796349722000002,
        0.20939143722,
        0.20994599922
      ],
      "exit_codes": [
        0,
        0,
        0,
        0,
        0,
        0,
        0,
        0,
        0,
        0
      ]
    },
    {
      "command": "deno",
      "mean": 2.54109163362,
      "stddev": 0.37633758828883485,
      "median": 2.63918985922,
      "user": 0.7920750599999999,
      "system": 0.42394229999999994,
      "min": 1.93555516022,
      "max": 3.02238942022,
      "times": [
        2.72776076422,
        2.1582116202200003,
        1.95242568722,
        3.02238942022,
        2.75305237122,
        2.8322672102200004,
        2.5373035022200003,
        2.55061895422,
        2.94133164622,
        1.93555516022
      ],
      "exit_codes": [
        0,
        0,
        0,
        0,
        0,
        0,
        0,
        0,
        0,
        0
      ]
    }
  ]
}