{
  "results": [
    {
      "command": "npm",
      "mean": 2.5396110436,
      "stddev": 0.21090498119959378,
      "median": 2.4902676256,
      "user": 0.75364238,
      "system": 0.1691533,
      "min": 2.2767769796,
      "max": 3.0058528876,
      "times": [
        2.3638393896000003,
        3.0058528876,
        2.3751512686000003,
        2.7314926456000004,
        2.5254118316,
        2.2767769796,
        2.6167149286,
        2.6805751506,
        2.3651719346,
        2.4551234196
      ],
      "exit_codes": [
        0,
        0,
        0,
        0,
        0,
        0,
        0,
        0,
        0,
        0
      ]
    },
    {
      "command": "snpm",
      "mean": 0.10000047360000001,
      "stddev": 0.0006451311938841589,
      "median": 0.1000563941,
      "user": 0.057128179999999994,
      "system": 0.046061799999999986,
      "min": 0.09909766560000001,
      "max": 0.10100685660000001,
      "times": [
        0.0993065476,
        0.1002787596,
        0.09933845560000001,
        0.09909766560000001,
        0.10045729260000001,
        0.09983402860000001,
        0.1006859476,
        0.10056109160000001,
        0.10100685660000001,
        0.09943809060000001
      ],
      "exit_codes": [
        0,
        0,
        0,
        0,
        0,
        0,
        0,
        0,
        0,
        0
      ]
    },
    {
      "command": "yarn",
      "mean": 5.150279125,
      "stddev": 0.0946311272669036,
      "median": 5.1419797686,
      "user": 6.24683918,
      "system": 2.4197458999999997,
      "min": 5.0091129036,
      "max": 5.3790422896,
      "times": [
        5.0091129036,
        5.1099331396,
        5.3790422896,
        5.0785645016,
        5.0751876896,
        5.1874020326,
        5.1870474126,
        5.1313355046,
        5.1925417436,
        5.1526240325999995
      ],
      "exit_codes": [
        0,
        0,
        0,
        0,
        0,
        0,
        0,
        0,
        0,
        0
      ]
    },
    {
      "command": "berry",
      "mean": 2.4009613395000002,
      "stddev": 0.04187795036577789,
      "median": 2.4090029511,
      "user": 3.8381054799999994,
      "system": 0.9621423,
      "min": 2.3185078736,
      "max": 2.4520745606000003,
      "times": [
        2.3360148086000003,
        2.3185078736,
        2.4010987156000003,
        2.4327968406000005,
        2.4520745606000003,
        2.3833249466,
        2.4063131776,
        2.4222578746,
        2.4116927246000004,
        2.4455318726
      ],
      "exit_codes": [
        0,
        0,
        0,
        0,
        0,
        0,
        0,
        0,
        0,
        0
      ]
    },
    {
      "command": "pnpm",
      "mean": 1.1041378642999997,
      "stddev": 0.026435252752642,
      "median": 1.1131004981,
      "user": 1.65831588,
      "system": 0.4182022999999999,
      "min": 1.0604481566,
      "max": 1.1415548056,
      "times": [
        1.1229091476,
        1.0604481566,
        1.1019308056,
        1.1127056015999999,
        1.0672791966,
        1.0728527056,
        1.1204410236,
        1.1277618056,
        1.1134953946,
        1.1415548056
      ],
      "exit_codes": [
        0,
        0,
        0,
        0,
        0,
        0,
        0,
        0,
        0,
        0
      ]
    },
    {
      "command": "vlt",
      "mean": 0.2670710235,
      "stddev": 0.0015049854943295895,
      "median": 0.2670876621,
      "user": 0.26283128,
      "system": 0.05722119999999999,
      "min": 0.26361683360000004,
      "max": 0.26911481260000003,
      "times": [
        0.2686649816,
        0.26804781660000004,
        0.2669928776,
        0.26562481060000004,
        0.26361683360000004,
        0.2666077236,
        0.2669465046,
        0.2671824466,
        0.26911481260000003,
        0.26791142760000003
      ],
      "exit_codes": [
        0,
        0,
        0,
        0,
        0,
        0,
        0,
        0,
        0,
        0
      ]
    },
    {
      "command": "bun",
      "mean": 0.39176242720000004,
      "stddev": 0.0416240968477573,
      "median": 0.38413453360000005,
      "user": 0.43210728000000004,
      "system": 0.3231898999999999,
      "min": 0.35308956760000004,
      "max": 0.5096744006,
      "times": [
        0.38344157860000005,
        0.35308956760000004,
        0.36547491760000006,
        0.38593398860000006,
        0.40653346060000006,
        0.5096744006,
        0.3732101916,
        0.36972835760000006,
        0.38571032060000005,
        0.38482748860000004
      ],
      "exit_codes": [
        0,
        0,
        0,
        0,
        0,
        0,
        0,
        0,
        0,
        0
      ]
    },
    {
      "command": "deno",
      "mean": 1.8702566219,
      "stddev": 0.0701759785214954,
      "median": 1.8684099350999999,
      "user": 0.81928208,
      "system": 0.25489660000000003,
      "min": 1.7705391856,
      "max": 1.9733320286,
      "times": [
        1.8419503406,
        1.7914345106,
        1.7857290775999999,
        1.9175579536,
        1.8948695296,
        1.7705391856,
        1.9450899676,
        1.9733320286,
        1.8399777306,
        1.9420858946000001
      ],
      "exit_codes": [
        0,
        0,
        0,
        0,
        0,
        0,
        0,
        0,
        0,
        0
      ]
    }
  ]
}