{
  "results": [
    {
      "command": "npm",
      "mean": 3.60008785244,
      "stddev": 0.2533731945030697,
      "median": 3.59684466094,
      "user": 1.3093519199999997,
      "system": 0.24187065999999996,
      "min": 3.18174145194,
      "max": 3.93518063694,
      "times": [
        3.57303313294,
        3.22781617194,
        3.72459047094,
        3.41597043494,
        3.55115680294,
        3.62065618894,
        3.87166745494,
        3.93518063694,
        3.89906577794,
        3.18174145194
      ],
      "exit_codes": [
        0,
        0,
        0,
        0,
        0,
        0,
        0,
        0,
        0,
        0
      ]
    },
    {
      "command": "snpm",
      "mean": 0.5701123207400001,
      "stddev": 0.0040388976083027255,
      "median": 0.5695914039400001,
      "user": 0.34218092,
      "system": 0.23568986,
      "min": 0.5632283059400001,
      "max": 0.5755802549400001,
      "times": [
        0.56682928294,
        0.57444356894,
        0.5632283059400001,
        0.57438366994,
        0.57388530094,
        0.5703170379400001,
        0.56886576994,
        0.5755802549400001,
        0.5671237909400001,
        0.5664662249400001
      ],
      "exit_codes": [
        0,
        0,
        0,
        0,
        0,
        0,
        0,
        0,
        0,
        0
      ]
    },
    {
      "command": "yarn",
      "mean": 16.745903685440002,
      "stddev": 0.5376730153282795,
      "median": 16.61323291694,
      "user": 17.670827620000004,
      "system": 8.64391396,
      "min": 16.30177602994,
      "max": 18.24957910194,
      "times": [
        18.24957910194,
        16.81876685994,
        16.56410107294,
        16.66236476094,
        16.30177602994,
        16.94241888594,
        16.48626790494,
        16.36180857894,
        16.38498508394,
        16.68696857494
      ],
      "exit_codes": [
        0,
        0,
        0,
        0,
        0,
        0,
        0,
        0,
        0,
        0
      ]
    },
    {
      "command": "berry",
      "mean": 4.95974676794,
      "stddev": 0.0476820914618259,
      "median": 4.9521876674400005,
      "user": 9.388490819999998,
      "system": 2.16848526,
      "min": 4.89633885794,
      "max": 5.04150053594,
      "times": [
        4.96077719294,
        4.90640653294,
        4.93837964894,
        4.89633885794,
        5.00059315394,
        4.90420165794,
        5.04150053594,
        4.94359814194,
        5.00352730694,
        5.00214464994
      ],
      "exit_codes": [
        0,
        0,
        0,
        0,
        0,
        0,
        0,
        0,
        0,
        0
      ]
    },
    {
      "command": "pnpm",
      "mean": 2.49016359554,
      "stddev": 0.05490918879585838,
      "median": 2.49170142044,
      "user": 4.052207320000001,
      "system": 1.3557945599999996,
      "min": 2.40831352994,
      "max": 2.56840366594,
      "times": [
        2.54211311094,
        2.45854518994,
        2.5059114949400003,
        2.47749134594,
        2.53938025394,
        2.40831352994,
        2.43437857894,
        2.42190343794,
        2.54519534694,
        2.56840366594
      ],
      "exit_codes": [
        0,
        0,
        0,
        0,
        0,
        0,
        0,
        0,
        0,
        0
      ]
    },
    {
      "command": "vlt",
      "mean": 0.3685005184400001,
      "stddev": 0.0050254554194228696,
      "median": 0.36980094344000003,
      "user": 0.39926322000000003,
      "system": 0.07873536,
      "min": 0.35822868894000004,
      "max": 0.37423863394000006,
      "times": [
        0.37028491494000004,
        0.36340895694,
        0.36833505094,
        0.37396190294000003,
        0.37307485794000006,
        0.36931697194000007,
        0.36323619394000006,
        0.37423863394000006,
        0.35822868894000004,
        0.37091901194000004
      ],
      "exit_codes": [
        0,
        0,
        0,
        0,
        0,
        0,
        0,
        0,
        0,
        0
      ]
    },
    {
      "command": "bun",
      "mean": 1.17319620424,
      "stddev": 0.043935008992491496,
      "median": 1.17280653194,
      "user": 1.88122842,
      "system": 1.47215056,
      "min": 1.10495262994,
      "max": 1.25040349294,
      "times": [
        1.22268632794,
        1.25040349294,
        1.17403766494,
        1.20321621994,
        1.15579203294,
        1.17157539894,
        1.12692035494,
        1.19723187394,
        1.12514604594,
        1.10495262994
      ],
      "exit_codes": [
        0,
        0,
        0,
        0,
        0,
        0,
        0,
        0,
        0,
        0
      ]
    },
    {
      "command": "deno",
      "mean": 11.992062450439999,
      "stddev": 1.1562202886057056,
      "median": 11.833206370940001,
      "user": 3.1867921199999993,
      "system": 0.8548762599999999,
      "min": 10.49795194494,
      "max": 13.64300759194,
      "times": [
        13.25934168494,
        10.68663208894,
        11.09455166294,
        13.64300759194,
        13.51102249294,
        12.18617679994,
        12.67491334394,
        10.88679095194,
        10.49795194494,
        11.48023594194
      ],
      "exit_codes": [
        0,
        0,
        0,
        0,
        0,
        0,
        0,
        0,
        0,
        0
      ]
    }
  ]
}