{
  "results": [
    {
      "command": "npm",
      "mean": 24.51282831928,
      "stddev": 1.3852853351345544,
      "median": 24.11747841058,
      "user": 15.00945338,
      "system": 4.49419716,
      "min": 22.26256929158,
      "max": 27.241052770579998,
      "times": [
        23.94969363258,
        26.011122332579998,
        23.04737879558,
        27.241052770579998,
        23.87681544258,
        22.26256929158,
        24.242347524579998,
        24.99577705258,
        23.99260929658,
        25.50891705358
      ],
      "exit_codes": [
        0,
        0,
        0,
        0,
        0,
        0,
        0,
        0,
        0,
        0
      ]
    },
    {
      "command": "snpm",
      "mean": 0.6038810765799999,
      "stddev": 0.017387491721300694,
      "median": 0.60190310658,
      "user": 0.36171278000000007,
      "system": 0.25041046,
      "min": 0.58030164758,
      "max": 0.63844532158,
      "times": [
        0.61986871858,
        0.63844532158,
        0.60144172558,
        0.60561884558,
        0.62189176758,
        0.59629710458,
        0.6023644875799999,
        0.58030164758,
        0.58471832158,
        0.58786282558
      ],
      "exit_codes": [
        0,
        0,
        0,
        0,
        0,
        0,
        0,
        0,
        0,
        0
      ]
    },
    {
      "command": "yarn",
      "mean": 18.090287777180002,
      "stddev": 0.4842011632099434,
      "median": 18.024556465579998,
      "user": 18.08340088,
      "system": 8.70191106,
      "min": 17.432182280579998,
      "max": 18.963811212579998,
      "times": [
        17.432182280579998,
        18.76271849058,
        17.789617339579998,
        17.73604667358,
        18.05385360658,
        17.574672508579997,
        18.54086272858,
        18.963811212579998,
        18.051607716579998,
        17.99750521458
      ],
      "exit_codes": [
        0,
        0,
        0,
        0,
        0,
        0,
        0,
        0,
        0,
        0
      ]
    },
    {
      "command": "berry",
      "mean": 7.20733793828,
      "stddev": 0.3200077519567617,
      "median": 7.2398854975799996,
      "user": 12.49556498,
      "system": 3.6447604599999996,
      "min": 6.5969984435799995,
      "max": 7.78885373458,
      "times": [
        6.5969984435799995,
        6.89111813958,
        6.99028789258,
        7.2600888465799995,
        7.78885373458,
        7.58731531658,
        7.32373745758,
        7.25883985658,
        7.22093113858,
        7.15520855658
      ],
      "exit_codes": [
        0,
        0,
        0,
        0,
        0,
        0,
        0,
        0,
        0,
        0
      ]
    },
    {
      "command": "pnpm",
      "mean": 4.686015279279999,
      "stddev": 0.5122714334445936,
      "median": 4.48768902158,
      "user": 6.809327380000001,
      "system": 2.4927484599999996,
      "min": 4.32347839158,
      "max": 6.05924623758,
      "times": [
        4.4301936045799994,
        5.16870705958,
        4.47615687458,
        4.36552937958,
        4.32347839158,
        4.51096461358,
        4.49922116858,
        4.37794059058,
        4.648714872579999,
        6.05924623758
      ],
      "exit_codes": [
        0,
        0,
        0,
        0,
        0,
        0,
        0,
        0,
        0,
        0
      ]
    },
    {
      "command": "vlt",
      "mean": 6.69140547808,
      "stddev": 0.2616287538257718,
      "median": 6.6473509235799995,
      "user": 6.58492848,
      "system": 2.6956894599999996,
      "min": 6.3542641365799994,
      "max": 7.2996464765799995,
      "times": [
        6.83634754858,
        6.68857668558,
        6.407980666579999,
        6.60612516158,
        6.3542641365799994,
        6.727766122579999,
        6.907011671579999,
        7.2996464765799995,
        6.5589693445799995,
        6.52736696658
      ],
      "exit_codes": [
        0,
        0,
        0,
        0,
        0,
        0,
        0,
        0,
        0,
        0
      ]
    },
    {
      "command": "bun",
      "mean": 1.52312863068,
      "stddev": 0.07119763950802686,
      "median": 1.52002013308,
      "user": 1.98233058,
      "system": 1.67952446,
      "min": 1.43664049058,
      "max": 1.64303901458,
      "times": [
        1.6270951525800001,
        1.5891499765800001,
        1.43731875158,
        1.52279126558,
        1.47509564058,
        1.46011574858,
        1.51862044558,
        1.52141982058,
        1.43664049058,
        1.64303901458
      ],
      "exit_codes": [
        0,
        0,
        0,
        0,
        0,
        0,
        0,
        0,
        0,
        0
      ]
    },
    {
      "command": "deno",
      "mean": 12.76834929028,
      "stddev": 0.8579004507909928,
      "median": 12.77750725658,
      "user": 4.41125278,
      "system": 2.0258166599999994,
      "min": 11.56358069258,
      "max": 14.20673167758,
      "times": [
        13.25635278058,
        12.81400459258,
        13.02711682158,
        11.56358069258,
        11.97685858958,
        11.73692958358,
        14.20673167758,
        14.04695159858,
        12.313956645580001,
        12.74100992058
      ],
      "exit_codes": [
        0,
        0,
        0,
        0,
        0,
        0,
        0,
        0,
        0,
        0
      ]
    }
  ]
}