{
  "results": [
    {
      "command": "npm",
      "mean": 3.2547881822999996,
      "stddev": 0.13855980915435756,
      "median": 3.2649708567999998,
      "user": 0.72454546,
      "system": 0.17037087999999997,
      "min": 3.0128735073,
      "max": 3.5218802873,
      "times": [
        3.2375694433,
        3.3116785613,
        3.5218802873,
        3.2914348173,
        3.0128735073,
        3.3522013313,
        3.2385068963,
        3.1655174103,
        3.3407180613,
        3.0755015073
      ],
      "exit_codes": [
        0,
        0,
        0,
        0,
        0,
        0,
        0,
        0,
        0,
        0
      ]
    },
    {
      "command": "snpm",
      "mean": 0.10746708190000001,
      "stddev": 0.0007193304084070412,
      "median": 0.1073301398,
      "user": 0.06699796,
      "system": 0.043728779999999995,
      "min": 0.1064975003,
      "max": 0.10886703830000001,
      "times": [
        0.1072821773,
        0.10724023930000001,
        0.10781291030000001,
        0.10886703830000001,
        0.1065507393,
        0.1079193823,
        0.10685454230000001,
        0.1064975003,
        0.1073781023,
        0.1082681873
      ],
      "exit_codes": [
        0,
        0,
        0,
        0,
        0,
        0,
        0,
        0,
        0,
        0
      ]
    },
    {
      "command": "yarn",
      "mean": 5.6439051673,
      "stddev": 0.19364670977758217,
      "median": 5.6358868283,
      "user": 6.26976406,
      "system": 2.4664579800000004,
      "min": 5.3019855983,
      "max": 6.093714577299999,
      "times": [
        5.5392226233,
        5.7387646363,
        5.6239392563,
        5.6113950382999995,
        5.4780228573,
        6.093714577299999,
        5.6977155813,
        5.706457104299999,
        5.6478344003,
        5.3019855983
      ],
      "exit_codes": [
        0,
        0,
        0,
        0,
        0,
        0,
        0,
        0,
        0,
        0
      ]
    },
    {
      "command": "berry",
      "mean": 2.5215088484,
      "stddev": 0.037411509885113076,
      "median": 2.5160404673,
      "user": 3.830801460000001,
      "system": 0.9779950799999998,
      "min": 2.4469126643,
      "max": 2.5798831413000003,
      "times": [
        2.5505207613,
        2.4831258543,
        2.5798831413000003,
        2.5599724613,
        2.5133960563,
        2.5138580433,
        2.4469126643,
        2.5477869653,
        2.5014096453000003,
        2.5182228913
      ],
      "exit_codes": [
        0,
        0,
        0,
        0,
        0,
        0,
        0,
        0,
        0,
        0
      ]
    },
    {
      "command": "pnpm",
      "mean": 1.2063245994,
      "stddev": 0.03880721947562092,
      "median": 1.1849305808000001,
      "user": 1.6668210599999997,
      "system": 0.4039553799999999,
      "min": 1.1632245503,
      "max": 1.2890745233,
      "times": [
        1.2251140883,
        1.1834782373000001,
        1.1632245503,
        1.1846309503,
        1.1701011773,
        1.1790119463,
        1.2401592113,
        1.2432210983,
        1.1852302113,
        1.2890745233
      ],
      "exit_codes": [
        0,
        0,
        0,
        0,
        0,
        0,
        0,
        0,
        0,
        0
      ]
    },
    {
      "command": "vlt",
      "mean": 0.26608541180000006,
      "stddev": 0.0021851091693318825,
      "median": 0.26642002480000004,
      "user": 0.26812686,
      "system": 0.05114708,
      "min": 0.2619661373,
      "max": 0.26907322930000005,
      "times": [
        0.2682396053,
        0.2619661373,
        0.2632974463,
        0.26509984630000005,
        0.26776218830000004,
        0.26907322930000005,
        0.2664188303,
        0.2664212193,
        0.26465234730000003,
        0.2679232683
      ],
      "exit_codes": [
        0,
        0,
        0,
        0,
        0,
        0,
        0,
        0,
        0,
        0
      ]
    },
    {
      "command": "bun",
      "mean": 0.7077791983000001,
      "stddev": 0.43358596074432976,
      "median": 0.5010775923,
      "user": 0.42427446,
      "system": 0.32540058,
      "min": 0.4329539243,
      "max": 1.6664487293,
      "times": [
        0.44377554830000004,
        0.4329539243,
        1.6664487293,
        0.5128992963000001,
        1.4621852113,
        0.6114913693,
        0.4593194983,
        0.5401244573,
        0.4593380603,
        0.48925588830000005
      ],
      "exit_codes": [
        0,
        0,
        0,
        0,
        0,
        0,
        0,
        0,
        0,
        0
      ]
    },
    {
      "command": "deno",
      "mean": 2.5179093416000002,
      "stddev": 0.19233324879334937,
      "median": 2.5266595348000003,
      "user": 0.79709316,
      "system": 0.24741327999999996,
      "min": 2.2900933633,
      "max": 2.9473301873,
      "times": [
        2.3036034323,
        2.5852408313,
        2.5655949853,
        2.9473301873,
        2.6937244673,
        2.2900933633,
        2.5483515233,
        2.3192028093,
        2.5049675463,
        2.4209842703
      ],
      "exit_codes": [
        0,
        0,
        0,
        0,
        0,
        0,
        0,
        0,
        0,
        0
      ]
    }
  ]
}