{
  "results": [
    {
      "command": "npm",
      "mean": 3.30284152112,
      "stddev": 0.191180972061914,
      "median": 3.3065352268200003,
      "user": 0.7150730000000001,
      "system": 0.12558972,
      "min": 3.04333424482,
      "max": 3.6643827628200003,
      "times": [
        3.31356021782,
        3.29951023582,
        3.47460700482,
        3.04333424482,
        3.08946859482,
        3.6643827628200003,
        3.12662003882,
        3.14352683682,
        3.43392832882,
        3.43947694582
      ],
      "exit_codes": [
        0,
        0,
        0,
        0,
        0,
        0,
        0,
        0,
        0,
        0
      ]
    },
    {
      "command": "snpm",
      "mean": 0.09207839762,
      "stddev": 0.0009025880285458915,
      "median": 0.09221767882000001,
      "user": 0.0623313,
      "system": 0.03307872,
      "min": 0.09010127382000001,
      "max": 0.09355298382,
      "times": [
        0.09355298382,
        0.09193441482,
        0.09199608582,
        0.09263947482000001,
        0.09126228582000001,
        0.09277086682,
        0.09157317082000001,
        0.09243927182000002,
        0.09010127382000001,
        0.09251414782
      ],
      "exit_codes": [
        0,
        0,
        0,
        0,
        0,
        0,
        0,
        0,
        0,
        0
      ]
    },
    {
      "command": "yarn",
      "mean": 5.30936307992,
      "stddev": 0.1575974028029044,
      "median": 5.29457128982,
      "user": 6.1374353,
      "system": 1.54342852,
      "min": 5.07811173982,
      "max": 5.6528539018199995,
      "times": [
        5.145007575819999,
        5.236620622819999,
        5.6528539018199995,
        5.19482792182,
        5.32038781382,
        5.26875476582,
        5.37589016182,
        5.45954897982,
        5.36162731582,
        5.07811173982
      ],
      "exit_codes": [
        0,
        0,
        0,
        0,
        0,
        0,
        0,
        0,
        0,
        0
      ]
    },
    {
      "command": "berry",
      "mean": 2.5681354401200003,
      "stddev": 0.05844129497562494,
      "median": 2.5755646168200004,
      "user": 3.7810827,
      "system": 0.7666441199999999,
      "min": 2.44224730782,
      "max": 2.6429188598200004,
      "times": [
        2.5187936318200004,
        2.61037716982,
        2.60756255282,
        2.5784350268200003,
        2.6429188598200004,
        2.44224730782,
        2.57269420682,
        2.5378167028200003,
        2.53373854782,
        2.63677039482
      ],
      "exit_codes": [
        0,
        0,
        0,
        0,
        0,
        0,
        0,
        0,
        0,
        0
      ]
    },
    {
      "command": "pnpm",
      "mean": 1.3662594140199997,
      "stddev": 0.02987362763652868,
      "median": 1.36189874482,
      "user": 1.6370634999999996,
      "system": 0.29020952,
      "min": 1.32175190082,
      "max": 1.42318536182,
      "times": [
        1.37156932882,
        1.35915411782,
        1.35992240682,
        1.35576857282,
        1.32175190082,
        1.42318536182,
        1.40081510982,
        1.36387508282,
        1.32215502982,
        1.38439722882
      ],
      "exit_codes": [
        0,
        0,
        0,
        0,
        0,
        0,
        0,
        0,
        0,
        0
      ]
    },
    {
      "command": "vlt",
      "mean": 0.24903123482000003,
      "stddev": 0.0031231005510172207,
      "median": 0.24756289632,
      "user": 0.2626007,
      "system": 0.04356812,
      "min": 0.24570622282000001,
      "max": 0.25471149382,
      "times": [
        0.24798573582,
        0.24712944982,
        0.25180305882000004,
        0.24661922082,
        0.24697926682000002,
        0.25471149382,
        0.24722693782,
        0.24570622282000001,
        0.24789885482000001,
        0.25425210682000005
      ],
      "exit_codes": [
        0,
        0,
        0,
        0,
        0,
        0,
        0,
        0,
        0,
        0
      ]
    },
    {
      "command": "bun",
      "mean": 0.55731922942,
      "stddev": 0.04155984164961724,
      "median": 0.5386110228200001,
      "user": 0.42688699999999996,
      "system": 0.22335742,
      "min": 0.51404502182,
      "max": 0.65474548182,
      "times": [
        0.65474548182,
        0.53631114182,
        0.53914316482,
        0.51485074882,
        0.53807888082,
        0.56336423182,
        0.51404502182,
        0.60638209382,
        0.56868393582,
        0.53758759282
      ],
      "exit_codes": [
        0,
        0,
        0,
        0,
        0,
        0,
        0,
        0,
        0,
        0
      ]
    },
    {
      "command": "deno",
      "mean": 2.1169438384199997,
      "stddev": 0.12856074490553357,
      "median": 2.07862228982,
      "user": 0.8201226,
      "system": 0.19050572,
      "min": 1.96620238982,
      "max": 2.4383112918200003,
      "times": [
        1.96620238982,
        2.0780046638200003,
        2.07923991582,
        2.03079015082,
        2.02774015982,
        2.4383112918200003,
        2.02357568682,
        2.14089358282,
        2.2045995828200002,
        2.18008095982
      ],
      "exit_codes": [
        0,
        0,
        0,
        0,
        0,
        0,
        0,
        0,
        0,
        0
      ]
    }
  ]
}