{
  "results": [
    {
      "command": "npm",
      "mean": 2.4356545352200003,
      "stddev": 0.2108434285451277,
      "median": 2.33444015272,
      "user": 0.70395044,
      "system": 0.16616419999999998,
      "min": 2.20831496672,
      "max": 2.88610122972,
      "times": [
        2.44344120272,
        2.20831496672,
        2.33200795172,
        2.5106181687199998,
        2.33687235372,
        2.88610122972,
        2.75572476872,
        2.26709927272,
        2.29353112272,
        2.32283431472
      ],
      "exit_codes": [
        0,
        0,
        0,
        0,
        0,
        0,
        0,
        0,
        0,
        0
      ]
    },
    {
      "command": "snpm",
      "mean": 0.09970788791999999,
      "stddev": 0.000951533917356688,
      "median": 0.09988723922000001,
      "user": 0.05634423999999999,
      "system": 0.046544999999999996,
      "min": 0.09792169572000001,
      "max": 0.10140622172000001,
      "times": [
        0.10005164272,
        0.10048534472000001,
        0.10030007472000001,
        0.09792169572000001,
        0.09886473672,
        0.09936600472,
        0.09972283572,
        0.09878219072,
        0.10017813172000001,
        0.10140622172000001
      ],
      "exit_codes": [
        0,
        0,
        0,
        0,
        0,
        0,
        0,
        0,
        0,
        0
      ]
    },
    {
      "command": "yarn",
      "mean": 5.29946434172,
      "stddev": 0.17742826019432995,
      "median": 5.320563480720001,
      "user": 6.451920539999999,
      "system": 2.510469,
      "min": 5.03886372572,
      "max": 5.58158112272,
      "times": [
        5.31595007472,
        5.58158112272,
        5.14145621372,
        5.36738547272,
        5.03886372572,
        5.20808607472,
        5.43498027472,
        5.5250174887200005,
        5.3251768867200004,
        5.05614608272
      ],
      "exit_codes": [
        0,
        0,
        0,
        0,
        0,
        0,
        0,
        0,
        0,
        0
      ]
    },
    {
      "command": "berry",
      "mean": 2.4331279552200007,
      "stddev": 0.0509790450086025,
      "median": 2.43049533622,
      "user": 3.83311384,
      "system": 0.9769219,
      "min": 2.38012633072,
      "max": 2.55505911372,
      "times": [
        2.42250510372,
        2.4682906457200002,
        2.45954520872,
        2.55505911372,
        2.38012633072,
        2.44018426272,
        2.38220820072,
        2.38055509272,
        2.43848556872,
        2.40432002472
      ],
      "exit_codes": [
        0,
        0,
        0,
        0,
        0,
        0,
        0,
        0,
        0,
        0
      ]
    },
    {
      "command": "pnpm",
      "mean": 1.1270795383199999,
      "stddev": 0.065838945337123,
      "median": 1.10692109322,
      "user": 1.66836504,
      "system": 0.42555339999999997,
      "min": 1.08099891372,
      "max": 1.31831035872,
      "times": [
        1.10487352572,
        1.08099891372,
        1.11260269472,
        1.31831035872,
        1.09042884472,
        1.13790464672,
        1.09265746672,
        1.09581215772,
        1.12823811372,
        1.10896866072
      ],
      "exit_codes": [
        0,
        0,
        0,
        0,
        0,
        0,
        0,
        0,
        0,
        0
      ]
    },
    {
      "command": "vlt",
      "mean": 0.27112495852,
      "stddev": 0.00256003891015515,
      "median": 0.27066277572,
      "user": 0.27276084,
      "system": 0.05248870000000001,
      "min": 0.26721956472,
      "max": 0.27713569672000005,
      "times": [
        0.27076852872,
        0.26931184572000005,
        0.27713569672000005,
        0.27044307772000004,
        0.26721956472,
        0.27061860272000005,
        0.27070694872,
        0.27007915972,
        0.27089189772000005,
        0.27407426272
      ],
      "exit_codes": [
        0,
        0,
        0,
        0,
        0,
        0,
        0,
        0,
        0,
        0
      ]
    },
    {
      "command": "bun",
      "mean": 0.37849405792000007,
      "stddev": 0.02170243833372884,
      "median": 0.36864391822000003,
      "user": 0.44932714,
      "system": 0.33408209999999994,
      "min": 0.34812382872000003,
      "max": 0.41553168172000005,
      "times": [
        0.36283447772000005,
        0.36227553872,
        0.36344527572,
        0.39429512372000003,
        0.37384256072000005,
        0.36158345572000006,
        0.34812382872000003,
        0.39580912272,
        0.41553168172000005,
        0.40719951372
      ],
      "exit_codes": [
        0,
        0,
        0,
        0,
        0,
        0,
        0,
        0,
        0,
        0
      ]
    },
    {
      "command": "deno",
      "mean": 1.83991168242,
      "stddev": 0.1070595574591828,
      "median": 1.82708957572,
      "user": 0.8218490399999998,
      "system": 0.2644323,
      "min": 1.70347510472,
      "max": 2.05912658572,
      "times": [
        1.7104277787200002,
        1.7708372567200001,
        1.83331897872,
        1.9151795477200002,
        1.70347510472,
        1.8208601727200002,
        2.05912658572,
        1.76086032072,
        1.95462601372,
        1.87040506472
      ],
      "exit_codes": [
        0,
        0,
        0,
        0,
        0,
        0,
        0,
        0,
        0,
        0
      ]
    }
  ]
}