{
  "results": [
    {
      "command": "npm",
      "mean": 3.389091378840001,
      "stddev": 0.23254475189862026,
      "median": 3.40422787954,
      "user": 0.7649850399999999,
      "system": 0.16840974,
      "min": 3.06043441304,
      "max": 3.78032844304,
      "times": [
        3.78032844304,
        3.22238924504,
        3.59809366504,
        3.06043441304,
        3.10215725104,
        3.37276109404,
        3.6395569240400003,
        3.43569466504,
        3.17264853804,
        3.50684955004
      ],
      "exit_codes": [
        0,
        0,
        0,
        0,
        0,
        0,
        0,
        0,
        0,
        0
      ]
    },
    {
      "command": "snpm",
      "mean": 0.10073010503999999,
      "stddev": 0.000986209818723683,
      "median": 0.10117713404,
      "user": 0.05543174000000001,
      "system": 0.048612039999999995,
      "min": 0.09860708204,
      "max": 0.10191852904,
      "times": [
        0.10141381304000001,
        0.10100113704000001,
        0.10020919404,
        0.10135313104,
        0.09860708204,
        0.09988879304,
        0.10139204904,
        0.10161261904,
        0.09990470304,
        0.10191852904
      ],
      "exit_codes": [
        0,
        0,
        0,
        0,
        0,
        0,
        0,
        0,
        0,
        0
      ]
    },
    {
      "command": "yarn",
      "mean": 5.980597864940001,
      "stddev": 0.40433597062244714,
      "median": 5.93430285554,
      "user": 6.54002684,
      "system": 2.5699375399999993,
      "min": 5.55817791804,
      "max": 7.117290786040001,
      "times": [
        5.73658560604,
        5.997948943040001,
        5.95356068404,
        5.915045027040001,
        6.0241012320400005,
        5.55817791804,
        5.96529267104,
        7.117290786040001,
        5.83148102204,
        5.70649476004
      ],
      "exit_codes": [
        0,
        0,
        0,
        0,
        0,
        0,
        0,
        0,
        0,
        0
      ]
    },
    {
      "command": "berry",
      "mean": 2.61724783804,
      "stddev": 0.09042709362775875,
      "median": 2.5927196820400003,
      "user": 3.9236168399999998,
      "system": 1.03352684,
      "min": 2.48420844504,
      "max": 2.83450701404,
      "times": [
        2.55884848404,
        2.62045171104,
        2.48420844504,
        2.59367120804,
        2.56248652304,
        2.68282763104,
        2.67136110104,
        2.5723481070400003,
        2.59176815604,
        2.83450701404
      ],
      "exit_codes": [
        0,
        0,
        0,
        0,
        0,
        0,
        0,
        0,
        0,
        0
      ]
    },
    {
      "command": "pnpm",
      "mean": 1.34378167354,
      "stddev": 0.19065361415125304,
      "median": 1.27635875304,
      "user": 1.7081057399999995,
      "system": 0.43890044,
      "min": 1.22638469004,
      "max": 1.89619679504,
      "times": [
        1.89619679504,
        1.31616619404,
        1.2699957560400001,
        1.28656883204,
        1.2589735960400001,
        1.2827217500399999,
        1.22638469004,
        1.2603736860399999,
        1.40987000604,
        1.23056543004
      ],
      "exit_codes": [
        0,
        0,
        0,
        0,
        0,
        0,
        0,
        0,
        0,
        0
      ]
    },
    {
      "command": "vlt",
      "mean": 0.25923021514000005,
      "stddev": 0.004363550311490003,
      "median": 0.25917082054,
      "user": 0.26022344,
      "system": 0.05616553999999999,
      "min": 0.25227234604000004,
      "max": 0.26894266304000003,
      "times": [
        0.25827365704,
        0.26894266304000003,
        0.26215859304,
        0.25501348404,
        0.25575961504,
        0.26006798404000003,
        0.26060664004,
        0.25227234604000004,
        0.25794970604,
        0.26125746304
      ],
      "exit_codes": [
        0,
        0,
        0,
        0,
        0,
        0,
        0,
        0,
        0,
        0
      ]
    },
    {
      "command": "bun",
      "mean": 0.5449883536400001,
      "stddev": 0.044364994884366994,
      "median": 0.54487390904,
      "user": 0.4353320399999999,
      "system": 0.32195144000000003,
      "min": 0.48831542304000003,
      "max": 0.62838222804,
      "times": [
        0.53018023204,
        0.62838222804,
        0.58642030004,
        0.57954444604,
        0.48831542304000003,
        0.52317534704,
        0.49458100104,
        0.49312246904,
        0.55956758604,
        0.56659450404
      ],
      "exit_codes": [
        0,
        0,
        0,
        0,
        0,
        0,
        0,
        0,
        0,
        0
      ]
    },
    {
      "command": "deno",
      "mean": 2.5945180381399995,
      "stddev": 0.26919709885668075,
      "median": 2.54275524954,
      "user": 0.83571074,
      "system": 0.25413834,
      "min": 2.13480192004,
      "max": 3.14248574304,
      "times": [
        2.77548355604,
        2.43372496604,
        2.55521839004,
        2.85824369104,
        2.53029210904,
        3.14248574304,
        2.49620716904,
        2.67530019604,
        2.13480192004,
        2.34342264104
      ],
      "exit_codes": [
        0,
        0,
        0,
        0,
        0,
        0,
        0,
        0,
        0,
        0
      ]
    }
  ]
}