{
  "results": [
    {
      "command": "npm",
      "mean": 3.4378870756,
      "stddev": 0.14324396556772617,
      "median": 3.4017077215000002,
      "user": 0.8712732599999999,
      "system": 0.1578833,
      "min": 3.2924874490000002,
      "max": 3.80892572,
      "times": [
        3.565439295,
        3.320283254,
        3.416957506,
        3.3937512180000002,
        3.3384175750000002,
        3.450261764,
        3.409664225,
        3.2924874490000002,
        3.38268275,
        3.80892572
      ],
      "exit_codes": [
        0,
        0,
        0,
        0,
        0,
        0,
        0,
        0,
        0,
        0
      ]
    },
    {
      "command": "snpm",
      "mean": 0.10935566950000002,
      "stddev": 0.005272183724074745,
      "median": 0.10762783150000002,
      "user": 0.07451105999999999,
      "system": 0.03846229999999999,
      "min": 0.10432803100000002,
      "max": 0.12217068900000001,
      "times": [
        0.104851992,
        0.10880715700000002,
        0.10615853000000001,
        0.12217068900000001,
        0.10565897500000002,
        0.10644850600000001,
        0.110768208,
        0.10921923700000001,
        0.11514537000000001,
        0.10432803100000002
      ],
      "exit_codes": [
        0,
        0,
        0,
        0,
        0,
        0,
        0,
        0,
        0,
        0
      ]
    },
    {
      "command": "yarn",
      "mean": 6.6282310443,
      "stddev": 0.17287363205462888,
      "median": 6.602525472,
      "user": 7.905269460000001,
      "system": 2.0317146,
      "min": 6.279695764,
      "max": 6.923568295,
      "times": [
        6.620499679,
        6.649051341,
        6.66178608,
        6.534709902,
        6.923568295,
        6.279695764,
        6.552989549,
        6.584551265,
        6.5824269090000005,
        6.893031659
      ],
      "exit_codes": [
        0,
        0,
        0,
        0,
        0,
        0,
        0,
        0,
        0,
        0
      ]
    },
    {
      "command": "berry",
      "mean": 2.8856000954,
      "stddev": 0.06427130502614038,
      "median": 2.864785319,
      "user": 4.250142259999999,
      "system": 0.9781825,
      "min": 2.814637545,
      "max": 3.046733873,
      "times": [
        2.814637545,
        2.917744052,
        2.8634266640000003,
        2.835199667,
        2.940372824,
        2.8405495700000003,
        3.046733873,
        2.866143974,
        2.8614315450000003,
        2.86976124
      ],
      "exit_codes": [
        0,
        0,
        0,
        0,
        0,
        0,
        0,
        0,
        0,
        0
      ]
    },
    {
      "command": "pnpm",
      "mean": 1.4265099302,
      "stddev": 0.023583690032418322,
      "median": 1.431198437,
      "user": 1.74854196,
      "system": 0.3411129,
      "min": 1.3834719130000002,
      "max": 1.460722873,
      "times": [
        1.391692173,
        1.425848717,
        1.3834719130000002,
        1.450007298,
        1.443899371,
        1.434286258,
        1.409546432,
        1.4375136510000002,
        1.428110616,
        1.460722873
      ],
      "exit_codes": [
        0,
        0,
        0,
        0,
        0,
        0,
        0,
        0,
        0,
        0
      ]
    },
    {
      "command": "vlt",
      "mean": 0.27146605440000005,
      "stddev": 0.008559065834472322,
      "median": 0.26851020850000007,
      "user": 0.28029805999999996,
      "system": 0.054232800000000005,
      "min": 0.25927052300000003,
      "max": 0.28418580400000004,
      "times": [
        0.268054457,
        0.267421283,
        0.26896596000000006,
        0.28269135400000006,
        0.26325945700000003,
        0.28418580400000004,
        0.25927052300000003,
        0.27721536900000004,
        0.280775156,
        0.262821181
      ],
      "exit_codes": [
        0,
        0,
        0,
        0,
        0,
        0,
        0,
        0,
        0,
        0
      ]
    },
    {
      "command": "bun",
      "mean": 0.5947992492999999,
      "stddev": 0.025677531181918567,
      "median": 0.602472168,
      "user": 0.46327976,
      "system": 0.27251919999999996,
      "min": 0.541727558,
      "max": 0.629971326,
      "times": [
        0.6177501630000001,
        0.58299144,
        0.541727558,
        0.629971326,
        0.6077663240000001,
        0.602700662,
        0.602243674,
        0.556789466,
        0.604950851,
        0.6011010290000001
      ],
      "exit_codes": [
        0,
        0,
        0,
        0,
        0,
        0,
        0,
        0,
        0,
        0
      ]
    },
    {
      "command": "deno",
      "mean": 2.3257868677999998,
      "stddev": 0.2360653934222517,
      "median": 2.2382363815,
      "user": 0.8879545599999998,
      "system": 0.2210015,
      "min": 2.069750886,
      "max": 2.777078046,
      "times": [
        2.777078046,
        2.247341878,
        2.435113018,
        2.229130885,
        2.729699792,
        2.104259494,
        2.17261674,
        2.167924474,
        2.324953465,
        2.069750886
      ],
      "exit_codes": [
        0,
        0,
        0,
        0,
        0,
        0,
        0,
        0,
        0,
        0
      ]
    }
  ]
}