{
  "results": [
    {
      "command": "npm",
      "mean": 3.63275571458,
      "stddev": 0.24151840579195177,
      "median": 3.61723276988,
      "user": 0.7687748,
      "system": 0.17604994000000002,
      "min": 3.15845892838,
      "max": 4.0190522153799995,
      "times": [
        3.58732916138,
        3.64713637838,
        3.72722428738,
        3.56312944838,
        3.79820336838,
        4.0190522153799995,
        3.43821874438,
        3.93962496938,
        3.15845892838,
        3.44917964438
      ],
      "exit_codes": [
        0,
        0,
        0,
        0,
        0,
        0,
        0,
        0,
        0,
        0
      ]
    },
    {
      "command": "snpm",
      "mean": 0.10728420168000001,
      "stddev": 0.0015020590602060934,
      "median": 0.10743596488000001,
      "user": 0.06536639999999999,
      "system": 0.04512984,
      "min": 0.10471419738,
      "max": 0.10985794238,
      "times": [
        0.10614769538,
        0.10544835438,
        0.10672263138,
        0.10471419738,
        0.10751932138,
        0.10833857238,
        0.10901234638,
        0.10735260838,
        0.10772834738,
        0.10985794238
      ],
      "exit_codes": [
        0,
        0,
        0,
        0,
        0,
        0,
        0,
        0,
        0,
        0
      ]
    },
    {
      "command": "yarn",
      "mean": 6.285617211480001,
      "stddev": 0.6057906400971687,
      "median": 5.98571268288,
      "user": 6.467743799999999,
      "system": 2.51719274,
      "min": 5.75470646238,
      "max": 7.72252995538,
      "times": [
        5.91630162838,
        5.77498401138,
        6.3655830903799995,
        6.93945418338,
        7.72252995538,
        6.01591021938,
        5.81979311938,
        5.95551514638,
        5.75470646238,
        6.59139429838
      ],
      "exit_codes": [
        0,
        0,
        0,
        0,
        0,
        0,
        0,
        0,
        0,
        0
      ]
    },
    {
      "command": "berry",
      "mean": 2.8233231979799998,
      "stddev": 0.5194066471182638,
      "median": 2.65339318038,
      "user": 3.9189144999999996,
      "system": 0.97774524,
      "min": 2.51945970938,
      "max": 4.35070530238,
      "times": [
        2.62087199438,
        2.64040205838,
        2.66638430238,
        2.66794451038,
        2.51945970938,
        2.85419325738,
        2.81077173438,
        2.56187776538,
        4.35070530238,
        2.54062134538
      ],
      "exit_codes": [
        0,
        0,
        0,
        0,
        0,
        0,
        0,
        0,
        0,
        0
      ]
    },
    {
      "command": "pnpm",
      "mean": 1.4098066508799998,
      "stddev": 0.12428292205928054,
      "median": 1.40082051138,
      "user": 1.6776331,
      "system": 0.4324305399999999,
      "min": 1.1933257963800001,
      "max": 1.66643106938,
      "times": [
        1.3596965353800001,
        1.1933257963800001,
        1.27515077138,
        1.40417459638,
        1.44775279038,
        1.3664981523800002,
        1.39746642638,
        1.66643106938,
        1.4519830333800001,
        1.5355873373800002
      ],
      "exit_codes": [
        0,
        0,
        0,
        0,
        0,
        0,
        0,
        0,
        0,
        0
      ]
    },
    {
      "command": "vlt",
      "mean": 0.28008105178,
      "stddev": 0.003644903986223296,
      "median": 0.27928776588000004,
      "user": 0.2817678,
      "system": 0.056045540000000005,
      "min": 0.27576623838000003,
      "max": 0.28763828238000005,
      "times": [
        0.27863358838,
        0.28323863838,
        0.28763828238000005,
        0.27638770838000004,
        0.28114495538,
        0.27576623838000003,
        0.27611605538,
        0.27842604938000004,
        0.27994194338,
        0.28351705838
      ],
      "exit_codes": [
        0,
        0,
        0,
        0,
        0,
        0,
        0,
        0,
        0,
        0
      ]
    },
    {
      "command": "bun",
      "mean": 0.7980503617799999,
      "stddev": 0.5135514702554113,
      "median": 0.60936587888,
      "user": 0.4115818,
      "system": 0.32566064,
      "min": 0.43575693138000005,
      "max": 2.27411443338,
      "times": [
        0.58258841238,
        2.27411443338,
        0.67429160438,
        0.43575693138000005,
        0.63883436838,
        0.63614334538,
        0.56130954638,
        0.56493693538,
        1.0337533003800001,
        0.57877474038
      ],
      "exit_codes": [
        0,
        0,
        0,
        0,
        0,
        0,
        0,
        0,
        0,
        0
      ]
    },
    {
      "command": "deno",
      "mean": 3.2588651667799993,
      "stddev": 0.3137876396234621,
      "median": 3.1377120863799997,
      "user": 0.8277623999999999,
      "system": 0.25675923999999994,
      "min": 2.79431562238,
      "max": 3.83301107738,
      "times": [
        3.0964210513799997,
        3.2579574333799997,
        2.79431562238,
        3.11847520738,
        3.0604067743799996,
        3.7725581893799998,
        3.05022868238,
        3.83301107738,
        3.15694896538,
        3.44832866438
      ],
      "exit_codes": [
        0,
        0,
        0,
        0,
        0,
        0,
        0,
        0,
        0,
        0
      ]
    }
  ]
}