{
  "results": [
    {
      "command": "npm",
      "mean": 3.1235349406000004,
      "stddev": 0.6258414515633196,
      "median": 2.7928548997,
      "user": 0.71737288,
      "system": 0.17865694,
      "min": 2.4255408987,
      "max": 4.3850714547,
      "times": [
        3.8220995796999997,
        2.4980631666999997,
        2.4255408987,
        2.7148738117,
        3.4046711107,
        4.3850714547,
        2.7133147087,
        3.6860048757,
        2.7239181127,
        2.8617916867
      ],
      "exit_codes": [
        0,
        0,
        0,
        0,
        0,
        0,
        0,
        0,
        0,
        0
      ]
    },
    {
      "command": "snpm",
      "mean": 0.1143263729,
      "stddev": 0.0010867124197521444,
      "median": 0.11416231470000002,
      "user": 0.06778618,
      "system": 0.04990714,
      "min": 0.1127128057,
      "max": 0.11642113770000001,
      "times": [
        0.1131860107,
        0.11400882770000001,
        0.1157780607,
        0.1127128057,
        0.1146428037,
        0.11337551370000001,
        0.1148139397,
        0.11642113770000001,
        0.1140806797,
        0.11424394970000001
      ],
      "exit_codes": [
        0,
        0,
        0,
        0,
        0,
        0,
        0,
        0,
        0,
        0
      ]
    },
    {
      "command": "yarn",
      "mean": 5.3725750571,
      "stddev": 0.17552131281499375,
      "median": 5.3647664291999995,
      "user": 6.13091408,
      "system": 2.3581695399999996,
      "min": 5.0501432417,
      "max": 5.7123752287,
      "times": [
        5.0501432417,
        5.4552653257,
        5.7123752287,
        5.3142629487,
        5.2147737067,
        5.5501124497,
        5.3874499586999995,
        5.449114156699999,
        5.2501706547,
        5.3420828997
      ],
      "exit_codes": [
        0,
        0,
        0,
        0,
        0,
        0,
        0,
        0,
        0,
        0
      ]
    },
    {
      "command": "berry",
      "mean": 2.4671730326000003,
      "stddev": 0.0418836750145259,
      "median": 2.4592149397,
      "user": 3.68897348,
      "system": 1.0094865399999997,
      "min": 2.3950997027,
      "max": 2.5355105037,
      "times": [
        2.4620000517,
        2.4959690917,
        2.5355105037,
        2.4983527567,
        2.4554428017,
        2.4564298277,
        2.4537202657,
        2.4081192337,
        2.5110860907,
        2.3950997027
      ],
      "exit_codes": [
        0,
        0,
        0,
        0,
        0,
        0,
        0,
        0,
        0,
        0
      ]
    },
    {
      "command": "pnpm",
      "mean": 1.1959877532000003,
      "stddev": 0.04762737581642754,
      "median": 1.1933525397000002,
      "user": 1.6291541799999998,
      "system": 0.43419154000000004,
      "min": 1.1282232227000002,
      "max": 1.2746444287,
      "times": [
        1.1282232227000002,
        1.1552636597000001,
        1.1383954677,
        1.2016407767000001,
        1.1663924997000001,
        1.2611330167,
        1.2281394317,
        1.2746444287,
        1.2209807257,
        1.1850643027
      ],
      "exit_codes": [
        0,
        0,
        0,
        0,
        0,
        0,
        0,
        0,
        0,
        0
      ]
    },
    {
      "command": "vlt",
      "mean": 0.2692542073,
      "stddev": 0.002511403204914343,
      "median": 0.2692381672,
      "user": 0.26421098,
      "system": 0.062158540000000005,
      "min": 0.2655027067,
      "max": 0.2744694587,
      "times": [
        0.2655027067,
        0.2665966367,
        0.2694832847,
        0.2674191517,
        0.2693389907,
        0.2683016357,
        0.2724166687,
        0.2698761957,
        0.2691373437,
        0.2744694587
      ],
      "exit_codes": [
        0,
        0,
        0,
        0,
        0,
        0,
        0,
        0,
        0,
        0
      ]
    },
    {
      "command": "bun",
      "mean": 0.41953505280000003,
      "stddev": 0.022131008171839727,
      "median": 0.4171453207,
      "user": 0.43718588,
      "system": 0.34500294,
      "min": 0.3906086297,
      "max": 0.4495003607,
      "times": [
        0.4495003607,
        0.4434877817,
        0.4183745847,
        0.3921575117,
        0.4341187787,
        0.3906086297,
        0.4493073057,
        0.40511161770000004,
        0.41591605670000004,
        0.3967679007
      ],
      "exit_codes": [
        0,
        0,
        0,
        0,
        0,
        0,
        0,
        0,
        0,
        0
      ]
    },
    {
      "command": "deno",
      "mean": 2.2857648961000003,
      "stddev": 0.25544791326631705,
      "median": 2.2341590427,
      "user": 0.8239638799999998,
      "system": 0.30503743999999994,
      "min": 1.9991422477000003,
      "max": 2.9223317777,
      "times": [
        2.3787709897,
        2.2451249666999997,
        2.0508510536999998,
        2.1432974547,
        2.2231931187,
        1.9991422477000003,
        2.3626886187,
        2.4515687207,
        2.0806800127,
        2.9223317777
      ],
      "exit_codes": [
        0,
        0,
        0,
        0,
        0,
        0,
        0,
        0,
        0,
        0
      ]
    }
  ]
}