{
  "results": [
    {
      "command": "npm",
      "mean": 3.0705248494000004,
      "stddev": 0.11546410064022558,
      "median": 3.0401734863999996,
      "user": 0.7580585599999999,
      "system": 0.13357652,
      "min": 2.9506701513999998,
      "max": 3.3426876254,
      "times": [
        3.0234147404,
        3.0546247913999998,
        2.9506701513999998,
        3.2098568554,
        3.0427890924,
        3.3426876254,
        3.1024152423999998,
        2.9795506564,
        3.0375578803999996,
        2.9616814583999997
      ],
      "exit_codes": [
        0,
        0,
        0,
        0,
        0,
        0,
        0,
        0,
        0,
        0
      ]
    },
    {
      "command": "snpm",
      "mean": 0.0976687657,
      "stddev": 0.0006019079361875943,
      "median": 0.0976394209,
      "user": 0.06828535999999999,
      "system": 0.03281852,
      "min": 0.09675360840000001,
      "max": 0.09879271240000001,
      "times": [
        0.0973123624,
        0.0974645424,
        0.09675360840000001,
        0.09689830640000001,
        0.0973180834,
        0.0978142994,
        0.0979739594,
        0.0981764074,
        0.09879271240000001,
        0.09818337540000001
      ],
      "exit_codes": [
        0,
        0,
        0,
        0,
        0,
        0,
        0,
        0,
        0,
        0
      ]
    },
    {
      "command": "yarn",
      "mean": 5.411324031200001,
      "stddev": 0.1852825799871145,
      "median": 5.3720315019000004,
      "user": 6.383692459999999,
      "system": 1.6321389199999998,
      "min": 5.1315168744,
      "max": 5.7897376644000005,
      "times": [
        5.3937223214,
        5.350340682400001,
        5.7897376644000005,
        5.2274731634,
        5.557879975400001,
        5.4207826474,
        5.616796460400001,
        5.2943815894,
        5.1315168744,
        5.330608933400001
      ],
      "exit_codes": [
        0,
        0,
        0,
        0,
        0,
        0,
        0,
        0,
        0,
        0
      ]
    },
    {
      "command": "berry",
      "mean": 2.7177524802999997,
      "stddev": 0.05125764236590589,
      "median": 2.7247287324,
      "user": 3.95393026,
      "system": 0.85993192,
      "min": 2.6554340544,
      "max": 2.8370936724,
      "times": [
        2.7292659644,
        2.8370936724,
        2.6653761994,
        2.7213860704,
        2.6686534894,
        2.7451767933999998,
        2.7280713944,
        2.6554340544,
        2.6822795224,
        2.7447876424
      ],
      "exit_codes": [
        0,
        0,
        0,
        0,
        0,
        0,
        0,
        0,
        0,
        0
      ]
    },
    {
      "command": "pnpm",
      "mean": 1.3489043679,
      "stddev": 0.0322543726730197,
      "median": 1.3481787444000002,
      "user": 1.6829527599999998,
      "system": 0.3113601199999999,
      "min": 1.3051656034,
      "max": 1.4278231164000001,
      "times": [
        1.3259041484,
        1.3667394724000002,
        1.3566682804,
        1.4278231164000001,
        1.3563671284,
        1.3344797224,
        1.3051656034,
        1.3575963294,
        1.3183095174000001,
        1.3399903604
      ],
      "exit_codes": [
        0,
        0,
        0,
        0,
        0,
        0,
        0,
        0,
        0,
        0
      ]
    },
    {
      "command": "vlt",
      "mean": 0.25561072590000006,
      "stddev": 0.0035926448902999122,
      "median": 0.2554037734,
      "user": 0.27205836,
      "system": 0.044722319999999996,
      "min": 0.25098630340000005,
      "max": 0.26324513540000005,
      "times": [
        0.25890721540000006,
        0.25840720840000003,
        0.25599066740000004,
        0.26324513540000005,
        0.2552348264,
        0.2555727204,
        0.25118236740000005,
        0.25344710540000004,
        0.25098630340000005,
        0.2531337094
      ],
      "exit_codes": [
        0,
        0,
        0,
        0,
        0,
        0,
        0,
        0,
        0,
        0
      ]
    },
    {
      "command": "bun",
      "mean": 0.5471245056,
      "stddev": 0.043805558287713264,
      "median": 0.5559762339000001,
      "user": 0.44949226,
      "system": 0.24396652,
      "min": 0.4665778634,
      "max": 0.6001972894,
      "times": [
        0.5977316144,
        0.5010625154,
        0.5198987394,
        0.4665778634,
        0.5602976734,
        0.5765047754,
        0.5516547944,
        0.5074361904,
        0.6001972894,
        0.5898836004
      ],
      "exit_codes": [
        0,
        0,
        0,
        0,
        0,
        0,
        0,
        0,
        0,
        0
      ]
    },
    {
      "command": "deno",
      "mean": 2.0658526283,
      "stddev": 0.1167497990521247,
      "median": 2.0398448053999996,
      "user": 0.8736516599999999,
      "system": 0.21297661999999998,
      "min": 1.9189993494000002,
      "max": 2.3132198903999996,
      "times": [
        2.0303940874,
        1.9189993494000002,
        1.9540098404000001,
        2.1003268243999997,
        2.0212789674,
        2.2150102543999997,
        1.9530995414,
        2.3132198903999996,
        2.1028920043999997,
        2.0492955233999997
      ],
      "exit_codes": [
        0,
        0,
        0,
        0,
        0,
        0,
        0,
        0,
        0,
        0
      ]
    }
  ]
}