{
  "results": [
    {
      "command": "npm",
      "mean": 3.6992778749399995,
      "stddev": 0.21413030924766707,
      "median": 3.7059290833399996,
      "user": 1.0908997,
      "system": 0.21425168,
      "min": 3.4176336038399997,
      "max": 4.03145540984,
      "times": [
        3.9732341328399996,
        3.6685549738399996,
        3.8851000498399997,
        3.4176336038399997,
        3.81714091884,
        4.03145540984,
        3.7433031928399996,
        3.52765833984,
        3.5008209128399996,
        3.4278772148399996
      ],
      "exit_codes": [
        0,
        0,
        0,
        0,
        0,
        0,
        0,
        0,
        0,
        0
      ]
    },
    {
      "command": "snpm",
      "mean": 0.22506183394000004,
      "stddev": 0.0011564818864838666,
      "median": 0.22519115834000003,
      "user": 0.11219359999999998,
      "system": 0.12018787999999998,
      "min": 0.22320540484,
      "max": 0.22656574084,
      "times": [
        0.22558042784000001,
        0.22630765084,
        0.22570387184000001,
        0.22480188884000002,
        0.22362197784,
        0.22630892184,
        0.22320540484,
        0.22473835384000002,
        0.22656574084,
        0.22378410084000003
      ],
      "exit_codes": [
        0,
        0,
        0,
        0,
        0,
        0,
        0,
        0,
        0,
        0
      ]
    },
    {
      "command": "yarn",
      "mean": 11.96424123664,
      "stddev": 0.08796428778621156,
      "median": 11.956109848839999,
      "user": 15.325528999999998,
      "system": 8.62177168,
      "min": 11.87175282784,
      "max": 12.104852873839999,
      "times": [
        11.878948097839999,
        12.104852873839999,
        11.872432525839999,
        12.01680782684,
        12.10151848784,
        12.00383434084,
        11.87175282784,
        11.88004568784,
        11.994519669839999,
        11.917700027839999
      ],
      "exit_codes": [
        0,
        0,
        0,
        0,
        0,
        0,
        0,
        0,
        0,
        0
      ]
    },
    {
      "command": "berry",
      "mean": 3.4070938576400005,
      "stddev": 0.023450626709702313,
      "median": 3.4029759193399998,
      "user": 6.522880000000001,
      "system": 1.4248347799999999,
      "min": 3.37222969684,
      "max": 3.4467007218399996,
      "times": [
        3.4292902168399997,
        3.4467007218399996,
        3.39042054884,
        3.4330014308399996,
        3.42317042584,
        3.3839883718399997,
        3.38618532484,
        3.37222969684,
        3.40519227884,
        3.4007595598399996
      ],
      "exit_codes": [
        0,
        0,
        0,
        0,
        0,
        0,
        0,
        0,
        0,
        0
      ]
    },
    {
      "command": "pnpm",
      "mean": 2.3432008902400003,
      "stddev": 0.0804159183514328,
      "median": 2.32149342734,
      "user": 3.7963613999999994,
      "system": 1.19318798,
      "min": 2.25918097384,
      "max": 2.52220948684,
      "times": [
        2.2943130798399998,
        2.32340339084,
        2.52220948684,
        2.25918097384,
        2.46676111084,
        2.2835675858399997,
        2.32383579384,
        2.28867723684,
        2.3504767798399997,
        2.31958346384
      ],
      "exit_codes": [
        0,
        0,
        0,
        0,
        0,
        0,
        0,
        0,
        0,
        0
      ]
    },
    {
      "command": "vlt",
      "mean": 0.32418548564,
      "stddev": 0.0050483327602869445,
      "median": 0.32310433634,
      "user": 0.33666229999999997,
      "system": 0.07111938,
      "min": 0.31801954784,
      "max": 0.33816089784000003,
      "times": [
        0.32521791584000004,
        0.32128665884,
        0.32213034984,
        0.32197582784,
        0.31801954784,
        0.32490414084,
        0.32395084484000003,
        0.32296092684,
        0.33816089784000003,
        0.32324774584000004
      ],
      "exit_codes": [
        0,
        0,
        0,
        0,
        0,
        0,
        0,
        0,
        0,
        0
      ]
    },
    {
      "command": "bun",
      "mean": 1.00052889864,
      "stddev": 0.06307658721707464,
      "median": 0.97831315634,
      "user": 0.8719255,
      "system": 1.00782318,
      "min": 0.9271270208400001,
      "max": 1.12197758984,
      "times": [
        0.93072712684,
        1.05249108884,
        1.05812051884,
        0.9487629468400001,
        0.9271270208400001,
        0.95542465584,
        0.9882139038400001,
        1.05403172584,
        0.96841240884,
        1.12197758984
      ],
      "exit_codes": [
        0,
        0,
        0,
        0,
        0,
        0,
        0,
        0,
        0,
        0
      ]
    },
    {
      "command": "deno",
      "mean": 5.04367391424,
      "stddev": 0.4000100347106688,
      "median": 5.008926621840001,
      "user": 1.6104765,
      "system": 0.37897538000000003,
      "min": 4.38508866184,
      "max": 5.64130496884,
      "times": [
        5.358959903840001,
        4.38508866184,
        4.83852668984,
        4.75274092484,
        4.5799692938400005,
        5.2712187228400005,
        4.924703661840001,
        5.64130496884,
        5.59107673284,
        5.0931495818400006
      ],
      "exit_codes": [
        0,
        0,
        0,
        0,
        0,
        0,
        0,
        0,
        0,
        0
      ]
    }
  ]
}