{
  "results": [
    {
      "command": "npm",
      "mean": 5.522113643479999,
      "stddev": 0.013545308941337339,
      "median": 5.51804497498,
      "user": 5.399057,
      "system": 3.32485764,
      "min": 5.50431025098,
      "max": 5.54350823298,
      "times": [
        5.50431025098,
        5.5360290459799995,
        5.50911575198,
        5.51475618798,
        5.50761497998,
        5.54058744498,
        5.5291245899799994,
        5.51585467198,
        5.5202352779799995,
        5.54350823298
      ],
      "exit_codes": [
        0,
        0,
        0,
        0,
        0,
        0,
        0,
        0,
        0,
        0
      ]
    },
    {
      "command": "snpm",
      "mean": 0.10618165718000001,
      "stddev": 0.002064002909226041,
      "median": 0.10514210148,
      "user": 0.025034,
      "system": 0.08328194,
      "min": 0.10360019098,
      "max": 0.10960835698,
      "times": [
        0.10585417598,
        0.10960835698,
        0.10360019098,
        0.10473937498000001,
        0.10910328298000001,
        0.10483484798,
        0.10501348698,
        0.10895062798,
        0.10527071598,
        0.10484151098
      ],
      "exit_codes": [
        0,
        0,
        0,
        0,
        0,
        0,
        0,
        0,
        0,
        0
      ]
    },
    {
      "command": "yarn",
      "mean": 11.08629423628,
      "stddev": 0.06986206337571801,
      "median": 11.067617895480002,
      "user": 14.839845699999998,
      "system": 8.724502339999999,
      "min": 10.98623911798,
      "max": 11.24237881298,
      "times": [
        11.154035227980001,
        11.060041035980001,
        11.071164447980001,
        11.06407134298,
        11.13552567498,
        11.24237881298,
        11.07274505398,
        11.06319213998,
        10.98623911798,
        11.01354950798
      ],
      "exit_codes": [
        0,
        0,
        0,
        0,
        0,
        0,
        0,
        0,
        0,
        0
      ]
    },
    {
      "command": "berry",
      "mean": 4.39863200878,
      "stddev": 0.03949734347346611,
      "median": 4.39317423298,
      "user": 7.3134507,
      "system": 2.54116904,
      "min": 4.339923960979999,
      "max": 4.47008300498,
      "times": [
        4.391028986979999,
        4.38858693398,
        4.431182253979999,
        4.4413604929799995,
        4.395319478979999,
        4.3749074619799995,
        4.339923960979999,
        4.412260477979999,
        4.47008300498,
        4.3416670349799995
      ],
      "exit_codes": [
        0,
        0,
        0,
        0,
        0,
        0,
        0,
        0,
        0,
        0
      ]
    },
    {
      "command": "pnpm",
      "mean": 2.27842988408,
      "stddev": 0.03094706168760668,
      "median": 2.27093445248,
      "user": 3.7758524,
      "system": 1.5773886400000001,
      "min": 2.2283914669800002,
      "max": 2.33125476898,
      "times": [
        2.24280365298,
        2.30360523598,
        2.27473654498,
        2.2283914669800002,
        2.31125496298,
        2.3024444339800003,
        2.26108902798,
        2.2615863859800003,
        2.26713235998,
        2.33125476898
      ],
      "exit_codes": [
        0,
        0,
        0,
        0,
        0,
        0,
        0,
        0,
        0,
        0
      ]
    },
    {
      "command": "vlt",
      "mean": 2.76463700378,
      "stddev": 0.027455680400177828,
      "median": 2.76621988848,
      "user": 3.4395484999999995,
      "system": 1.8811048399999997,
      "min": 2.71103618398,
      "max": 2.8030204749800003,
      "times": [
        2.71103618398,
        2.7478377879800004,
        2.74516878298,
        2.7725757319800004,
        2.8030204749800003,
        2.80261031798,
        2.7774997199800002,
        2.75986404498,
        2.74295564698,
        2.78380134598
      ],
      "exit_codes": [
        0,
        0,
        0,
        0,
        0,
        0,
        0,
        0,
        0,
        0
      ]
    },
    {
      "command": "bun",
      "mean": 0.5551412951800001,
      "stddev": 0.020107709267006477,
      "median": 0.55368729898,
      "user": 0.5247031999999999,
      "system": 1.06013634,
      "min": 0.52978412998,
      "max": 0.5903454729800001,
      "times": [
        0.52978412998,
        0.55508804698,
        0.58816979898,
        0.53768636198,
        0.56330138898,
        0.5903454729800001,
        0.56062729298,
        0.55228655098,
        0.53522318498,
        0.53890072298
      ],
      "exit_codes": [
        0,
        0,
        0,
        0,
        0,
        0,
        0,
        0,
        0,
        0
      ]
    },
    {
      "command": "deno",
      "mean": 5.431539069279999,
      "stddev": 0.5394792195772591,
      "median": 5.402242190979999,
      "user": 1.8358377999999997,
      "system": 1.4949822399999997,
      "min": 4.38291478698,
      "max": 6.27350501498,
      "times": [
        5.5734497009799995,
        4.38291478698,
        5.2444099369799995,
        5.09586739498,
        5.9959730989799995,
        6.01902406598,
        6.27350501498,
        5.00225404298,
        5.56007444498,
        5.167918204979999
      ],
      "exit_codes": [
        0,
        0,
        0,
        0,
        0,
        0,
        0,
        0,
        0,
        0
      ]
    }
  ]
}