{
  "results": [
    {
      "command": "npm",
      "mean": 0.96973389048,
      "stddev": 0.012140030379854365,
      "median": 0.9687928961800001,
      "user": 1.0427586999999998,
      "system": 0.19077666,
      "min": 0.9497809061800001,
      "max": 0.9943276521800001,
      "times": [
        0.9716581321800001,
        0.9943276521800001,
        0.9643621281800001,
        0.9687733141800001,
        0.96881247818,
        0.96542969718,
        0.9497809061800001,
        0.9816887271800001,
        0.97745159818,
        0.9550542711800001
      ],
      "exit_codes": [
        0,
        0,
        0,
        0,
        0,
        0,
        0,
        0,
        0,
        0
      ]
    },
    {
      "command": "snpm",
      "mean": 0.6179402298800001,
      "stddev": 0.014253027041238774,
      "median": 0.61073019868,
      "user": 0.3882358,
      "system": 0.23612615999999997,
      "min": 0.60282390218,
      "max": 0.64145291118,
      "times": [
        0.6057077511800001,
        0.6260472931800001,
        0.6076367821800001,
        0.6046402241800001,
        0.6088412561800001,
        0.60282390218,
        0.64145291118,
        0.61261914118,
        0.6288581001800001,
        0.64077493718
      ],
      "exit_codes": [
        0,
        0,
        0,
        0,
        0,
        0,
        0,
        0,
        0,
        0
      ]
    },
    {
      "command": "yarn",
      "mean": 6.856326194079999,
      "stddev": 1.0714816768603188,
      "median": 6.49680085368,
      "user": 3.9294421000000006,
      "system": 1.54377616,
      "min": 6.1573390231800005,
      "max": 10.00710412118,
      "times": [
        10.00710412118,
        6.30961619518,
        6.348020555180001,
        6.76914830518,
        6.55790034118,
        6.43570136618,
        6.90284938718,
        6.65779596218,
        6.1573390231800005,
        6.41778668418
      ],
      "exit_codes": [
        0,
        0,
        0,
        0,
        0,
        0,
        0,
        0,
        0,
        0
      ]
    },
    {
      "command": "berry",
      "mean": 2.92546038198,
      "stddev": 0.19554906613971726,
      "median": 2.86248921418,
      "user": 3.5251620000000004,
      "system": 0.6592749600000001,
      "min": 2.81067451318,
      "max": 3.5033033211799998,
      "times": [
        2.8636063581799998,
        2.8326301091799997,
        2.81067451318,
        2.8293577971799997,
        2.86137207018,
        2.9237162931799996,
        2.8691525851799997,
        2.84652505418,
        3.5033033211799998,
        2.91426571818
      ],
      "exit_codes": [
        0,
        0,
        0,
        0,
        0,
        0,
        0,
        0,
        0,
        0
      ]
    },
    {
      "command": "pnpm",
      "mean": 1.2423551731800002,
      "stddev": 0.05447636691125997,
      "median": 1.23464819368,
      "user": 1.7113445999999999,
      "system": 0.33187205999999997,
      "min": 1.15257605618,
      "max": 1.35330115318,
      "times": [
        1.23019110318,
        1.15257605618,
        1.19479360318,
        1.20503507718,
        1.2431076191800001,
        1.31092626818,
        1.35330115318,
        1.23910528418,
        1.22797834018,
        1.26653722718
      ],
      "exit_codes": [
        0,
        0,
        0,
        0,
        0,
        0,
        0,
        0,
        0,
        0
      ]
    },
    {
      "command": "vlt",
      "mean": 0.33857488288000004,
      "stddev": 0.005466796036368433,
      "median": 0.33762183868000006,
      "user": 0.35641139999999993,
      "system": 0.07635935999999999,
      "min": 0.33049626818000005,
      "max": 0.34847708618000006,
      "times": [
        0.33513564818,
        0.33783000518000006,
        0.33049626818000005,
        0.33230986518000005,
        0.34641902818000003,
        0.34047593918,
        0.33564494518000004,
        0.34847708618000006,
        0.34154637118000003,
        0.33741367218
      ],
      "exit_codes": [
        0,
        0,
        0,
        0,
        0,
        0,
        0,
        0,
        0,
        0
      ]
    },
    {
      "command": "bun",
      "mean": 0.04054175168,
      "stddev": 0.0021232365164812537,
      "median": 0.03979508868,
      "user": 0.008188400000000002,
      "system": 0.037933060000000005,
      "min": 0.03857827718,
      "max": 0.04489252818,
      "times": [
        0.03984800918,
        0.03857827718,
        0.03885181218,
        0.03987392518,
        0.03888546718,
        0.03952149018,
        0.04489252818,
        0.04427308518,
        0.04095075418,
        0.03974216818
      ],
      "exit_codes": [
        0,
        0,
        0,
        0,
        0,
        0,
        0,
        0,
        0,
        0
      ]
    },
    {
      "command": "deno",
      "mean": 0.86619074378,
      "stddev": 0.01716388283441685,
      "median": 0.86476518518,
      "user": 1.3172918,
      "system": 0.34719596,
      "min": 0.8461670181800001,
      "max": 0.9051537461800001,
      "times": [
        0.8632095431800001,
        0.8763882871800001,
        0.84789157118,
        0.8700149061800001,
        0.8461670181800001,
        0.86632082718,
        0.8474762641800001,
        0.9051537461800001,
        0.85988347718,
        0.8794017971800001
      ],
      "exit_codes": [
        0,
        0,
        0,
        0,
        0,
        0,
        0,
        0,
        0,
        0
      ]
    }
  ]
}