{
  "results": [
    {
      "command": "npm",
      "mean": 0.33616581990000005,
      "stddev": 0.0030265646018681667,
      "median": 0.33576870220000005,
      "user": 0.34770104,
      "system": 0.07921648,
      "min": 0.33233071470000003,
      "max": 0.34187734970000005,
      "times": [
        0.34187734970000005,
        0.3340784077,
        0.33446189070000004,
        0.3395216387000001,
        0.33707551370000005,
        0.33858345470000006,
        0.33314393570000006,
        0.33324081870000005,
        0.33734447470000006,
        0.33233071470000003
      ],
      "exit_codes": [
        0,
        0,
        0,
        0,
        0,
        0,
        0,
        0,
        0,
        0
      ]
    },
    {
      "command": "snpm",
      "mean": 0.028630122599999995,
      "stddev": 0.00023998107959855873,
      "median": 0.0286410552,
      "user": 0.01769984,
      "system": 0.013280979999999998,
      "min": 0.0282614077,
      "max": 0.0290355967,
      "times": [
        0.0288082837,
        0.0288603637,
        0.0286519247,
        0.0283302687,
        0.0282614077,
        0.0283989547,
        0.0288119917,
        0.0290355967,
        0.0285122487,
        0.0286301857
      ],
      "exit_codes": [
        0,
        0,
        0,
        0,
        0,
        0,
        0,
        0,
        0,
        0
      ]
    },
    {
      "command": "yarn",
      "mean": 0.24151978929999998,
      "stddev": 0.004928022536110658,
      "median": 0.24093889770000002,
      "user": 0.21103684,
      "system": 0.05631328,
      "min": 0.2356759387,
      "max": 0.25437776170000004,
      "times": [
        0.2356759387,
        0.24096968270000002,
        0.24117637970000003,
        0.24200275470000002,
        0.2376600727,
        0.23763051770000002,
        0.25437776170000004,
        0.2447200307,
        0.2409081127,
        0.2400766417
      ],
      "exit_codes": [
        0,
        0,
        0,
        0,
        0,
        0,
        0,
        0,
        0,
        0
      ]
    },
    {
      "command": "berry",
      "mean": 2.1699448931,
      "stddev": 0.038430738891039644,
      "median": 2.1793018882,
      "user": 3.5153019399999996,
      "system": 0.9372041799999999,
      "min": 2.0932749137,
      "max": 2.2291227277,
      "times": [
        2.2000054607,
        2.0932749137,
        2.2291227277,
        2.1938865657,
        2.2020061467,
        2.1478468047,
        2.1740937977,
        2.1419218367,
        2.1845099787,
        2.1327806987
      ],
      "exit_codes": [
        0,
        0,
        0,
        0,
        0,
        0,
        0,
        0,
        0,
        0
      ]
    },
    {
      "command": "pnpm",
      "mean": 0.6383948219000002,
      "stddev": 0.02484895580538471,
      "median": 0.6315475082,
      "user": 0.76749934,
      "system": 0.13974248,
      "min": 0.6067756327,
      "max": 0.6887568457000001,
      "times": [
        0.6067756327,
        0.6155302677000001,
        0.6360476927000001,
        0.6261191177000001,
        0.6785349217000001,
        0.6451439667000001,
        0.6887568457000001,
        0.6239447577,
        0.6311901717,
        0.6319048447000001
      ],
      "exit_codes": [
        0,
        0,
        0,
        0,
        0,
        0,
        0,
        0,
        0,
        0
      ]
    },
    {
      "command": "vlt",
      "mean": 0.27788590530000007,
      "stddev": 0.004678516527554423,
      "median": 0.27958383370000006,
      "user": 0.27825953999999997,
      "system": 0.05893798,
      "min": 0.2694687767,
      "max": 0.2830784357,
      "times": [
        0.28224694870000006,
        0.28141731470000003,
        0.2729871817,
        0.2715185077,
        0.28199689270000006,
        0.2830784357,
        0.2694687767,
        0.28046482570000003,
        0.27870284170000004,
        0.27697732770000005
      ],
      "exit_codes": [
        0,
        0,
        0,
        0,
        0,
        0,
        0,
        0,
        0,
        0
      ]
    },
    {
      "command": "bun",
      "mean": 0.006261154700000002,
      "stddev": 0.00052534280574897,
      "median": 0.006211990700000001,
      "user": 0.00438974,
      "system": 0.00554368,
      "min": 0.0056777997000000005,
      "max": 0.0070662917,
      "times": [
        0.006503453700000001,
        0.005920527700000001,
        0.006701832700000001,
        0.005742441700000001,
        0.0070662917,
        0.005758140700000001,
        0.0069851277000000005,
        0.006528382700000001,
        0.0057275487000000005,
        0.0056777997000000005
      ],
      "exit_codes": [
        0,
        0,
        0,
        0,
        0,
        0,
        0,
        0,
        0,
        0
      ]
    },
    {
      "command": "deno",
      "mean": 0.039132223,
      "stddev": 0.0018823321627837127,
      "median": 0.0384380592,
      "user": 0.02244674,
      "system": 0.020707879999999998,
      "min": 0.0372742697,
      "max": 0.0438621307,
      "times": [
        0.0379742587,
        0.0372742697,
        0.0399923737,
        0.037565448700000004,
        0.039849647700000004,
        0.0402308357,
        0.0388426487,
        0.0376971467,
        0.0438621307,
        0.0380334697
      ],
      "exit_codes": [
        0,
        0,
        0,
        0,
        0,
        0,
        0,
        0,
        0,
        0
      ]
    }
  ]
}