{
  "results": [
    {
      "command": "npm",
      "mean": 0.5617579236,
      "stddev": 0.005819909435405758,
      "median": 0.5593685649000001,
      "user": 0.60726278,
      "system": 0.13628504,
      "min": 0.5550445059000001,
      "max": 0.5721555509,
      "times": [
        0.5591911599000001,
        0.5666609369000001,
        0.5595459699,
        0.5550445059000001,
        0.5721555509,
        0.5585567009000001,
        0.5564797899,
        0.5598031239000001,
        0.5585081699000001,
        0.5716333279000001
      ],
      "exit_codes": [
        0,
        0,
        0,
        0,
        0,
        0,
        0,
        0,
        0,
        0
      ]
    },
    {
      "command": "snpm",
      "mean": 0.10726223270000002,
      "stddev": 0.0012795298913140566,
      "median": 0.1073556809,
      "user": 0.06317888,
      "system": 0.04753034,
      "min": 0.1053065849,
      "max": 0.11039809390000001,
      "times": [
        0.10676486190000001,
        0.1078284399,
        0.10732027290000001,
        0.10745102590000001,
        0.10758889690000001,
        0.1053065849,
        0.11039809390000001,
        0.10608715390000001,
        0.1073910889,
        0.10648590790000001
      ],
      "exit_codes": [
        0,
        0,
        0,
        0,
        0,
        0,
        0,
        0,
        0,
        0
      ]
    },
    {
      "command": "yarn",
      "mean": 1.9751070547999998,
      "stddev": 0.11191965492133485,
      "median": 1.9795082669,
      "user": 0.96418698,
      "system": 0.32530773999999996,
      "min": 1.8336455629000001,
      "max": 2.2177990749,
      "times": [
        1.8336455629000001,
        2.0935937049,
        2.2177990749,
        1.8669315649,
        1.8410636809,
        1.9397567339000001,
        1.9913765429,
        1.9769533719,
        1.9820631619,
        2.0078871488999996
      ],
      "exit_codes": [
        0,
        0,
        0,
        0,
        0,
        0,
        0,
        0,
        0,
        0
      ]
    },
    {
      "command": "berry",
      "mean": 1.2685911838000001,
      "stddev": 0.04159093457395698,
      "median": 1.2740774629000002,
      "user": 1.3656511799999997,
      "system": 0.25368464,
      "min": 1.1812418709,
      "max": 1.3388021149,
      "times": [
        1.1812418709,
        1.2447783009,
        1.2474379219,
        1.2372439369000001,
        1.2985609519,
        1.2650261279000001,
        1.2838787419,
        1.2831287979000001,
        1.3058130729000001,
        1.3388021149
      ],
      "exit_codes": [
        0,
        0,
        0,
        0,
        0,
        0,
        0,
        0,
        0,
        0
      ]
    },
    {
      "command": "pnpm",
      "mean": 0.6840126555000001,
      "stddev": 0.01634325916274691,
      "median": 0.6793492559000001,
      "user": 0.93417428,
      "system": 0.15505374,
      "min": 0.6696374449000001,
      "max": 0.7280102189000001,
      "times": [
        0.6735670239000001,
        0.6728054789000001,
        0.6813731999000001,
        0.7280102189000001,
        0.6799780179000001,
        0.6696374449000001,
        0.6800328939000001,
        0.6781273319000001,
        0.6978744509000001,
        0.6787204939000001
      ],
      "exit_codes": [
        0,
        0,
        0,
        0,
        0,
        0,
        0,
        0,
        0,
        0
      ]
    },
    {
      "command": "vlt",
      "mean": 0.2695451253,
      "stddev": 0.004126334095252939,
      "median": 0.26843580840000003,
      "user": 0.26975438,
      "system": 0.05535564,
      "min": 0.2640292949,
      "max": 0.2785472319,
      "times": [
        0.2661679109,
        0.2699584339,
        0.2658942139,
        0.2640292949,
        0.2684433729,
        0.2719903079,
        0.26842824390000003,
        0.2677367129,
        0.2785472319,
        0.2742555299
      ],
      "exit_codes": [
        0,
        0,
        0,
        0,
        0,
        0,
        0,
        0,
        0,
        0
      ]
    },
    {
      "command": "bun",
      "mean": 0.010783628100000001,
      "stddev": 0.0004881310261410966,
      "median": 0.010622032900000002,
      "user": 0.005674879999999999,
      "system": 0.010790240000000001,
      "min": 0.0104582669,
      "max": 0.0121882849,
      "times": [
        0.010726896900000001,
        0.0106106589,
        0.0104993069,
        0.0121882849,
        0.010547052900000001,
        0.0104665719,
        0.0104582669,
        0.0108288119,
        0.0108770229,
        0.010633406900000001
      ],
      "exit_codes": [
        0,
        0,
        0,
        0,
        0,
        0,
        0,
        0,
        0,
        0
      ]
    },
    {
      "command": "deno",
      "mean": 0.18178818440000005,
      "stddev": 0.002996107119823292,
      "median": 0.18153398690000003,
      "user": 0.23993848000000004,
      "system": 0.09640594,
      "min": 0.17710340590000004,
      "max": 0.18732007990000002,
      "times": [
        0.18732007990000002,
        0.18660725190000002,
        0.18179030890000003,
        0.18209591690000002,
        0.17840288890000003,
        0.18068279790000003,
        0.18081007390000003,
        0.18127766490000002,
        0.18179145490000004,
        0.17710340590000004
      ],
      "exit_codes": [
        0,
        0,
        0,
        0,
        0,
        0,
        0,
        0,
        0,
        0
      ]
    }
  ]
}