{
  "results": [
    {
      "command": "npm",
      "mean": 0.6149994017,
      "stddev": 0.005102660306980678,
      "median": 0.6140356028,
      "user": 0.6936608400000001,
      "system": 0.11184696000000001,
      "min": 0.6092399783,
      "max": 0.6238868393,
      "times": [
        0.6238868393,
        0.6106444373000001,
        0.6097362053000001,
        0.6092399783,
        0.6163627473000001,
        0.6100386333000001,
        0.6202974183000001,
        0.6141623363000001,
        0.6139088693,
        0.6217165523
      ],
      "exit_codes": [
        0,
        0,
        0,
        0,
        0,
        0,
        0,
        0,
        0,
        0
      ]
    },
    {
      "command": "snpm",
      "mean": 0.034391297,
      "stddev": 0.0004763428704754701,
      "median": 0.0343124888,
      "user": 0.022456740000000003,
      "system": 0.01422836,
      "min": 0.0335502953,
      "max": 0.0351695183,
      "times": [
        0.0335502953,
        0.0341935663,
        0.0342779223,
        0.0348449593,
        0.0350002803,
        0.0345200233,
        0.0340754223,
        0.0343470553,
        0.0351695183,
        0.0339339273
      ],
      "exit_codes": [
        0,
        0,
        0,
        0,
        0,
        0,
        0,
        0,
        0,
        0
      ]
    },
    {
      "command": "yarn",
      "mean": 0.31493502959999997,
      "stddev": 0.004820197593753694,
      "median": 0.3147060458,
      "user": 0.35275224000000005,
      "system": 0.06381136,
      "min": 0.3085188373,
      "max": 0.32379423630000004,
      "times": [
        0.3167216163,
        0.3150335883,
        0.3118541333,
        0.3108591283,
        0.3143785033,
        0.3087991063,
        0.32379423630000004,
        0.31947347730000003,
        0.31991766930000004,
        0.3085188373
      ],
      "exit_codes": [
        0,
        0,
        0,
        0,
        0,
        0,
        0,
        0,
        0,
        0
      ]
    },
    {
      "command": "berry",
      "mean": 3.933932101,
      "stddev": 0.04035191517011608,
      "median": 3.9334275813,
      "user": 7.593203040000001,
      "system": 1.9988929599999998,
      "min": 3.8677849733,
      "max": 3.9883904593,
      "times": [
        3.9726741973,
        3.9671394443000003,
        3.9883904593,
        3.8677849733,
        3.8810461853000002,
        3.9004268073,
        3.9776085493,
        3.9173952313,
        3.9225463233,
        3.9443088393
      ],
      "exit_codes": [
        0,
        0,
        0,
        0,
        0,
        0,
        0,
        0,
        0,
        0
      ]
    },
    {
      "command": "pnpm",
      "mean": 0.7320217187000001,
      "stddev": 0.02074124837807937,
      "median": 0.7248490548000001,
      "user": 0.9113319399999998,
      "system": 0.17528055999999997,
      "min": 0.7039771853000001,
      "max": 0.7665863093,
      "times": [
        0.7522397063,
        0.7570078093,
        0.7039771853000001,
        0.7179258433000001,
        0.7665863093,
        0.7457553383000001,
        0.7199273663000001,
        0.7287301443,
        0.7070995193,
        0.7209679653000001
      ],
      "exit_codes": [
        0,
        0,
        0,
        0,
        0,
        0,
        0,
        0,
        0,
        0
      ]
    },
    {
      "command": "vlt",
      "mean": 0.3592696921,
      "stddev": 0.005382296361069701,
      "median": 0.35969634930000005,
      "user": 0.39031794,
      "system": 0.07925195999999998,
      "min": 0.34975516630000003,
      "max": 0.36809989130000004,
      "times": [
        0.34975516630000003,
        0.35375593330000005,
        0.36809989130000004,
        0.3533643363,
        0.3578706513,
        0.3634382593,
        0.3600544873,
        0.35933821130000004,
        0.3634739283,
        0.36354605630000003
      ],
      "exit_codes": [
        0,
        0,
        0,
        0,
        0,
        0,
        0,
        0,
        0,
        0
      ]
    },
    {
      "command": "bun",
      "mean": 0.015147080500000003,
      "stddev": 0.0012433442338966962,
      "median": 0.014559853800000001,
      "user": 0.008356939999999998,
      "system": 0.01280906,
      "min": 0.0141779083,
      "max": 0.018173270300000002,
      "times": [
        0.0142383493,
        0.0146511533,
        0.0143567793,
        0.014403696300000001,
        0.0141779083,
        0.014610760300000001,
        0.0145089473,
        0.0157844393,
        0.018173270300000002,
        0.016565501300000004
      ],
      "exit_codes": [
        0,
        0,
        0,
        0,
        0,
        0,
        0,
        0,
        0,
        0
      ]
    },
    {
      "command": "deno",
      "mean": 0.1275427382,
      "stddev": 0.005336892190246596,
      "median": 0.12803506330000003,
      "user": 0.03253814,
      "system": 0.027128259999999998,
      "min": 0.1203918293,
      "max": 0.1371013413,
      "times": [
        0.1218543853,
        0.1297959393,
        0.1281696153,
        0.1231081323,
        0.1339402253,
        0.1220039663,
        0.12790051130000002,
        0.1203918293,
        0.1371013413,
        0.13116143630000002
      ],
      "exit_codes": [
        0,
        0,
        0,
        0,
        0,
        0,
        0,
        0,
        0,
        0
      ]
    }
  ]
}