{
  "results": [
    {
      "command": "npm",
      "mean": 8.92901506368,
      "stddev": 0.03250540043937036,
      "median": 8.933109805379999,
      "user": 11.211782759999998,
      "system": 3.21705532,
      "min": 8.86662485288,
      "max": 8.98215023988,
      "times": [
        8.86662485288,
        8.95225727888,
        8.92855826588,
        8.90234018588,
        8.93766134488,
        8.905593078879999,
        8.98215023988,
        8.94891462288,
        8.96083420888,
        8.90521655788
      ],
      "exit_codes": [
        0,
        0,
        0,
        0,
        0,
        0,
        0,
        0,
        0,
        0
      ]
    },
    {
      "command": "snpm",
      "mean": 0.5802970219800001,
      "stddev": 0.003342354619692513,
      "median": 0.57943338488,
      "user": 0.36821895999999993,
      "system": 0.22215011999999995,
      "min": 0.5752418718800001,
      "max": 0.58599517588,
      "times": [
        0.58021056488,
        0.5768192868800001,
        0.57806074488,
        0.5752418718800001,
        0.57856405288,
        0.5852333618800001,
        0.58191815088,
        0.58599517588,
        0.58227080488,
        0.57865620488
      ],
      "exit_codes": [
        0,
        0,
        0,
        0,
        0,
        0,
        0,
        0,
        0,
        0
      ]
    },
    {
      "command": "yarn",
      "mean": 9.82835492278,
      "stddev": 0.8118517276523551,
      "median": 9.70882500888,
      "user": 4.75196446,
      "system": 3.3103506200000004,
      "min": 8.80378616888,
      "max": 11.592321326879999,
      "times": [
        10.81242877788,
        11.592321326879999,
        9.80311267988,
        8.80378616888,
        9.53326304488,
        9.61453733788,
        9.26508541888,
        10.113003381879999,
        8.865612905879999,
        9.880398184879999
      ],
      "exit_codes": [
        0,
        0,
        0,
        0,
        0,
        0,
        0,
        0,
        0,
        0
      ]
    },
    {
      "command": "berry",
      "mean": 4.287795060980001,
      "stddev": 0.03651577518956248,
      "median": 4.29222222238,
      "user": 5.939611459999999,
      "system": 1.76662772,
      "min": 4.22610851588,
      "max": 4.352411360880001,
      "times": [
        4.32767568888,
        4.352411360880001,
        4.25797927388,
        4.22610851588,
        4.2653370098800005,
        4.291981150880001,
        4.29246329388,
        4.30072430388,
        4.249329131880001,
        4.3139408798800005
      ],
      "exit_codes": [
        0,
        0,
        0,
        0,
        0,
        0,
        0,
        0,
        0,
        0
      ]
    },
    {
      "command": "pnpm",
      "mean": 3.31170763488,
      "stddev": 0.07392153235765177,
      "median": 3.3076165288799997,
      "user": 4.290269859999999,
      "system": 1.37145452,
      "min": 3.22762990888,
      "max": 3.50179420388,
      "times": [
        3.3391861978799997,
        3.30861555288,
        3.50179420388,
        3.3104468478799998,
        3.22762990888,
        3.24449307588,
        3.3066175048799997,
        3.30490680088,
        3.33585780488,
        3.2375284508799997
      ],
      "exit_codes": [
        0,
        0,
        0,
        0,
        0,
        0,
        0,
        0,
        0,
        0
      ]
    },
    {
      "command": "vlt",
      "mean": 2.05350929278,
      "stddev": 0.02381057261187393,
      "median": 2.04723923338,
      "user": 2.45691716,
      "system": 1.6931285200000001,
      "min": 2.02129042188,
      "max": 2.10549822788,
      "times": [
        2.07962954988,
        2.10549822788,
        2.02129042188,
        2.0318145568799997,
        2.04483304588,
        2.0701774828799997,
        2.0404948848799997,
        2.03807641088,
        2.0536329258799997,
        2.0496454208799997
      ],
      "exit_codes": [
        0,
        0,
        0,
        0,
        0,
        0,
        0,
        0,
        0,
        0
      ]
    },
    {
      "command": "bun",
      "mean": 0.33590489868000006,
      "stddev": 0.0030440391804160403,
      "median": 0.33661134138000004,
      "user": 0.14463786,
      "system": 0.29007271999999995,
      "min": 0.33049601488,
      "max": 0.34095636488000003,
      "times": [
        0.33803104788000005,
        0.33049601488,
        0.33863180988,
        0.33360824888,
        0.33539311988000003,
        0.33165375088000004,
        0.33705594688,
        0.33661610988,
        0.34095636488000003,
        0.33660657288
      ],
      "exit_codes": [
        0,
        0,
        0,
        0,
        0,
        0,
        0,
        0,
        0,
        0
      ]
    },
    {
      "command": "deno",
      "mean": 1.12403241238,
      "stddev": 0.01947191615873092,
      "median": 1.1232786983799998,
      "user": 1.1423522599999998,
      "system": 0.7030562199999999,
      "min": 1.09723781788,
      "max": 1.16733940088,
      "times": [
        1.1045026998799998,
        1.1318364618799999,
        1.1216086208799998,
        1.16733940088,
        1.13457755488,
        1.09723781788,
        1.11269165888,
        1.1068816818799998,
        1.13869945088,
        1.1249487758799999
      ],
      "exit_codes": [
        0,
        0,
        0,
        0,
        0,
        0,
        0,
        0,
        0,
        0
      ]
    }
  ]
}