{
  "results": [
    {
      "command": "npm",
      "mean": 0.49730749432000004,
      "stddev": 0.004471236170558173,
      "median": 0.49604195942,
      "user": 0.54726758,
      "system": 0.09766459999999999,
      "min": 0.49003379942,
      "max": 0.50503918142,
      "times": [
        0.49613843642,
        0.49587730842,
        0.49594548242000003,
        0.49338815342000003,
        0.49875034442,
        0.49003379942,
        0.50503918142,
        0.49450111342,
        0.50470470842,
        0.49869641542
      ],
      "exit_codes": [
        0,
        0,
        0,
        0,
        0,
        0,
        0,
        0,
        0,
        0
      ]
    },
    {
      "command": "snpm",
      "mean": 0.030756734220000005,
      "stddev": 0.0002980058168129604,
      "median": 0.03075118642,
      "user": 0.020609979999999996,
      "system": 0.012359199999999999,
      "min": 0.030231407420000002,
      "max": 0.031210640419999998,
      "times": [
        0.030420614420000002,
        0.03049489042,
        0.030231407420000002,
        0.030775881419999998,
        0.030952430420000003,
        0.030957318420000005,
        0.03067042642,
        0.03112724142,
        0.031210640419999998,
        0.03072649142
      ],
      "exit_codes": [
        0,
        0,
        0,
        0,
        0,
        0,
        0,
        0,
        0,
        0
      ]
    },
    {
      "command": "yarn",
      "mean": 0.28791347812,
      "stddev": 0.002341810120215096,
      "median": 0.28776868392,
      "user": 0.31288068,
      "system": 0.059827399999999996,
      "min": 0.28358391242,
      "max": 0.29146796042,
      "times": [
        0.29146796042,
        0.29037538442,
        0.28835887942,
        0.28727276642,
        0.28826460142,
        0.28546937042,
        0.28663948742,
        0.28693905042,
        0.29076336842,
        0.28358391242
      ],
      "exit_codes": [
        0,
        0,
        0,
        0,
        0,
        0,
        0,
        0,
        0,
        0
      ]
    },
    {
      "command": "berry",
      "mean": 2.78972700152,
      "stddev": 0.04072186819934442,
      "median": 2.78269033592,
      "user": 5.6047775799999995,
      "system": 1.3157139,
      "min": 2.7428445484200004,
      "max": 2.87373356742,
      "times": [
        2.80619083942,
        2.8035657784200003,
        2.7753154654200003,
        2.79006520642,
        2.7428445484200004,
        2.84199113342,
        2.7492120674200002,
        2.7662610844200004,
        2.87373356742,
        2.74809032442
      ],
      "exit_codes": [
        0,
        0,
        0,
        0,
        0,
        0,
        0,
        0,
        0,
        0
      ]
    },
    {
      "command": "pnpm",
      "mean": 0.67133734192,
      "stddev": 0.04049228160456175,
      "median": 0.65218399942,
      "user": 0.80427658,
      "system": 0.1485332,
      "min": 0.63902520242,
      "max": 0.7810743494200001,
      "times": [
        0.7810743494200001,
        0.6790156704200001,
        0.65403827942,
        0.63902520242,
        0.6503297194200001,
        0.6486215964200001,
        0.64617198742,
        0.6988800994200001,
        0.6693445384200001,
        0.64687197642
      ],
      "exit_codes": [
        0,
        0,
        0,
        0,
        0,
        0,
        0,
        0,
        0,
        0
      ]
    },
    {
      "command": "vlt",
      "mean": 0.31132223412,
      "stddev": 0.0027165198877566197,
      "median": 0.31185813192,
      "user": 0.31853008000000005,
      "system": 0.0687742,
      "min": 0.30600944541999997,
      "max": 0.31606412942,
      "times": [
        0.30600944541999997,
        0.30815959342,
        0.30998754442,
        0.31251804042,
        0.31250114642,
        0.31394827142,
        0.31187945742,
        0.31183680642,
        0.31606412942,
        0.31031790642
      ],
      "exit_codes": [
        0,
        0,
        0,
        0,
        0,
        0,
        0,
        0,
        0,
        0
      ]
    },
    {
      "command": "bun",
      "mean": 0.01030153162,
      "stddev": 0.0006905400100823701,
      "median": 0.00995585342,
      "user": 0.00786508,
      "system": 0.008331999999999999,
      "min": 0.00981170542,
      "max": 0.01168814642,
      "times": [
        0.01025034242,
        0.01163374642,
        0.00993394342,
        0.00997727642,
        0.01168814642,
        0.00987163742,
        0.00981170542,
        0.01008200342,
        0.009832084420000001,
        0.009934430420000001
      ],
      "exit_codes": [
        0,
        0,
        0,
        0,
        0,
        0,
        0,
        0,
        0,
        0
      ]
    },
    {
      "command": "deno",
      "mean": 0.04061079432,
      "stddev": 0.00048108737395102097,
      "median": 0.04051572942000001,
      "user": 0.022584279999999998,
      "system": 0.0225718,
      "min": 0.040082097420000004,
      "max": 0.04163942442,
      "times": [
        0.04085905342,
        0.040483002420000004,
        0.04163942442,
        0.040082097420000004,
        0.040168984420000005,
        0.04018794642,
        0.040570537420000004,
        0.041263402420000005,
        0.040548456420000004,
        0.04030503842
      ],
      "exit_codes": [
        0,
        0,
        0,
        0,
        0,
        0,
        0,
        0,
        0,
        0
      ]
    }
  ]
}