{
  "results": [
    {
      "command": "npm",
      "mean": 5.0163853420999995,
      "stddev": 0.276350491243379,
      "median": 5.1600919173,
      "user": 1.12010744,
      "system": 0.22740374000000002,
      "min": 4.5676467478000005,
      "max": 5.4358251048,
      "times": [
        4.5676467478000005,
        5.1194215527999996,
        5.4358251048,
        5.2007622818,
        5.2048541948,
        4.7341889488,
        4.7651094368,
        5.2105460238,
        5.2077411218,
        4.7177580078
      ],
      "exit_codes": [
        0,
        0,
        0,
        0,
        0,
        0,
        0,
        0,
        0,
        0
      ]
    },
    {
      "command": "snpm",
      "mean": 0.22780206590000004,
      "stddev": 0.0016631848708496871,
      "median": 0.2276834043,
      "user": 0.11292774000000001,
      "system": 0.12227124,
      "min": 0.22415491080000002,
      "max": 0.23058616280000002,
      "times": [
        0.23058616280000002,
        0.22942495380000003,
        0.22835929980000003,
        0.22659043180000002,
        0.2272214978,
        0.2290440448,
        0.22727254880000003,
        0.22415491080000002,
        0.2276184008,
        0.22774840780000002
      ],
      "exit_codes": [
        0,
        0,
        0,
        0,
        0,
        0,
        0,
        0,
        0,
        0
      ]
    },
    {
      "command": "yarn",
      "mean": 13.4521812744,
      "stddev": 0.12341903382502983,
      "median": 13.4711841483,
      "user": 16.217034739999995,
      "system": 9.132879839999998,
      "min": 13.2631416158,
      "max": 13.6183855428,
      "times": [
        13.2631416158,
        13.2746358618,
        13.3749848898,
        13.6183855428,
        13.546944014800001,
        13.360586385800001,
        13.523356517800002,
        13.419011778800002,
        13.569379834800001,
        13.5713863018
      ],
      "exit_codes": [
        0,
        0,
        0,
        0,
        0,
        0,
        0,
        0,
        0,
        0
      ]
    },
    {
      "command": "berry",
      "mean": 3.6794562575,
      "stddev": 0.03992817680518552,
      "median": 3.6814544433,
      "user": 6.338230439999999,
      "system": 1.4311533399999998,
      "min": 3.6206705918,
      "max": 3.7498128478,
      "times": [
        3.6912487508,
        3.6206705918,
        3.6910199908,
        3.6378634227999997,
        3.6437756538,
        3.7204806968,
        3.7498128478,
        3.6486790088000003,
        3.7191227158,
        3.6718888958
      ],
      "exit_codes": [
        0,
        0,
        0,
        0,
        0,
        0,
        0,
        0,
        0,
        0
      ]
    },
    {
      "command": "pnpm",
      "mean": 2.7374355459,
      "stddev": 0.027563217302327418,
      "median": 2.7335750708,
      "user": 3.71152174,
      "system": 1.18381374,
      "min": 2.6908861218,
      "max": 2.7806032358,
      "times": [
        2.7032482358000003,
        2.7701629328,
        2.6908861218,
        2.7570615188,
        2.7303432548,
        2.7368068868,
        2.7590706978,
        2.7806032358,
        2.7206987928,
        2.7254737818
      ],
      "exit_codes": [
        0,
        0,
        0,
        0,
        0,
        0,
        0,
        0,
        0,
        0
      ]
    },
    {
      "command": "vlt",
      "mean": 0.320275829,
      "stddev": 0.002212665852947247,
      "median": 0.3199945728,
      "user": 0.33448894,
      "system": 0.06608613999999999,
      "min": 0.3162701598,
      "max": 0.3243368198,
      "times": [
        0.3162701598,
        0.3175299228,
        0.3219805238,
        0.3243368198,
        0.3200839698,
        0.3199051758,
        0.3219833458,
        0.3193596578,
        0.3215924778,
        0.3197162368
      ],
      "exit_codes": [
        0,
        0,
        0,
        0,
        0,
        0,
        0,
        0,
        0,
        0
      ]
    },
    {
      "command": "bun",
      "mean": 1.2984652014999998,
      "stddev": 0.06889572956182588,
      "median": 1.2858322218,
      "user": 0.85944344,
      "system": 1.0039430399999998,
      "min": 1.1890497147999999,
      "max": 1.4289402168,
      "times": [
        1.1890497147999999,
        1.3568456438,
        1.2454758048,
        1.2581735718,
        1.2351141178,
        1.2721909148,
        1.2994735288,
        1.3681010958,
        1.3312874058,
        1.4289402168
      ],
      "exit_codes": [
        0,
        0,
        0,
        0,
        0,
        0,
        0,
        0,
        0,
        0
      ]
    },
    {
      "command": "deno",
      "mean": 6.7286499312000005,
      "stddev": 0.2994333195995091,
      "median": 6.7968754173,
      "user": 1.5679623399999998,
      "system": 0.37912074,
      "min": 6.3110327408,
      "max": 7.2217610708,
      "times": [
        6.9709904338,
        6.4283336778,
        7.0114575348,
        6.4650651068,
        6.3650385498,
        6.7589128498,
        6.3110327408,
        6.8348379848,
        7.2217610708,
        6.9190693628
      ],
      "exit_codes": [
        0,
        0,
        0,
        0,
        0,
        0,
        0,
        0,
        0,
        0
      ]
    }
  ]
}