{
  "results": [
    {
      "command": "npm",
      "mean": 0.10244209741999999,
      "stddev": 0.0008837523844441955,
      "median": 0.10231976492000001,
      "user": 0.09078813999999999,
      "system": 0.026473399999999998,
      "min": 0.10144462442,
      "max": 0.10353754042,
      "times": [
        0.10347024142000001,
        0.10334611942000001,
        0.10152292342000001,
        0.10149400642,
        0.10170919042000001,
        0.10353754042,
        0.10326346342,
        0.10293033942000002,
        0.10144462442,
        0.10170252542000001
      ],
      "exit_codes": [
        0,
        0,
        0,
        0,
        0,
        0,
        0,
        0,
        0,
        0
      ]
    },
    {
      "command": "snpm",
      "mean": 0.027767573120000007,
      "stddev": 0.00044792760013400633,
      "median": 0.02785191492,
      "user": 0.01581874,
      "system": 0.0142982,
      "min": 0.02697302042,
      "max": 0.02836350542,
      "times": [
        0.02836350542,
        0.02768102042,
        0.028107457420000002,
        0.02745907142,
        0.02697302042,
        0.028022809420000003,
        0.028177919420000003,
        0.02818866742,
        0.027499548420000002,
        0.02720271142
      ],
      "exit_codes": [
        0,
        0,
        0,
        0,
        0,
        0,
        0,
        0,
        0,
        0
      ]
    },
    {
      "command": "yarn",
      "mean": 0.17920081022000003,
      "stddev": 0.0034449504385123644,
      "median": 0.17844530192000002,
      "user": 0.14362643999999997,
      "system": 0.0457987,
      "min": 0.17651722542,
      "max": 0.18929868442,
      "times": [
        0.17755417342000002,
        0.17875896742000003,
        0.17896481542,
        0.17875652442,
        0.17851309942000002,
        0.17725602242000002,
        0.17651722542,
        0.17801108542000002,
        0.17837750442000003,
        0.18929868442
      ],
      "exit_codes": [
        0,
        0,
        0,
        0,
        0,
        0,
        0,
        0,
        0,
        0
      ]
    },
    {
      "command": "berry",
      "mean": 0.30955302621999997,
      "stddev": 0.012774249704987308,
      "median": 0.30900986192,
      "user": 0.33480144,
      "system": 0.062387099999999994,
      "min": 0.29066465642,
      "max": 0.33850866442,
      "times": [
        0.29767866442,
        0.31833515942,
        0.29066465642,
        0.30633411641999997,
        0.31691596242,
        0.31168560742,
        0.30304175442,
        0.31267335542,
        0.29969232142,
        0.33850866442
      ],
      "exit_codes": [
        0,
        0,
        0,
        0,
        0,
        0,
        0,
        0,
        0,
        0
      ]
    },
    {
      "command": "pnpm",
      "mean": 0.41895760702,
      "stddev": 0.00655745820822854,
      "median": 0.41754458092,
      "user": 0.42163954,
      "system": 0.07969319999999999,
      "min": 0.41074006042,
      "max": 0.43171365842,
      "times": [
        0.41619320242,
        0.42405533942,
        0.42191298342,
        0.41074006042,
        0.42646580142,
        0.41889595942,
        0.41420126242,
        0.43171365842,
        0.41286047942,
        0.41253732342
      ],
      "exit_codes": [
        0,
        0,
        0,
        0,
        0,
        0,
        0,
        0,
        0,
        0
      ]
    },
    {
      "command": "vlt",
      "mean": 0.22071922121999998,
      "stddev": 0.003790725706121398,
      "median": 0.22115813342,
      "user": 0.21301463999999998,
      "system": 0.05276309999999999,
      "min": 0.21209911042000001,
      "max": 0.22668135842,
      "times": [
        0.21671729842,
        0.22217214642000002,
        0.22027715342,
        0.22031994142000003,
        0.22116583942,
        0.22240753342000003,
        0.22420140342000003,
        0.22115042742000002,
        0.21209911042000001,
        0.22668135842
      ],
      "exit_codes": [
        0,
        0,
        0,
        0,
        0,
        0,
        0,
        0,
        0,
        0
      ]
    },
    {
      "command": "bun",
      "mean": 0.014798678020000003,
      "stddev": 0.0001115557149985605,
      "median": 0.01477460542,
      "user": 0.00572784,
      "system": 0.0090865,
      "min": 0.01467834242,
      "max": 0.015047098420000002,
      "times": [
        0.014843592420000001,
        0.014933911420000001,
        0.01475062042,
        0.014708428420000001,
        0.01468744842,
        0.015047098420000002,
        0.01467834242,
        0.014728118420000002,
        0.01479859042,
        0.01481062942
      ],
      "exit_codes": [
        0,
        0,
        0,
        0,
        0,
        0,
        0,
        0,
        0,
        0
      ]
    },
    {
      "command": "deno",
      "mean": 0.057022581819999994,
      "stddev": 0.0002118461064731666,
      "median": 0.057061666920000004,
      "user": 0.03616744,
      "system": 0.0269343,
      "min": 0.05659473942,
      "max": 0.05726559542,
      "times": [
        0.05677565542,
        0.05708934542,
        0.05703398842,
        0.05687442942,
        0.05659473942,
        0.05695142642,
        0.05726246642,
        0.05721273742,
        0.05726559542,
        0.05716543442
      ],
      "exit_codes": [
        0,
        0,
        0,
        0,
        0,
        0,
        0,
        0,
        0,
        0
      ]
    },
    {
      "command": "nx",
      "mean": 0.8103241018200003,
      "stddev": 0.005914691703161855,
      "median": 0.8082931259200001,
      "user": 0.59927844,
      "system": 0.1581517,
      "min": 0.8013284224200001,
      "max": 0.8197706784200001,
      "times": [
        0.8197706784200001,
        0.8170730824200001,
        0.8035026084200001,
        0.8076363494200001,
        0.8013284224200001,
        0.81680628442,
        0.8063931364200001,
        0.8081256334200001,
        0.8141442044200001,
        0.80846061842
      ],
      "exit_codes": [
        0,
        0,
        0,
        0,
        0,
        0,
        0,
        0,
        0,
        0
      ]
    },
    {
      "command": "turbo",
      "mean": 0.23791941472000006,
      "stddev": 0.011896417891209059,
      "median": 0.23831167942000003,
      "user": 0.12470523999999998,
      "system": 0.0793345,
      "min": 0.22094842942,
      "max": 0.25910116542,
      "times": [
        0.22347717042,
        0.23924962942000003,
        0.23591201142,
        0.24875709442000002,
        0.24407462242000003,
        0.24725823942000003,
        0.22304205542000002,
        0.23737372942,
        0.22094842942,
        0.25910116542
      ],
      "exit_codes": [
        0,
        0,
        0,
        0,
        0,
        0,
        0,
        0,
        0,
        0
      ]
    },
    {
      "command": "node",
      "mean": 0.0052758232200000015,
      "stddev": 0.00009043763824846385,
      "median": 0.005273149920000001,
      "user": 0.001731716,
      "system": 0.003576,
      "min": 0.00511756342,
      "max": 0.005436241420000001,
      "times": [
        0.005163946420000001,
        0.005315251420000001,
        0.00511756342,
        0.005334490420000001,
        0.005436241420000001,
        0.00523109642,
        0.005283263420000001,
        0.005375133420000001,
        0.0052630364200000005,
        0.005238209420000001
      ],
      "exit_codes": [
        0,
        0,
        0,
        0,
        0,
        0,
        0,
        0,
        0,
        0
      ]
    }
  ]
}