{
  "results": [
    {
      "command": "npm",
      "mean": 1.47747142748,
      "stddev": 0.010753044920616054,
      "median": 1.47803890948,
      "user": 1.53078018,
      "system": 0.6715072400000001,
      "min": 1.45744098748,
      "max": 1.4903962344800001,
      "times": [
        1.48645353948,
        1.47701164848,
        1.45744098748,
        1.47132170548,
        1.48952907248,
        1.4640679574800002,
        1.47906617048,
        1.48782720748,
        1.4903962344800001,
        1.47159975148
      ],
      "exit_codes": [
        0,
        0,
        0,
        0,
        0,
        0,
        0,
        0,
        0,
        0
      ]
    },
    {
      "command": "snpm",
      "mean": 0.03973689268000001,
      "stddev": 0.000578793274380724,
      "median": 0.03953115498000001,
      "user": 0.018024079999999998,
      "system": 0.023943640000000002,
      "min": 0.039081537480000005,
      "max": 0.040653269480000004,
      "times": [
        0.03973693448000001,
        0.03926888648000001,
        0.039081537480000005,
        0.03950218348000001,
        0.03913446248000001,
        0.040653269480000004,
        0.04065029748000001,
        0.04040584448000001,
        0.039560126480000006,
        0.039375384480000004
      ],
      "exit_codes": [
        0,
        0,
        0,
        0,
        0,
        0,
        0,
        0,
        0,
        0
      ]
    },
    {
      "command": "yarn",
      "mean": 3.9258254761800004,
      "stddev": 0.04427874210511529,
      "median": 3.9347170899800004,
      "user": 5.8297124799999995,
      "system": 2.3295194399999994,
      "min": 3.8392670734800003,
      "max": 3.99598546048,
      "times": [
        3.8392670734800003,
        3.94983247748,
        3.8839046454800004,
        3.9308014244800003,
        3.94402564548,
        3.93863275548,
        3.99598546048,
        3.97290705848,
        3.92304164348,
        3.87985657748
      ],
      "exit_codes": [
        0,
        0,
        0,
        0,
        0,
        0,
        0,
        0,
        0,
        0
      ]
    },
    {
      "command": "berry",
      "mean": 2.39633359988,
      "stddev": 0.03302084390302556,
      "median": 2.38960702198,
      "user": 3.7292675799999997,
      "system": 1.1426661399999998,
      "min": 2.34016349048,
      "max": 2.4696107834800003,
      "times": [
        2.38495364548,
        2.39743057148,
        2.39238842148,
        2.38313878048,
        2.38682562248,
        2.37622102848,
        2.34016349048,
        2.4696107834800003,
        2.39672655348,
        2.43587710148
      ],
      "exit_codes": [
        0,
        0,
        0,
        0,
        0,
        0,
        0,
        0,
        0,
        0
      ]
    },
    {
      "command": "pnpm",
      "mean": 1.1343411814800002,
      "stddev": 0.03966862618683306,
      "median": 1.11778666898,
      "user": 1.6919506800000002,
      "system": 0.4966942399999999,
      "min": 1.0966397994800001,
      "max": 1.22733854148,
      "times": [
        1.1585419324800001,
        1.1076179454800001,
        1.22733854148,
        1.10997861348,
        1.13023886148,
        1.09943405448,
        1.1240701184800002,
        1.0966397994800001,
        1.17804872848,
        1.11150321948
      ],
      "exit_codes": [
        0,
        0,
        0,
        0,
        0,
        0,
        0,
        0,
        0,
        0
      ]
    },
    {
      "command": "vlt",
      "mean": 0.9694874398800002,
      "stddev": 0.009610421952116423,
      "median": 0.9720359179800001,
      "user": 1.14794118,
      "system": 0.46932203999999994,
      "min": 0.9561068214800001,
      "max": 0.9901342904800001,
      "times": [
        0.9561512764800001,
        0.9649762794800001,
        0.9901342904800001,
        0.9561068214800001,
        0.9758292474800001,
        0.9721015254800001,
        0.9719703104800002,
        0.9724066924800001,
        0.9625396464800001,
        0.9726583084800001
      ],
      "exit_codes": [
        0,
        0,
        0,
        0,
        0,
        0,
        0,
        0,
        0,
        0
      ]
    },
    {
      "command": "bun",
      "mean": 0.23001233187999998,
      "stddev": 0.023248081355710756,
      "median": 0.22427137298,
      "user": 0.19470678000000002,
      "system": 0.22586944,
      "min": 0.20285047648,
      "max": 0.26767883648,
      "times": [
        0.20656413248,
        0.20772121648,
        0.23200776948000001,
        0.20285047648,
        0.25600851948000003,
        0.25596349348,
        0.26767883648,
        0.21653497648,
        0.24546519648,
        0.20932870148
      ],
      "exit_codes": [
        0,
        0,
        0,
        0,
        0,
        0,
        0,
        0,
        0,
        0
      ]
    },
    {
      "command": "deno",
      "mean": 2.54638956448,
      "stddev": 0.19691197225369522,
      "median": 2.4923726419800003,
      "user": 0.86604358,
      "system": 0.44316873999999995,
      "min": 2.25127172948,
      "max": 2.9245133234800003,
      "times": [
        2.47433670748,
        2.41872609948,
        2.9245133234800003,
        2.81676305748,
        2.62865713348,
        2.3371591774800002,
        2.25127172948,
        2.49883876248,
        2.62772313248,
        2.48590652148
      ],
      "exit_codes": [
        0,
        0,
        0,
        0,
        0,
        0,
        0,
        0,
        0,
        0
      ]
    }
  ]
}