{
  "results": [
    {
      "command": "npm",
      "mean": 0.61478198774,
      "stddev": 0.005911931837543652,
      "median": 0.61589616644,
      "user": 0.6933157000000001,
      "system": 0.11536285999999998,
      "min": 0.6060308564400001,
      "max": 0.6227676064400001,
      "times": [
        0.6227676064400001,
        0.6141706114400001,
        0.61762172144,
        0.62266126744,
        0.6073734084400001,
        0.61809287444,
        0.61301673944,
        0.61868236844,
        0.6074024234400001,
        0.6060308564400001
      ],
      "exit_codes": [
        0,
        0,
        0,
        0,
        0,
        0,
        0,
        0,
        0,
        0
      ]
    },
    {
      "command": "snpm",
      "mean": 0.03358184463999999,
      "stddev": 0.00030397456341700645,
      "median": 0.03360855994,
      "user": 0.0204036,
      "system": 0.015495559999999997,
      "min": 0.03305235344,
      "max": 0.034123947439999996,
      "times": [
        0.03379675044,
        0.03388774544,
        0.034123947439999996,
        0.03346178244,
        0.03305235344,
        0.03354401744,
        0.03338780744,
        0.033681042439999996,
        0.03367310244,
        0.03320989744
      ],
      "exit_codes": [
        0,
        0,
        0,
        0,
        0,
        0,
        0,
        0,
        0,
        0
      ]
    },
    {
      "command": "yarn",
      "mean": 0.31297252414000004,
      "stddev": 0.007287851738522125,
      "median": 0.31092574744000007,
      "user": 0.3546448,
      "system": 0.06413825999999999,
      "min": 0.30344455144000004,
      "max": 0.32810671144000003,
      "times": [
        0.30945970744000006,
        0.30738905844000003,
        0.30344455144000004,
        0.30882640744000006,
        0.30536978444000007,
        0.31239178744000007,
        0.31580762444000005,
        0.32810671144000003,
        0.31921926444000004,
        0.31971034444000007
      ],
      "exit_codes": [
        0,
        0,
        0,
        0,
        0,
        0,
        0,
        0,
        0,
        0
      ]
    },
    {
      "command": "berry",
      "mean": 3.893414967640001,
      "stddev": 0.048871966240961094,
      "median": 3.90165674544,
      "user": 7.510952500000002,
      "system": 1.9981133599999996,
      "min": 3.78567568744,
      "max": 3.9560700364400003,
      "times": [
        3.8934036504400003,
        3.9560700364400003,
        3.93067361044,
        3.89909640144,
        3.84642466244,
        3.8546246064400003,
        3.78567568744,
        3.92402891744,
        3.93993501444,
        3.90421708944
      ],
      "exit_codes": [
        0,
        0,
        0,
        0,
        0,
        0,
        0,
        0,
        0,
        0
      ]
    },
    {
      "command": "pnpm",
      "mean": 0.7330663582400001,
      "stddev": 0.028764765165848794,
      "median": 0.72506470944,
      "user": 0.8991841,
      "system": 0.17085436,
      "min": 0.70314092644,
      "max": 0.8028117154400001,
      "times": [
        0.7314402484400001,
        0.7551949064400001,
        0.7136511224400001,
        0.72360039044,
        0.70314092644,
        0.8028117154400001,
        0.7145396514400001,
        0.70590918544,
        0.7538464074400001,
        0.7265290284400001
      ],
      "exit_codes": [
        0,
        0,
        0,
        0,
        0,
        0,
        0,
        0,
        0,
        0
      ]
    },
    {
      "command": "vlt",
      "mean": 0.34305708134000007,
      "stddev": 0.00276533355562473,
      "median": 0.34278294044,
      "user": 0.3670622,
      "system": 0.07900985999999999,
      "min": 0.33953078844000006,
      "max": 0.34722118444000005,
      "times": [
        0.34664357944000007,
        0.34600465244000006,
        0.33961392344,
        0.34367249744000006,
        0.33953078844000006,
        0.34189338344000003,
        0.34722118444000005,
        0.34084823844000006,
        0.34433278844000004,
        0.3408097774400001
      ],
      "exit_codes": [
        0,
        0,
        0,
        0,
        0,
        0,
        0,
        0,
        0,
        0
      ]
    },
    {
      "command": "bun",
      "mean": 0.014712746840000002,
      "stddev": 0.0008089859065175611,
      "median": 0.014348662440000002,
      "user": 0.0103437,
      "system": 0.010590159999999998,
      "min": 0.013890039440000002,
      "max": 0.016295198440000002,
      "times": [
        0.01578820044,
        0.014364521440000002,
        0.013890039440000002,
        0.01394756544,
        0.01407842544,
        0.016295198440000002,
        0.014284820440000002,
        0.014567532440000001,
        0.01557836144,
        0.014332803440000002
      ],
      "exit_codes": [
        0,
        0,
        0,
        0,
        0,
        0,
        0,
        0,
        0,
        0
      ]
    },
    {
      "command": "deno",
      "mean": 0.12858852194,
      "stddev": 0.00461598618534855,
      "median": 0.12816207293999998,
      "user": 0.0320229,
      "system": 0.02716726,
      "min": 0.12233778744,
      "max": 0.13863732844,
      "times": [
        0.12718779544,
        0.12913635044,
        0.12233778744,
        0.13241250944,
        0.13090105844,
        0.12318130944000001,
        0.12498983844,
        0.13863732844,
        0.12647711044,
        0.13062413144
      ],
      "exit_codes": [
        0,
        0,
        0,
        0,
        0,
        0,
        0,
        0,
        0,
        0
      ]
    }
  ]
}