{
  "results": [
    {
      "command": "npm",
      "mean": 0.31721291147999997,
      "stddev": 0.002217338751572531,
      "median": 0.31777239747999997,
      "user": 0.32249366,
      "system": 0.07452538,
      "min": 0.31230475598,
      "max": 0.32014413098,
      "times": [
        0.31230475598,
        0.32014413098,
        0.31457327398,
        0.31810746998,
        0.31762827198,
        0.31648549998,
        0.31791652298,
        0.31792839398,
        0.31718094298,
        0.31985985198
      ],
      "exit_codes": [
        0,
        0,
        0,
        0,
        0,
        0,
        0,
        0,
        0,
        0
      ]
    },
    {
      "command": "snpm",
      "mean": 0.02698748318,
      "stddev": 0.00022019382739522922,
      "median": 0.02701034148,
      "user": 0.017852059999999996,
      "system": 0.01132708,
      "min": 0.02655760498,
      "max": 0.02728542998,
      "times": [
        0.02715432198,
        0.02684135198,
        0.02698258098,
        0.02703810198,
        0.02670941798,
        0.02725623298,
        0.02655760498,
        0.02708474398,
        0.02728542998,
        0.026965044980000002
      ],
      "exit_codes": [
        0,
        0,
        0,
        0,
        0,
        0,
        0,
        0,
        0,
        0
      ]
    },
    {
      "command": "yarn",
      "mean": 0.22804459658000004,
      "stddev": 0.0017306887982243466,
      "median": 0.22818527698000002,
      "user": 0.20155135999999998,
      "system": 0.05133908,
      "min": 0.22561674598000003,
      "max": 0.23025780098,
      "times": [
        0.23020858098000002,
        0.22843094598000002,
        0.22561674598000003,
        0.22561998598000002,
        0.22631496198,
        0.23025780098,
        0.23017641998000002,
        0.22860387898,
        0.22793960798000001,
        0.22727703698
      ],
      "exit_codes": [
        0,
        0,
        0,
        0,
        0,
        0,
        0,
        0,
        0,
        0
      ]
    },
    {
      "command": "berry",
      "mean": 2.1090636282800004,
      "stddev": 0.02233947063743503,
      "median": 2.10751795648,
      "user": 3.4068358599999997,
      "system": 0.92937078,
      "min": 2.08177802498,
      "max": 2.1486359259800003,
      "times": [
        2.08177802498,
        2.10860678098,
        2.11236773798,
        2.10642913198,
        2.12156959498,
        2.1486359259800003,
        2.0903229269800003,
        2.08907506698,
        2.08711014498,
        2.1447409469800003
      ],
      "exit_codes": [
        0,
        0,
        0,
        0,
        0,
        0,
        0,
        0,
        0,
        0
      ]
    },
    {
      "command": "pnpm",
      "mean": 0.6128680751800001,
      "stddev": 0.010974856040200057,
      "median": 0.6117396614800001,
      "user": 0.6940515599999999,
      "system": 0.13296188,
      "min": 0.5932679379800001,
      "max": 0.63041370198,
      "times": [
        0.6117470179800001,
        0.63041370198,
        0.60548352798,
        0.6031380609800001,
        0.5932679379800001,
        0.61935547698,
        0.62799385898,
        0.6117323049800001,
        0.6060731059800001,
        0.6194757579800001
      ],
      "exit_codes": [
        0,
        0,
        0,
        0,
        0,
        0,
        0,
        0,
        0,
        0
      ]
    },
    {
      "command": "vlt",
      "mean": 0.26503820058,
      "stddev": 0.00303543316382164,
      "median": 0.26441656448,
      "user": 0.26861656,
      "system": 0.05047608,
      "min": 0.26128894798,
      "max": 0.27060923997999997,
      "times": [
        0.27011230598,
        0.26551358798,
        0.27060923997999997,
        0.26152650798,
        0.26443207998,
        0.26440104898,
        0.26611019598,
        0.26328435497999997,
        0.26310373598,
        0.26128894798
      ],
      "exit_codes": [
        0,
        0,
        0,
        0,
        0,
        0,
        0,
        0,
        0,
        0
      ]
    },
    {
      "command": "bun",
      "mean": 0.005720099080000001,
      "stddev": 0.00013758603873609415,
      "median": 0.005676345480000001,
      "user": 0.0039324600000000005,
      "system": 0.005140379999999999,
      "min": 0.00560287698,
      "max": 0.00610900898,
      "times": [
        0.00560287698,
        0.005652080980000001,
        0.00567013398,
        0.0056825569800000005,
        0.00577591098,
        0.00610900898,
        0.00566986098,
        0.0057184539800000005,
        0.005621827980000001,
        0.005698278980000001
      ],
      "exit_codes": [
        0,
        0,
        0,
        0,
        0,
        0,
        0,
        0,
        0,
        0
      ]
    },
    {
      "command": "deno",
      "mean": 0.03593998198000001,
      "stddev": 0.0003367274286546918,
      "median": 0.03593483948,
      "user": 0.01969426,
      "system": 0.019981080000000005,
      "min": 0.03550499898,
      "max": 0.03678415798,
      "times": [
        0.035996767980000004,
        0.03568035798,
        0.03570300798,
        0.03594644098,
        0.03550499898,
        0.03595472098,
        0.03572465398,
        0.03592323798,
        0.03678415798,
        0.03618147498
      ],
      "exit_codes": [
        0,
        0,
        0,
        0,
        0,
        0,
        0,
        0,
        0,
        0
      ]
    }
  ]
}