{
  "results": [
    {
      "command": "npm",
      "mean": 0.31961904102,
      "stddev": 0.0024976192595335986,
      "median": 0.31871146422,
      "user": 0.32841614,
      "system": 0.07387961999999998,
      "min": 0.31607032722,
      "max": 0.32496611922,
      "times": [
        0.32042080822,
        0.31873613022,
        0.32496611922,
        0.32207864622,
        0.32136460122,
        0.31851973722,
        0.31868679822,
        0.31839144522,
        0.31607032722,
        0.31695579722
      ],
      "exit_codes": [
        0,
        0,
        0,
        0,
        0,
        0,
        0,
        0,
        0,
        0
      ]
    },
    {
      "command": "snpm",
      "mean": 0.02798479212,
      "stddev": 0.0003003811617330392,
      "median": 0.028032447220000003,
      "user": 0.017561840000000002,
      "system": 0.01261552,
      "min": 0.02737503322,
      "max": 0.028488614220000003,
      "times": [
        0.02828468622,
        0.028055248220000002,
        0.02785595222,
        0.028009646220000003,
        0.027784261220000002,
        0.02771094722,
        0.028488614220000003,
        0.02814637122,
        0.02737503322,
        0.02813716122
      ],
      "exit_codes": [
        0,
        0,
        0,
        0,
        0,
        0,
        0,
        0,
        0,
        0
      ]
    },
    {
      "command": "yarn",
      "mean": 0.23073836872000003,
      "stddev": 0.0021048186134566206,
      "median": 0.23051836672000003,
      "user": 0.20177783999999996,
      "system": 0.053714620000000005,
      "min": 0.22688289422000002,
      "max": 0.23345120022000002,
      "times": [
        0.22797748922000002,
        0.23235320922000002,
        0.23093519322000003,
        0.23283926222,
        0.22993706622,
        0.22688289422000002,
        0.22982088922000002,
        0.23308494322000003,
        0.23345120022000002,
        0.23010154022
      ],
      "exit_codes": [
        0,
        0,
        0,
        0,
        0,
        0,
        0,
        0,
        0,
        0
      ]
    },
    {
      "command": "berry",
      "mean": 2.0712470036199995,
      "stddev": 0.023064060722547765,
      "median": 2.0729077487199996,
      "user": 3.38463084,
      "system": 0.9181257199999999,
      "min": 2.03513760822,
      "max": 2.11504859922,
      "times": [
        2.04535833822,
        2.05534548922,
        2.11504859922,
        2.0857279162199998,
        2.03513760822,
        2.05541476922,
        2.08232873322,
        2.06447137822,
        2.0813441192199997,
        2.09229308522
      ],
      "exit_codes": [
        0,
        0,
        0,
        0,
        0,
        0,
        0,
        0,
        0,
        0
      ]
    },
    {
      "command": "pnpm",
      "mean": 0.58044230672,
      "stddev": 0.005518984963182896,
      "median": 0.57923741372,
      "user": 0.7027644399999999,
      "system": 0.13133142,
      "min": 0.57457935122,
      "max": 0.59110211422,
      "times": [
        0.5748632642200001,
        0.5818077572200001,
        0.58990467822,
        0.57457935122,
        0.5783122152200001,
        0.59110211422,
        0.5785580562200001,
        0.57539388822,
        0.5799167712200001,
        0.57998497122
      ],
      "exit_codes": [
        0,
        0,
        0,
        0,
        0,
        0,
        0,
        0,
        0,
        0
      ]
    },
    {
      "command": "vlt",
      "mean": 0.26784413422,
      "stddev": 0.0037828080681197624,
      "median": 0.26662842322,
      "user": 0.26926484,
      "system": 0.05373802,
      "min": 0.26327116722,
      "max": 0.27543040022,
      "times": [
        0.26579622222,
        0.27543040022,
        0.26452122822,
        0.26663012122,
        0.27386050522,
        0.26951083022,
        0.26767745622,
        0.26662672521999997,
        0.26511668622,
        0.26327116722
      ],
      "exit_codes": [
        0,
        0,
        0,
        0,
        0,
        0,
        0,
        0,
        0,
        0
      ]
    },
    {
      "command": "bun",
      "mean": 0.00572404682,
      "stddev": 0.00018872285755636487,
      "median": 0.005721086720000001,
      "user": 0.00358994,
      "system": 0.005555119999999999,
      "min": 0.00554947122,
      "max": 0.00622145922,
      "times": [
        0.005734695220000001,
        0.00558087422,
        0.00622145922,
        0.00573813322,
        0.00571822222,
        0.0057239512200000005,
        0.00554947122,
        0.0058292562200000005,
        0.005583180220000001,
        0.00556122522
      ],
      "exit_codes": [
        0,
        0,
        0,
        0,
        0,
        0,
        0,
        0,
        0,
        0
      ]
    },
    {
      "command": "deno",
      "mean": 0.036748559720000004,
      "stddev": 0.0006401223164379219,
      "median": 0.03678825772,
      "user": 0.022075939999999995,
      "system": 0.018635119999999998,
      "min": 0.03581324922,
      "max": 0.038169686220000006,
      "times": [
        0.03630693822,
        0.03581324922,
        0.03662763622,
        0.03694887922,
        0.03608182322,
        0.03700717722,
        0.03716542322,
        0.03632223422,
        0.038169686220000006,
        0.037042550220000005
      ],
      "exit_codes": [
        0,
        0,
        0,
        0,
        0,
        0,
        0,
        0,
        0,
        0
      ]
    }
  ]
}