{
  "results": [
    {
      "command": "npm",
      "mean": 0.31738324672,
      "stddev": 0.0026631950704170417,
      "median": 0.31843754422000004,
      "user": 0.32153957999999994,
      "system": 0.07455716000000001,
      "min": 0.31314202622000004,
      "max": 0.32032429522000005,
      "times": [
        0.31505302522000006,
        0.31913294322,
        0.32001435522000005,
        0.31343660322000005,
        0.32013938222000005,
        0.31571474822000006,
        0.32032429522000005,
        0.31902703922000003,
        0.31314202622000004,
        0.31784804922000004
      ],
      "exit_codes": [
        0,
        0,
        0,
        0,
        0,
        0,
        0,
        0,
        0,
        0
      ]
    },
    {
      "command": "snpm",
      "mean": 0.026726385420000005,
      "stddev": 0.00014312177707938143,
      "median": 0.02670269822,
      "user": 0.01703198,
      "system": 0.01185466,
      "min": 0.02651213722,
      "max": 0.02704327122,
      "times": [
        0.02669165422,
        0.02704327122,
        0.02651213722,
        0.026908831220000002,
        0.02665012522,
        0.02671374222,
        0.02664280322,
        0.02671439422,
        0.02675959822,
        0.026627297220000002
      ],
      "exit_codes": [
        0,
        0,
        0,
        0,
        0,
        0,
        0,
        0,
        0,
        0
      ]
    },
    {
      "command": "yarn",
      "mean": 0.22800438542,
      "stddev": 0.0015164389837500753,
      "median": 0.22784396422000003,
      "user": 0.20150298000000003,
      "system": 0.05133026,
      "min": 0.22514077522,
      "max": 0.23019263022,
      "times": [
        0.22514077522,
        0.22833919822,
        0.22734873022000002,
        0.22723661822000002,
        0.23017029522000002,
        0.22711817622,
        0.22931962922000002,
        0.22840256222,
        0.23019263022,
        0.22677523922
      ],
      "exit_codes": [
        0,
        0,
        0,
        0,
        0,
        0,
        0,
        0,
        0,
        0
      ]
    },
    {
      "command": "berry",
      "mean": 2.08148922972,
      "stddev": 0.029200300616239967,
      "median": 2.0747460062200003,
      "user": 3.367547579999999,
      "system": 0.9197230599999997,
      "min": 2.0381197552200003,
      "max": 2.12706917222,
      "times": [
        2.12706917222,
        2.0547123112200003,
        2.12112830522,
        2.07421193022,
        2.05838757222,
        2.1187309672200003,
        2.08211343322,
        2.0752800822200004,
        2.0381197552200003,
        2.06513876822
      ],
      "exit_codes": [
        0,
        0,
        0,
        0,
        0,
        0,
        0,
        0,
        0,
        0
      ]
    },
    {
      "command": "pnpm",
      "mean": 0.61304109782,
      "stddev": 0.025888918704446613,
      "median": 0.60157790272,
      "user": 0.6956163799999999,
      "system": 0.13126835999999997,
      "min": 0.58645793422,
      "max": 0.67500382322,
      "times": [
        0.61614666222,
        0.60361207522,
        0.64384879722,
        0.59613094722,
        0.59954373022,
        0.61844410722,
        0.67500382322,
        0.59697929922,
        0.5942436022200001,
        0.58645793422
      ],
      "exit_codes": [
        0,
        0,
        0,
        0,
        0,
        0,
        0,
        0,
        0,
        0
      ]
    },
    {
      "command": "vlt",
      "mean": 0.26505113772,
      "stddev": 0.0023550396229551373,
      "median": 0.26486763772,
      "user": 0.26306107999999995,
      "system": 0.05433926,
      "min": 0.26219045622000003,
      "max": 0.27048799322000006,
      "times": [
        0.26275624522,
        0.26706337022000004,
        0.26547564722000005,
        0.26219045622000003,
        0.26471738222,
        0.26501789322,
        0.27048799322000006,
        0.26251037822000006,
        0.26605083822000003,
        0.26424117322
      ],
      "exit_codes": [
        0,
        0,
        0,
        0,
        0,
        0,
        0,
        0,
        0,
        0
      ]
    },
    {
      "command": "bun",
      "mean": 0.005578774620000001,
      "stddev": 0.00006654604650796314,
      "median": 0.005575886220000001,
      "user": 0.0029475799999999996,
      "system": 0.005929059999999999,
      "min": 0.005439228220000001,
      "max": 0.0056943212200000004,
      "times": [
        0.005633115220000001,
        0.0056943212200000004,
        0.005520072220000001,
        0.005548654220000001,
        0.005576920220000001,
        0.005574852220000001,
        0.005439228220000001,
        0.0055659592200000005,
        0.005639674220000001,
        0.005594949220000001
      ],
      "exit_codes": [
        0,
        0,
        0,
        0,
        0,
        0,
        0,
        0,
        0,
        0
      ]
    },
    {
      "command": "deno",
      "mean": 0.03533328372,
      "stddev": 0.0003789587559461454,
      "median": 0.03519369322,
      "user": 0.01926888,
      "system": 0.01977096,
      "min": 0.03474579822,
      "max": 0.03603133322,
      "times": [
        0.03517519022,
        0.03504062722,
        0.03603133322,
        0.03549249922,
        0.03521219622,
        0.03501638522,
        0.03576284722,
        0.03570197622,
        0.035153984220000004,
        0.03474579822
      ],
      "exit_codes": [
        0,
        0,
        0,
        0,
        0,
        0,
        0,
        0,
        0,
        0
      ]
    }
  ]
}