{
  "results": [
    {
      "command": "npm",
      "mean": 0.9645186048800001,
      "stddev": 0.004208680886302914,
      "median": 0.96433909578,
      "user": 1.07876856,
      "system": 0.19881738,
      "min": 0.9583032557800001,
      "max": 0.97090329178,
      "times": [
        0.96492069678,
        0.9583032557800001,
        0.9610194347800001,
        0.96035855378,
        0.96128992978,
        0.9695018567800001,
        0.9702108377800001,
        0.9639516957800001,
        0.97090329178,
        0.96472649578
      ],
      "exit_codes": [
        0,
        0,
        0,
        0,
        0,
        0,
        0,
        0,
        0,
        0
      ]
    },
    {
      "command": "snpm",
      "mean": 0.56464495928,
      "stddev": 0.007138077462143352,
      "median": 0.56219418478,
      "user": 0.36582185999999994,
      "system": 0.20831778,
      "min": 0.55469940178,
      "max": 0.5817569517800001,
      "times": [
        0.55469940178,
        0.56119186178,
        0.5602400847800001,
        0.56239843578,
        0.5619899337800001,
        0.5648071637800001,
        0.5705703117800001,
        0.5599758517800001,
        0.5688195957800001,
        0.5817569517800001
      ],
      "exit_codes": [
        0,
        0,
        0,
        0,
        0,
        0,
        0,
        0,
        0,
        0
      ]
    },
    {
      "command": "yarn",
      "mean": 9.62167798998,
      "stddev": 0.5537458940525042,
      "median": 9.502094546280002,
      "user": 3.91601346,
      "system": 1.5138572800000003,
      "min": 8.83642695378,
      "max": 10.831426265780001,
      "times": [
        10.361621597780001,
        9.40436285578,
        9.61983100878,
        8.83642695378,
        9.590589623780001,
        9.708911928780001,
        9.11338617978,
        10.831426265780001,
        9.33662401678,
        9.413599468780001
      ],
      "exit_codes": [
        0,
        0,
        0,
        0,
        0,
        0,
        0,
        0,
        0,
        0
      ]
    },
    {
      "command": "berry",
      "mean": 2.8750443553799996,
      "stddev": 0.17845778025972217,
      "median": 2.8102349797799997,
      "user": 3.6341726599999995,
      "system": 0.62492618,
      "min": 2.74672237678,
      "max": 3.39002074778,
      "times": [
        2.80469279278,
        2.81577716678,
        2.8995551327799998,
        2.90989516578,
        2.80054599278,
        2.82440282678,
        2.74672237678,
        2.77157284278,
        2.78725850878,
        3.39002074778
      ],
      "exit_codes": [
        0,
        0,
        0,
        0,
        0,
        0,
        0,
        0,
        0,
        0
      ]
    },
    {
      "command": "pnpm",
      "mean": 1.32927921138,
      "stddev": 0.036631603792762,
      "median": 1.32652575178,
      "user": 1.66964166,
      "system": 0.30266018,
      "min": 1.26485252678,
      "max": 1.37411673678,
      "times": [
        1.26485252678,
        1.29309347978,
        1.37411673678,
        1.32353593478,
        1.36095805778,
        1.30695198178,
        1.36857740278,
        1.2982528217799998,
        1.32951556878,
        1.37293760278
      ],
      "exit_codes": [
        0,
        0,
        0,
        0,
        0,
        0,
        0,
        0,
        0,
        0
      ]
    },
    {
      "command": "vlt",
      "mean": 0.36547799808000003,
      "stddev": 0.0037623042577808077,
      "median": 0.36623518628,
      "user": 0.39242176,
      "system": 0.08168167999999999,
      "min": 0.35881076678,
      "max": 0.37039012578,
      "times": [
        0.37039012578,
        0.36981002878,
        0.36854152278,
        0.36397696978000005,
        0.36712965778,
        0.36720137178,
        0.36398433878,
        0.35959448378000003,
        0.35881076678,
        0.36534071478
      ],
      "exit_codes": [
        0,
        0,
        0,
        0,
        0,
        0,
        0,
        0,
        0,
        0
      ]
    },
    {
      "command": "bun",
      "mean": 0.04078885008000001,
      "stddev": 0.002088391139101392,
      "median": 0.040238176779999996,
      "user": 0.00789896,
      "system": 0.038435880000000006,
      "min": 0.03939337178,
      "max": 0.04687742978,
      "times": [
        0.04687742978,
        0.04039553678,
        0.03958963278,
        0.04044067278,
        0.04092390978,
        0.03977440478,
        0.04077834778,
        0.03963437778,
        0.04008081678,
        0.03939337178
      ],
      "exit_codes": [
        0,
        0,
        0,
        0,
        0,
        0,
        0,
        0,
        0,
        0
      ]
    },
    {
      "command": "deno",
      "mean": 0.8025263630800001,
      "stddev": 0.01564044289396492,
      "median": 0.8010257712800001,
      "user": 0.99259096,
      "system": 0.28179338,
      "min": 0.7815469597800001,
      "max": 0.8310652097800001,
      "times": [
        0.8310652097800001,
        0.7828215487800001,
        0.80420252778,
        0.7918334987800001,
        0.8095815257800001,
        0.8023312717800001,
        0.7815469597800001,
        0.79555340178,
        0.7997202707800001,
        0.8266074157800001
      ],
      "exit_codes": [
        0,
        0,
        0,
        0,
        0,
        0,
        0,
        0,
        0,
        0
      ]
    }
  ]
}