{
  "results": [
    {
      "command": "npm",
      "mean": 0.9487155475400002,
      "stddev": 0.00900044861047324,
      "median": 0.94640017134,
      "user": 1.0649722599999998,
      "system": 0.19157573999999997,
      "min": 0.93822103084,
      "max": 0.96791587884,
      "times": [
        0.94154353384,
        0.9483610718400001,
        0.96791587884,
        0.94810455484,
        0.93822103084,
        0.94210344684,
        0.96116433484,
        0.9530754408400001,
        0.94469578784,
        0.94197039484
      ],
      "exit_codes": [
        0,
        0,
        0,
        0,
        0,
        0,
        0,
        0,
        0,
        0
      ]
    },
    {
      "command": "snpm",
      "mean": 0.58117360884,
      "stddev": 0.003780153275325556,
      "median": 0.5824639013399999,
      "user": 0.38582355999999995,
      "system": 0.20487983999999998,
      "min": 0.57187440384,
      "max": 0.5857865678399999,
      "times": [
        0.58462197184,
        0.58252393884,
        0.58293100484,
        0.57969044784,
        0.58266047584,
        0.5857865678399999,
        0.58240386384,
        0.58157069084,
        0.57767272284,
        0.57187440384
      ],
      "exit_codes": [
        0,
        0,
        0,
        0,
        0,
        0,
        0,
        0,
        0,
        0
      ]
    },
    {
      "command": "yarn",
      "mean": 6.039533045740002,
      "stddev": 0.26359624399045145,
      "median": 5.93915009184,
      "user": 3.790882359999999,
      "system": 1.40852684,
      "min": 5.8172508158400005,
      "max": 6.702846983840001,
      "times": [
        5.817620277840001,
        5.912050913840001,
        5.9662492698400005,
        6.2824099038400005,
        5.8172508158400005,
        6.06438745384,
        6.1212459928400005,
        6.702846983840001,
        5.83765911484,
        5.87360973084
      ],
      "exit_codes": [
        0,
        0,
        0,
        0,
        0,
        0,
        0,
        0,
        0,
        0
      ]
    },
    {
      "command": "berry",
      "mean": 2.56183452334,
      "stddev": 0.029098878031519653,
      "median": 2.55938281084,
      "user": 3.5092257599999996,
      "system": 0.60505054,
      "min": 2.5171163768400002,
      "max": 2.61281621684,
      "times": [
        2.54687654084,
        2.59600375784,
        2.59260864984,
        2.52938525684,
        2.56361388484,
        2.61281621684,
        2.54115892784,
        2.5171163768400002,
        2.55522026484,
        2.56354535684
      ],
      "exit_codes": [
        0,
        0,
        0,
        0,
        0,
        0,
        0,
        0,
        0,
        0
      ]
    },
    {
      "command": "pnpm",
      "mean": 1.13903861914,
      "stddev": 0.018315744614515482,
      "median": 1.13416905434,
      "user": 1.65140296,
      "system": 0.2979407399999999,
      "min": 1.11424139084,
      "max": 1.17641778584,
      "times": [
        1.13041836784,
        1.11424139084,
        1.16793067984,
        1.14382058684,
        1.13084103684,
        1.13310946684,
        1.17641778584,
        1.13522864184,
        1.12212736284,
        1.13625087184
      ],
      "exit_codes": [
        0,
        0,
        0,
        0,
        0,
        0,
        0,
        0,
        0,
        0
      ]
    },
    {
      "command": "vlt",
      "mean": 0.34976232914,
      "stddev": 0.007424935956632092,
      "median": 0.3461962458400001,
      "user": 0.37530315999999997,
      "system": 0.07822934,
      "min": 0.34109258684000004,
      "max": 0.36101254884000006,
      "times": [
        0.34466795584000004,
        0.34288752484,
        0.35934670184000006,
        0.36002493184000006,
        0.36101254884000006,
        0.34541472184000005,
        0.35294598084,
        0.34697776984000006,
        0.34109258684000004,
        0.34325256884000005
      ],
      "exit_codes": [
        0,
        0,
        0,
        0,
        0,
        0,
        0,
        0,
        0,
        0
      ]
    },
    {
      "command": "bun",
      "mean": 0.040305294340000006,
      "stddev": 0.000721985027807537,
      "median": 0.04015161984,
      "user": 0.008246559999999998,
      "system": 0.03762064,
      "min": 0.03947471384,
      "max": 0.04164514984,
      "times": [
        0.03947471384,
        0.04164514984,
        0.03963873884,
        0.04016796584,
        0.04029545284,
        0.04013527384,
        0.04065385284,
        0.04152102784,
        0.03961541484,
        0.03990535284
      ],
      "exit_codes": [
        0,
        0,
        0,
        0,
        0,
        0,
        0,
        0,
        0,
        0
      ]
    },
    {
      "command": "deno",
      "mean": 0.7963468775399999,
      "stddev": 0.01230009046919237,
      "median": 0.79565221484,
      "user": 0.9798784599999999,
      "system": 0.28223724000000006,
      "min": 0.78153469384,
      "max": 0.82798119384,
      "times": [
        0.80214008384,
        0.79641170284,
        0.82798119384,
        0.79835124784,
        0.78153469384,
        0.79567309384,
        0.78751917384,
        0.79509893584,
        0.79563133584,
        0.78312731384
      ],
      "exit_codes": [
        0,
        0,
        0,
        0,
        0,
        0,
        0,
        0,
        0,
        0
      ]
    }
  ]
}