{
  "results": [
    {
      "command": "npm",
      "mean": 0.9416957140200003,
      "stddev": 0.021320219055378405,
      "median": 0.9334924353200001,
      "user": 1.05294184,
      "system": 0.1868451,
      "min": 0.9217936563200001,
      "max": 1.0010108443199999,
      "times": [
        0.9499708283200001,
        0.9480690833200001,
        0.9320811043200001,
        0.9332251203200002,
        0.9297689043200001,
        0.9302625533200001,
        0.93701529532,
        0.9337597503200001,
        1.0010108443199999,
        0.9217936563200001
      ],
      "exit_codes": [
        0,
        0,
        0,
        0,
        0,
        0,
        0,
        0,
        0,
        0
      ]
    },
    {
      "command": "snpm",
      "mean": 0.57813349882,
      "stddev": 0.012150753028472528,
      "median": 0.57289618732,
      "user": 0.38015703999999995,
      "system": 0.20710689999999995,
      "min": 0.5663646223200001,
      "max": 0.6059327573200001,
      "times": [
        0.5663646223200001,
        0.5973038123200001,
        0.5721025913200001,
        0.5704596383200001,
        0.57269941032,
        0.57603767232,
        0.5749319083200001,
        0.5730929643200001,
        0.5724096113200001,
        0.6059327573200001
      ],
      "exit_codes": [
        0,
        0,
        0,
        0,
        0,
        0,
        0,
        0,
        0,
        0
      ]
    },
    {
      "command": "yarn",
      "mean": 7.63613638162,
      "stddev": 0.3097887313586571,
      "median": 7.61534085482,
      "user": 3.72935424,
      "system": 1.4345776,
      "min": 7.23979083932,
      "max": 8.32565438632,
      "times": [
        7.83908511032,
        7.6763429183200005,
        7.37519735732,
        8.32565438632,
        7.23979083932,
        7.8503305803200005,
        7.55433879132,
        7.4782775173200005,
        7.27927797632,
        7.743068339320001
      ],
      "exit_codes": [
        0,
        0,
        0,
        0,
        0,
        0,
        0,
        0,
        0,
        0
      ]
    },
    {
      "command": "berry",
      "mean": 2.62018437312,
      "stddev": 0.10243228453469976,
      "median": 2.58733799782,
      "user": 3.48765434,
      "system": 0.6053295000000001,
      "min": 2.54264385432,
      "max": 2.89104371032,
      "times": [
        2.58457401932,
        2.55461512632,
        2.59847955132,
        2.54273905332,
        2.54264385432,
        2.89104371032,
        2.55401320132,
        2.7098610933200002,
        2.63377214532,
        2.59010197632
      ],
      "exit_codes": [
        0,
        0,
        0,
        0,
        0,
        0,
        0,
        0,
        0,
        0
      ]
    },
    {
      "command": "pnpm",
      "mean": 1.17101672042,
      "stddev": 0.03641705722097734,
      "median": 1.16037579182,
      "user": 1.63612854,
      "system": 0.2850268,
      "min": 1.13374984432,
      "max": 1.25974673132,
      "times": [
        1.1603532533199998,
        1.25974673132,
        1.18537364332,
        1.13374984432,
        1.16160859632,
        1.16039833032,
        1.1473602353199999,
        1.1499699323199999,
        1.21066499032,
        1.14094164732
      ],
      "exit_codes": [
        0,
        0,
        0,
        0,
        0,
        0,
        0,
        0,
        0,
        0
      ]
    },
    {
      "command": "vlt",
      "mean": 0.33944911932000005,
      "stddev": 0.005346687149451236,
      "median": 0.33805869332000005,
      "user": 0.36143674000000003,
      "system": 0.0742148,
      "min": 0.33461849732,
      "max": 0.35282118132,
      "times": [
        0.33784617032,
        0.33859012332,
        0.33545794232000004,
        0.34565848332,
        0.33566389032,
        0.33827121632,
        0.33461849732,
        0.33625612432,
        0.33930756432000003,
        0.35282118132
      ],
      "exit_codes": [
        0,
        0,
        0,
        0,
        0,
        0,
        0,
        0,
        0,
        0
      ]
    },
    {
      "command": "bun",
      "mean": 0.041665635619999995,
      "stddev": 0.004437804249690608,
      "median": 0.040353408820000006,
      "user": 0.00815224,
      "system": 0.03905689999999999,
      "min": 0.03915601432000001,
      "max": 0.05490535532000001,
      "times": [
        0.05490535532000001,
        0.040566694320000006,
        0.040702796320000005,
        0.040276542320000004,
        0.04043027532000001,
        0.040800638320000006,
        0.03915601432000001,
        0.03973262132000001,
        0.039973003320000006,
        0.040112415320000004
      ],
      "exit_codes": [
        0,
        0,
        0,
        0,
        0,
        0,
        0,
        0,
        0,
        0
      ]
    },
    {
      "command": "deno",
      "mean": 0.7818699108200001,
      "stddev": 0.010430257440249719,
      "median": 0.7842574243200001,
      "user": 0.96734864,
      "system": 0.2733967,
      "min": 0.75910584832,
      "max": 0.7919229053200001,
      "times": [
        0.7796521273200001,
        0.75910584832,
        0.7680815843200001,
        0.7901778593200001,
        0.7786798043200001,
        0.7825677953200001,
        0.7915215703200001,
        0.7910425603200001,
        0.7859470533200001,
        0.7919229053200001
      ],
      "exit_codes": [
        0,
        0,
        0,
        0,
        0,
        0,
        0,
        0,
        0,
        0
      ]
    }
  ]
}