{
  "results": [
    {
      "command": "npm",
      "mean": 0.95229676982,
      "stddev": 0.0071385230346404874,
      "median": 0.95087453592,
      "user": 1.0690701799999998,
      "system": 0.18943237999999998,
      "min": 0.9450265874200001,
      "max": 0.9683874264200001,
      "times": [
        0.94576185842,
        0.9683874264200001,
        0.95102478142,
        0.9600087364200001,
        0.9460675014200001,
        0.9450265874200001,
        0.9522712454200001,
        0.9569634104200001,
        0.9507242904200001,
        0.9467318604200001
      ],
      "exit_codes": [
        0,
        0,
        0,
        0,
        0,
        0,
        0,
        0,
        0,
        0
      ]
    },
    {
      "command": "snpm",
      "mean": 0.5794156587200001,
      "stddev": 0.007231248258780363,
      "median": 0.5769715769200001,
      "user": 0.38313677999999995,
      "system": 0.20484888000000004,
      "min": 0.5722410304200001,
      "max": 0.59620404142,
      "times": [
        0.57786912542,
        0.58692870742,
        0.57319131442,
        0.57797985642,
        0.57456925942,
        0.5722410304200001,
        0.57429352942,
        0.5848056944200001,
        0.59620404142,
        0.5760740284200001
      ],
      "exit_codes": [
        0,
        0,
        0,
        0,
        0,
        0,
        0,
        0,
        0,
        0
      ]
    },
    {
      "command": "yarn",
      "mean": 7.915803581019999,
      "stddev": 0.5492367005259426,
      "median": 7.93402333492,
      "user": 3.7990276799999996,
      "system": 1.48233558,
      "min": 7.17506828742,
      "max": 8.86246618042,
      "times": [
        7.5673157924200005,
        8.34603576342,
        7.62622259642,
        8.38004668442,
        7.17506828742,
        7.38653645842,
        8.24182407342,
        7.26383665742,
        8.30868331642,
        8.86246618042
      ],
      "exit_codes": [
        0,
        0,
        0,
        0,
        0,
        0,
        0,
        0,
        0,
        0
      ]
    },
    {
      "command": "berry",
      "mean": 2.66225327332,
      "stddev": 0.05515028364119137,
      "median": 2.65383579942,
      "user": 3.5476863800000005,
      "system": 0.6159302799999999,
      "min": 2.56157669342,
      "max": 2.76607749042,
      "times": [
        2.64782480742,
        2.66942730242,
        2.76607749042,
        2.6408427534200003,
        2.56157669342,
        2.65733344642,
        2.70863222242,
        2.71705960142,
        2.6034202634200003,
        2.65033815242
      ],
      "exit_codes": [
        0,
        0,
        0,
        0,
        0,
        0,
        0,
        0,
        0,
        0
      ]
    },
    {
      "command": "pnpm",
      "mean": 1.20425465052,
      "stddev": 0.04987302781214637,
      "median": 1.19873815542,
      "user": 1.66925518,
      "system": 0.30314458,
      "min": 1.1361637124200001,
      "max": 1.29592130642,
      "times": [
        1.14786960842,
        1.16616819442,
        1.29592130642,
        1.18982705242,
        1.21295140742,
        1.1361637124200001,
        1.1793200184200001,
        1.28043772142,
        1.22623822542,
        1.20764925842
      ],
      "exit_codes": [
        0,
        0,
        0,
        0,
        0,
        0,
        0,
        0,
        0,
        0
      ]
    },
    {
      "command": "vlt",
      "mean": 0.34687589112000006,
      "stddev": 0.005479745018309823,
      "median": 0.34626423692,
      "user": 0.37142217999999994,
      "system": 0.07626827999999998,
      "min": 0.34040583242000005,
      "max": 0.35990267842,
      "times": [
        0.34729999842000003,
        0.34110551142000006,
        0.34354068442,
        0.34040583242000005,
        0.35990267842,
        0.34773933442000005,
        0.34959325842000005,
        0.35104922442000003,
        0.34522847542,
        0.34289391342000003
      ],
      "exit_codes": [
        0,
        0,
        0,
        0,
        0,
        0,
        0,
        0,
        0,
        0
      ]
    },
    {
      "command": "bun",
      "mean": 0.04338184192,
      "stddev": 0.009345905446449126,
      "median": 0.040307103420000004,
      "user": 0.009607880000000001,
      "system": 0.03794488,
      "min": 0.039602105420000006,
      "max": 0.07139845742,
      "times": [
        0.040371065420000005,
        0.07139845742,
        0.03987360442000001,
        0.04029503442000001,
        0.04021907142,
        0.04043129242,
        0.04031917242000001,
        0.04022201142,
        0.039602105420000006,
        0.041086604420000006
      ],
      "exit_codes": [
        0,
        0,
        0,
        0,
        0,
        0,
        0,
        0,
        0,
        0
      ]
    },
    {
      "command": "deno",
      "mean": 0.79027978172,
      "stddev": 0.015130324564481313,
      "median": 0.7836879129200001,
      "user": 0.98412038,
      "system": 0.28217098,
      "min": 0.77586863342,
      "max": 0.81965549642,
      "times": [
        0.81965549642,
        0.79538319542,
        0.7934373184200001,
        0.7772953734200001,
        0.7853922534200001,
        0.77586863342,
        0.81585267642,
        0.78198357242,
        0.7765885964200001,
        0.7813407014200001
      ],
      "exit_codes": [
        0,
        0,
        0,
        0,
        0,
        0,
        0,
        0,
        0,
        0
      ]
    }
  ]
}