{
  "results": [
    {
      "command": "npm",
      "mean": 0.9902216357600002,
      "stddev": 0.01567869892448754,
      "median": 0.9921360677600002,
      "user": 1.11648026,
      "system": 0.19786702,
      "min": 0.9614873672600001,
      "max": 1.02038563526,
      "times": [
        0.9905868362600001,
        0.9993410392600001,
        0.9847653432600001,
        0.9936852992600002,
        1.02038563526,
        0.9982404802600001,
        0.9868561192600002,
        0.9980945522600001,
        0.9614873672600001,
        0.9687736852600001
      ],
      "exit_codes": [
        0,
        0,
        0,
        0,
        0,
        0,
        0,
        0,
        0,
        0
      ]
    },
    {
      "command": "snpm",
      "mean": 0.5914028206600002,
      "stddev": 0.007154711936959462,
      "median": 0.5909129272600001,
      "user": 0.39336476,
      "system": 0.20761732,
      "min": 0.58134908226,
      "max": 0.6048044732600001,
      "times": [
        0.5841577872600001,
        0.5839948462600001,
        0.5900276792600001,
        0.58134908226,
        0.6048044732600001,
        0.5991591782600001,
        0.5917981752600001,
        0.5872216962600001,
        0.59752248226,
        0.5939928062600001
      ],
      "exit_codes": [
        0,
        0,
        0,
        0,
        0,
        0,
        0,
        0,
        0,
        0
      ]
    },
    {
      "command": "yarn",
      "mean": 7.92131777556,
      "stddev": 0.23171073832676864,
      "median": 7.93756730426,
      "user": 3.9411201599999997,
      "system": 1.51906772,
      "min": 7.63759051426,
      "max": 8.426786579260002,
      "times": [
        8.426786579260002,
        7.96861017526,
        7.68508005326,
        8.026627409260001,
        7.97210890226,
        8.14462997126,
        7.9065244332599995,
        7.63759051426,
        7.73058639026,
        7.71463332726
      ],
      "exit_codes": [
        0,
        0,
        0,
        0,
        0,
        0,
        0,
        0,
        0,
        0
      ]
    },
    {
      "command": "berry",
      "mean": 2.72936137086,
      "stddev": 0.03768443858990986,
      "median": 2.74491764276,
      "user": 3.62671996,
      "system": 0.61166992,
      "min": 2.66358298126,
      "max": 2.7809084992599997,
      "times": [
        2.7471922532599997,
        2.66358298126,
        2.70687048026,
        2.75853643526,
        2.66760289426,
        2.7600076582599997,
        2.75022446726,
        2.7809084992599997,
        2.71604500726,
        2.7426430322599997
      ],
      "exit_codes": [
        0,
        0,
        0,
        0,
        0,
        0,
        0,
        0,
        0,
        0
      ]
    },
    {
      "command": "pnpm",
      "mean": 1.32301337166,
      "stddev": 0.04335294255116375,
      "median": 1.3300749172600002,
      "user": 1.6867975599999998,
      "system": 0.31400622,
      "min": 1.25743227626,
      "max": 1.4077907792600002,
      "times": [
        1.26917342026,
        1.32364087426,
        1.36717056326,
        1.25743227626,
        1.4077907792600002,
        1.34220494526,
        1.2986514872600001,
        1.28987158626,
        1.33650896026,
        1.33768882426
      ],
      "exit_codes": [
        0,
        0,
        0,
        0,
        0,
        0,
        0,
        0,
        0,
        0
      ]
    },
    {
      "command": "vlt",
      "mean": 0.35546089436,
      "stddev": 0.006010508674950316,
      "median": 0.35368171776,
      "user": 0.37838656,
      "system": 0.08059331999999998,
      "min": 0.34780066526000003,
      "max": 0.36633032526000003,
      "times": [
        0.34780066526000003,
        0.34913788226000003,
        0.35109762826,
        0.35483830126000004,
        0.35252513426000004,
        0.36633032526000003,
        0.35211969526000003,
        0.35651173326,
        0.35935274126,
        0.36489483726
      ],
      "exit_codes": [
        0,
        0,
        0,
        0,
        0,
        0,
        0,
        0,
        0,
        0
      ]
    },
    {
      "command": "bun",
      "mean": 0.04101138785999999,
      "stddev": 0.0006616544911544395,
      "median": 0.04084984526,
      "user": 0.00921066,
      "system": 0.03742681999999999,
      "min": 0.04019822026,
      "max": 0.04207135526,
      "times": [
        0.04029194126,
        0.04207135526,
        0.04060829026,
        0.04079579926,
        0.04032347626,
        0.04090389126,
        0.04162101326,
        0.04196186826,
        0.04019822026,
        0.04133802326
      ],
      "exit_codes": [
        0,
        0,
        0,
        0,
        0,
        0,
        0,
        0,
        0,
        0
      ]
    },
    {
      "command": "deno",
      "mean": 0.8128645332600002,
      "stddev": 0.02612634557843687,
      "median": 0.8036303022600001,
      "user": 1.0071653599999997,
      "system": 0.28308942,
      "min": 0.7799283732600001,
      "max": 0.8773723222600001,
      "times": [
        0.8015071022600001,
        0.8035694862600001,
        0.8036911182600001,
        0.7799283732600001,
        0.8020758122600001,
        0.8213989022600001,
        0.8773723222600001,
        0.8149386872600001,
        0.7887846222600001,
        0.8353789062600001
      ],
      "exit_codes": [
        0,
        0,
        0,
        0,
        0,
        0,
        0,
        0,
        0,
        0
      ]
    }
  ]
}