{
  "results": [
    {
      "command": "npm",
      "mean": 0.8862686036200002,
      "stddev": 0.02108808049867526,
      "median": 0.8875315478200001,
      "user": 1.0578069,
      "system": 0.13982638,
      "min": 0.8480526393200001,
      "max": 0.91406876532,
      "times": [
        0.8704610983200001,
        0.89866412332,
        0.9045649813200001,
        0.88469770932,
        0.8903653863200001,
        0.91406876532,
        0.9134333493200001,
        0.87740111332,
        0.86097687032,
        0.8480526393200001
      ],
      "exit_codes": [
        0,
        0,
        0,
        0,
        0,
        0,
        0,
        0,
        0,
        0
      ]
    },
    {
      "command": "snpm",
      "mean": 0.51397614942,
      "stddev": 0.015947560280299585,
      "median": 0.5135103358199999,
      "user": 0.37796109999999994,
      "system": 0.14381568,
      "min": 0.49297363532,
      "max": 0.54944094432,
      "times": [
        0.49297363532,
        0.49561865132,
        0.51493093532,
        0.51947268232,
        0.5218465143200001,
        0.51208973632,
        0.54944094432,
        0.52697336832,
        0.50098126732,
        0.50543375932
      ],
      "exit_codes": [
        0,
        0,
        0,
        0,
        0,
        0,
        0,
        0,
        0,
        0
      ]
    },
    {
      "command": "yarn",
      "mean": 8.28488258302,
      "stddev": 1.4784198488229072,
      "median": 7.94677204882,
      "user": 3.9298396,
      "system": 1.0835147800000002,
      "min": 7.1877255903199995,
      "max": 12.64394680432,
      "times": [
        7.951398988319999,
        8.09190242132,
        12.64394680432,
        7.988804153319999,
        7.1877255903199995,
        7.942145109319999,
        7.8397393513199995,
        7.70196708932,
        7.44269280032,
        8.05850352232
      ],
      "exit_codes": [
        0,
        0,
        0,
        0,
        0,
        0,
        0,
        0,
        0,
        0
      ]
    },
    {
      "command": "berry",
      "mean": 2.7147371621200005,
      "stddev": 0.04685294927672242,
      "median": 2.71398628632,
      "user": 3.7264007,
      "system": 0.5192336799999999,
      "min": 2.64667966932,
      "max": 2.7931416113200003,
      "times": [
        2.75091238232,
        2.7602226183200003,
        2.64667966932,
        2.72363422432,
        2.7931416113200003,
        2.6740733223200004,
        2.6507565313200003,
        2.75147987432,
        2.6921330393200003,
        2.7043383483200003
      ],
      "exit_codes": [
        0,
        0,
        0,
        0,
        0,
        0,
        0,
        0,
        0,
        0
      ]
    },
    {
      "command": "pnpm",
      "mean": 1.26032995542,
      "stddev": 0.011761055079184088,
      "median": 1.26498123432,
      "user": 1.6236113000000003,
      "system": 0.22124277999999994,
      "min": 1.23793868532,
      "max": 1.2708245823200002,
      "times": [
        1.26694104032,
        1.26555952332,
        1.2708245823200002,
        1.23793868532,
        1.2590433273200001,
        1.26440294532,
        1.2601927053200002,
        1.2381800683200002,
        1.2695845863200002,
        1.2706320903200001
      ],
      "exit_codes": [
        0,
        0,
        0,
        0,
        0,
        0,
        0,
        0,
        0,
        0
      ]
    },
    {
      "command": "vlt",
      "mean": 0.33242675202,
      "stddev": 0.012916884072903576,
      "median": 0.33227839782,
      "user": 0.3928161,
      "system": 0.06145968,
      "min": 0.31741628832,
      "max": 0.35853185832,
      "times": [
        0.32130978232,
        0.33291300932,
        0.32112393532,
        0.34082554732000003,
        0.33164378632,
        0.34770925932,
        0.35853185832,
        0.31825245132,
        0.31741628832,
        0.33454160232
      ],
      "exit_codes": [
        0,
        0,
        0,
        0,
        0,
        0,
        0,
        0,
        0,
        0
      ]
    },
    {
      "command": "bun",
      "mean": 0.031507958919999995,
      "stddev": 0.0017884957089998412,
      "median": 0.031285637320000004,
      "user": 0.009740700000000001,
      "system": 0.02738638,
      "min": 0.02943196832,
      "max": 0.03440373732,
      "times": [
        0.032273444320000004,
        0.03374940332,
        0.031913973320000004,
        0.033391801320000004,
        0.03440373732,
        0.02978091332,
        0.02943196832,
        0.02974294932,
        0.02973409732,
        0.03065730132
      ],
      "exit_codes": [
        0,
        0,
        0,
        0,
        0,
        0,
        0,
        0,
        0,
        0
      ]
    },
    {
      "command": "deno",
      "mean": 0.7330941104200001,
      "stddev": 0.012033620016673683,
      "median": 0.7311409173200001,
      "user": 0.9738895999999999,
      "system": 0.19472717999999997,
      "min": 0.71126567032,
      "max": 0.7532703983200001,
      "times": [
        0.7455340433200001,
        0.7297603703200001,
        0.71126567032,
        0.7532703983200001,
        0.72524657232,
        0.73118180732,
        0.73149203432,
        0.72360622732,
        0.7484839533200001,
        0.73110002732
      ],
      "exit_codes": [
        0,
        0,
        0,
        0,
        0,
        0,
        0,
        0,
        0,
        0
      ]
    }
  ]
}