{
  "results": [
    {
      "command": "npm",
      "mean": 1.0612725022999998,
      "stddev": 0.011248205189717437,
      "median": 1.0592173339,
      "user": 1.1615814800000002,
      "system": 0.20535920000000002,
      "min": 1.0479734533999998,
      "max": 1.0884071704,
      "times": [
        1.0649995304,
        1.0583231324,
        1.0884071704,
        1.0601115354,
        1.0717375923999999,
        1.0557869644,
        1.0515624144,
        1.0516107094,
        1.0622125204,
        1.0479734533999998
      ],
      "exit_codes": [
        0,
        0,
        0,
        0,
        0,
        0,
        0,
        0,
        0,
        0
      ]
    },
    {
      "command": "snpm",
      "mean": 3.0871428396000007,
      "stddev": 0.19614344683220938,
      "median": 3.0022534704000003,
      "user": 1.8928525800000002,
      "system": 1.4048516,
      "min": 2.8924084224000004,
      "max": 3.5507983054000003,
      "times": [
        2.9606859134000003,
        2.9691585084,
        3.5507983054000003,
        2.8924084224000004,
        3.3042054824,
        3.1437800824,
        3.1427478304000003,
        3.0128954014000002,
        2.9916115394000005,
        2.9031369104
      ],
      "exit_codes": [
        0,
        0,
        0,
        0,
        0,
        0,
        0,
        0,
        0,
        0
      ]
    },
    {
      "command": "yarn",
      "mean": 7.6554237702,
      "stddev": 0.22581124465864894,
      "median": 7.5568639828999995,
      "user": 3.8869514800000005,
      "system": 1.4012405,
      "min": 7.4132762804,
      "max": 8.1531963164,
      "times": [
        7.4132762804,
        7.9048754024,
        8.1531963164,
        7.4968540744,
        7.4900460164,
        7.8711855243999995,
        7.5883610884,
        7.5383735684,
        7.5227150334,
        7.5753543974
      ],
      "exit_codes": [
        0,
        0,
        0,
        0,
        0,
        0,
        0,
        0,
        0,
        0
      ]
    },
    {
      "command": "berry",
      "mean": 3.2847577524,
      "stddev": 0.040951649380100166,
      "median": 3.2810841629,
      "user": 3.89415458,
      "system": 0.6633136999999999,
      "min": 3.2055342644,
      "max": 3.3402957224,
      "times": [
        3.2806979324000003,
        3.2762735354,
        3.2512043064,
        3.2814703934000002,
        3.2912553464000003,
        3.2512089604,
        3.3363253164000004,
        3.3402957224,
        3.2055342644,
        3.3333117464
      ],
      "exit_codes": [
        0,
        0,
        0,
        0,
        0,
        0,
        0,
        0,
        0,
        0
      ]
    },
    {
      "command": "pnpm",
      "mean": 1.4939640566,
      "stddev": 0.06146122657001238,
      "median": 1.4787132414,
      "user": 1.5424896800000003,
      "system": 0.26707749999999997,
      "min": 1.4571308453999998,
      "max": 1.6752252714,
      "times": [
        1.4628191434,
        1.4808146424,
        1.4766118404,
        1.4846310204,
        1.4675362284,
        1.4911091184,
        1.6752252714,
        1.4586617504,
        1.4571308453999998,
        1.4851007054
      ],
      "exit_codes": [
        0,
        0,
        0,
        0,
        0,
        0,
        0,
        0,
        0,
        0
      ]
    },
    {
      "command": "vlt",
      "mean": 0.3747039591,
      "stddev": 0.008788037476994276,
      "median": 0.37425434990000006,
      "user": 0.39532547999999995,
      "system": 0.0811413,
      "min": 0.36219549540000007,
      "max": 0.38813771840000005,
      "times": [
        0.38273951640000003,
        0.37420473440000007,
        0.38813771840000005,
        0.37430396540000005,
        0.3647197984000001,
        0.36318683640000005,
        0.38284679140000005,
        0.38272487340000005,
        0.37197986140000006,
        0.36219549540000007
      ],
      "exit_codes": [
        0,
        0,
        0,
        0,
        0,
        0,
        0,
        0,
        0,
        0
      ]
    },
    {
      "command": "bun",
      "mean": 0.04197631140000001,
      "stddev": 0.0007600585541240886,
      "median": 0.0418489504,
      "user": 0.010212679999999998,
      "system": 0.03738599999999999,
      "min": 0.0406750684,
      "max": 0.0430551614,
      "times": [
        0.042631324400000004,
        0.041001285400000004,
        0.041478438400000005,
        0.042713385400000005,
        0.0430551614,
        0.0417860294,
        0.0419118714,
        0.0406750684,
        0.041729506400000005,
        0.0427810434
      ],
      "exit_codes": [
        0,
        0,
        0,
        0,
        0,
        0,
        0,
        0,
        0,
        0
      ]
    },
    {
      "command": "deno",
      "mean": 0.9587133208,
      "stddev": 0.012944063207484788,
      "median": 0.9598083709,
      "user": 1.08425658,
      "system": 0.2820321,
      "min": 0.9374677954000001,
      "max": 0.9795948034,
      "times": [
        0.9374677954000001,
        0.9456822744000001,
        0.9601675314000001,
        0.9570770434000001,
        0.9795948034,
        0.9703819984000001,
        0.9609508254000001,
        0.9735302234000001,
        0.9594492104000001,
        0.9428315024000001
      ],
      "exit_codes": [
        0,
        0,
        0,
        0,
        0,
        0,
        0,
        0,
        0,
        0
      ]
    }
  ]
}