{
  "results": [
    {
      "command": "npm",
      "mean": 0.84027944644,
      "stddev": 0.004217045640516473,
      "median": 0.83995912934,
      "user": 0.9276438,
      "system": 0.1865612,
      "min": 0.8347398488400001,
      "max": 0.8477182828400001,
      "times": [
        0.84088627784,
        0.8390319808400001,
        0.8454712608400001,
        0.8372076418400001,
        0.84424728384,
        0.8413199508400001,
        0.8352202098400001,
        0.8369517268400001,
        0.8347398488400001,
        0.8477182828400001
      ],
      "exit_codes": [
        0,
        0,
        0,
        0,
        0,
        0,
        0,
        0,
        0,
        0
      ]
    },
    {
      "command": "snpm",
      "mean": 0.23240896794000002,
      "stddev": 0.010818153052807618,
      "median": 0.22883737184000003,
      "user": 0.11455119999999999,
      "system": 0.1239179,
      "min": 0.22651030884,
      "max": 0.26451547184,
      "times": [
        0.22888027684,
        0.22981363284,
        0.22953394784,
        0.26451547184,
        0.22651030884,
        0.22780532084000002,
        0.22879446684000002,
        0.22739572884,
        0.23265059484,
        0.22818992984
      ],
      "exit_codes": [
        0,
        0,
        0,
        0,
        0,
        0,
        0,
        0,
        0,
        0
      ]
    },
    {
      "command": "yarn",
      "mean": 3.12988775494,
      "stddev": 0.14447987101457826,
      "median": 3.13167867584,
      "user": 1.9947266000000003,
      "system": 0.8383527999999998,
      "min": 2.84306411584,
      "max": 3.3513628888399998,
      "times": [
        3.21278759284,
        3.06739585084,
        2.84306411584,
        3.14154906084,
        3.03708227484,
        3.32823523884,
        3.1218082908399998,
        3.18843850184,
        3.3513628888399998,
        3.00715373384
      ],
      "exit_codes": [
        0,
        0,
        0,
        0,
        0,
        0,
        0,
        0,
        0,
        0
      ]
    },
    {
      "command": "berry",
      "mean": 2.2574711099400004,
      "stddev": 0.7709767982021227,
      "median": 1.91758170834,
      "user": 2.1026219,
      "system": 0.37220339999999996,
      "min": 1.78655582984,
      "max": 4.38534844684,
      "times": [
        2.87997302084,
        1.91640210784,
        1.78655582984,
        1.85881719784,
        2.07586126784,
        1.91876130884,
        1.81401426284,
        2.07302483284,
        1.8659528238399998,
        4.38534844684
      ],
      "exit_codes": [
        0,
        0,
        0,
        0,
        0,
        0,
        0,
        0,
        0,
        0
      ]
    },
    {
      "command": "pnpm",
      "mean": 1.03192818294,
      "stddev": 0.04476094201564141,
      "median": 1.01184317634,
      "user": 1.3933063,
      "system": 0.25594890000000003,
      "min": 0.9878006808400001,
      "max": 1.13965712884,
      "times": [
        1.0099600758399998,
        0.9978968668400001,
        0.9925620578400001,
        1.13965712884,
        1.01122839384,
        1.05063288784,
        1.01245795884,
        1.0774917018399999,
        0.9878006808400001,
        1.0395940768399998
      ],
      "exit_codes": [
        0,
        0,
        0,
        0,
        0,
        0,
        0,
        0,
        0,
        0
      ]
    },
    {
      "command": "vlt",
      "mean": 0.31958546314,
      "stddev": 0.0016509532582894076,
      "median": 0.31973750734000006,
      "user": 0.32976700000000003,
      "system": 0.0721473,
      "min": 0.31677285584000003,
      "max": 0.32233846084000006,
      "times": [
        0.32055815984,
        0.31925440584000003,
        0.31880776484000006,
        0.31943020784000004,
        0.31677285584000003,
        0.32090045084,
        0.32076172384000007,
        0.32004480684000003,
        0.31698579484000006,
        0.32233846084000006
      ],
      "exit_codes": [
        0,
        0,
        0,
        0,
        0,
        0,
        0,
        0,
        0,
        0
      ]
    },
    {
      "command": "bun",
      "mean": 0.01907287944,
      "stddev": 0.0003076681929254953,
      "median": 0.018981375340000002,
      "user": 0.0076814,
      "system": 0.017015,
      "min": 0.01852031484,
      "max": 0.01958011584,
      "times": [
        0.01852031484,
        0.01940350884,
        0.01897994784,
        0.01898280284,
        0.01895959984,
        0.01881925984,
        0.01946200884,
        0.01958011584,
        0.01890673084,
        0.01911450484
      ],
      "exit_codes": [
        0,
        0,
        0,
        0,
        0,
        0,
        0,
        0,
        0,
        0
      ]
    },
    {
      "command": "deno",
      "mean": 0.36700609534000006,
      "stddev": 0.005123313655321671,
      "median": 0.36618592584000004,
      "user": 0.48168439999999996,
      "system": 0.1679634,
      "min": 0.36209705784000007,
      "max": 0.3807014918400001,
      "times": [
        0.36588239384000004,
        0.36296815884000005,
        0.36209705784000007,
        0.36648945784000003,
        0.36471224884000003,
        0.3807014918400001,
        0.36720038384000003,
        0.36283817084000003,
        0.36695417484000004,
        0.37021741484000004
      ],
      "exit_codes": [
        0,
        0,
        0,
        0,
        0,
        0,
        0,
        0,
        0,
        0
      ]
    }
  ]
}