{
  "results": [
    {
      "command": "npm",
      "mean": 22.845905340259996,
      "stddev": 0.6237068777550168,
      "median": 22.720997639559997,
      "user": 11.819804360000001,
      "system": 2.67301412,
      "min": 21.88480333256,
      "max": 23.73710453056,
      "times": [
        22.650719633559998,
        22.37768404756,
        21.88480333256,
        23.64110186756,
        23.393636263559998,
        22.542888981559997,
        23.73710453056,
        23.37410841856,
        22.065730681559998,
        22.79127564556
      ],
      "exit_codes": [
        0,
        0,
        0,
        0,
        0,
        0,
        0,
        0,
        0,
        0
      ]
    },
    {
      "command": "snpm",
      "mean": 0.17792415186000002,
      "stddev": 0.0024101318205627664,
      "median": 0.17718256806000002,
      "user": 0.10912506,
      "system": 0.07639741999999998,
      "min": 0.17553124156000002,
      "max": 0.18401509656,
      "times": [
        0.17632608156000001,
        0.17638798056000002,
        0.17624080856000002,
        0.17619092556000002,
        0.17992843656000002,
        0.17553124156000002,
        0.17797715556000002,
        0.18401509656,
        0.17802694656,
        0.17861684556000001
      ],
      "exit_codes": [
        0,
        0,
        0,
        0,
        0,
        0,
        0,
        0,
        0,
        0
      ]
    },
    {
      "command": "yarn",
      "mean": 10.84825223636,
      "stddev": 0.1325647598877754,
      "median": 10.78135868256,
      "user": 13.59034306,
      "system": 4.6247861200000004,
      "min": 10.713535614560001,
      "max": 11.12980105756,
      "times": [
        11.12980105756,
        10.95843272756,
        10.79125531456,
        11.030615585560001,
        10.76447359956,
        10.764506199560001,
        10.713535614560001,
        10.773697056560001,
        10.789020308560001,
        10.76718489956
      ],
      "exit_codes": [
        0,
        0,
        0,
        0,
        0,
        0,
        0,
        0,
        0,
        0
      ]
    },
    {
      "command": "berry",
      "mean": 4.32785159806,
      "stddev": 0.03196431864702631,
      "median": 4.31495428556,
      "user": 7.265631259999999,
      "system": 1.6377726199999998,
      "min": 4.292633643559999,
      "max": 4.38849689156,
      "times": [
        4.352358479559999,
        4.35605566856,
        4.38849689156,
        4.36091473756,
        4.29668724156,
        4.31382554756,
        4.296716366559999,
        4.292633643559999,
        4.30474438056,
        4.31608302356
      ],
      "exit_codes": [
        0,
        0,
        0,
        0,
        0,
        0,
        0,
        0,
        0,
        0
      ]
    },
    {
      "command": "pnpm",
      "mean": 3.244341210460001,
      "stddev": 0.057034106537014476,
      "median": 3.25599280206,
      "user": 4.49925596,
      "system": 1.16665392,
      "min": 3.1225286745600003,
      "max": 3.3416056325600003,
      "times": [
        3.3416056325600003,
        3.2284291405600003,
        3.26425414156,
        3.25015940356,
        3.27713839556,
        3.1225286745600003,
        3.28081318056,
        3.24180455356,
        3.1748527815600003,
        3.2618262005600003
      ],
      "exit_codes": [
        0,
        0,
        0,
        0,
        0,
        0,
        0,
        0,
        0,
        0
      ]
    },
    {
      "command": "vlt",
      "mean": 4.813026365959999,
      "stddev": 0.19356092989858067,
      "median": 4.79282828906,
      "user": 4.560808359999999,
      "system": 1.4528119199999998,
      "min": 4.5032335115599995,
      "max": 5.22221692956,
      "times": [
        4.59518212556,
        4.84158468256,
        4.74585171456,
        5.038861520559999,
        4.75936528056,
        5.22221692956,
        4.843593697559999,
        4.754082899559999,
        4.82629129756,
        4.5032335115599995
      ],
      "exit_codes": [
        0,
        0,
        0,
        0,
        0,
        0,
        0,
        0,
        0,
        0
      ]
    },
    {
      "command": "bun",
      "mean": 1.24173902076,
      "stddev": 0.041716304225237734,
      "median": 1.2363423190599998,
      "user": 0.82772686,
      "system": 0.66289152,
      "min": 1.18267713056,
      "max": 1.3292558885599999,
      "times": [
        1.22935432156,
        1.2239053495599999,
        1.2433303165599998,
        1.22314878456,
        1.24890263356,
        1.26881484556,
        1.3292558885599999,
        1.1864018675599999,
        1.18267713056,
        1.28159906956
      ],
      "exit_codes": [
        0,
        0,
        0,
        0,
        0,
        0,
        0,
        0,
        0,
        0
      ]
    },
    {
      "command": "deno",
      "mean": 6.8541462934599995,
      "stddev": 0.42014484870127994,
      "median": 6.70033971106,
      "user": 2.63376536,
      "system": 0.82194042,
      "min": 6.4705099195599995,
      "max": 7.86972655556,
      "times": [
        6.4705099195599995,
        6.75743323656,
        7.86972655556,
        6.6940024735599994,
        6.53120554756,
        6.581709550559999,
        6.706676948559999,
        6.6580222845599994,
        6.85866207656,
        7.41351434156
      ],
      "exit_codes": [
        0,
        0,
        0,
        0,
        0,
        0,
        0,
        0,
        0,
        0
      ]
    }
  ]
}