{
  "results": [
    {
      "command": "npm",
      "mean": 0.5233711299399999,
      "stddev": 0.004575062655713034,
      "median": 0.5228447756400001,
      "user": 0.5762809,
      "system": 0.10742692000000001,
      "min": 0.51758055764,
      "max": 0.53290684064,
      "times": [
        0.5228913176400001,
        0.5208764196400001,
        0.53290684064,
        0.52684567064,
        0.51946109764,
        0.5241076786400001,
        0.51811965264,
        0.52279823364,
        0.52812383064,
        0.51758055764
      ],
      "exit_codes": [
        0,
        0,
        0,
        0,
        0,
        0,
        0,
        0,
        0,
        0
      ]
    },
    {
      "command": "snpm",
      "mean": 0.03136004324000001,
      "stddev": 0.0007020098559221523,
      "median": 0.031095954640000003,
      "user": 0.020073799999999996,
      "system": 0.01345942,
      "min": 0.03066696664,
      "max": 0.033105200640000006,
      "times": [
        0.03117552364,
        0.03093984064,
        0.030770381640000004,
        0.03066696664,
        0.03181055664,
        0.031016385640000005,
        0.031934467640000005,
        0.03124491764,
        0.030936191640000006,
        0.033105200640000006
      ],
      "exit_codes": [
        0,
        0,
        0,
        0,
        0,
        0,
        0,
        0,
        0,
        0
      ]
    },
    {
      "command": "yarn",
      "mean": 0.30156363404,
      "stddev": 0.031975786574319084,
      "median": 0.29210111514000003,
      "user": 0.3110159,
      "system": 0.06402931999999999,
      "min": 0.28440430664,
      "max": 0.39682871864,
      "times": [
        0.29356583464,
        0.29323903264,
        0.29111760164,
        0.28583843464,
        0.28890678664,
        0.29807347064,
        0.28440430664,
        0.29057752564,
        0.39682871864,
        0.29308462864
      ],
      "exit_codes": [
        0,
        0,
        0,
        0,
        0,
        0,
        0,
        0,
        0,
        0
      ]
    },
    {
      "command": "berry",
      "mean": 0.72796933194,
      "stddev": 0.0130776897461645,
      "median": 0.73014796114,
      "user": 0.79575,
      "system": 0.13548211999999998,
      "min": 0.6996218106400001,
      "max": 0.7474534876400001,
      "times": [
        0.7474534876400001,
        0.72851222764,
        0.7214795246400001,
        0.7418419486400001,
        0.6996218106400001,
        0.73143594864,
        0.7337196786400001,
        0.72885997364,
        0.7132783596400001,
        0.7334903596400001
      ],
      "exit_codes": [
        0,
        0,
        0,
        0,
        0,
        0,
        0,
        0,
        0,
        0
      ]
    },
    {
      "command": "pnpm",
      "mean": 0.74191351264,
      "stddev": 0.016055638611803005,
      "median": 0.73529476264,
      "user": 0.7609849999999999,
      "system": 0.11962021999999999,
      "min": 0.72540638964,
      "max": 0.78475842064,
      "times": [
        0.7326461536400001,
        0.73550326464,
        0.72540638964,
        0.74337385264,
        0.73283121864,
        0.75300797864,
        0.78475842064,
        0.74381439264,
        0.73508626064,
        0.73270719464
      ],
      "exit_codes": [
        0,
        0,
        0,
        0,
        0,
        0,
        0,
        0,
        0,
        0
      ]
    },
    {
      "command": "vlt",
      "mean": 0.31281643134000003,
      "stddev": 0.00498725285281118,
      "median": 0.31060230114,
      "user": 0.32499139999999993,
      "system": 0.06489522,
      "min": 0.30643810464000004,
      "max": 0.32414865064000004,
      "times": [
        0.31013586764,
        0.31042395264,
        0.32414865064000004,
        0.31454378764,
        0.31919096364000005,
        0.30643810464000004,
        0.31078064964,
        0.31297221364,
        0.30937360464,
        0.31015651864000005
      ],
      "exit_codes": [
        0,
        0,
        0,
        0,
        0,
        0,
        0,
        0,
        0,
        0
      ]
    },
    {
      "command": "bun",
      "mean": 0.010491836039999999,
      "stddev": 0.0005868926360969614,
      "median": 0.010265968640000001,
      "user": 0.0079732,
      "system": 0.00832302,
      "min": 0.010007608640000002,
      "max": 0.011727402640000002,
      "times": [
        0.01042326964,
        0.011727402640000002,
        0.01016178764,
        0.010269942640000002,
        0.010261994640000001,
        0.011540622640000001,
        0.010085757640000002,
        0.01005419364,
        0.010385780640000002,
        0.010007608640000002
      ],
      "exit_codes": [
        0,
        0,
        0,
        0,
        0,
        0,
        0,
        0,
        0,
        0
      ]
    },
    {
      "command": "deno",
      "mean": 0.04071867424,
      "stddev": 0.0004921421405177988,
      "median": 0.040646408640000006,
      "user": 0.023264399999999998,
      "system": 0.021180120000000004,
      "min": 0.04023449064,
      "max": 0.04206532164000001,
      "times": [
        0.04046149164000001,
        0.04062681264,
        0.04066668264000001,
        0.04036109064000001,
        0.04038393564,
        0.04023449064,
        0.04066600464,
        0.04094402364,
        0.04206532164000001,
        0.04077688864
      ],
      "exit_codes": [
        0,
        0,
        0,
        0,
        0,
        0,
        0,
        0,
        0,
        0
      ]
    }
  ]
}