{
  "results": [
    {
      "command": "npm",
      "mean": 0.9703011327799999,
      "stddev": 0.004873134455746436,
      "median": 0.9696900578800001,
      "user": 1.0430133599999998,
      "system": 0.19078564,
      "min": 0.9608348223800001,
      "max": 0.97611877938,
      "times": [
        0.97611877938,
        0.97543639538,
        0.96851917038,
        0.9608348223800001,
        0.96837871938,
        0.97019915538,
        0.97416950238,
        0.9644099793800001,
        0.97576384338,
        0.96918096038
      ],
      "exit_codes": [
        0,
        0,
        0,
        0,
        0,
        0,
        0,
        0,
        0,
        0
      ]
    },
    {
      "command": "snpm",
      "mean": 0.61777771248,
      "stddev": 0.004824141269159719,
      "median": 0.61597635638,
      "user": 0.39231346000000006,
      "system": 0.23301773999999997,
      "min": 0.61134586338,
      "max": 0.62770880738,
      "times": [
        0.62770880738,
        0.62011002538,
        0.61326730138,
        0.62331985538,
        0.61549784238,
        0.61444980538,
        0.61645487038,
        0.61479440238,
        0.62082835138,
        0.61134586338
      ],
      "exit_codes": [
        0,
        0,
        0,
        0,
        0,
        0,
        0,
        0,
        0,
        0
      ]
    },
    {
      "command": "yarn",
      "mean": 4.845579625980001,
      "stddev": 0.1438424399713066,
      "median": 4.861482951880001,
      "user": 3.7917437599999992,
      "system": 1.46170854,
      "min": 4.57677523138,
      "max": 5.12814528438,
      "times": [
        4.903396492380001,
        4.849180194380001,
        4.92541134738,
        4.873785709380001,
        5.12814528438,
        4.57677523138,
        4.80131094838,
        4.710741002380001,
        4.73367679438,
        4.953373255380001
      ],
      "exit_codes": [
        0,
        0,
        0,
        0,
        0,
        0,
        0,
        0,
        0,
        0
      ]
    },
    {
      "command": "berry",
      "mean": 2.7165110171799998,
      "stddev": 0.06494625149473612,
      "median": 2.70171289938,
      "user": 3.4871481599999994,
      "system": 0.6769746399999998,
      "min": 2.65661161438,
      "max": 2.89900779038,
      "times": [
        2.89900779038,
        2.69712750838,
        2.67952452738,
        2.70629829038,
        2.71698961838,
        2.72562396238,
        2.7254827273799997,
        2.6949450813799998,
        2.66349905138,
        2.65661161438
      ],
      "exit_codes": [
        0,
        0,
        0,
        0,
        0,
        0,
        0,
        0,
        0,
        0
      ]
    },
    {
      "command": "pnpm",
      "mean": 1.14297265638,
      "stddev": 0.021388911076012224,
      "median": 1.1335368813800002,
      "user": 1.70246776,
      "system": 0.32496384,
      "min": 1.11414253538,
      "max": 1.17731151838,
      "times": [
        1.17462891738,
        1.1282175333800002,
        1.1346139243800002,
        1.17731151838,
        1.11414253538,
        1.1465135183800002,
        1.1228468903800002,
        1.1324598383800002,
        1.16768400138,
        1.1313078863800001
      ],
      "exit_codes": [
        0,
        0,
        0,
        0,
        0,
        0,
        0,
        0,
        0,
        0
      ]
    },
    {
      "command": "vlt",
      "mean": 0.3363538710800001,
      "stddev": 0.0030317418725437986,
      "median": 0.33693888288000007,
      "user": 0.35430916,
      "system": 0.07568683999999999,
      "min": 0.33186169138000005,
      "max": 0.34126215738000004,
      "times": [
        0.33509525738000007,
        0.33615635638,
        0.33186169138000005,
        0.33861129238000004,
        0.33814618538,
        0.33322540738000006,
        0.34126215738000004,
        0.33928440238000007,
        0.33772140938000006,
        0.33217455138000007
      ],
      "exit_codes": [
        0,
        0,
        0,
        0,
        0,
        0,
        0,
        0,
        0,
        0
      ]
    },
    {
      "command": "bun",
      "mean": 0.03999693358,
      "stddev": 0.0010556428886510619,
      "median": 0.03944352338,
      "user": 0.00833146,
      "system": 0.03719194,
      "min": 0.03912183238,
      "max": 0.042250534379999996,
      "times": [
        0.03957778838,
        0.039232482379999996,
        0.03912183238,
        0.03933682638,
        0.03931986738,
        0.03921071238,
        0.04124188138,
        0.04112719038,
        0.03955022038,
        0.042250534379999996
      ],
      "exit_codes": [
        0,
        0,
        0,
        0,
        0,
        0,
        0,
        0,
        0,
        0
      ]
    },
    {
      "command": "deno",
      "mean": 0.85612250108,
      "stddev": 0.016390002725436552,
      "median": 0.85841015388,
      "user": 1.3034102599999997,
      "system": 0.34949753999999994,
      "min": 0.82842978838,
      "max": 0.8830554633800001,
      "times": [
        0.8425971533800001,
        0.86584818738,
        0.8830554633800001,
        0.85441392738,
        0.8400538373800001,
        0.84279417238,
        0.8624063803800001,
        0.86898959838,
        0.82842978838,
        0.87263650238
      ],
      "exit_codes": [
        0,
        0,
        0,
        0,
        0,
        0,
        0,
        0,
        0,
        0
      ]
    }
  ]
}