{
  "results": [
    {
      "command": "npm",
      "mean": 0.5646058626599999,
      "stddev": 0.004160108896792016,
      "median": 0.56443244706,
      "user": 0.60769006,
      "system": 0.13839334,
      "min": 0.55700488856,
      "max": 0.57234832456,
      "times": [
        0.56706213856,
        0.56444232656,
        0.56945751156,
        0.55700488856,
        0.56007851956,
        0.56516282956,
        0.56442256756,
        0.56304132756,
        0.56303819256,
        0.57234832456
      ],
      "exit_codes": [
        0,
        0,
        0,
        0,
        0,
        0,
        0,
        0,
        0,
        0
      ]
    },
    {
      "command": "snpm",
      "mean": 0.10839548516000001,
      "stddev": 0.0008085760182005372,
      "median": 0.10828003756000001,
      "user": 0.06625446,
      "system": 0.04549234,
      "min": 0.10714802756000001,
      "max": 0.10968610756000001,
      "times": [
        0.10714802756000001,
        0.10925156356,
        0.10765066456000001,
        0.10770653256000001,
        0.10800774356000001,
        0.10855233156,
        0.10925643556,
        0.10968610756000001,
        0.10891033656,
        0.10778510856000001
      ],
      "exit_codes": [
        0,
        0,
        0,
        0,
        0,
        0,
        0,
        0,
        0,
        0
      ]
    },
    {
      "command": "yarn",
      "mean": 1.9343351045600001,
      "stddev": 0.11519512330343629,
      "median": 1.88245467956,
      "user": 0.9854325600000001,
      "system": 0.32456234,
      "min": 1.79430896356,
      "max": 2.1378338075600003,
      "times": [
        1.82180242256,
        2.0065123865600003,
        1.8642284225599999,
        2.12566635856,
        1.89632114756,
        1.86069092356,
        1.8685882115599999,
        1.79430896356,
        2.1378338075600003,
        1.96739840156
      ],
      "exit_codes": [
        0,
        0,
        0,
        0,
        0,
        0,
        0,
        0,
        0,
        0
      ]
    },
    {
      "command": "berry",
      "mean": 1.2672800496599996,
      "stddev": 0.03898743814417894,
      "median": 1.2577587285599998,
      "user": 1.37125536,
      "system": 0.24968713999999997,
      "min": 1.21272197556,
      "max": 1.3353779455600001,
      "times": [
        1.27609043756,
        1.21272197556,
        1.24227072556,
        1.24715104056,
        1.22658633056,
        1.26065349856,
        1.3353779455600001,
        1.28385590256,
        1.33322868156,
        1.2548639585599999
      ],
      "exit_codes": [
        0,
        0,
        0,
        0,
        0,
        0,
        0,
        0,
        0,
        0
      ]
    },
    {
      "command": "pnpm",
      "mean": 0.6997028733599999,
      "stddev": 0.012265125903496517,
      "median": 0.70021513356,
      "user": 0.94699846,
      "system": 0.16277143999999996,
      "min": 0.6774647325600001,
      "max": 0.71931843056,
      "times": [
        0.70102633456,
        0.68927098656,
        0.71282741256,
        0.68827614256,
        0.69940393256,
        0.71931843056,
        0.6774647325600001,
        0.70574184756,
        0.6927430195600001,
        0.71095589456
      ],
      "exit_codes": [
        0,
        0,
        0,
        0,
        0,
        0,
        0,
        0,
        0,
        0
      ]
    },
    {
      "command": "vlt",
      "mean": 0.27500078236000003,
      "stddev": 0.006256830649959827,
      "median": 0.27255211006,
      "user": 0.27663046,
      "system": 0.05326283999999999,
      "min": 0.26979121755999996,
      "max": 0.29235190756,
      "times": [
        0.27178771756,
        0.26979121755999996,
        0.27283639655999997,
        0.27788643056,
        0.27226782356,
        0.27173020956,
        0.27670266556,
        0.27383993856,
        0.27081351655999997,
        0.29235190756
      ],
      "exit_codes": [
        0,
        0,
        0,
        0,
        0,
        0,
        0,
        0,
        0,
        0
      ]
    },
    {
      "command": "bun",
      "mean": 0.010630944560000003,
      "stddev": 0.00023922593438045127,
      "median": 0.010558720060000002,
      "user": 0.00627306,
      "system": 0.00989294,
      "min": 0.010336427560000002,
      "max": 0.011115082560000001,
      "times": [
        0.010381592560000001,
        0.010701339560000002,
        0.011115082560000001,
        0.010712200560000001,
        0.010336427560000002,
        0.010564003560000002,
        0.01055343656,
        0.010977661560000001,
        0.01052539356,
        0.01044230756
      ],
      "exit_codes": [
        0,
        0,
        0,
        0,
        0,
        0,
        0,
        0,
        0,
        0
      ]
    },
    {
      "command": "deno",
      "mean": 0.17886130346,
      "stddev": 0.0028849970942264962,
      "median": 0.17803665856,
      "user": 0.23905386,
      "system": 0.09542273999999999,
      "min": 0.17455426856,
      "max": 0.18301950656000002,
      "times": [
        0.17751076356,
        0.18179820456,
        0.17555178856,
        0.18301950656000002,
        0.17455426856,
        0.17799120856,
        0.17655738856,
        0.18068992656000002,
        0.18285787056000002,
        0.17808210856
      ],
      "exit_codes": [
        0,
        0,
        0,
        0,
        0,
        0,
        0,
        0,
        0,
        0
      ]
    }
  ]
}