{
  "results": [
    {
      "command": "npm",
      "mean": 3.0060441356800003,
      "stddev": 0.15857176057161532,
      "median": 2.9719427134800003,
      "user": 1.39139486,
      "system": 0.25686694,
      "min": 2.75799145198,
      "max": 3.28156352998,
      "times": [
        3.1185927859800002,
        2.85645445298,
        2.88794428398,
        2.89593608898,
        2.75799145198,
        3.0124726239800004,
        3.28156352998,
        3.14372748698,
        3.1743458489800003,
        2.93141280298
      ],
      "exit_codes": [
        0,
        0,
        0,
        0,
        0,
        0,
        0,
        0,
        0,
        0
      ]
    },
    {
      "command": "snpm",
      "mean": 0.59846479058,
      "stddev": 0.008967639923503141,
      "median": 0.59617836698,
      "user": 0.39754846,
      "system": 0.21076013999999996,
      "min": 0.58759640298,
      "max": 0.62046051298,
      "times": [
        0.59405650098,
        0.59279525698,
        0.62046051298,
        0.60781528898,
        0.59349273298,
        0.59930527798,
        0.59850800798,
        0.59830023298,
        0.59231769098,
        0.58759640298
      ],
      "exit_codes": [
        0,
        0,
        0,
        0,
        0,
        0,
        0,
        0,
        0,
        0
      ]
    },
    {
      "command": "yarn",
      "mean": 16.142887497479997,
      "stddev": 0.2843484259178257,
      "median": 16.08982421248,
      "user": 18.811924360000003,
      "system": 9.247080239999999,
      "min": 15.62425628098,
      "max": 16.73758650398,
      "times": [
        15.62425628098,
        16.15859240698,
        16.02105601798,
        15.99676558898,
        16.73758650398,
        16.20222289798,
        16.328589458979998,
        15.99172921198,
        16.39045093298,
        15.97762567398
      ],
      "exit_codes": [
        0,
        0,
        0,
        0,
        0,
        0,
        0,
        0,
        0,
        0
      ]
    },
    {
      "command": "berry",
      "mean": 5.08369376388,
      "stddev": 0.07630544470277914,
      "median": 5.06658934698,
      "user": 9.68275506,
      "system": 2.2660780400000005,
      "min": 4.98854744798,
      "max": 5.19586423298,
      "times": [
        5.03488581298,
        4.99813648598,
        5.16525056198,
        5.14040504598,
        5.09829288098,
        5.02495935198,
        5.01440275798,
        4.98854744798,
        5.19586423298,
        5.17619305998
      ],
      "exit_codes": [
        0,
        0,
        0,
        0,
        0,
        0,
        0,
        0,
        0,
        0
      ]
    },
    {
      "command": "pnpm",
      "mean": 2.3583313452800008,
      "stddev": 0.03950145281794102,
      "median": 2.3571870419800005,
      "user": 4.21798306,
      "system": 1.41183764,
      "min": 2.29329812498,
      "max": 2.4243994479800004,
      "times": [
        2.40675864098,
        2.3108988149800003,
        2.4243994479800004,
        2.3475811609800004,
        2.34363978298,
        2.32949183198,
        2.36679292298,
        2.36971974398,
        2.29329812498,
        2.39073298098
      ],
      "exit_codes": [
        0,
        0,
        0,
        0,
        0,
        0,
        0,
        0,
        0,
        0
      ]
    },
    {
      "command": "vlt",
      "mean": 0.36484784208,
      "stddev": 0.008357513718737478,
      "median": 0.36363940448000004,
      "user": 0.39392326000000005,
      "system": 0.07854524,
      "min": 0.35388658598000006,
      "max": 0.37797466898000004,
      "times": [
        0.37340195198000004,
        0.35995837598,
        0.37797466898000004,
        0.36982019398000004,
        0.37513440398000003,
        0.36288013598,
        0.36439867298000006,
        0.35552124998,
        0.35388658598000006,
        0.35550218098
      ],
      "exit_codes": [
        0,
        0,
        0,
        0,
        0,
        0,
        0,
        0,
        0,
        0
      ]
    },
    {
      "command": "bun",
      "mean": 1.1150974572799999,
      "stddev": 0.0746692513073788,
      "median": 1.07617267198,
      "user": 1.9335560600000001,
      "system": 1.52708144,
      "min": 1.03453184898,
      "max": 1.26108875198,
      "times": [
        1.08066551498,
        1.04997519398,
        1.18301960498,
        1.07167982898,
        1.26108875198,
        1.06196863298,
        1.03453184898,
        1.06265662398,
        1.12900094098,
        1.21638763098
      ],
      "exit_codes": [
        0,
        0,
        0,
        0,
        0,
        0,
        0,
        0,
        0,
        0
      ]
    },
    {
      "command": "deno",
      "mean": 9.155001925879999,
      "stddev": 0.6191490169895737,
      "median": 9.05032000848,
      "user": 3.24751706,
      "system": 0.8875240400000001,
      "min": 8.37896668498,
      "max": 10.72199757698,
      "times": [
        10.72199757698,
        8.37896668498,
        8.64193990498,
        9.10400088198,
        8.99663913498,
        8.83748654798,
        9.476352649979999,
        9.482746475979999,
        9.17092142298,
        8.73896797798
      ],
      "exit_codes": [
        0,
        0,
        0,
        0,
        0,
        0,
        0,
        0,
        0,
        0
      ]
    }
  ]
}