{
  "results": [
    {
      "command": "npm",
      "mean": 7.97447972104,
      "stddev": 0.02308570536817935,
      "median": 7.977705545939999,
      "user": 8.762696299999998,
      "system": 3.40831548,
      "min": 7.93568930744,
      "max": 8.00540633944,
      "times": [
        7.96406450444,
        7.99591585544,
        7.99035886344,
        7.93568930744,
        7.9872782524399994,
        7.99839977044,
        7.9548446004399995,
        8.00540633944,
        7.96813283944,
        7.94470687744
      ],
      "exit_codes": [
        0,
        0,
        0,
        0,
        0,
        0,
        0,
        0,
        0,
        0
      ]
    },
    {
      "command": "snpm",
      "mean": 0.23005750064000002,
      "stddev": 0.0027749497973708244,
      "median": 0.23064585494,
      "user": 0.1063804,
      "system": 0.13087337999999998,
      "min": 0.22545813944,
      "max": 0.23419263244000002,
      "times": [
        0.22850553544000002,
        0.23088943344,
        0.23135125644,
        0.23253577544,
        0.23265127844000003,
        0.23040227644000003,
        0.23419263244000002,
        0.22898504844,
        0.22545813944,
        0.22560363044
      ],
      "exit_codes": [
        0,
        0,
        0,
        0,
        0,
        0,
        0,
        0,
        0,
        0
      ]
    },
    {
      "command": "yarn",
      "mean": 4.0151846531399995,
      "stddev": 0.5026508804389533,
      "median": 3.81786140994,
      "user": 3.0869063,
      "system": 2.813930680000001,
      "min": 3.67364704044,
      "max": 5.4751514514399995,
      "times": [
        3.7721171944400003,
        3.82265449344,
        5.4751514514399995,
        4.05243702444,
        4.07154430744,
        3.8130683264400003,
        3.67364704044,
        3.75303510644,
        3.9576184374400003,
        3.7605731494400003
      ],
      "exit_codes": [
        0,
        0,
        0,
        0,
        0,
        0,
        0,
        0,
        0,
        0
      ]
    },
    {
      "command": "berry",
      "mean": 3.19608681204,
      "stddev": 0.05306517626855996,
      "median": 3.18618084644,
      "user": 3.8173927999999995,
      "system": 1.48921358,
      "min": 3.13164791944,
      "max": 3.33969293444,
      "times": [
        3.33969293444,
        3.21924088444,
        3.18987126244,
        3.13164791944,
        3.18789966844,
        3.15345906544,
        3.17411511644,
        3.18446202444,
        3.17931095644,
        3.20116828844
      ],
      "exit_codes": [
        0,
        0,
        0,
        0,
        0,
        0,
        0,
        0,
        0,
        0
      ]
    },
    {
      "command": "pnpm",
      "mean": 2.2176357276400003,
      "stddev": 0.11522036351624179,
      "median": 2.19817084544,
      "user": 2.806973,
      "system": 0.94141298,
      "min": 2.10723384244,
      "max": 2.53540943944,
      "times": [
        2.16280785644,
        2.14763971744,
        2.10723384244,
        2.22146797044,
        2.26993386844,
        2.20385332844,
        2.1924883624400002,
        2.12816307144,
        2.20735981944,
        2.53540943944
      ],
      "exit_codes": [
        0,
        0,
        0,
        0,
        0,
        0,
        0,
        0,
        0,
        0
      ]
    },
    {
      "command": "vlt",
      "mean": 2.0352285086400004,
      "stddev": 0.021777375550488077,
      "median": 2.03150852794,
      "user": 2.1273589,
      "system": 1.58729758,
      "min": 1.99169148544,
      "max": 2.07000945944,
      "times": [
        2.03551405944,
        2.02246663844,
        2.0547557374400003,
        1.99169148544,
        2.02535324644,
        2.0548629054400003,
        2.05165232544,
        2.01847623244,
        2.02750299644,
        2.07000945944
      ],
      "exit_codes": [
        0,
        0,
        0,
        0,
        0,
        0,
        0,
        0,
        0,
        0
      ]
    },
    {
      "command": "bun",
      "mean": 0.20972859994000004,
      "stddev": 0.0005933635828213986,
      "median": 0.20992231444000004,
      "user": 0.014303199999999997,
      "system": 0.20091897999999997,
      "min": 0.20876366144000003,
      "max": 0.21056707044,
      "times": [
        0.21012266644000002,
        0.20876366144000003,
        0.21028533244000003,
        0.20888306444000002,
        0.21017553244,
        0.20916175244000001,
        0.21056707044,
        0.21007997044,
        0.20976465844000003,
        0.20948229044000002
      ],
      "exit_codes": [
        0,
        0,
        0,
        0,
        0,
        0,
        0,
        0,
        0,
        0
      ]
    },
    {
      "command": "deno",
      "mean": 0.60833255234,
      "stddev": 0.007546935010655809,
      "median": 0.60800979094,
      "user": 0.5673999999999999,
      "system": 0.54692188,
      "min": 0.59745871944,
      "max": 0.62230483044,
      "times": [
        0.60280205444,
        0.61749121544,
        0.61003008744,
        0.61331942044,
        0.62230483044,
        0.59745871944,
        0.60632205844,
        0.59831006944,
        0.60558954444,
        0.6096975234399999
      ],
      "exit_codes": [
        0,
        0,
        0,
        0,
        0,
        0,
        0,
        0,
        0,
        0
      ]
    }
  ]
}