{
  "results": [
    {
      "command": "npm",
      "mean": 0.5031457446000001,
      "stddev": 0.0054384516873254235,
      "median": 0.5034110023,
      "user": 0.55195228,
      "system": 0.10241280000000001,
      "min": 0.4952029758,
      "max": 0.5132022708,
      "times": [
        0.4981170048,
        0.5069586988,
        0.5056722888,
        0.5009808568,
        0.5011497158,
        0.4963560018,
        0.5132022708,
        0.5079678508,
        0.5058497818,
        0.4952029758
      ],
      "exit_codes": [
        0,
        0,
        0,
        0,
        0,
        0,
        0,
        0,
        0,
        0
      ]
    },
    {
      "command": "snpm",
      "mean": 0.032922360100000006,
      "stddev": 0.00017847821836406263,
      "median": 0.0328791888,
      "user": 0.020696979999999997,
      "system": 0.014423499999999997,
      "min": 0.0326740718,
      "max": 0.0332595248,
      "times": [
        0.0328504228,
        0.0328776838,
        0.0330726458,
        0.0332595248,
        0.0326740718,
        0.0331466018,
        0.0328011988,
        0.032880693800000006,
        0.0329525248,
        0.0327082328
      ],
      "exit_codes": [
        0,
        0,
        0,
        0,
        0,
        0,
        0,
        0,
        0,
        0
      ]
    },
    {
      "command": "yarn",
      "mean": 0.29071682080000005,
      "stddev": 0.002306571406617014,
      "median": 0.2908564698,
      "user": 0.31530077999999995,
      "system": 0.060957899999999995,
      "min": 0.2868942048,
      "max": 0.2948960538,
      "times": [
        0.2912101928,
        0.2919760548,
        0.2905027468,
        0.28992115079999997,
        0.2868942048,
        0.2912425038,
        0.2948960538,
        0.2878314448,
        0.2891997758,
        0.2934940798
      ],
      "exit_codes": [
        0,
        0,
        0,
        0,
        0,
        0,
        0,
        0,
        0,
        0
      ]
    },
    {
      "command": "berry",
      "mean": 2.8296055156,
      "stddev": 0.03027190817671032,
      "median": 2.8353430278,
      "user": 5.693564179999999,
      "system": 1.331419,
      "min": 2.7731404288,
      "max": 2.8709917907999998,
      "times": [
        2.7731404288,
        2.7873191928,
        2.8070966888,
        2.8560139818,
        2.8499702578,
        2.8237631878,
        2.8570735718,
        2.8345125898,
        2.8709917907999998,
        2.8361734658
      ],
      "exit_codes": [
        0,
        0,
        0,
        0,
        0,
        0,
        0,
        0,
        0,
        0
      ]
    },
    {
      "command": "pnpm",
      "mean": 0.6678581857999999,
      "stddev": 0.018982587884777368,
      "median": 0.6611365798,
      "user": 0.81087508,
      "system": 0.15351620000000002,
      "min": 0.6486239658,
      "max": 0.7157389578,
      "times": [
        0.6759112768,
        0.7157389578,
        0.6805138408,
        0.6504765418,
        0.6575570528,
        0.6608784108,
        0.6613947488,
        0.6733157848,
        0.6541712778000001,
        0.6486239658
      ],
      "exit_codes": [
        0,
        0,
        0,
        0,
        0,
        0,
        0,
        0,
        0,
        0
      ]
    },
    {
      "command": "vlt",
      "mean": 0.31751030020000004,
      "stddev": 0.0038799767857859322,
      "median": 0.3165501813,
      "user": 0.32942227999999996,
      "system": 0.06642239999999999,
      "min": 0.3118612568,
      "max": 0.3250184648,
      "times": [
        0.3197888298,
        0.3223949088,
        0.31512041679999997,
        0.3118612568,
        0.3250184648,
        0.3148179758,
        0.3162732278,
        0.31365347979999997,
        0.31682713479999997,
        0.3193473068
      ],
      "exit_codes": [
        0,
        0,
        0,
        0,
        0,
        0,
        0,
        0,
        0,
        0
      ]
    },
    {
      "command": "bun",
      "mean": 0.0101732614,
      "stddev": 0.00045009225728981345,
      "median": 0.010021570300000001,
      "user": 0.00817468,
      "system": 0.007636799999999999,
      "min": 0.009782864799999999,
      "max": 0.011428577799999999,
      "times": [
        0.009994661800000002,
        0.009782864799999999,
        0.010228850800000001,
        0.0098206578,
        0.0100097998,
        0.0103530028,
        0.0099299958,
        0.011428577799999999,
        0.010033340800000002,
        0.010150861800000001
      ],
      "exit_codes": [
        0,
        0,
        0,
        0,
        0,
        0,
        0,
        0,
        0,
        0
      ]
    },
    {
      "command": "deno",
      "mean": 0.0432200348,
      "stddev": 0.0004940714722993013,
      "median": 0.043203867300000004,
      "user": 0.02521598,
      "system": 0.022841600000000004,
      "min": 0.042385285800000005,
      "max": 0.043952426800000007,
      "times": [
        0.0428396408,
        0.042845210800000005,
        0.043002745800000006,
        0.0434049888,
        0.0435531378,
        0.042385285800000005,
        0.0435102148,
        0.0439058608,
        0.042800835800000006,
        0.043952426800000007
      ],
      "exit_codes": [
        0,
        0,
        0,
        0,
        0,
        0,
        0,
        0,
        0,
        0
      ]
    }
  ]
}