{
  "results": [
    {
      "command": "npm",
      "mean": 10.09858452152,
      "stddev": 0.04746303861926002,
      "median": 10.09698134372,
      "user": 10.59154912,
      "system": 4.71327958,
      "min": 10.03610431122,
      "max": 10.19832291622,
      "times": [
        10.05382821822,
        10.10225635422,
        10.14865912922,
        10.12670910222,
        10.04311613922,
        10.19832291622,
        10.08288635722,
        10.03610431122,
        10.10101214522,
        10.09295054222
      ],
      "exit_codes": [
        0,
        0,
        0,
        0,
        0,
        0,
        0,
        0,
        0,
        0
      ]
    },
    {
      "command": "snpm",
      "mean": 0.6062958882200001,
      "stddev": 0.0064888404606010305,
      "median": 0.60388485772,
      "user": 0.3739261199999999,
      "system": 0.24013957999999996,
      "min": 0.59873464422,
      "max": 0.62266641722,
      "times": [
        0.6029399092200001,
        0.59873464422,
        0.62266641722,
        0.60580286922,
        0.60387079022,
        0.6020231972200001,
        0.60389892522,
        0.61126990222,
        0.60971033822,
        0.60204188922
      ],
      "exit_codes": [
        0,
        0,
        0,
        0,
        0,
        0,
        0,
        0,
        0,
        0
      ]
    },
    {
      "command": "yarn",
      "mean": 7.87851345712,
      "stddev": 0.19314163916486063,
      "median": 7.89349681772,
      "user": 5.62651282,
      "system": 4.670944379999999,
      "min": 7.5074883342200005,
      "max": 8.20457147622,
      "times": [
        7.89241020722,
        8.077173911220001,
        7.98058126822,
        7.85686349822,
        7.68980351122,
        7.98191090922,
        7.5074883342200005,
        8.20457147622,
        7.89458342822,
        7.69974802722
      ],
      "exit_codes": [
        0,
        0,
        0,
        0,
        0,
        0,
        0,
        0,
        0,
        0
      ]
    },
    {
      "command": "berry",
      "mean": 5.758342843020001,
      "stddev": 0.12531502924505744,
      "median": 5.74928412772,
      "user": 7.188539919999999,
      "system": 2.69505298,
      "min": 5.576735981220001,
      "max": 5.97306321322,
      "times": [
        5.61687735922,
        5.74084830222,
        5.67623486722,
        5.81039024122,
        5.67212576122,
        5.576735981220001,
        5.95483841122,
        5.80459434022,
        5.7577199532200005,
        5.97306321322
      ],
      "exit_codes": [
        0,
        0,
        0,
        0,
        0,
        0,
        0,
        0,
        0,
        0
      ]
    },
    {
      "command": "pnpm",
      "mean": 3.5501921361199997,
      "stddev": 0.1305885397975485,
      "median": 3.49575559322,
      "user": 4.63460232,
      "system": 1.40172228,
      "min": 3.44160881522,
      "max": 3.87844704022,
      "times": [
        3.44160881522,
        3.47622989822,
        3.51528128822,
        3.87844704022,
        3.4499449982200003,
        3.47430645722,
        3.4672167802200002,
        3.5777255722200003,
        3.52824468322,
        3.6929158282200003
      ],
      "exit_codes": [
        0,
        0,
        0,
        0,
        0,
        0,
        0,
        0,
        0,
        0
      ]
    },
    {
      "command": "vlt",
      "mean": 3.5616969182199996,
      "stddev": 0.03695219973635391,
      "median": 3.5659203397200003,
      "user": 3.628626119999999,
      "system": 2.84724058,
      "min": 3.50889747122,
      "max": 3.62849948622,
      "times": [
        3.5642909202200004,
        3.51308547622,
        3.5675497592200003,
        3.59904892422,
        3.59182305222,
        3.50889747122,
        3.55059863422,
        3.57022800922,
        3.62849948622,
        3.52294744922
      ],
      "exit_codes": [
        0,
        0,
        0,
        0,
        0,
        0,
        0,
        0,
        0,
        0
      ]
    },
    {
      "command": "bun",
      "mean": 0.31317646652000003,
      "stddev": 0.0048458099914356545,
      "median": 0.31161573872000004,
      "user": 0.01890062,
      "system": 0.29984907999999993,
      "min": 0.30831361522,
      "max": 0.32194894922,
      "times": [
        0.30831361522,
        0.30922320922,
        0.30853197622,
        0.31179123322,
        0.31149938822,
        0.30990196022,
        0.31173208922,
        0.31848013022,
        0.32194894922,
        0.32034211422000003
      ],
      "exit_codes": [
        0,
        0,
        0,
        0,
        0,
        0,
        0,
        0,
        0,
        0
      ]
    },
    {
      "command": "deno",
      "mean": 1.0834184633200001,
      "stddev": 0.010232486042781826,
      "median": 1.08047618172,
      "user": 1.30741562,
      "system": 0.82707128,
      "min": 1.07200602522,
      "max": 1.1027563762200001,
      "times": [
        1.1027563762200001,
        1.07200602522,
        1.0765512622200002,
        1.0785562342200001,
        1.10134066422,
        1.0727938542200002,
        1.0874638272200001,
        1.07959994322,
        1.0817640262200001,
        1.08135242022
      ],
      "exit_codes": [
        0,
        0,
        0,
        0,
        0,
        0,
        0,
        0,
        0,
        0
      ]
    }
  ]
}