{
  "results": [
    {
      "command": "npm",
      "mean": 5.2650813670200005,
      "stddev": 0.2736613406045475,
      "median": 5.307969637319999,
      "user": 3.54187474,
      "system": 1.1007167799999997,
      "min": 4.86479105082,
      "max": 5.61260399782,
      "times": [
        4.86479105082,
        5.25925112482,
        5.49904686782,
        5.46620079282,
        5.18718348182,
        4.94568500882,
        5.58584020182,
        5.61260399782,
        5.35668814982,
        4.87352299382
      ],
      "exit_codes": [
        0,
        0,
        0,
        0,
        0,
        0,
        0,
        0,
        0,
        0
      ]
    },
    {
      "command": "snpm",
      "mean": 0.10299884572,
      "stddev": 0.0010288177182653363,
      "median": 0.10316531232000001,
      "user": 0.05835113999999999,
      "system": 0.04805558,
      "min": 0.10101913582000001,
      "max": 0.10491893682000002,
      "times": [
        0.10491893682000002,
        0.10258119482000001,
        0.10302082682000001,
        0.10332497082000001,
        0.10330979782000001,
        0.10210402682000001,
        0.10344864682000002,
        0.10401449282000001,
        0.10101913582000001,
        0.10224642782000001
      ],
      "exit_codes": [
        0,
        0,
        0,
        0,
        0,
        0,
        0,
        0,
        0,
        0
      ]
    },
    {
      "command": "yarn",
      "mean": 5.36596536232,
      "stddev": 0.12255363900317201,
      "median": 5.354138859819999,
      "user": 6.5236087399999985,
      "system": 2.45109568,
      "min": 5.15857816282,
      "max": 5.56776432882,
      "times": [
        5.5021521698199995,
        5.312981285819999,
        5.38222806482,
        5.15857816282,
        5.326049654819999,
        5.42011678782,
        5.48572760382,
        5.56776432882,
        5.2543577168199995,
        5.249697847819999
      ],
      "exit_codes": [
        0,
        0,
        0,
        0,
        0,
        0,
        0,
        0,
        0,
        0
      ]
    },
    {
      "command": "berry",
      "mean": 2.8440097326200005,
      "stddev": 0.048179602506477084,
      "median": 2.8533254173200002,
      "user": 4.43800484,
      "system": 1.22368768,
      "min": 2.7532035228200002,
      "max": 2.9163308538200003,
      "times": [
        2.87337402682,
        2.82062524382,
        2.9163308538200003,
        2.79359067182,
        2.90005326082,
        2.83816910682,
        2.80696921382,
        2.8684817278200003,
        2.8692996978200003,
        2.7532035228200002
      ],
      "exit_codes": [
        0,
        0,
        0,
        0,
        0,
        0,
        0,
        0,
        0,
        0
      ]
    },
    {
      "command": "pnpm",
      "mean": 1.4837609765199997,
      "stddev": 0.018098190442849944,
      "median": 1.48656408032,
      "user": 2.35993624,
      "system": 0.66919958,
      "min": 1.45171506082,
      "max": 1.51811787782,
      "times": [
        1.50041357182,
        1.49078371882,
        1.47052659282,
        1.49064038582,
        1.48726747882,
        1.4615548858199998,
        1.51811787782,
        1.48072951082,
        1.45171506082,
        1.48586068182
      ],
      "exit_codes": [
        0,
        0,
        0,
        0,
        0,
        0,
        0,
        0,
        0,
        0
      ]
    },
    {
      "command": "vlt",
      "mean": 2.6707845610199996,
      "stddev": 0.22867826854683038,
      "median": 2.61538080232,
      "user": 2.0724635399999998,
      "system": 0.74043138,
      "min": 2.4202319838200004,
      "max": 3.22944701582,
      "times": [
        2.88750913982,
        2.66674238882,
        2.54560090982,
        3.22944701582,
        2.4279530618200003,
        2.55184146882,
        2.74775803682,
        2.62590883282,
        2.4202319838200004,
        2.60485277182
      ],
      "exit_codes": [
        0,
        0,
        0,
        0,
        0,
        0,
        0,
        0,
        0,
        0
      ]
    },
    {
      "command": "bun",
      "mean": 0.41660348752000004,
      "stddev": 0.024300847548312292,
      "median": 0.41605685482,
      "user": 0.45853383999999997,
      "system": 0.36519107999999995,
      "min": 0.38027631982000004,
      "max": 0.45917988682000005,
      "times": [
        0.39049288382,
        0.39504711482000004,
        0.41636679782,
        0.41923979382000004,
        0.38027631982000004,
        0.42269057482000005,
        0.41101547882000006,
        0.41574691182,
        0.45597911282000003,
        0.45917988682000005
      ],
      "exit_codes": [
        0,
        0,
        0,
        0,
        0,
        0,
        0,
        0,
        0,
        0
      ]
    },
    {
      "command": "deno",
      "mean": 2.6594089834199997,
      "stddev": 1.4928069270902407,
      "median": 2.1273764768200003,
      "user": 1.1735299399999999,
      "system": 0.48472998,
      "min": 2.03337855282,
      "max": 7.12532347982,
      "times": [
        2.03428326182,
        2.11722426182,
        2.13630683482,
        2.29107102282,
        7.12532347982,
        2.4035260588200003,
        2.2441924288200004,
        2.09033781382,
        2.11844611882,
        2.03337855282
      ],
      "exit_codes": [
        0,
        0,
        0,
        0,
        0,
        0,
        0,
        0,
        0,
        0
      ]
    }
  ]
}