{
  "results": [
    {
      "command": "npm",
      "mean": 3.7232922430399995,
      "stddev": 0.01797499574138295,
      "median": 3.72099255714,
      "user": 4.1039066,
      "system": 2.6237595799999993,
      "min": 3.68514511014,
      "max": 3.75701309014,
      "times": [
        3.7204037271400003,
        3.73439517814,
        3.72158138714,
        3.70912559814,
        3.73034926514,
        3.71817546314,
        3.75701309014,
        3.73774711814,
        3.71898649314,
        3.68514511014
      ],
      "exit_codes": [
        0,
        0,
        0,
        0,
        0,
        0,
        0,
        0,
        0,
        0
      ]
    },
    {
      "command": "snpm",
      "mean": 0.18372385674000002,
      "stddev": 0.004226573929493893,
      "median": 0.18571918614000002,
      "user": 0.0289766,
      "system": 0.15702258000000002,
      "min": 0.17727982414000001,
      "max": 0.18774866814000002,
      "times": [
        0.17856973014000002,
        0.17727982414000001,
        0.17806229814000002,
        0.18110394914,
        0.18519556014000002,
        0.18624281214000002,
        0.18764220414000002,
        0.18769578914,
        0.18769773214000002,
        0.18774866814000002
      ],
      "exit_codes": [
        0,
        0,
        0,
        0,
        0,
        0,
        0,
        0,
        0,
        0
      ]
    },
    {
      "command": "yarn",
      "mean": 3.0038066939400005,
      "stddev": 0.21460852525737706,
      "median": 2.93234469864,
      "user": 3.0886947000000005,
      "system": 3.0954764799999994,
      "min": 2.86812673014,
      "max": 3.62909546914,
      "times": [
        2.86812673014,
        2.87684348914,
        2.9110383471400003,
        3.62909546914,
        2.9020224041400002,
        2.95365105014,
        3.00617101014,
        2.98002937714,
        3.02012940114,
        2.89095966114
      ],
      "exit_codes": [
        0,
        0,
        0,
        0,
        0,
        0,
        0,
        0,
        0,
        0
      ]
    },
    {
      "command": "berry",
      "mean": 3.18116522194,
      "stddev": 0.020720163366975537,
      "median": 3.18258464864,
      "user": 3.7770123999999994,
      "system": 1.68057898,
      "min": 3.14623802314,
      "max": 3.2215240451400002,
      "times": [
        3.2215240451400002,
        3.16796541914,
        3.18298876314,
        3.18218053414,
        3.14623802314,
        3.18633685914,
        3.15413232714,
        3.20028553714,
        3.17747072314,
        3.19252998814
      ],
      "exit_codes": [
        0,
        0,
        0,
        0,
        0,
        0,
        0,
        0,
        0,
        0
      ]
    },
    {
      "command": "pnpm",
      "mean": 1.3513159929400003,
      "stddev": 0.040011501884599246,
      "median": 1.3420756951400001,
      "user": 1.8898841999999998,
      "system": 0.69482438,
      "min": 1.31646242914,
      "max": 1.4575199091400002,
      "times": [
        1.3637485041400002,
        1.34347041414,
        1.32996447414,
        1.31646242914,
        1.37781690914,
        1.3177537401400001,
        1.4575199091400002,
        1.3222721591400002,
        1.34231905414,
        1.34183233614
      ],
      "exit_codes": [
        0,
        0,
        0,
        0,
        0,
        0,
        0,
        0,
        0,
        0
      ]
    },
    {
      "command": "vlt",
      "mean": 1.9209359796399998,
      "stddev": 0.01598037430134671,
      "median": 1.92232960164,
      "user": 2.1636993999999996,
      "system": 1.6981396800000002,
      "min": 1.8957021331400001,
      "max": 1.9549228491400001,
      "times": [
        1.8957021331400001,
        1.9549228491400001,
        1.91297243714,
        1.90517392414,
        1.93448143714,
        1.90761256514,
        1.92280479214,
        1.92185441114,
        1.92947887514,
        1.92435637214
      ],
      "exit_codes": [
        0,
        0,
        0,
        0,
        0,
        0,
        0,
        0,
        0,
        0
      ]
    },
    {
      "command": "bun",
      "mean": 0.28259575264000003,
      "stddev": 0.01041689303515425,
      "median": 0.27951226864,
      "user": 0.14190049999999996,
      "system": 0.24739728,
      "min": 0.27452526414,
      "max": 0.31293326914,
      "times": [
        0.28170585114,
        0.27452526414,
        0.27745531614,
        0.27760812514,
        0.28373310214,
        0.27946168114000003,
        0.28146987814,
        0.27956285614000004,
        0.31293326914,
        0.27750218314
      ],
      "exit_codes": [
        0,
        0,
        0,
        0,
        0,
        0,
        0,
        0,
        0,
        0
      ]
    },
    {
      "command": "deno",
      "mean": 0.5580426614400003,
      "stddev": 0.016893563947365953,
      "median": 0.5600611361400001,
      "user": 0.49670699999999995,
      "system": 0.5648703800000001,
      "min": 0.5198899751400001,
      "max": 0.58032881414,
      "times": [
        0.5539367431400001,
        0.5479811111400001,
        0.5761987891400001,
        0.5198899751400001,
        0.5692790381400001,
        0.5661855291400001,
        0.5675807211400001,
        0.5530710801400001,
        0.5459748131400001,
        0.58032881414
      ],
      "exit_codes": [
        0,
        0,
        0,
        0,
        0,
        0,
        0,
        0,
        0,
        0
      ]
    }
  ]
}