{
  "results": [
    {
      "command": "npm",
      "mean": 7.603226620460001,
      "stddev": 0.17857899851375725,
      "median": 7.573553005659999,
      "user": 8.761080499999998,
      "system": 2.90641166,
      "min": 7.26517106616,
      "max": 7.91867129116,
      "times": [
        7.26517106616,
        7.58594555716,
        7.49134000516,
        7.55068231216,
        7.91867129116,
        7.87245595616,
        7.5611604541599995,
        7.67558242116,
        7.50309750016,
        7.60815964116
      ],
      "exit_codes": [
        0,
        0,
        0,
        0,
        0,
        0,
        0,
        0,
        0,
        0
      ]
    },
    {
      "command": "snpm",
      "mean": 0.23537847575999998,
      "stddev": 0.0039016075801981205,
      "median": 0.23615262116000002,
      "user": 0.11436059999999999,
      "system": 0.12898386,
      "min": 0.22951666616000002,
      "max": 0.24069960516000002,
      "times": [
        0.23907187016,
        0.23917453716,
        0.24069960516000002,
        0.23453065916000002,
        0.23418906216000002,
        0.23065374816,
        0.23782635216,
        0.23777458316000002,
        0.23034767416000002,
        0.22951666616000002
      ],
      "exit_codes": [
        0,
        0,
        0,
        0,
        0,
        0,
        0,
        0,
        0,
        0
      ]
    },
    {
      "command": "yarn",
      "mean": 4.29404410386,
      "stddev": 0.26205991817459534,
      "median": 4.20673968866,
      "user": 2.8466641,
      "system": 2.5563166599999994,
      "min": 3.99883894816,
      "max": 4.94808585616,
      "times": [
        4.42652870316,
        4.44995355116,
        4.94808585616,
        4.22516045116,
        3.99883894816,
        4.3495088621599995,
        4.18831892616,
        4.1644010071599995,
        4.1808233571599995,
        4.00882137616
      ],
      "exit_codes": [
        0,
        0,
        0,
        0,
        0,
        0,
        0,
        0,
        0,
        0
      ]
    },
    {
      "command": "berry",
      "mean": 3.1860161473599997,
      "stddev": 0.2204864212725529,
      "median": 3.12231090466,
      "user": 3.5208874000000003,
      "system": 1.36485966,
      "min": 3.00402702216,
      "max": 3.80931639916,
      "times": [
        3.00402702216,
        3.0175672691599997,
        3.1380383091599997,
        3.12542878316,
        3.29009682816,
        3.09562356916,
        3.80931639916,
        3.14662485016,
        3.11424541716,
        3.11919302616
      ],
      "exit_codes": [
        0,
        0,
        0,
        0,
        0,
        0,
        0,
        0,
        0,
        0
      ]
    },
    {
      "command": "pnpm",
      "mean": 2.5493067099599998,
      "stddev": 0.09091452008831075,
      "median": 2.53391362016,
      "user": 2.7799101000000004,
      "system": 0.93617376,
      "min": 2.43992789016,
      "max": 2.69879939616,
      "times": [
        2.69879939616,
        2.65882148016,
        2.6399604651599997,
        2.5870411831599998,
        2.4816588501599997,
        2.47578317716,
        2.43992789016,
        2.58616839016,
        2.45063328216,
        2.47427298516
      ],
      "exit_codes": [
        0,
        0,
        0,
        0,
        0,
        0,
        0,
        0,
        0,
        0
      ]
    },
    {
      "command": "vlt",
      "mean": 1.83054854556,
      "stddev": 0.033271714067020966,
      "median": 1.83220193016,
      "user": 2.0163386,
      "system": 1.43059306,
      "min": 1.78623381716,
      "max": 1.8788946401600002,
      "times": [
        1.8788946401600002,
        1.85555874516,
        1.85854701616,
        1.86509109816,
        1.85428489916,
        1.8101189611600002,
        1.78918063116,
        1.78623381716,
        1.7992075421600002,
        1.8083681051600002
      ],
      "exit_codes": [
        0,
        0,
        0,
        0,
        0,
        0,
        0,
        0,
        0,
        0
      ]
    },
    {
      "command": "bun",
      "mean": 0.18474063386,
      "stddev": 0.009586215009753306,
      "median": 0.18182283716000003,
      "user": 0.0118347,
      "system": 0.17763136,
      "min": 0.18026668516,
      "max": 0.21342513716,
      "times": [
        0.18077658916,
        0.18243677516,
        0.18158635716000002,
        0.18226194016,
        0.21342513716,
        0.18149612316000002,
        0.18205931716,
        0.18223073916000002,
        0.18026668516,
        0.18086667516000002
      ],
      "exit_codes": [
        0,
        0,
        0,
        0,
        0,
        0,
        0,
        0,
        0,
        0
      ]
    },
    {
      "command": "deno",
      "mean": 0.6117148772600001,
      "stddev": 0.018373419624387256,
      "median": 0.6104257856600002,
      "user": 0.5904121999999999,
      "system": 0.51699296,
      "min": 0.5832603311600001,
      "max": 0.6605922611600001,
      "times": [
        0.5832603311600001,
        0.6081555521600001,
        0.6040074441600001,
        0.6121241511600001,
        0.6132558201600001,
        0.61220537616,
        0.6021033981600001,
        0.6127170181600001,
        0.6087274201600001,
        0.6605922611600001
      ],
      "exit_codes": [
        0,
        0,
        0,
        0,
        0,
        0,
        0,
        0,
        0,
        0
      ]
    }
  ]
}