{
  "results": [
    {
      "command": "npm",
      "mean": 7.120524529479999,
      "stddev": 0.04871284651102941,
      "median": 7.10670133968,
      "user": 8.210316719999998,
      "system": 2.6938968,
      "min": 7.04480103168,
      "max": 7.19814123568,
      "times": [
        7.09302368468,
        7.13794918168,
        7.16765476168,
        7.11502797768,
        7.07279766668,
        7.09837470168,
        7.04480103168,
        7.08761154368,
        7.19814123568,
        7.18986350968
      ],
      "exit_codes": [
        0,
        0,
        0,
        0,
        0,
        0,
        0,
        0,
        0,
        0
      ]
    },
    {
      "command": "snpm",
      "mean": 0.24051555927999999,
      "stddev": 0.005170195147092979,
      "median": 0.24238520218000004,
      "user": 0.12294102,
      "system": 0.12571659999999998,
      "min": 0.23162126768000002,
      "max": 0.24783963568,
      "times": [
        0.23162126768000002,
        0.24364817168000003,
        0.23500958568000002,
        0.24345736068,
        0.23316988268000002,
        0.24316315568000002,
        0.24027039268,
        0.24783963568,
        0.24536889168,
        0.24160724868000003
      ],
      "exit_codes": [
        0,
        0,
        0,
        0,
        0,
        0,
        0,
        0,
        0,
        0
      ]
    },
    {
      "command": "yarn",
      "mean": 4.154976423879999,
      "stddev": 0.10342718199995068,
      "median": 4.12182605468,
      "user": 2.9593466200000003,
      "system": 2.4636966000000005,
      "min": 4.03247823668,
      "max": 4.37248849268,
      "times": [
        4.08632350568,
        4.27309322868,
        4.22811346568,
        4.06249663768,
        4.13127386068,
        4.18872976768,
        4.11237824868,
        4.06238879468,
        4.37248849268,
        4.03247823668
      ],
      "exit_codes": [
        0,
        0,
        0,
        0,
        0,
        0,
        0,
        0,
        0,
        0
      ]
    },
    {
      "command": "berry",
      "mean": 3.30672296098,
      "stddev": 0.10832537686128708,
      "median": 3.30356596418,
      "user": 3.75889672,
      "system": 1.4810868000000001,
      "min": 3.16584633568,
      "max": 3.5007005806800002,
      "times": [
        3.16584633568,
        3.19558888168,
        3.17030499168,
        3.40258528768,
        3.5007005806800002,
        3.36469163768,
        3.24574851268,
        3.32567561968,
        3.41463145368,
        3.28145630868
      ],
      "exit_codes": [
        0,
        0,
        0,
        0,
        0,
        0,
        0,
        0,
        0,
        0
      ]
    },
    {
      "command": "pnpm",
      "mean": 2.5610444466800004,
      "stddev": 0.08515826184879571,
      "median": 2.52858272318,
      "user": 3.0489623200000007,
      "system": 0.9844006000000001,
      "min": 2.44859110668,
      "max": 2.69491443168,
      "times": [
        2.49439264468,
        2.44859110668,
        2.69347857168,
        2.48434169768,
        2.69491443168,
        2.61224294468,
        2.49432109468,
        2.53119849368,
        2.63099652868,
        2.52596695268
      ],
      "exit_codes": [
        0,
        0,
        0,
        0,
        0,
        0,
        0,
        0,
        0,
        0
      ]
    },
    {
      "command": "vlt",
      "mean": 1.9932305271800002,
      "stddev": 0.05152720601013547,
      "median": 1.98759606968,
      "user": 2.1904868200000003,
      "system": 1.5379913999999997,
      "min": 1.90245673168,
      "max": 2.0830945016799998,
      "times": [
        2.04386176968,
        1.90245673168,
        2.0052522756799998,
        1.9727190706800002,
        2.04518072168,
        1.99179617168,
        1.9304350646800001,
        1.9741129966800002,
        2.0830945016799998,
        1.98339596768
      ],
      "exit_codes": [
        0,
        0,
        0,
        0,
        0,
        0,
        0,
        0,
        0,
        0
      ]
    },
    {
      "command": "bun",
      "mean": 0.18273074058000002,
      "stddev": 0.006779114118779507,
      "median": 0.17931476868000001,
      "user": 0.01361502,
      "system": 0.17527379999999998,
      "min": 0.17722531868000002,
      "max": 0.19953563968000002,
      "times": [
        0.17882438068,
        0.18063062868000002,
        0.17872368568000002,
        0.17933354368,
        0.17722531868000002,
        0.17929599368000002,
        0.17923593168000002,
        0.19953563968000002,
        0.19141664268,
        0.18308564068000002
      ],
      "exit_codes": [
        0,
        0,
        0,
        0,
        0,
        0,
        0,
        0,
        0,
        0
      ]
    },
    {
      "command": "deno",
      "mean": 0.6066250723800001,
      "stddev": 0.013158630833734983,
      "median": 0.60581140168,
      "user": 0.57438062,
      "system": 0.5139084,
      "min": 0.58157943468,
      "max": 0.62954682368,
      "times": [
        0.62954682368,
        0.60892291568,
        0.62245413068,
        0.60721721468,
        0.59373559668,
        0.61605291868,
        0.60440558868,
        0.59992144668,
        0.60241465368,
        0.58157943468
      ],
      "exit_codes": [
        0,
        0,
        0,
        0,
        0,
        0,
        0,
        0,
        0,
        0
      ]
    }
  ]
}