{
  "results": [
    {
      "command": "npm",
      "mean": 8.31024115914,
      "stddev": 0.03948451500123554,
      "median": 8.301319331839998,
      "user": 9.272118740000002,
      "system": 3.4925856599999996,
      "min": 8.23016292934,
      "max": 8.37049764234,
      "times": [
        8.37049764234,
        8.36362948434,
        8.33757634034,
        8.32955246734,
        8.28697317334,
        8.29710400534,
        8.30513542134,
        8.28427688534,
        8.23016292934,
        8.29750324234
      ],
      "exit_codes": [
        0,
        0,
        0,
        0,
        0,
        0,
        0,
        0,
        0,
        0
      ]
    },
    {
      "command": "snpm",
      "mean": 0.23694909684000004,
      "stddev": 0.002690779432015387,
      "median": 0.23775688434000003,
      "user": 0.11860403999999998,
      "system": 0.12634706,
      "min": 0.23268030634,
      "max": 0.24087140934,
      "times": [
        0.23458823234,
        0.23996394834,
        0.23904287334000002,
        0.24087140934,
        0.23268030634,
        0.23414665134,
        0.23416366034000002,
        0.23852011834,
        0.23818315534,
        0.23733061334000002
      ],
      "exit_codes": [
        0,
        0,
        0,
        0,
        0,
        0,
        0,
        0,
        0,
        0
      ]
    },
    {
      "command": "yarn",
      "mean": 3.77503200974,
      "stddev": 0.061620355189986646,
      "median": 3.76169603734,
      "user": 3.2095382399999997,
      "system": 2.8912975599999995,
      "min": 3.71499234334,
      "max": 3.9401353603400002,
      "times": [
        3.78057563334,
        3.77754488534,
        3.71499234334,
        3.77343739434,
        3.74995468034,
        3.73317457534,
        3.81082959034,
        3.72551889934,
        3.9401353603400002,
        3.74415673534
      ],
      "exit_codes": [
        0,
        0,
        0,
        0,
        0,
        0,
        0,
        0,
        0,
        0
      ]
    },
    {
      "command": "berry",
      "mean": 3.27636262824,
      "stddev": 0.025596121806791303,
      "median": 3.27142338334,
      "user": 3.9386069399999997,
      "system": 1.54312476,
      "min": 3.23654447934,
      "max": 3.31891419734,
      "times": [
        3.31891419734,
        3.31359627234,
        3.26814491234,
        3.24966528534,
        3.25863214334,
        3.23654447934,
        3.30100552434,
        3.27427670134,
        3.26876966134,
        3.27407710534
      ],
      "exit_codes": [
        0,
        0,
        0,
        0,
        0,
        0,
        0,
        0,
        0,
        0
      ]
    },
    {
      "command": "pnpm",
      "mean": 2.25432836544,
      "stddev": 0.06059297420023937,
      "median": 2.2346702928399997,
      "user": 2.92400814,
      "system": 0.9783060599999999,
      "min": 2.19045133734,
      "max": 2.3987414943400003,
      "times": [
        2.26019008434,
        2.33316699834,
        2.24217226834,
        2.21439166734,
        2.19045133734,
        2.21409246234,
        2.22716831734,
        2.21759745734,
        2.3987414943400003,
        2.24531156734
      ],
      "exit_codes": [
        0,
        0,
        0,
        0,
        0,
        0,
        0,
        0,
        0,
        0
      ]
    },
    {
      "command": "vlt",
      "mean": 2.0991907332399995,
      "stddev": 0.01908501300898904,
      "median": 2.10249894984,
      "user": 2.22770214,
      "system": 1.61430966,
      "min": 2.06919569634,
      "max": 2.13093404134,
      "times": [
        2.10780727534,
        2.10261213134,
        2.08096894334,
        2.08157489334,
        2.06919569634,
        2.1116868003400002,
        2.12262118034,
        2.13093404134,
        2.10238576834,
        2.08212060234
      ],
      "exit_codes": [
        0,
        0,
        0,
        0,
        0,
        0,
        0,
        0,
        0,
        0
      ]
    },
    {
      "command": "bun",
      "mean": 0.21191612624,
      "stddev": 0.0009656485728194748,
      "median": 0.21186628684000003,
      "user": 0.014043539999999998,
      "system": 0.20341505999999998,
      "min": 0.21009810034,
      "max": 0.21386204934,
      "times": [
        0.21009810034,
        0.21160793134,
        0.21184778934,
        0.21121667134000002,
        0.21123696934,
        0.21188478434000002,
        0.21254652734,
        0.21207257534,
        0.21278786434000002,
        0.21386204934
      ],
      "exit_codes": [
        0,
        0,
        0,
        0,
        0,
        0,
        0,
        0,
        0,
        0
      ]
    },
    {
      "command": "deno",
      "mean": 0.61679359874,
      "stddev": 0.0053078976317292755,
      "median": 0.6164865798400001,
      "user": 0.5770625399999998,
      "system": 0.5558086600000001,
      "min": 0.6087327153400001,
      "max": 0.6259454133400001,
      "times": [
        0.6259454133400001,
        0.6091253883400001,
        0.6087327153400001,
        0.61653323134,
        0.6140705863400001,
        0.6197469133400001,
        0.6197913303400001,
        0.61643992834,
        0.61424573534,
        0.62330474534
      ],
      "exit_codes": [
        0,
        0,
        0,
        0,
        0,
        0,
        0,
        0,
        0,
        0
      ]
    }
  ]
}