{
  "results": [
    {
      "command": "npm",
      "mean": 7.354274929020001,
      "stddev": 0.07069079260710973,
      "median": 7.345040730719999,
      "user": 8.490023639999999,
      "system": 2.80918482,
      "min": 7.2676335737199995,
      "max": 7.484094188719999,
      "times": [
        7.350689495719999,
        7.3103505447199995,
        7.30034906272,
        7.484094188719999,
        7.4546958947199995,
        7.412848759719999,
        7.33939196572,
        7.352211609719999,
        7.27048419472,
        7.2676335737199995
      ],
      "exit_codes": [
        0,
        0,
        0,
        0,
        0,
        0,
        0,
        0,
        0,
        0
      ]
    },
    {
      "command": "snpm",
      "mean": 0.23816664152000003,
      "stddev": 0.002506440196373484,
      "median": 0.23862346572000004,
      "user": 0.11584754,
      "system": 0.13044382,
      "min": 0.23174912572000003,
      "max": 0.24077719072000003,
      "times": [
        0.23174912572000003,
        0.24030633472000001,
        0.23731031272000003,
        0.23835476672000003,
        0.23971703772000003,
        0.24077719072000003,
        0.23660088272000002,
        0.24015688872000002,
        0.23780171072000003,
        0.23889216472000002
      ],
      "exit_codes": [
        0,
        0,
        0,
        0,
        0,
        0,
        0,
        0,
        0,
        0
      ]
    },
    {
      "command": "yarn",
      "mean": 4.120806111419999,
      "stddev": 0.12803791581778967,
      "median": 4.0816460672199995,
      "user": 2.86938374,
      "system": 2.5301399200000003,
      "min": 3.97376047372,
      "max": 4.378850443719999,
      "times": [
        4.02740050972,
        4.09857275272,
        4.30345661572,
        4.06471938172,
        4.378850443719999,
        3.97376047372,
        3.98912840272,
        4.20022050372,
        4.1303042757199995,
        4.04164775472
      ],
      "exit_codes": [
        0,
        0,
        0,
        0,
        0,
        0,
        0,
        0,
        0,
        0
      ]
    },
    {
      "command": "berry",
      "mean": 3.10305728662,
      "stddev": 0.08567116163562427,
      "median": 3.10391673172,
      "user": 3.49520214,
      "system": 1.3570078200000002,
      "min": 2.97564500672,
      "max": 3.30132754672,
      "times": [
        3.08541975372,
        3.30132754672,
        3.13986698872,
        3.03754183772,
        3.0425440737200002,
        3.13918057872,
        3.12241370972,
        3.1497126627200003,
        3.0369207077200002,
        2.97564500672
      ],
      "exit_codes": [
        0,
        0,
        0,
        0,
        0,
        0,
        0,
        0,
        0,
        0
      ]
    },
    {
      "command": "pnpm",
      "mean": 2.4406681838199997,
      "stddev": 0.07696245034665992,
      "median": 2.4623314477200005,
      "user": 2.83885834,
      "system": 0.9297673200000001,
      "min": 2.2736489627200003,
      "max": 2.5146845947200003,
      "times": [
        2.5146845947200003,
        2.48871645072,
        2.45077456372,
        2.4528349507200002,
        2.5142230527200002,
        2.4718279447200002,
        2.40599635472,
        2.3315632557200003,
        2.50241170772,
        2.2736489627200003
      ],
      "exit_codes": [
        0,
        0,
        0,
        0,
        0,
        0,
        0,
        0,
        0,
        0
      ]
    },
    {
      "command": "vlt",
      "mean": 1.8259299980200001,
      "stddev": 0.01997791164145552,
      "median": 1.81960838722,
      "user": 2.0032986399999997,
      "system": 1.42744542,
      "min": 1.80219414572,
      "max": 1.86984580772,
      "times": [
        1.81707346872,
        1.8447375017199998,
        1.86984580772,
        1.82493806772,
        1.81747896672,
        1.80441683072,
        1.80219414572,
        1.82173780772,
        1.81260141872,
        1.84427596472
      ],
      "exit_codes": [
        0,
        0,
        0,
        0,
        0,
        0,
        0,
        0,
        0,
        0
      ]
    },
    {
      "command": "bun",
      "mean": 0.17887825872000002,
      "stddev": 0.0007923563812989694,
      "median": 0.17863508722000002,
      "user": 0.01289454,
      "system": 0.17156762000000003,
      "min": 0.17790451872000002,
      "max": 0.18077650172,
      "times": [
        0.17867424272000001,
        0.17961423172000002,
        0.18077650172,
        0.17848631472,
        0.17932805872000002,
        0.17790451872000002,
        0.17859593172000002,
        0.17815862672000002,
        0.17879345372000002,
        0.17845070672000002
      ],
      "exit_codes": [
        0,
        0,
        0,
        0,
        0,
        0,
        0,
        0,
        0,
        0
      ]
    },
    {
      "command": "deno",
      "mean": 0.5909045009200001,
      "stddev": 0.00841482090867398,
      "median": 0.5877814642200001,
      "user": 0.56673884,
      "system": 0.51186412,
      "min": 0.5821135807200001,
      "max": 0.61277578272,
      "times": [
        0.5933701707200001,
        0.5848273057200001,
        0.58825712372,
        0.58730580472,
        0.59460845372,
        0.5870261817200001,
        0.61277578272,
        0.5840849827200001,
        0.5946756227200001,
        0.5821135807200001
      ],
      "exit_codes": [
        0,
        0,
        0,
        0,
        0,
        0,
        0,
        0,
        0,
        0
      ]
    }
  ]
}