{
  "results": [
    {
      "command": "npm",
      "mean": 8.336184225859999,
      "stddev": 0.0660807972135964,
      "median": 8.32501064026,
      "user": 9.419752159999998,
      "system": 3.4575217799999995,
      "min": 8.21275466226,
      "max": 8.45930057826,
      "times": [
        8.45930057826,
        8.40952179126,
        8.30828025426,
        8.35991628126,
        8.30205704826,
        8.27973815126,
        8.38025221126,
        8.32740591326,
        8.322615367260001,
        8.21275466226
      ],
      "exit_codes": [
        0,
        0,
        0,
        0,
        0,
        0,
        0,
        0,
        0,
        0
      ]
    },
    {
      "command": "snpm",
      "mean": 0.23644598706000003,
      "stddev": 0.004926078086297312,
      "median": 0.23537919376000002,
      "user": 0.10890065999999998,
      "system": 0.13511888,
      "min": 0.23067121026000004,
      "max": 0.24318863826000003,
      "times": [
        0.24156112426000004,
        0.24149242326000003,
        0.24318863826000003,
        0.23183397126000002,
        0.24207258326000003,
        0.23718585326000002,
        0.23357253426000002,
        0.23187782226000003,
        0.23100371026000002,
        0.23067121026000004
      ],
      "exit_codes": [
        0,
        0,
        0,
        0,
        0,
        0,
        0,
        0,
        0,
        0
      ]
    },
    {
      "command": "yarn",
      "mean": 4.58578474846,
      "stddev": 0.09037646028292301,
      "median": 4.571157325260001,
      "user": 3.1188529600000003,
      "system": 2.84258468,
      "min": 4.50251880726,
      "max": 4.842945629260001,
      "times": [
        4.533916838260001,
        4.568760275260001,
        4.5735543752600005,
        4.842945629260001,
        4.58699675026,
        4.50251880726,
        4.599617273260001,
        4.53060296726,
        4.58022012526,
        4.53871444326
      ],
      "exit_codes": [
        0,
        0,
        0,
        0,
        0,
        0,
        0,
        0,
        0,
        0
      ]
    },
    {
      "command": "berry",
      "mean": 3.40276027206,
      "stddev": 0.018277732637506216,
      "median": 3.40562816876,
      "user": 3.80584176,
      "system": 1.50464728,
      "min": 3.36754340226,
      "max": 3.43014411426,
      "times": [
        3.40103812926,
        3.4045631902599998,
        3.41554381626,
        3.41238030326,
        3.40669314726,
        3.36754340226,
        3.3844040772599997,
        3.38346257026,
        3.43014411426,
        3.4218299702599997
      ],
      "exit_codes": [
        0,
        0,
        0,
        0,
        0,
        0,
        0,
        0,
        0,
        0
      ]
    },
    {
      "command": "pnpm",
      "mean": 2.5889421329599998,
      "stddev": 0.07372298623584368,
      "median": 2.56960816426,
      "user": 2.7982295600000002,
      "system": 0.92470348,
      "min": 2.47674385726,
      "max": 2.7599076332599997,
      "times": [
        2.5493453112599997,
        2.47674385726,
        2.5456306442599996,
        2.7599076332599997,
        2.57116794126,
        2.59564165226,
        2.60092648626,
        2.67089980426,
        2.5680483872599997,
        2.55110961226
      ],
      "exit_codes": [
        0,
        0,
        0,
        0,
        0,
        0,
        0,
        0,
        0,
        0
      ]
    },
    {
      "command": "vlt",
      "mean": 2.0058022475599997,
      "stddev": 0.019739652552545624,
      "median": 1.9989063642599998,
      "user": 2.1057626600000003,
      "system": 1.59671238,
      "min": 1.9841010402600001,
      "max": 2.0466544232599997,
      "times": [
        2.0466544232599997,
        2.02356730626,
        1.98973194826,
        2.0086674692599997,
        1.99551433526,
        1.9841010402600001,
        1.9880808732600002,
        2.00229839326,
        2.02857173626,
        1.9908349502600002
      ],
      "exit_codes": [
        0,
        0,
        0,
        0,
        0,
        0,
        0,
        0,
        0,
        0
      ]
    },
    {
      "command": "bun",
      "mean": 0.20876362626000003,
      "stddev": 0.0019268697670827165,
      "median": 0.20828054126,
      "user": 0.013500559999999998,
      "system": 0.20041398,
      "min": 0.20755003126000002,
      "max": 0.21445748226000003,
      "times": [
        0.20778176626000003,
        0.20755003126000002,
        0.20838815026000002,
        0.21445748226000003,
        0.20861795126000002,
        0.20847987426000003,
        0.20807892026000002,
        0.20822545426000003,
        0.20833562826000002,
        0.20772100426000004
      ],
      "exit_codes": [
        0,
        0,
        0,
        0,
        0,
        0,
        0,
        0,
        0,
        0
      ]
    },
    {
      "command": "deno",
      "mean": 0.6070154921600001,
      "stddev": 0.007290441424220163,
      "median": 0.60861631276,
      "user": 0.55501126,
      "system": 0.55191208,
      "min": 0.59058081026,
      "max": 0.61923155626,
      "times": [
        0.61923155626,
        0.60847285426,
        0.59058081026,
        0.61314827626,
        0.61007465026,
        0.60491019426,
        0.60875977126,
        0.60486572426,
        0.60970859926,
        0.60040248526
      ],
      "exit_codes": [
        0,
        0,
        0,
        0,
        0,
        0,
        0,
        0,
        0,
        0
      ]
    }
  ]
}