{
  "results": [
    {
      "command": "npm",
      "mean": 8.30705752322,
      "stddev": 0.05578355212129168,
      "median": 8.31459845322,
      "user": 9.263715000000001,
      "system": 3.53965102,
      "min": 8.22372502772,
      "max": 8.38443006472,
      "times": [
        8.33553358972,
        8.22810246972,
        8.29558887572,
        8.374089209720001,
        8.26122628772,
        8.27524853872,
        8.22372502772,
        8.33360803072,
        8.38443006472,
        8.35902313772
      ],
      "exit_codes": [
        0,
        0,
        0,
        0,
        0,
        0,
        0,
        0,
        0,
        0
      ]
    },
    {
      "command": "snpm",
      "mean": 0.23541565782,
      "stddev": 0.005205613161708853,
      "median": 0.23468794022,
      "user": 0.10678399999999999,
      "system": 0.13617542,
      "min": 0.22624073372,
      "max": 0.24760605772,
      "times": [
        0.23222431272000002,
        0.22624073372,
        0.23359172972,
        0.24011448472,
        0.24760605772,
        0.23427504372000002,
        0.23478842372,
        0.23569807472,
        0.23458745672,
        0.23503026072
      ],
      "exit_codes": [
        0,
        0,
        0,
        0,
        0,
        0,
        0,
        0,
        0,
        0
      ]
    },
    {
      "command": "yarn",
      "mean": 4.815410690920001,
      "stddev": 0.09548077390314552,
      "median": 4.8133856907200006,
      "user": 3.341006299999999,
      "system": 3.06596262,
      "min": 4.68951840572,
      "max": 5.01378811072,
      "times": [
        4.745749683720001,
        4.690156631720001,
        4.8590052127200005,
        4.791028910720001,
        5.01378811072,
        4.76143940772,
        4.8357424707200005,
        4.87297701872,
        4.68951840572,
        4.894701056720001
      ],
      "exit_codes": [
        0,
        0,
        0,
        0,
        0,
        0,
        0,
        0,
        0,
        0
      ]
    },
    {
      "command": "berry",
      "mean": 3.6424108738200003,
      "stddev": 0.06653707279473331,
      "median": 3.6100707092199995,
      "user": 4.010606399999999,
      "system": 1.5769477200000002,
      "min": 3.56888156072,
      "max": 3.7404392337199996,
      "times": [
        3.68634394872,
        3.6022038357199997,
        3.56888156072,
        3.57939186272,
        3.6179375827199998,
        3.58213335072,
        3.7404392337199996,
        3.59009426472,
        3.72815012972,
        3.72853296872
      ],
      "exit_codes": [
        0,
        0,
        0,
        0,
        0,
        0,
        0,
        0,
        0,
        0
      ]
    },
    {
      "command": "pnpm",
      "mean": 2.67172043752,
      "stddev": 0.09987402181626207,
      "median": 2.62781939522,
      "user": 2.9027719,
      "system": 0.98167422,
      "min": 2.54038944172,
      "max": 2.84164972272,
      "times": [
        2.6457286027199998,
        2.84164972272,
        2.81181515972,
        2.62544101672,
        2.59355756172,
        2.6142147897199997,
        2.80074247472,
        2.61346783172,
        2.63019777372,
        2.54038944172
      ],
      "exit_codes": [
        0,
        0,
        0,
        0,
        0,
        0,
        0,
        0,
        0,
        0
      ]
    },
    {
      "command": "vlt",
      "mean": 2.10456436152,
      "stddev": 0.020706928411776637,
      "median": 2.10623272622,
      "user": 2.2598144,
      "system": 1.62718952,
      "min": 2.0728334667199997,
      "max": 2.14322177172,
      "times": [
        2.12089491872,
        2.0808048747199996,
        2.1026605637199998,
        2.07947060772,
        2.0728334667199997,
        2.14322177172,
        2.10833145172,
        2.10413400072,
        2.11944735272,
        2.11384460672
      ],
      "exit_codes": [
        0,
        0,
        0,
        0,
        0,
        0,
        0,
        0,
        0,
        0
      ]
    },
    {
      "command": "bun",
      "mean": 0.21212720412000002,
      "stddev": 0.006617306080210842,
      "median": 0.20980870872000001,
      "user": 0.0142045,
      "system": 0.20341761999999997,
      "min": 0.20773093372,
      "max": 0.23160866672,
      "times": [
        0.20945392572000002,
        0.20928408272000001,
        0.21064832172,
        0.23160866672,
        0.20773093372,
        0.20945767372000001,
        0.20982969072000002,
        0.21304528172,
        0.20978772672,
        0.21042573772
      ],
      "exit_codes": [
        0,
        0,
        0,
        0,
        0,
        0,
        0,
        0,
        0,
        0
      ]
    },
    {
      "command": "deno",
      "mean": 0.61225257362,
      "stddev": 0.007104456184289308,
      "median": 0.6146521147199999,
      "user": 0.5695072,
      "system": 0.5489286199999999,
      "min": 0.60038030772,
      "max": 0.62214249272,
      "times": [
        0.60913638572,
        0.62214249272,
        0.60740924272,
        0.61315529072,
        0.60111004372,
        0.61763183572,
        0.61614893872,
        0.60038030772,
        0.61624900572,
        0.61916219272
      ],
      "exit_codes": [
        0,
        0,
        0,
        0,
        0,
        0,
        0,
        0,
        0,
        0
      ]
    }
  ]
}