{
  "results": [
    {
      "command": "npm",
      "mean": 8.47073737458,
      "stddev": 0.04975646204269153,
      "median": 8.48798839458,
      "user": 9.334396279999998,
      "system": 3.55086996,
      "min": 8.381730044080001,
      "max": 8.53116436208,
      "times": [
        8.513648957080001,
        8.51691305908,
        8.53116436208,
        8.48714429308,
        8.49857489108,
        8.39292753408,
        8.428601929080001,
        8.48883249608,
        8.46783618008,
        8.381730044080001
      ],
      "exit_codes": [
        0,
        0,
        0,
        0,
        0,
        0,
        0,
        0,
        0,
        0
      ]
    },
    {
      "command": "snpm",
      "mean": 0.24429910088,
      "stddev": 0.006202382054420018,
      "median": 0.24294637808000002,
      "user": 0.12159028000000002,
      "system": 0.13068226,
      "min": 0.23743515608000001,
      "max": 0.26015760608,
      "times": [
        0.24275388608000004,
        0.24313887008000004,
        0.24257931308000003,
        0.24690675708000004,
        0.26015760608,
        0.24687285708000004,
        0.24582109508000002,
        0.23841758908000002,
        0.23743515608000001,
        0.23890787908000002
      ],
      "exit_codes": [
        0,
        0,
        0,
        0,
        0,
        0,
        0,
        0,
        0,
        0
      ]
    },
    {
      "command": "yarn",
      "mean": 4.327905210980001,
      "stddev": 0.11379776383126809,
      "median": 4.27796139158,
      "user": 3.2774672799999998,
      "system": 2.8814623599999996,
      "min": 4.205962981080001,
      "max": 4.55883544008,
      "times": [
        4.319896061080001,
        4.47651208508,
        4.55883544008,
        4.2814750660800005,
        4.230289900080001,
        4.27444771708,
        4.24160685108,
        4.43605560908,
        4.205962981080001,
        4.25397039908
      ],
      "exit_codes": [
        0,
        0,
        0,
        0,
        0,
        0,
        0,
        0,
        0,
        0
      ]
    },
    {
      "command": "berry",
      "mean": 3.37620560938,
      "stddev": 0.03156614179217736,
      "median": 3.3623287610799997,
      "user": 3.97379118,
      "system": 1.52847356,
      "min": 3.33384459608,
      "max": 3.43081766308,
      "times": [
        3.39741551708,
        3.33658533908,
        3.43081766308,
        3.41959300808,
        3.36148181608,
        3.36054624808,
        3.39711438408,
        3.33384459608,
        3.36166828108,
        3.3629892410799997
      ],
      "exit_codes": [
        0,
        0,
        0,
        0,
        0,
        0,
        0,
        0,
        0,
        0
      ]
    },
    {
      "command": "pnpm",
      "mean": 2.43136946168,
      "stddev": 0.11293955902746071,
      "median": 2.39760900358,
      "user": 2.94954908,
      "system": 0.9750678599999999,
      "min": 2.31537589608,
      "max": 2.72249672708,
      "times": [
        2.4688623280799997,
        2.3743098900799997,
        2.31537589608,
        2.37309582908,
        2.41945866408,
        2.50975593708,
        2.43232886908,
        2.37575934308,
        2.32225113308,
        2.72249672708
      ],
      "exit_codes": [
        0,
        0,
        0,
        0,
        0,
        0,
        0,
        0,
        0,
        0
      ]
    },
    {
      "command": "vlt",
      "mean": 2.1097616386799993,
      "stddev": 0.015692208408838063,
      "median": 2.1099921445799996,
      "user": 2.22019908,
      "system": 1.62306186,
      "min": 2.08011006108,
      "max": 2.13405464308,
      "times": [
        2.10707481708,
        2.13405464308,
        2.08011006108,
        2.1278902940799997,
        2.12104327108,
        2.0891086630799998,
        2.1157801310799997,
        2.10276348908,
        2.1129094720799997,
        2.10688154508
      ],
      "exit_codes": [
        0,
        0,
        0,
        0,
        0,
        0,
        0,
        0,
        0,
        0
      ]
    },
    {
      "command": "bun",
      "mean": 0.21274471618000002,
      "stddev": 0.0009452329578710665,
      "median": 0.21275569408,
      "user": 0.01528198,
      "system": 0.20318746000000001,
      "min": 0.21106938008000004,
      "max": 0.21434994608000002,
      "times": [
        0.21434994608000002,
        0.21106938008000004,
        0.21326105608000004,
        0.21249260708000003,
        0.21158457508000003,
        0.21394847208000004,
        0.21285469308000002,
        0.21304640908000003,
        0.21265669508,
        0.21218332808000004
      ],
      "exit_codes": [
        0,
        0,
        0,
        0,
        0,
        0,
        0,
        0,
        0,
        0
      ]
    },
    {
      "command": "deno",
      "mean": 0.6263880077799999,
      "stddev": 0.008530951087219936,
      "median": 0.6246221295800001,
      "user": 0.5823110799999999,
      "system": 0.5596677599999998,
      "min": 0.61436867908,
      "max": 0.63918783508,
      "times": [
        0.63918783508,
        0.63844381108,
        0.62520888808,
        0.6300176550800001,
        0.6240353710800001,
        0.61436867908,
        0.6201156720800001,
        0.61476926708,
        0.62306098708,
        0.6346719120800001
      ],
      "exit_codes": [
        0,
        0,
        0,
        0,
        0,
        0,
        0,
        0,
        0,
        0
      ]
    }
  ]
}