{
  "results": [
    {
      "command": "npm",
      "mean": 8.19539255946,
      "stddev": 0.02327859458393724,
      "median": 8.198396607460001,
      "user": 9.034909119999998,
      "system": 3.4278605200000003,
      "min": 8.16173802396,
      "max": 8.23368361996,
      "times": [
        8.16480482396,
        8.17458635696,
        8.17987192296,
        8.16173802396,
        8.20290156996,
        8.23368361996,
        8.21677521796,
        8.206268061960001,
        8.19389164496,
        8.21940435196
      ],
      "exit_codes": [
        0,
        0,
        0,
        0,
        0,
        0,
        0,
        0,
        0,
        0
      ]
    },
    {
      "command": "snpm",
      "mean": 0.23415961565999996,
      "stddev": 0.0019949432483904934,
      "median": 0.23462687646000002,
      "user": 0.11478982,
      "system": 0.12707221999999999,
      "min": 0.22908806896,
      "max": 0.23679937996,
      "times": [
        0.22908806896,
        0.23317512696,
        0.23335166396,
        0.23511717396,
        0.23371186096000002,
        0.23474404296,
        0.23450970996,
        0.23569378896,
        0.23540533996000002,
        0.23679937996
      ],
      "exit_codes": [
        0,
        0,
        0,
        0,
        0,
        0,
        0,
        0,
        0,
        0
      ]
    },
    {
      "command": "yarn",
      "mean": 4.303686406860001,
      "stddev": 0.4968247134520794,
      "median": 4.16246217546,
      "user": 3.109319620000001,
      "system": 2.8378231200000004,
      "min": 3.90110243896,
      "max": 5.722594522960001,
      "times": [
        4.20887205096,
        4.178515286960001,
        5.722594522960001,
        4.106336924960001,
        3.90110243896,
        3.94654708096,
        4.14640906396,
        4.46122399496,
        4.28977161396,
        4.075491089960001
      ],
      "exit_codes": [
        0,
        0,
        0,
        0,
        0,
        0,
        0,
        0,
        0,
        0
      ]
    },
    {
      "command": "berry",
      "mean": 3.25213896956,
      "stddev": 0.01525481517404831,
      "median": 3.25353156146,
      "user": 3.84517142,
      "system": 1.5026285199999998,
      "min": 3.22686638996,
      "max": 3.27772602296,
      "times": [
        3.2679874619600002,
        3.23532214896,
        3.23441132996,
        3.27772602296,
        3.22686638996,
        3.25130174496,
        3.25558361496,
        3.25315241296,
        3.26512785896,
        3.25391070996
      ],
      "exit_codes": [
        0,
        0,
        0,
        0,
        0,
        0,
        0,
        0,
        0,
        0
      ]
    },
    {
      "command": "pnpm",
      "mean": 2.3265129109599996,
      "stddev": 0.058712198986901255,
      "median": 2.3157238209599997,
      "user": 2.8211198200000003,
      "system": 0.94215152,
      "min": 2.25184551196,
      "max": 2.45875817096,
      "times": [
        2.30926750896,
        2.32415165796,
        2.38307441496,
        2.27501148796,
        2.45875817096,
        2.25184551196,
        2.32203258696,
        2.26725757096,
        2.36431514396,
        2.30941505496
      ],
      "exit_codes": [
        0,
        0,
        0,
        0,
        0,
        0,
        0,
        0,
        0,
        0
      ]
    },
    {
      "command": "vlt",
      "mean": 2.03719180956,
      "stddev": 0.022698101039757744,
      "median": 2.0392636834599998,
      "user": 2.15306222,
      "system": 1.58725792,
      "min": 1.99748815296,
      "max": 2.06445901196,
      "times": [
        2.04563368596,
        2.06120872096,
        2.0439317249599998,
        2.02807479096,
        2.0345956419599998,
        2.03063409696,
        2.00156350996,
        2.06432875896,
        2.06445901196,
        1.99748815296
      ],
      "exit_codes": [
        0,
        0,
        0,
        0,
        0,
        0,
        0,
        0,
        0,
        0
      ]
    },
    {
      "command": "bun",
      "mean": 0.20949029226000002,
      "stddev": 0.000518478550079373,
      "median": 0.20955219196000002,
      "user": 0.01580372,
      "system": 0.19917791999999998,
      "min": 0.20862434296000001,
      "max": 0.21040219396,
      "times": [
        0.20953576596,
        0.20961782696,
        0.21040219396,
        0.20890824896000001,
        0.20939088196,
        0.20862434296000001,
        0.20970300696,
        0.21015640496000002,
        0.20956861796,
        0.20899563196
      ],
      "exit_codes": [
        0,
        0,
        0,
        0,
        0,
        0,
        0,
        0,
        0,
        0
      ]
    },
    {
      "command": "deno",
      "mean": 0.6042874446600001,
      "stddev": 0.007343727805583982,
      "median": 0.6057924449600001,
      "user": 0.5729604199999999,
      "system": 0.54346352,
      "min": 0.59369667096,
      "max": 0.61278184696,
      "times": [
        0.61278184696,
        0.59369667096,
        0.59738121196,
        0.59420320796,
        0.61273572496,
        0.59919962796,
        0.60289462496,
        0.61240047396,
        0.60889079196,
        0.60869026496
      ],
      "exit_codes": [
        0,
        0,
        0,
        0,
        0,
        0,
        0,
        0,
        0,
        0
      ]
    }
  ]
}