{
  "results": [
    {
      "command": "npm",
      "mean": 8.45502148624,
      "stddev": 0.04597851749967674,
      "median": 8.47113111084,
      "user": 9.10004494,
      "system": 3.52186916,
      "min": 8.38302086484,
      "max": 8.51809433184,
      "times": [
        8.47127495984,
        8.47374790384,
        8.50771142984,
        8.51809433184,
        8.45301710084,
        8.38302086484,
        8.39878104284,
        8.48422518484,
        8.38935478184,
        8.47098726184
      ],
      "exit_codes": [
        0,
        0,
        0,
        0,
        0,
        0,
        0,
        0,
        0,
        0
      ]
    },
    {
      "command": "snpm",
      "mean": 0.23267143364000004,
      "stddev": 0.0032006682026237184,
      "median": 0.23267548584000003,
      "user": 0.10859374,
      "system": 0.13162146,
      "min": 0.22828616084000003,
      "max": 0.23855008384,
      "times": [
        0.23507726784000002,
        0.23396478884000002,
        0.23289012284000002,
        0.23614388784,
        0.23855008384,
        0.22828616084000003,
        0.22943610684000001,
        0.22857584584,
        0.23246084884,
        0.23132922284000002
      ],
      "exit_codes": [
        0,
        0,
        0,
        0,
        0,
        0,
        0,
        0,
        0,
        0
      ]
    },
    {
      "command": "yarn",
      "mean": 4.56498443584,
      "stddev": 0.1126330541606179,
      "median": 4.5931613768399995,
      "user": 3.2137151399999992,
      "system": 2.89725806,
      "min": 4.39738841784,
      "max": 4.8055738668400005,
      "times": [
        4.58468994384,
        4.39738841784,
        4.8055738668400005,
        4.60163280984,
        4.60268176384,
        4.62676257884,
        4.45998214184,
        4.61897207384,
        4.521760259840001,
        4.43040050184
      ],
      "exit_codes": [
        0,
        0,
        0,
        0,
        0,
        0,
        0,
        0,
        0,
        0
      ]
    },
    {
      "command": "berry",
      "mean": 3.47484886644,
      "stddev": 0.08300999611391903,
      "median": 3.45784475484,
      "user": 3.8953533399999998,
      "system": 1.5618630599999999,
      "min": 3.36725684984,
      "max": 3.6778728218400003,
      "times": [
        3.52614789184,
        3.45528095984,
        3.40498671884,
        3.6778728218400003,
        3.4604085498400003,
        3.48130454684,
        3.43888775884,
        3.41079518484,
        3.52554738184,
        3.36725684984
      ],
      "exit_codes": [
        0,
        0,
        0,
        0,
        0,
        0,
        0,
        0,
        0,
        0
      ]
    },
    {
      "command": "pnpm",
      "mean": 2.52260702884,
      "stddev": 0.10146130970133713,
      "median": 2.52054517434,
      "user": 2.86166484,
      "system": 0.9674990600000001,
      "min": 2.41528152284,
      "max": 2.75698455384,
      "times": [
        2.42430593884,
        2.51564486084,
        2.57526149284,
        2.41560322484,
        2.5578361058400003,
        2.52544548784,
        2.4447063798400004,
        2.59500072084,
        2.75698455384,
        2.41528152284
      ],
      "exit_codes": [
        0,
        0,
        0,
        0,
        0,
        0,
        0,
        0,
        0,
        0
      ]
    },
    {
      "command": "vlt",
      "mean": 2.1110683757400004,
      "stddev": 0.016926448155934547,
      "median": 2.10733222984,
      "user": 2.18197334,
      "system": 1.60694086,
      "min": 2.0861960658400003,
      "max": 2.15151021384,
      "times": [
        2.1023992588400002,
        2.15151021384,
        2.0861960658400003,
        2.10710553484,
        2.09889803584,
        2.10813760884,
        2.10755892484,
        2.12284461184,
        2.1231340588400003,
        2.10289944384
      ],
      "exit_codes": [
        0,
        0,
        0,
        0,
        0,
        0,
        0,
        0,
        0,
        0
      ]
    },
    {
      "command": "bun",
      "mean": 0.21096783334000002,
      "stddev": 0.0015604071399551007,
      "median": 0.21055874084000004,
      "user": 0.01500464,
      "system": 0.20155076,
      "min": 0.20890085684,
      "max": 0.21480185484000003,
      "times": [
        0.20890085684,
        0.21058202684000002,
        0.21013163684000002,
        0.21480185484000003,
        0.21035157884000003,
        0.20949201484000002,
        0.21160245784,
        0.21115196984,
        0.21212848184000002,
        0.21053545484000002
      ],
      "exit_codes": [
        0,
        0,
        0,
        0,
        0,
        0,
        0,
        0,
        0,
        0
      ]
    },
    {
      "command": "deno",
      "mean": 0.6138848193400002,
      "stddev": 0.007544216980854237,
      "median": 0.61396848284,
      "user": 0.57299754,
      "system": 0.54532926,
      "min": 0.60156343284,
      "max": 0.6312892398400001,
      "times": [
        0.6312892398400001,
        0.61335900584,
        0.6145779598400001,
        0.60802859584,
        0.60942935884,
        0.6194544658400001,
        0.60156343284,
        0.6095794398400001,
        0.61695642084,
        0.61461027384
      ],
      "exit_codes": [
        0,
        0,
        0,
        0,
        0,
        0,
        0,
        0,
        0,
        0
      ]
    }
  ]
}