{
  "results": [
    {
      "command": "npm",
      "mean": 0.6099206306400001,
      "stddev": 0.007439175417410673,
      "median": 0.60752112124,
      "user": 0.6844161200000001,
      "system": 0.11256669999999999,
      "min": 0.6009486527400001,
      "max": 0.6257986577400001,
      "times": [
        0.6147222807400001,
        0.6042100047400001,
        0.6132881107400001,
        0.60164683774,
        0.6065355857400001,
        0.6174760347400001,
        0.60850665674,
        0.6009486527400001,
        0.6060734847400001,
        0.6257986577400001
      ],
      "exit_codes": [
        0,
        0,
        0,
        0,
        0,
        0,
        0,
        0,
        0,
        0
      ]
    },
    {
      "command": "snpm",
      "mean": 0.033466409239999995,
      "stddev": 0.00045085544219056526,
      "median": 0.03349682224,
      "user": 0.021227219999999998,
      "system": 0.0144579,
      "min": 0.03267751774,
      "max": 0.03419451174,
      "times": [
        0.03348837374,
        0.03320201374,
        0.03356309574,
        0.03402389174,
        0.03348463574,
        0.03267751774,
        0.03371217474,
        0.03419451174,
        0.03350527074,
        0.03281260674
      ],
      "exit_codes": [
        0,
        0,
        0,
        0,
        0,
        0,
        0,
        0,
        0,
        0
      ]
    },
    {
      "command": "yarn",
      "mean": 0.31017191914,
      "stddev": 0.013739010687793946,
      "median": 0.30558388224,
      "user": 0.34253132,
      "system": 0.060726499999999996,
      "min": 0.30089463174,
      "max": 0.35024073174,
      "times": [
        0.30089463174,
        0.30632330574,
        0.30267941174,
        0.30426809274,
        0.30484445874,
        0.30270497274,
        0.30959089074,
        0.30839337374,
        0.31177932174,
        0.35024073174
      ],
      "exit_codes": [
        0,
        0,
        0,
        0,
        0,
        0,
        0,
        0,
        0,
        0
      ]
    },
    {
      "command": "berry",
      "mean": 1.00160762284,
      "stddev": 0.010173808734071605,
      "median": 1.00138230474,
      "user": 1.19446942,
      "system": 0.2009541,
      "min": 0.9857551767400001,
      "max": 1.01998782474,
      "times": [
        0.9871098787400001,
        1.01348940074,
        0.9973511367400001,
        0.9857551767400001,
        0.9971326107400001,
        0.9999903747400001,
        1.00842008874,
        1.00277423474,
        1.01998782474,
        1.00406550174
      ],
      "exit_codes": [
        0,
        0,
        0,
        0,
        0,
        0,
        0,
        0,
        0,
        0
      ]
    },
    {
      "command": "pnpm",
      "mean": 0.7491934461400002,
      "stddev": 0.013712906397234942,
      "median": 0.7471239677400001,
      "user": 0.85789852,
      "system": 0.13860099999999997,
      "min": 0.7220640767400001,
      "max": 0.7697525647400001,
      "times": [
        0.7472811397400001,
        0.7635815207400001,
        0.7362028907400001,
        0.7631407317400001,
        0.75715827174,
        0.74299647974,
        0.7220640767400001,
        0.7427899897400001,
        0.7697525647400001,
        0.7469667957400001
      ],
      "exit_codes": [
        0,
        0,
        0,
        0,
        0,
        0,
        0,
        0,
        0,
        0
      ]
    },
    {
      "command": "vlt",
      "mean": 0.34061067134,
      "stddev": 0.004424374777181343,
      "median": 0.33931029224,
      "user": 0.36582262,
      "system": 0.07445070000000001,
      "min": 0.33551365974,
      "max": 0.34881774374,
      "times": [
        0.33665499574,
        0.34058111674,
        0.34427723274,
        0.33551365974,
        0.33627165674,
        0.33813439674,
        0.34723532674,
        0.34005070674,
        0.34881774374,
        0.33856987774
      ],
      "exit_codes": [
        0,
        0,
        0,
        0,
        0,
        0,
        0,
        0,
        0,
        0
      ]
    },
    {
      "command": "bun",
      "mean": 0.01488274654,
      "stddev": 0.0009209531035582426,
      "median": 0.014500630740000001,
      "user": 0.00908232,
      "system": 0.0118191,
      "min": 0.01399986574,
      "max": 0.01648663174,
      "times": [
        0.01402050674,
        0.01602338374,
        0.014146213740000002,
        0.01399986574,
        0.014639762740000001,
        0.016232087739999998,
        0.01427775174,
        0.01648663174,
        0.014549733740000001,
        0.014451527740000001
      ],
      "exit_codes": [
        0,
        0,
        0,
        0,
        0,
        0,
        0,
        0,
        0,
        0
      ]
    },
    {
      "command": "deno",
      "mean": 0.04742180714,
      "stddev": 0.0008544434015206851,
      "median": 0.04725363824,
      "user": 0.027938919999999996,
      "system": 0.025329499999999998,
      "min": 0.04618878774,
      "max": 0.04877889774,
      "times": [
        0.046710468740000004,
        0.04850871174,
        0.04877889774,
        0.04737970774,
        0.04712756874,
        0.04693720974,
        0.04846904974,
        0.04759172374,
        0.046525945740000005,
        0.04618878774
      ],
      "exit_codes": [
        0,
        0,
        0,
        0,
        0,
        0,
        0,
        0,
        0,
        0
      ]
    }
  ]
}