{
  "results": [
    {
      "command": "npm",
      "mean": 0.5976333617600001,
      "stddev": 0.0037541005308593463,
      "median": 0.5975603044600002,
      "user": 0.66686768,
      "system": 0.11189248,
      "min": 0.5917914824600001,
      "max": 0.6022690164600001,
      "times": [
        0.5965882024600001,
        0.6021827644600001,
        0.5983024444600001,
        0.6022690164600001,
        0.59463041646,
        0.6021043934600001,
        0.5994876704600001,
        0.5917914824600001,
        0.59215906246,
        0.5968181644600001
      ],
      "exit_codes": [
        0,
        0,
        0,
        0,
        0,
        0,
        0,
        0,
        0,
        0
      ]
    },
    {
      "command": "snpm",
      "mean": 0.03247302206000001,
      "stddev": 0.0002712168537153256,
      "median": 0.03234909896,
      "user": 0.02202038,
      "system": 0.01260798,
      "min": 0.032117419460000005,
      "max": 0.032837232460000004,
      "times": [
        0.03230563746,
        0.032756723460000005,
        0.032260639460000004,
        0.032792868460000006,
        0.03279219046,
        0.032117419460000005,
        0.03226260746,
        0.032392560460000004,
        0.03221234146,
        0.032837232460000004
      ],
      "exit_codes": [
        0,
        0,
        0,
        0,
        0,
        0,
        0,
        0,
        0,
        0
      ]
    },
    {
      "command": "yarn",
      "mean": 0.30267722606,
      "stddev": 0.010511803829589153,
      "median": 0.29909982796,
      "user": 0.32793367999999995,
      "system": 0.06646537999999999,
      "min": 0.29741056746,
      "max": 0.33404983346,
      "times": [
        0.29741056746,
        0.29897679646,
        0.29900048246,
        0.29853069146,
        0.30150216246,
        0.29919917346,
        0.29830627246,
        0.29936562546,
        0.30043065546000003,
        0.33404983346
      ],
      "exit_codes": [
        0,
        0,
        0,
        0,
        0,
        0,
        0,
        0,
        0,
        0
      ]
    },
    {
      "command": "berry",
      "mean": 0.9741327726600002,
      "stddev": 0.005859739536052083,
      "median": 0.9714085524600001,
      "user": 1.1598230800000002,
      "system": 0.19852418,
      "min": 0.9662628454600001,
      "max": 0.9848543544600001,
      "times": [
        0.9848543544600001,
        0.9803640384600001,
        0.9740535704600001,
        0.9822377354600001,
        0.9713774984600001,
        0.9714396064600002,
        0.9662628454600001,
        0.9704409984600001,
        0.9710785744600001,
        0.9692185044600001
      ],
      "exit_codes": [
        0,
        0,
        0,
        0,
        0,
        0,
        0,
        0,
        0,
        0
      ]
    },
    {
      "command": "pnpm",
      "mean": 0.7261252840600001,
      "stddev": 0.006121284686970387,
      "median": 0.7256097689600001,
      "user": 0.8352042799999999,
      "system": 0.13390558,
      "min": 0.7190661314600001,
      "max": 0.7385971164600001,
      "times": [
        0.71930096346,
        0.7220182314600001,
        0.7385971164600001,
        0.7190661314600001,
        0.7258964554600001,
        0.7193615264600001,
        0.7308147144600001,
        0.7307989724600001,
        0.7300756464600001,
        0.7253230824600001
      ],
      "exit_codes": [
        0,
        0,
        0,
        0,
        0,
        0,
        0,
        0,
        0,
        0
      ]
    },
    {
      "command": "vlt",
      "mean": 0.33629364286,
      "stddev": 0.004750491368176115,
      "median": 0.33420158996000005,
      "user": 0.35591007999999996,
      "system": 0.07744627999999999,
      "min": 0.33006208446,
      "max": 0.34460055346,
      "times": [
        0.33348468146000004,
        0.33491849846,
        0.33006208446,
        0.33240721646000004,
        0.34460055346,
        0.34047963246,
        0.33212428346,
        0.33298167346,
        0.34233835246,
        0.33953945246
      ],
      "exit_codes": [
        0,
        0,
        0,
        0,
        0,
        0,
        0,
        0,
        0,
        0
      ]
    },
    {
      "command": "bun",
      "mean": 0.014089597960000002,
      "stddev": 0.0001311877225804683,
      "median": 0.014097795460000001,
      "user": 0.008792880000000001,
      "system": 0.010743579999999999,
      "min": 0.013883506460000002,
      "max": 0.014277854460000001,
      "times": [
        0.014241715460000002,
        0.014033995460000002,
        0.01417540446,
        0.01401707446,
        0.014277854460000001,
        0.013896346460000002,
        0.013883506460000002,
        0.01418290546,
        0.014025581460000002,
        0.01416159546
      ],
      "exit_codes": [
        0,
        0,
        0,
        0,
        0,
        0,
        0,
        0,
        0,
        0
      ]
    },
    {
      "command": "deno",
      "mean": 0.045220219160000005,
      "stddev": 0.00042569874534582604,
      "median": 0.045249623460000006,
      "user": 0.028851079999999994,
      "system": 0.021853679999999997,
      "min": 0.04465305446000001,
      "max": 0.04590053746000001,
      "times": [
        0.045414504460000005,
        0.044761093460000005,
        0.045707862460000005,
        0.045529169460000005,
        0.04497149846,
        0.04590053746000001,
        0.04468262046,
        0.04465305446000001,
        0.04508474246000001,
        0.045497108460000005
      ],
      "exit_codes": [
        0,
        0,
        0,
        0,
        0,
        0,
        0,
        0,
        0,
        0
      ]
    }
  ]
}