{
  "results": [
    {
      "command": "npm",
      "mean": 0.61529245544,
      "stddev": 0.014703237329274676,
      "median": 0.61076461544,
      "user": 0.69012798,
      "system": 0.11634470000000001,
      "min": 0.6029898504400001,
      "max": 0.6568113144400001,
      "times": [
        0.6120815754400001,
        0.60944765544,
        0.60884318644,
        0.6161858774400001,
        0.61279678544,
        0.60611139544,
        0.60658233344,
        0.6210745804400001,
        0.6568113144400001,
        0.6029898504400001
      ],
      "exit_codes": [
        0,
        0,
        0,
        0,
        0,
        0,
        0,
        0,
        0,
        0
      ]
    },
    {
      "command": "snpm",
      "mean": 0.033816898639999995,
      "stddev": 0.000578941137898284,
      "median": 0.033745162940000004,
      "user": 0.021427179999999997,
      "system": 0.0145827,
      "min": 0.03295082444,
      "max": 0.03504546844,
      "times": [
        0.03295082444,
        0.03387147144,
        0.03425390144,
        0.03329009944,
        0.03504546844,
        0.03376666844,
        0.03333249644,
        0.03437324744,
        0.03372365744,
        0.03356115144
      ],
      "exit_codes": [
        0,
        0,
        0,
        0,
        0,
        0,
        0,
        0,
        0,
        0
      ]
    },
    {
      "command": "yarn",
      "mean": 0.30924923324,
      "stddev": 0.0038808320397896333,
      "median": 0.30926254294,
      "user": 0.34522108,
      "system": 0.06238200000000001,
      "min": 0.30257301444,
      "max": 0.31670224344000003,
      "times": [
        0.30584285344,
        0.30734613244000003,
        0.30257301444,
        0.31309446644,
        0.30579236444,
        0.30926479044,
        0.31670224344000003,
        0.30926029544,
        0.31114961644,
        0.31146655544
      ],
      "exit_codes": [
        0,
        0,
        0,
        0,
        0,
        0,
        0,
        0,
        0,
        0
      ]
    },
    {
      "command": "berry",
      "mean": 1.03784985704,
      "stddev": 0.032295355999787126,
      "median": 1.0316520604400001,
      "user": 1.22329548,
      "system": 0.1992703,
      "min": 1.0105141824400001,
      "max": 1.1303230554400001,
      "times": [
        1.0190175274400002,
        1.1303230554400001,
        1.0429510154400001,
        1.0105141824400001,
        1.03723953144,
        1.0182972974400002,
        1.0282110374400002,
        1.03509308344,
        1.02172191744,
        1.0351299224400001
      ],
      "exit_codes": [
        0,
        0,
        0,
        0,
        0,
        0,
        0,
        0,
        0,
        0
      ]
    },
    {
      "command": "pnpm",
      "mean": 0.76869682094,
      "stddev": 0.0167952583743028,
      "median": 0.7646410074400001,
      "user": 0.87773788,
      "system": 0.13969430000000002,
      "min": 0.74178792944,
      "max": 0.8071039174400001,
      "times": [
        0.8071039174400001,
        0.7644205324400001,
        0.74178792944,
        0.76054797444,
        0.7836498834400001,
        0.7648614824400001,
        0.75677061444,
        0.77897396844,
        0.76175345344,
        0.76709845344
      ],
      "exit_codes": [
        0,
        0,
        0,
        0,
        0,
        0,
        0,
        0,
        0,
        0
      ]
    },
    {
      "command": "vlt",
      "mean": 0.35184274263999993,
      "stddev": 0.0104427487714852,
      "median": 0.34660287744,
      "user": 0.37571348,
      "system": 0.0818248,
      "min": 0.34386334544,
      "max": 0.38048679444,
      "times": [
        0.34386334544,
        0.34642139444000003,
        0.34553375044,
        0.38048679444,
        0.35268085844,
        0.35677485844,
        0.35464299544,
        0.34672444844,
        0.34481767444,
        0.34648130644
      ],
      "exit_codes": [
        0,
        0,
        0,
        0,
        0,
        0,
        0,
        0,
        0,
        0
      ]
    },
    {
      "command": "bun",
      "mean": 0.01478881084,
      "stddev": 0.0007083014819751831,
      "median": 0.014463446940000001,
      "user": 0.009855679999999999,
      "system": 0.010869199999999999,
      "min": 0.01426382944,
      "max": 0.016288790440000003,
      "times": [
        0.016288790440000003,
        0.014709462440000001,
        0.014517855440000001,
        0.01426382944,
        0.01440903844,
        0.014525090440000001,
        0.01607716144,
        0.014356598440000002,
        0.014352067440000001,
        0.014388214440000002
      ],
      "exit_codes": [
        0,
        0,
        0,
        0,
        0,
        0,
        0,
        0,
        0,
        0
      ]
    },
    {
      "command": "deno",
      "mean": 0.04703896804,
      "stddev": 0.0008812900235982706,
      "median": 0.04696382644,
      "user": 0.02783828,
      "system": 0.024838799999999998,
      "min": 0.04584426044,
      "max": 0.04834397544,
      "times": [
        0.04584426044,
        0.046067097439999996,
        0.04599615744,
        0.04702434744,
        0.04834397544,
        0.04800626344,
        0.04729540544,
        0.048241549439999996,
        0.04666731844,
        0.04690330544
      ],
      "exit_codes": [
        0,
        0,
        0,
        0,
        0,
        0,
        0,
        0,
        0,
        0
      ]
    }
  ]
}