{
  "results": [
    {
      "command": "npm",
      "mean": 0.6163945351400001,
      "stddev": 0.0036798803744276013,
      "median": 0.6161974423400001,
      "user": 0.69181016,
      "system": 0.11350707999999998,
      "min": 0.61131020234,
      "max": 0.6235370893400001,
      "times": [
        0.61633015634,
        0.61588441534,
        0.61239816634,
        0.61606472834,
        0.6170531423400001,
        0.61131020234,
        0.6123572273400001,
        0.61775588634,
        0.6235370893400001,
        0.62125433734
      ],
      "exit_codes": [
        0,
        0,
        0,
        0,
        0,
        0,
        0,
        0,
        0,
        0
      ]
    },
    {
      "command": "snpm",
      "mean": 0.03372928274,
      "stddev": 0.00039695961335662374,
      "median": 0.03376184984,
      "user": 0.020749960000000005,
      "system": 0.01514808,
      "min": 0.03288346734,
      "max": 0.03423584334,
      "times": [
        0.03373819034,
        0.03390672734,
        0.03420515534,
        0.03378550934,
        0.03361592334,
        0.03361171734,
        0.03404560534,
        0.03288346734,
        0.03326468834,
        0.03423584334
      ],
      "exit_codes": [
        0,
        0,
        0,
        0,
        0,
        0,
        0,
        0,
        0,
        0
      ]
    },
    {
      "command": "yarn",
      "mean": 0.30934718054,
      "stddev": 0.0017063947064327113,
      "median": 0.30947703834,
      "user": 0.34689186000000005,
      "system": 0.061300179999999996,
      "min": 0.30718929334,
      "max": 0.31158948034,
      "times": [
        0.30718929334,
        0.30739937734,
        0.31127491234000004,
        0.31158948034,
        0.30879033134,
        0.30733798734,
        0.30792889334,
        0.31016374534,
        0.31069581334,
        0.31110197134
      ],
      "exit_codes": [
        0,
        0,
        0,
        0,
        0,
        0,
        0,
        0,
        0,
        0
      ]
    },
    {
      "command": "berry",
      "mean": 1.00570624744,
      "stddev": 0.008719755623565003,
      "median": 1.00644320534,
      "user": 1.1915849600000001,
      "system": 0.21038807999999998,
      "min": 0.99081949134,
      "max": 1.02529001734,
      "times": [
        1.00726787034,
        1.00561854034,
        0.99081949134,
        1.00941436934,
        0.99560129334,
        1.00940341834,
        1.00791186634,
        1.00180764934,
        1.02529001734,
        1.00392795834
      ],
      "exit_codes": [
        0,
        0,
        0,
        0,
        0,
        0,
        0,
        0,
        0,
        0
      ]
    },
    {
      "command": "pnpm",
      "mean": 0.74608982814,
      "stddev": 0.009899798431680054,
      "median": 0.74642029434,
      "user": 0.8550446599999999,
      "system": 0.14456697999999998,
      "min": 0.7283854513400001,
      "max": 0.76238016734,
      "times": [
        0.74339068734,
        0.7283854513400001,
        0.7514770783400001,
        0.7479549203400001,
        0.76238016734,
        0.7372249293400001,
        0.7512685773400001,
        0.7582140553400001,
        0.74488566834,
        0.7357167463400001
      ],
      "exit_codes": [
        0,
        0,
        0,
        0,
        0,
        0,
        0,
        0,
        0,
        0
      ]
    },
    {
      "command": "vlt",
      "mean": 0.34301475954000005,
      "stddev": 0.005136848103351167,
      "median": 0.34190190984,
      "user": 0.37042926,
      "system": 0.07304558,
      "min": 0.33668619534000005,
      "max": 0.35132473034,
      "times": [
        0.34306660134,
        0.34627610534000003,
        0.33668619534000005,
        0.35053378634000004,
        0.33789877234000004,
        0.34677087434000003,
        0.33852816534,
        0.35132473034,
        0.33832514634000005,
        0.34073721834000004
      ],
      "exit_codes": [
        0,
        0,
        0,
        0,
        0,
        0,
        0,
        0,
        0,
        0
      ]
    },
    {
      "command": "bun",
      "mean": 0.014805821840000002,
      "stddev": 0.0006350978473999507,
      "median": 0.01455018634,
      "user": 0.008967259999999998,
      "system": 0.01166768,
      "min": 0.01421350534,
      "max": 0.016196908340000003,
      "times": [
        0.01575356534,
        0.01489027434,
        0.01429346934,
        0.01421350534,
        0.016196908340000003,
        0.01433016334,
        0.01466225334,
        0.014907002340000001,
        0.01437295734,
        0.01443811934
      ],
      "exit_codes": [
        0,
        0,
        0,
        0,
        0,
        0,
        0,
        0,
        0,
        0
      ]
    },
    {
      "command": "deno",
      "mean": 0.04706747734000001,
      "stddev": 0.0005029629986784314,
      "median": 0.04725541284,
      "user": 0.026512359999999995,
      "system": 0.026445979999999997,
      "min": 0.04604087434,
      "max": 0.04764693734,
      "times": [
        0.04648215034,
        0.04758911534,
        0.04744777934,
        0.04604087434,
        0.04702885934,
        0.04718450734,
        0.04733636134,
        0.04659187034,
        0.04732631834,
        0.04764693734
      ],
      "exit_codes": [
        0,
        0,
        0,
        0,
        0,
        0,
        0,
        0,
        0,
        0
      ]
    }
  ]
}