{
  "results": [
    {
      "command": "npm",
      "mean": 0.6283693900999999,
      "stddev": 0.01124499833965098,
      "median": 0.6303309554000001,
      "user": 0.7090632400000001,
      "system": 0.11804218,
      "min": 0.6083396689,
      "max": 0.6444114029,
      "times": [
        0.6444114029,
        0.6402414019,
        0.6341605259,
        0.6387921669,
        0.6134108139,
        0.6227860129,
        0.6288684449,
        0.6317934659,
        0.6083396689,
        0.6208899969
      ],
      "exit_codes": [
        0,
        0,
        0,
        0,
        0,
        0,
        0,
        0,
        0,
        0
      ]
    },
    {
      "command": "snpm",
      "mean": 0.0347057762,
      "stddev": 0.00046015835813338125,
      "median": 0.0346374314,
      "user": 0.021554040000000003,
      "system": 0.015465880000000001,
      "min": 0.03403401190000001,
      "max": 0.0354607019,
      "times": [
        0.03501107490000001,
        0.035320759900000005,
        0.03426040290000001,
        0.03455734690000001,
        0.0342663959,
        0.034389874900000006,
        0.0347175159,
        0.0354607019,
        0.035039676900000004,
        0.03403401190000001
      ],
      "exit_codes": [
        0,
        0,
        0,
        0,
        0,
        0,
        0,
        0,
        0,
        0
      ]
    },
    {
      "command": "yarn",
      "mean": 0.31625451920000003,
      "stddev": 0.011611535925439778,
      "median": 0.3134963409,
      "user": 0.3494081399999999,
      "system": 0.06330398000000001,
      "min": 0.30881346890000005,
      "max": 0.35021237690000007,
      "times": [
        0.30897634290000003,
        0.31218982990000005,
        0.31548685890000006,
        0.3091285449,
        0.31434280490000005,
        0.31596673090000005,
        0.3126498769,
        0.30881346890000005,
        0.35021237690000007,
        0.31477835690000006
      ],
      "exit_codes": [
        0,
        0,
        0,
        0,
        0,
        0,
        0,
        0,
        0,
        0
      ]
    },
    {
      "command": "berry",
      "mean": 1.0278796411999997,
      "stddev": 0.016377175501009415,
      "median": 1.0292568868999998,
      "user": 1.20185954,
      "system": 0.20605837999999999,
      "min": 1.0057622199,
      "max": 1.0700629559,
      "times": [
        1.0294769439,
        1.0133879048999999,
        1.0180173709,
        1.0290368299,
        1.0196472778999999,
        1.0321772369,
        1.0313715879,
        1.0700629559,
        1.0298560839,
        1.0057622199
      ],
      "exit_codes": [
        0,
        0,
        0,
        0,
        0,
        0,
        0,
        0,
        0,
        0
      ]
    },
    {
      "command": "pnpm",
      "mean": 0.8053372689,
      "stddev": 0.031355107157024324,
      "median": 0.7941744839,
      "user": 0.88606964,
      "system": 0.14352987999999997,
      "min": 0.7756044469,
      "max": 0.8879528779,
      "times": [
        0.7756044469,
        0.7835672589,
        0.7964630539,
        0.8095194379,
        0.8049572919,
        0.8879528779,
        0.7918859139,
        0.7840929069,
        0.8306648919,
        0.7886646089
      ],
      "exit_codes": [
        0,
        0,
        0,
        0,
        0,
        0,
        0,
        0,
        0,
        0
      ]
    },
    {
      "command": "vlt",
      "mean": 0.35114362450000003,
      "stddev": 0.005246414408062427,
      "median": 0.3500085164,
      "user": 0.38282404000000003,
      "system": 0.07258578,
      "min": 0.34350168290000005,
      "max": 0.36142797190000003,
      "times": [
        0.34383137690000004,
        0.35031557890000004,
        0.34869025890000005,
        0.34350168290000005,
        0.3497014539,
        0.35437459490000006,
        0.34916497290000004,
        0.35603120190000004,
        0.36142797190000003,
        0.35439715190000004
      ],
      "exit_codes": [
        0,
        0,
        0,
        0,
        0,
        0,
        0,
        0,
        0,
        0
      ]
    },
    {
      "command": "bun",
      "mean": 0.015170146399999997,
      "stddev": 0.001000958967672926,
      "median": 0.0146787769,
      "user": 0.00977934,
      "system": 0.011319079999999999,
      "min": 0.0140613429,
      "max": 0.0173903729,
      "times": [
        0.0173903729,
        0.0146290889,
        0.0148485019,
        0.0162202019,
        0.0161742199,
        0.0147284649,
        0.0145976009,
        0.0140613429,
        0.014515996900000001,
        0.014535672900000001
      ],
      "exit_codes": [
        0,
        0,
        0,
        0,
        0,
        0,
        0,
        0,
        0,
        0
      ]
    },
    {
      "command": "deno",
      "mean": 0.04768220930000001,
      "stddev": 0.0007468066814307718,
      "median": 0.04772233440000001,
      "user": 0.028435940000000003,
      "system": 0.024880279999999998,
      "min": 0.046773796900000005,
      "max": 0.04952698190000001,
      "times": [
        0.047578676900000005,
        0.04706486790000001,
        0.04790480590000001,
        0.04732481090000001,
        0.04800249990000001,
        0.04787581290000001,
        0.046773796900000005,
        0.04786599190000001,
        0.046903847900000004,
        0.04952698190000001
      ],
      "exit_codes": [
        0,
        0,
        0,
        0,
        0,
        0,
        0,
        0,
        0,
        0
      ]
    }
  ]
}