{
  "results": [
    {
      "command": "npm",
      "mean": 0.50149424718,
      "stddev": 0.010239541404786348,
      "median": 0.50017592378,
      "user": 0.54886392,
      "system": 0.10093179999999999,
      "min": 0.49292521828,
      "max": 0.52991729028,
      "times": [
        0.50017580728,
        0.49473996028,
        0.50017604028,
        0.49292521828,
        0.49352284828,
        0.49532684528,
        0.50553667128,
        0.50108770628,
        0.52991729028,
        0.50153408428
      ],
      "exit_codes": [
        0,
        0,
        0,
        0,
        0,
        0,
        0,
        0,
        0,
        0
      ]
    },
    {
      "command": "snpm",
      "mean": 0.03186678928000001,
      "stddev": 0.00032249409528547904,
      "median": 0.03186375878,
      "user": 0.020312520000000004,
      "system": 0.013595399999999999,
      "min": 0.031238906280000006,
      "max": 0.03245884328,
      "times": [
        0.03211966328,
        0.03207451128,
        0.032062586280000006,
        0.031735772280000005,
        0.031238906280000006,
        0.031536343280000004,
        0.03245884328,
        0.03185990928,
        0.03186760828,
        0.03171374928
      ],
      "exit_codes": [
        0,
        0,
        0,
        0,
        0,
        0,
        0,
        0,
        0,
        0
      ]
    },
    {
      "command": "yarn",
      "mean": 0.29224768118,
      "stddev": 0.00675886095050573,
      "median": 0.29055907577999995,
      "user": 0.31390882000000003,
      "system": 0.06260269999999998,
      "min": 0.28564113328,
      "max": 0.31055525827999997,
      "times": [
        0.28856339327999997,
        0.28659285028,
        0.29358452828,
        0.28564113328,
        0.29424202128,
        0.29390721327999997,
        0.28945641128,
        0.31055525827999997,
        0.28827226227999997,
        0.29166174027999997
      ],
      "exit_codes": [
        0,
        0,
        0,
        0,
        0,
        0,
        0,
        0,
        0,
        0
      ]
    },
    {
      "command": "berry",
      "mean": 0.7105264696799999,
      "stddev": 0.014692187227582816,
      "median": 0.70591041528,
      "user": 0.82474242,
      "system": 0.1418853,
      "min": 0.69531708128,
      "max": 0.7402642122800001,
      "times": [
        0.70239860828,
        0.7073276242800001,
        0.7402642122800001,
        0.70079723728,
        0.70522184028,
        0.70697800728,
        0.70244028428,
        0.69531708128,
        0.7065989902800001,
        0.73792081128
      ],
      "exit_codes": [
        0,
        0,
        0,
        0,
        0,
        0,
        0,
        0,
        0,
        0
      ]
    },
    {
      "command": "pnpm",
      "mean": 0.6711942017800001,
      "stddev": 0.004582858088983349,
      "median": 0.67102099778,
      "user": 0.7641286199999999,
      "system": 0.12544989999999998,
      "min": 0.66499758228,
      "max": 0.67945987228,
      "times": [
        0.66499758228,
        0.67440612428,
        0.67773300728,
        0.67122772828,
        0.67945987228,
        0.6661527632800001,
        0.67081426728,
        0.66772454428,
        0.67174363328,
        0.66768249528
      ],
      "exit_codes": [
        0,
        0,
        0,
        0,
        0,
        0,
        0,
        0,
        0,
        0
      ]
    },
    {
      "command": "vlt",
      "mean": 0.31664259697999997,
      "stddev": 0.003712384183385302,
      "median": 0.31685883428,
      "user": 0.32741551999999996,
      "system": 0.0664225,
      "min": 0.31178004028,
      "max": 0.32532477328,
      "times": [
        0.31178004028,
        0.31863487328,
        0.31604894027999997,
        0.31722640328,
        0.31711580728,
        0.31660186128,
        0.31820015128,
        0.31199785328,
        0.31349526628,
        0.32532477328
      ],
      "exit_codes": [
        0,
        0,
        0,
        0,
        0,
        0,
        0,
        0,
        0,
        0
      ]
    },
    {
      "command": "bun",
      "mean": 0.01056720918,
      "stddev": 0.0004610646147581596,
      "median": 0.010431594280000001,
      "user": 0.00784552,
      "system": 0.008426899999999998,
      "min": 0.01013299328,
      "max": 0.011665599280000001,
      "times": [
        0.01019470328,
        0.01013299328,
        0.010338289280000001,
        0.010450310280000001,
        0.010563360280000001,
        0.011665599280000001,
        0.01018720828,
        0.01116529328,
        0.010412878280000001,
        0.010561456280000001
      ],
      "exit_codes": [
        0,
        0,
        0,
        0,
        0,
        0,
        0,
        0,
        0,
        0
      ]
    },
    {
      "command": "deno",
      "mean": 0.04108498848000001,
      "stddev": 0.000566801547971034,
      "median": 0.041156017780000005,
      "user": 0.02446492,
      "system": 0.0208217,
      "min": 0.04036494628,
      "max": 0.04195336828000001,
      "times": [
        0.041231464280000005,
        0.04170793928,
        0.041080571280000006,
        0.04036494628,
        0.04195336828000001,
        0.04044442828000001,
        0.041257222280000005,
        0.04060712628,
        0.041757793280000004,
        0.040445025280000005
      ],
      "exit_codes": [
        0,
        0,
        0,
        0,
        0,
        0,
        0,
        0,
        0,
        0
      ]
    }
  ]
}