{
  "results": [
    {
      "command": "npm",
      "mean": 0.5004720206800001,
      "stddev": 0.011692284625049424,
      "median": 0.49600153248,
      "user": 0.5441886799999999,
      "system": 0.10372023999999999,
      "min": 0.48881826898,
      "max": 0.5328283109799999,
      "times": [
        0.49529321598000003,
        0.49402650698000006,
        0.49381336598000003,
        0.50400683498,
        0.49670984898000003,
        0.49467974798000003,
        0.48881826898,
        0.50069504698,
        0.5328283109799999,
        0.50384905898
      ],
      "exit_codes": [
        0,
        0,
        0,
        0,
        0,
        0,
        0,
        0,
        0,
        0
      ]
    },
    {
      "command": "snpm",
      "mean": 0.032879291180000006,
      "stddev": 0.00037801363611298397,
      "median": 0.03279856448,
      "user": 0.018862479999999997,
      "system": 0.016027939999999997,
      "min": 0.03237781398,
      "max": 0.03368291198,
      "times": [
        0.03332352198000001,
        0.03249538498000001,
        0.032689929980000004,
        0.03280194998,
        0.03261240298,
        0.03368291198,
        0.032795178980000006,
        0.032876109980000005,
        0.03237781398,
        0.03313770698
      ],
      "exit_codes": [
        0,
        0,
        0,
        0,
        0,
        0,
        0,
        0,
        0,
        0
      ]
    },
    {
      "command": "yarn",
      "mean": 0.28818026718000006,
      "stddev": 0.0015076107963457807,
      "median": 0.28779309598,
      "user": 0.31142528,
      "system": 0.059628439999999984,
      "min": 0.28637735798,
      "max": 0.29129983798000003,
      "times": [
        0.28713364798,
        0.28832961698000004,
        0.28721536598,
        0.28922694998000004,
        0.29007012098,
        0.29129983798000003,
        0.28755083398000003,
        0.28803535798,
        0.28656358198000004,
        0.28637735798
      ],
      "exit_codes": [
        0,
        0,
        0,
        0,
        0,
        0,
        0,
        0,
        0,
        0
      ]
    },
    {
      "command": "berry",
      "mean": 0.7620855434799999,
      "stddev": 0.016429615481757157,
      "median": 0.75632876198,
      "user": 0.8279959799999999,
      "system": 0.13010864,
      "min": 0.74202824798,
      "max": 0.80558714998,
      "times": [
        0.80558714998,
        0.74202824798,
        0.75560254398,
        0.76142622698,
        0.75574021398,
        0.76217787498,
        0.75500407298,
        0.75217175498,
        0.75691730998,
        0.77420003898
      ],
      "exit_codes": [
        0,
        0,
        0,
        0,
        0,
        0,
        0,
        0,
        0,
        0
      ]
    },
    {
      "command": "pnpm",
      "mean": 0.74771579658,
      "stddev": 0.006221785817866015,
      "median": 0.74656758848,
      "user": 0.7544188799999999,
      "system": 0.12109084,
      "min": 0.73856913998,
      "max": 0.76148660498,
      "times": [
        0.74258459798,
        0.74779894798,
        0.74947442498,
        0.76148660498,
        0.75105065898,
        0.73856913998,
        0.74533622898,
        0.75357602598,
        0.74378476098,
        0.74349657498
      ],
      "exit_codes": [
        0,
        0,
        0,
        0,
        0,
        0,
        0,
        0,
        0,
        0
      ]
    },
    {
      "command": "vlt",
      "mean": 0.29309563198,
      "stddev": 0.0035675911097351127,
      "median": 0.29396086248000003,
      "user": 0.31284758,
      "system": 0.06493274,
      "min": 0.28820912598000004,
      "max": 0.30056004898000005,
      "times": [
        0.28820912598000004,
        0.29433284098,
        0.29479653898,
        0.28919143298000005,
        0.30056004898000005,
        0.28940439398,
        0.29358888398000005,
        0.29519601798,
        0.29502971498,
        0.29064732098
      ],
      "exit_codes": [
        0,
        0,
        0,
        0,
        0,
        0,
        0,
        0,
        0,
        0
      ]
    },
    {
      "command": "bun",
      "mean": 0.010688347480000002,
      "stddev": 0.0006940622958898213,
      "median": 0.010211840480000001,
      "user": 0.007899279999999998,
      "system": 0.00878564,
      "min": 0.010037315980000001,
      "max": 0.01187654198,
      "times": [
        0.01141689798,
        0.011458516980000001,
        0.01014892298,
        0.010124068980000001,
        0.010037315980000001,
        0.010069056980000001,
        0.01187654198,
        0.010232366980000001,
        0.01019131398,
        0.011328471980000001
      ],
      "exit_codes": [
        0,
        0,
        0,
        0,
        0,
        0,
        0,
        0,
        0,
        0
      ]
    },
    {
      "command": "deno",
      "mean": 0.040587284480000006,
      "stddev": 0.0004684562433033098,
      "median": 0.040571641480000004,
      "user": 0.02414228,
      "system": 0.02059374,
      "min": 0.03987926898000001,
      "max": 0.04146994398000001,
      "times": [
        0.04035227198000001,
        0.040182336980000004,
        0.03987926898000001,
        0.04146994398000001,
        0.04057963598000001,
        0.040712365980000005,
        0.040641270980000005,
        0.04130521798,
        0.04056364698000001,
        0.040186884980000004
      ],
      "exit_codes": [
        0,
        0,
        0,
        0,
        0,
        0,
        0,
        0,
        0,
        0
      ]
    }
  ]
}