{
  "results": [
    {
      "command": "npm",
      "mean": 0.5117922700599999,
      "stddev": 0.017806938173067964,
      "median": 0.50591186086,
      "user": 0.5598124600000001,
      "system": 0.10299748,
      "min": 0.5006322398599999,
      "max": 0.56349622786,
      "times": [
        0.5006322398599999,
        0.50820529486,
        0.51662858386,
        0.50289733486,
        0.50159657186,
        0.50543707786,
        0.50980170586,
        0.50638664386,
        0.50284101986,
        0.56349622786
      ],
      "exit_codes": [
        0,
        0,
        0,
        0,
        0,
        0,
        0,
        0,
        0,
        0
      ]
    },
    {
      "command": "snpm",
      "mean": 0.03349615096,
      "stddev": 0.0011442822356945387,
      "median": 0.033179969360000006,
      "user": 0.02046196,
      "system": 0.01519458,
      "min": 0.032704500860000006,
      "max": 0.036802259860000006,
      "times": [
        0.03297022286,
        0.033302675860000006,
        0.03289739986,
        0.03377149686000001,
        0.03326069886,
        0.033099239860000004,
        0.036802259860000006,
        0.032704500860000006,
        0.033410590860000006,
        0.03274242386
      ],
      "exit_codes": [
        0,
        0,
        0,
        0,
        0,
        0,
        0,
        0,
        0,
        0
      ]
    },
    {
      "command": "yarn",
      "mean": 0.29047095325999994,
      "stddev": 0.0026977104942627994,
      "median": 0.29043346686000004,
      "user": 0.31279176,
      "system": 0.06298337999999999,
      "min": 0.28665253686000003,
      "max": 0.29382505386,
      "times": [
        0.29292915586,
        0.29188563686,
        0.28703414186000004,
        0.28829391786,
        0.29290058486000004,
        0.28665253686000003,
        0.28851244586,
        0.29382505386,
        0.28898129686,
        0.29369476186000004
      ],
      "exit_codes": [
        0,
        0,
        0,
        0,
        0,
        0,
        0,
        0,
        0,
        0
      ]
    },
    {
      "command": "berry",
      "mean": 0.72100047146,
      "stddev": 0.013107992932314216,
      "median": 0.7194488163599999,
      "user": 0.83521566,
      "system": 0.13883308,
      "min": 0.70324962186,
      "max": 0.74793975186,
      "times": [
        0.73050027286,
        0.72694562586,
        0.71642509786,
        0.72247253486,
        0.70739042286,
        0.70324962186,
        0.71063222186,
        0.71143212486,
        0.74793975186,
        0.73301703986
      ],
      "exit_codes": [
        0,
        0,
        0,
        0,
        0,
        0,
        0,
        0,
        0,
        0
      ]
    },
    {
      "command": "pnpm",
      "mean": 0.6874166079599999,
      "stddev": 0.017942914558731475,
      "median": 0.68607650336,
      "user": 0.78086996,
      "system": 0.11296358,
      "min": 0.6666097358599999,
      "max": 0.72559872186,
      "times": [
        0.68469756586,
        0.66991541286,
        0.68745544086,
        0.6666097358599999,
        0.67282656486,
        0.7067728088599999,
        0.72559872186,
        0.67087707286,
        0.68982652286,
        0.69958623286
      ],
      "exit_codes": [
        0,
        0,
        0,
        0,
        0,
        0,
        0,
        0,
        0,
        0
      ]
    },
    {
      "command": "vlt",
      "mean": 0.31918518056,
      "stddev": 0.003010434740785233,
      "median": 0.31830670336,
      "user": 0.3270675599999999,
      "system": 0.07007598,
      "min": 0.31574139586,
      "max": 0.32620981586000003,
      "times": [
        0.31730284986,
        0.32058266786,
        0.31674643186,
        0.31998003186,
        0.31736995186,
        0.32620981586000003,
        0.31574139586,
        0.32198351286000004,
        0.31669169286000004,
        0.31924345486
      ],
      "exit_codes": [
        0,
        0,
        0,
        0,
        0,
        0,
        0,
        0,
        0,
        0
      ]
    },
    {
      "command": "bun",
      "mean": 0.010797473860000002,
      "stddev": 0.0006500570747155976,
      "median": 0.010482921860000001,
      "user": 0.008572859999999998,
      "system": 0.00815338,
      "min": 0.01012118386,
      "max": 0.01192895486,
      "times": [
        0.01032365586,
        0.01044213686,
        0.01043063486,
        0.010130674860000001,
        0.01012118386,
        0.01052370686,
        0.01168547086,
        0.01192895486,
        0.01163002586,
        0.01075829386
      ],
      "exit_codes": [
        0,
        0,
        0,
        0,
        0,
        0,
        0,
        0,
        0,
        0
      ]
    },
    {
      "command": "deno",
      "mean": 0.04117992126000001,
      "stddev": 0.00035811825419467257,
      "median": 0.041079346860000004,
      "user": 0.02513046,
      "system": 0.02021998,
      "min": 0.04076898786,
      "max": 0.04170771786000001,
      "times": [
        0.04092346386,
        0.04123522986000001,
        0.04076898786,
        0.040835647860000004,
        0.04090743486,
        0.04170771786000001,
        0.04160479286,
        0.040783519860000006,
        0.04158556386,
        0.04144685386
      ],
      "exit_codes": [
        0,
        0,
        0,
        0,
        0,
        0,
        0,
        0,
        0,
        0
      ]
    }
  ]
}