{
  "results": [
    {
      "command": "npm",
      "mean": 0.50051016148,
      "stddev": 0.003875609175593933,
      "median": 0.4998781788800001,
      "user": 0.5496756199999999,
      "system": 0.10037686000000001,
      "min": 0.49612150188000004,
      "max": 0.5105643158800001,
      "times": [
        0.5028220198800001,
        0.5000725998800001,
        0.49784444188000004,
        0.50126694388,
        0.4996837578800001,
        0.49612150188000004,
        0.49751054588000004,
        0.4979748278800001,
        0.5105643158800001,
        0.5012406598800001
      ],
      "exit_codes": [
        0,
        0,
        0,
        0,
        0,
        0,
        0,
        0,
        0,
        0
      ]
    },
    {
      "command": "snpm",
      "mean": 0.03287658698,
      "stddev": 0.00028191795897404223,
      "median": 0.03281505188,
      "user": 0.019548419999999997,
      "system": 0.015468359999999997,
      "min": 0.03239390088,
      "max": 0.03344100688,
      "times": [
        0.03274747988,
        0.03239390088,
        0.03344100688,
        0.03279829588,
        0.03286693988,
        0.03331183888,
        0.03283180788,
        0.03274325788,
        0.03285858288,
        0.03277275888
      ],
      "exit_codes": [
        0,
        0,
        0,
        0,
        0,
        0,
        0,
        0,
        0,
        0
      ]
    },
    {
      "command": "yarn",
      "mean": 0.29108035838,
      "stddev": 0.0037886563032553744,
      "median": 0.29161950138000003,
      "user": 0.31535551999999994,
      "system": 0.06126606,
      "min": 0.28600887888000004,
      "max": 0.29824911488000005,
      "times": [
        0.28600887888000004,
        0.29162533988000006,
        0.28800294888000005,
        0.2939141758800001,
        0.29239670588000005,
        0.28647010188000005,
        0.28770513088000005,
        0.29161366288000007,
        0.29481752388000004,
        0.29824911488000005
      ],
      "exit_codes": [
        0,
        0,
        0,
        0,
        0,
        0,
        0,
        0,
        0,
        0
      ]
    },
    {
      "command": "berry",
      "mean": 0.7733562065800001,
      "stddev": 0.025366127651165915,
      "median": 0.7633742898800001,
      "user": 0.8236867199999999,
      "system": 0.13552475999999997,
      "min": 0.7340354718800001,
      "max": 0.8196963998800001,
      "times": [
        0.8196963998800001,
        0.7630312708800001,
        0.7607619988800001,
        0.8141083508800001,
        0.7891563078800001,
        0.7637173088800001,
        0.7552852028800001,
        0.7613150448800001,
        0.7340354718800001,
        0.7724547088800001
      ],
      "exit_codes": [
        0,
        0,
        0,
        0,
        0,
        0,
        0,
        0,
        0,
        0
      ]
    },
    {
      "command": "pnpm",
      "mean": 0.7653034809800001,
      "stddev": 0.05200339410124707,
      "median": 0.7516275033800001,
      "user": 0.76744832,
      "system": 0.12009336000000001,
      "min": 0.7231547728800001,
      "max": 0.9165350278800001,
      "times": [
        0.7231547728800001,
        0.75186352988,
        0.7604918918800001,
        0.9165350278800001,
        0.73072827488,
        0.74529686488,
        0.7697479958800001,
        0.7484048258800001,
        0.7513914768800001,
        0.7554201488800001
      ],
      "exit_codes": [
        0,
        0,
        0,
        0,
        0,
        0,
        0,
        0,
        0,
        0
      ]
    },
    {
      "command": "vlt",
      "mean": 0.29656078468,
      "stddev": 0.003708623314130232,
      "median": 0.29598920988,
      "user": 0.31349682,
      "system": 0.06623866,
      "min": 0.29099190288000004,
      "max": 0.30270500288,
      "times": [
        0.29974078988,
        0.29369240188000006,
        0.29528414188,
        0.29264393388000004,
        0.30008576988,
        0.30011049788000005,
        0.29099190288000004,
        0.29365912788000004,
        0.29669427788,
        0.30270500288
      ],
      "exit_codes": [
        0,
        0,
        0,
        0,
        0,
        0,
        0,
        0,
        0,
        0
      ]
    },
    {
      "command": "bun",
      "mean": 0.01063003348,
      "stddev": 0.0005921367387876214,
      "median": 0.010468601880000001,
      "user": 0.007110719999999999,
      "system": 0.009262860000000001,
      "min": 0.010007597880000002,
      "max": 0.01163232888,
      "times": [
        0.011204848880000002,
        0.010090933880000002,
        0.010007597880000002,
        0.010456070880000001,
        0.01061853788,
        0.01163232888,
        0.01048113288,
        0.010041093880000001,
        0.01157847688,
        0.01018931288
      ],
      "exit_codes": [
        0,
        0,
        0,
        0,
        0,
        0,
        0,
        0,
        0,
        0
      ]
    },
    {
      "command": "deno",
      "mean": 0.04076179108000001,
      "stddev": 0.0004566401644340537,
      "median": 0.04069940538,
      "user": 0.022670019999999996,
      "system": 0.022146859999999997,
      "min": 0.04021703488,
      "max": 0.04154406488,
      "times": [
        0.04026722988,
        0.04078286388,
        0.04138718188,
        0.04120523988,
        0.04084521688,
        0.04021703488,
        0.04061594688,
        0.04047317888,
        0.040279952880000004,
        0.04154406488
      ],
      "exit_codes": [
        0,
        0,
        0,
        0,
        0,
        0,
        0,
        0,
        0,
        0
      ]
    }
  ]
}