{
  "results": [
    {
      "command": "npm",
      "mean": 0.5006837054,
      "stddev": 0.004514265086848986,
      "median": 0.5004297462,
      "user": 0.55496564,
      "system": 0.09582828,
      "min": 0.49524936270000003,
      "max": 0.5107459107,
      "times": [
        0.49524936270000003,
        0.4982463587,
        0.5026288417,
        0.49615303870000005,
        0.5107459107,
        0.5043888987,
        0.5025616257000001,
        0.49600352470000003,
        0.4991132057,
        0.5017462867
      ],
      "exit_codes": [
        0,
        0,
        0,
        0,
        0,
        0,
        0,
        0,
        0,
        0
      ]
    },
    {
      "command": "snpm",
      "mean": 0.03129886590000001,
      "stddev": 0.00029851862972042745,
      "median": 0.0312532157,
      "user": 0.019917439999999998,
      "system": 0.01353798,
      "min": 0.030745190699999998,
      "max": 0.03177444570000001,
      "times": [
        0.030745190699999998,
        0.031709724700000004,
        0.03177444570000001,
        0.03148264370000001,
        0.0312755607,
        0.031032854699999998,
        0.0312308707,
        0.0310834697,
        0.0314532837,
        0.0312006147
      ],
      "exit_codes": [
        0,
        0,
        0,
        0,
        0,
        0,
        0,
        0,
        0,
        0
      ]
    },
    {
      "command": "yarn",
      "mean": 0.2922680636,
      "stddev": 0.0058897838285380975,
      "median": 0.29112764069999997,
      "user": 0.31527713999999996,
      "system": 0.060665979999999994,
      "min": 0.28551956370000003,
      "max": 0.3081289427,
      "times": [
        0.2887484497,
        0.2930580537,
        0.29246283970000003,
        0.29504393370000004,
        0.2911125187,
        0.2878896067,
        0.2911427627,
        0.28551956370000003,
        0.2895739647,
        0.3081289427
      ],
      "exit_codes": [
        0,
        0,
        0,
        0,
        0,
        0,
        0,
        0,
        0,
        0
      ]
    },
    {
      "command": "berry",
      "mean": 0.6846157599,
      "stddev": 0.021288464780474355,
      "median": 0.6777137451999999,
      "user": 0.80745124,
      "system": 0.13505028000000002,
      "min": 0.6696986287000001,
      "max": 0.7458116197000001,
      "times": [
        0.6721150887,
        0.6912897437000001,
        0.6728020327,
        0.6809625077,
        0.6696986287000001,
        0.6787316497,
        0.6840729367,
        0.6739775507,
        0.6766958407,
        0.7458116197000001
      ],
      "exit_codes": [
        0,
        0,
        0,
        0,
        0,
        0,
        0,
        0,
        0,
        0
      ]
    },
    {
      "command": "pnpm",
      "mean": 0.6744221344,
      "stddev": 0.01290748206580773,
      "median": 0.6692767347,
      "user": 0.7686136400000001,
      "system": 0.12170557999999998,
      "min": 0.6617473177000001,
      "max": 0.7061139577000001,
      "times": [
        0.6691320637,
        0.6649440107000001,
        0.6818646777,
        0.6683330377000001,
        0.6719370587000001,
        0.6867165127,
        0.6694214057000001,
        0.6617473177000001,
        0.7061139577000001,
        0.6640113017
      ],
      "exit_codes": [
        0,
        0,
        0,
        0,
        0,
        0,
        0,
        0,
        0,
        0
      ]
    },
    {
      "command": "vlt",
      "mean": 0.3132907214,
      "stddev": 0.006911973782965585,
      "median": 0.3112519667,
      "user": 0.32646603999999996,
      "system": 0.06321447999999999,
      "min": 0.3069274657,
      "max": 0.3316508697,
      "times": [
        0.3069703167,
        0.3119781137,
        0.30988319270000003,
        0.3159066887,
        0.3069274657,
        0.3095856347,
        0.31052581970000004,
        0.3174295527,
        0.31204955970000003,
        0.3316508697
      ],
      "exit_codes": [
        0,
        0,
        0,
        0,
        0,
        0,
        0,
        0,
        0,
        0
      ]
    },
    {
      "command": "bun",
      "mean": 0.0102715804,
      "stddev": 0.0004482296386788921,
      "median": 0.010169507700000002,
      "user": 0.00670084,
      "system": 0.009297879999999998,
      "min": 0.009949469700000001,
      "max": 0.011593517700000002,
      "times": [
        0.009949469700000001,
        0.010218547700000002,
        0.009996486700000001,
        0.0101246227,
        0.010124309700000002,
        0.011593517700000002,
        0.010175607700000002,
        0.010163407700000002,
        0.010192572700000001,
        0.0101772617
      ],
      "exit_codes": [
        0,
        0,
        0,
        0,
        0,
        0,
        0,
        0,
        0,
        0
      ]
    },
    {
      "command": "deno",
      "mean": 0.040909683200000005,
      "stddev": 0.0007893374902695615,
      "median": 0.0407880107,
      "user": 0.02538344,
      "system": 0.01943528,
      "min": 0.040017348700000004,
      "max": 0.042847729700000003,
      "times": [
        0.0405384837,
        0.0411054527,
        0.040215183700000004,
        0.042847729700000003,
        0.04069610270000001,
        0.040141002700000004,
        0.040879918700000004,
        0.041455835700000006,
        0.041199773700000004,
        0.040017348700000004
      ],
      "exit_codes": [
        0,
        0,
        0,
        0,
        0,
        0,
        0,
        0,
        0,
        0
      ]
    }
  ]
}