{
  "results": [
    {
      "command": "npm",
      "mean": 0.83783696074,
      "stddev": 0.012664032501120904,
      "median": 0.83518465354,
      "user": 0.91638784,
      "system": 0.18753492,
      "min": 0.82607397604,
      "max": 0.87395469404,
      "times": [
        0.83447426304,
        0.83484610204,
        0.82607397604,
        0.82835535804,
        0.83659245804,
        0.87395469404,
        0.84063666104,
        0.83567510504,
        0.83552320504,
        0.83223778504
      ],
      "exit_codes": [
        0,
        0,
        0,
        0,
        0,
        0,
        0,
        0,
        0,
        0
      ]
    },
    {
      "command": "snpm",
      "mean": 0.22900797374000006,
      "stddev": 0.0015978513706482863,
      "median": 0.22882202154000003,
      "user": 0.11520803999999998,
      "system": 0.12102611999999999,
      "min": 0.22663934604000002,
      "max": 0.23214338504,
      "times": [
        0.22956929504,
        0.23050019304000002,
        0.23214338504,
        0.23043181704000001,
        0.22900316704,
        0.22864087604000002,
        0.22728373704000002,
        0.22770355404,
        0.22663934604000002,
        0.22816436704
      ],
      "exit_codes": [
        0,
        0,
        0,
        0,
        0,
        0,
        0,
        0,
        0,
        0
      ]
    },
    {
      "command": "yarn",
      "mean": 2.92274232084,
      "stddev": 0.11011387003095856,
      "median": 2.9013725145400002,
      "user": 2.03912464,
      "system": 0.8682508199999999,
      "min": 2.79102327204,
      "max": 3.21956154704,
      "times": [
        2.8839981420400003,
        2.85990115804,
        3.21956154704,
        2.9840701810400003,
        2.9013152310400003,
        2.79102327204,
        2.85126766804,
        2.90142979804,
        2.9014687550400002,
        2.93338745604
      ],
      "exit_codes": [
        0,
        0,
        0,
        0,
        0,
        0,
        0,
        0,
        0,
        0
      ]
    },
    {
      "command": "berry",
      "mean": 1.83529696354,
      "stddev": 0.06017349479423478,
      "median": 1.82063958604,
      "user": 2.0975888400000002,
      "system": 0.36783982000000004,
      "min": 1.74670297704,
      "max": 1.9748402760400001,
      "times": [
        1.8115279880400001,
        1.77625919304,
        1.85362936304,
        1.9748402760400001,
        1.88374856504,
        1.8604600760400003,
        1.82975118404,
        1.74670297704,
        1.80896041304,
        1.8070896000400003
      ],
      "exit_codes": [
        0,
        0,
        0,
        0,
        0,
        0,
        0,
        0,
        0,
        0
      ]
    },
    {
      "command": "pnpm",
      "mean": 1.03857542694,
      "stddev": 0.016438870316174765,
      "median": 1.03554114704,
      "user": 1.4276052399999997,
      "system": 0.25969252,
      "min": 1.01257419604,
      "max": 1.05906720804,
      "times": [
        1.02933671704,
        1.05906720804,
        1.0200967010400002,
        1.0285265190400001,
        1.0266113510400001,
        1.05853825804,
        1.01257419604,
        1.05223511604,
        1.0417455770400001,
        1.0570226260400002
      ],
      "exit_codes": [
        0,
        0,
        0,
        0,
        0,
        0,
        0,
        0,
        0,
        0
      ]
    },
    {
      "command": "vlt",
      "mean": 0.32193278134000003,
      "stddev": 0.0029156619623461537,
      "median": 0.32204082304000003,
      "user": 0.33599614,
      "system": 0.06762612,
      "min": 0.31658969604,
      "max": 0.32828509204,
      "times": [
        0.32828509204,
        0.32288660904,
        0.31658969604,
        0.32195895804,
        0.32276070404,
        0.32411595804,
        0.32089939604,
        0.31990227704,
        0.32212268804,
        0.31980643504
      ],
      "exit_codes": [
        0,
        0,
        0,
        0,
        0,
        0,
        0,
        0,
        0,
        0
      ]
    },
    {
      "command": "bun",
      "mean": 0.01921662894,
      "stddev": 0.00033925216064940574,
      "median": 0.01926633804,
      "user": 0.007159139999999999,
      "system": 0.01770092,
      "min": 0.01851474804,
      "max": 0.019764957040000003,
      "times": [
        0.019764957040000003,
        0.018852662040000003,
        0.01941929104,
        0.019091919040000002,
        0.019509177040000002,
        0.01931602604,
        0.01905079004,
        0.01943006904,
        0.01921665004,
        0.01851474804
      ],
      "exit_codes": [
        0,
        0,
        0,
        0,
        0,
        0,
        0,
        0,
        0,
        0
      ]
    },
    {
      "command": "deno",
      "mean": 0.36471031734000003,
      "stddev": 0.005507441383922066,
      "median": 0.36609741754,
      "user": 0.48210153999999994,
      "system": 0.16221932,
      "min": 0.35257804504,
      "max": 0.37184304004,
      "times": [
        0.37003976104,
        0.36252188804,
        0.36583099304,
        0.36703619804,
        0.37184304004,
        0.36925207404,
        0.35839566004,
        0.36324167204,
        0.35257804504,
        0.36636384204
      ],
      "exit_codes": [
        0,
        0,
        0,
        0,
        0,
        0,
        0,
        0,
        0,
        0
      ]
    }
  ]
}