{
  "results": [
    {
      "command": "npm",
      "mean": 0.8658507443800001,
      "stddev": 0.02141580843113234,
      "median": 0.85973623558,
      "user": 0.9536163999999999,
      "system": 0.18972768,
      "min": 0.8458442835800001,
      "max": 0.9218950715800001,
      "times": [
        0.84728663658,
        0.86000575258,
        0.8458442835800001,
        0.87652519358,
        0.85946671858,
        0.87620325058,
        0.86746275658,
        0.9218950715800001,
        0.8544711325800001,
        0.84934664758
      ],
      "exit_codes": [
        0,
        0,
        0,
        0,
        0,
        0,
        0,
        0,
        0,
        0
      ]
    },
    {
      "command": "snpm",
      "mean": 0.24075776598000004,
      "stddev": 0.001918983687797381,
      "median": 0.24119278508000003,
      "user": 0.10584210000000001,
      "system": 0.14149417999999997,
      "min": 0.23704139758000004,
      "max": 0.24316618158000003,
      "times": [
        0.23828708058000003,
        0.23704139758000004,
        0.24070169258000002,
        0.24230889758000002,
        0.24168387758000004,
        0.24267233458000004,
        0.23999459058000003,
        0.24316618158000003,
        0.23952424858000002,
        0.24219735858000002
      ],
      "exit_codes": [
        0,
        0,
        0,
        0,
        0,
        0,
        0,
        0,
        0,
        0
      ]
    },
    {
      "command": "yarn",
      "mean": 3.5764228139800003,
      "stddev": 0.13038030434776482,
      "median": 3.55272280458,
      "user": 2.1430692000000002,
      "system": 0.8706633799999999,
      "min": 3.44348233758,
      "max": 3.92313213658,
      "times": [
        3.48225123758,
        3.45579916258,
        3.64685302058,
        3.56480789858,
        3.59131240558,
        3.44348233758,
        3.54063771058,
        3.92313213658,
        3.5313941035800003,
        3.58455812658
      ],
      "exit_codes": [
        0,
        0,
        0,
        0,
        0,
        0,
        0,
        0,
        0,
        0
      ]
    },
    {
      "command": "berry",
      "mean": 2.0154941107799997,
      "stddev": 0.03907339445284155,
      "median": 2.01300302008,
      "user": 2.1876854999999997,
      "system": 0.37442548000000003,
      "min": 1.97656252658,
      "max": 2.12047946558,
      "times": [
        2.03496354358,
        1.9878421665800001,
        2.01569854958,
        2.12047946558,
        2.01106868458,
        1.9949884445800001,
        2.01493735558,
        2.01673040558,
        1.98166996558,
        1.97656252658
      ],
      "exit_codes": [
        0,
        0,
        0,
        0,
        0,
        0,
        0,
        0,
        0,
        0
      ]
    },
    {
      "command": "pnpm",
      "mean": 1.12797069938,
      "stddev": 0.0711999363616498,
      "median": 1.1003713690799999,
      "user": 1.4374059000000001,
      "system": 0.25934638000000004,
      "min": 1.08026928458,
      "max": 1.33321226758,
      "times": [
        1.09141436058,
        1.08755673858,
        1.08026928458,
        1.10076619058,
        1.09997654758,
        1.33321226758,
        1.09766228158,
        1.15204912858,
        1.11066035158,
        1.12613984258
      ],
      "exit_codes": [
        0,
        0,
        0,
        0,
        0,
        0,
        0,
        0,
        0,
        0
      ]
    },
    {
      "command": "vlt",
      "mean": 0.33694317308,
      "stddev": 0.009454404589329148,
      "median": 0.33235534108,
      "user": 0.3490668,
      "system": 0.06829828,
      "min": 0.32854187858,
      "max": 0.36069847958,
      "times": [
        0.32854187858,
        0.33076751758,
        0.34209104258,
        0.32926496558,
        0.34340263758,
        0.33272343458000003,
        0.33964339158,
        0.33198724758,
        0.33031113558,
        0.36069847958
      ],
      "exit_codes": [
        0,
        0,
        0,
        0,
        0,
        0,
        0,
        0,
        0,
        0
      ]
    },
    {
      "command": "bun",
      "mean": 0.01980244088,
      "stddev": 0.0017709311172759972,
      "median": 0.01937089858,
      "user": 0.0089666,
      "system": 0.016401779999999998,
      "min": 0.01845962958,
      "max": 0.024992385580000002,
      "times": [
        0.024992385580000002,
        0.01900692058,
        0.01869857858,
        0.01957238058,
        0.01939856758,
        0.01945240558,
        0.01934322958,
        0.01845962958,
        0.01933198058,
        0.01976833058
      ],
      "exit_codes": [
        0,
        0,
        0,
        0,
        0,
        0,
        0,
        0,
        0,
        0
      ]
    },
    {
      "command": "deno",
      "mean": 0.3688399252800001,
      "stddev": 0.007068287429355128,
      "median": 0.36865371158,
      "user": 0.4863302999999998,
      "system": 0.16055278,
      "min": 0.35501769558,
      "max": 0.38197761958,
      "times": [
        0.36236904258,
        0.35501769558,
        0.37539812358,
        0.36995618958,
        0.37055408558,
        0.36610707058,
        0.36735123358,
        0.37403086258,
        0.38197761958,
        0.36563732958
      ],
      "exit_codes": [
        0,
        0,
        0,
        0,
        0,
        0,
        0,
        0,
        0,
        0
      ]
    }
  ]
}