{
  "results": [
    {
      "command": "npm",
      "mean": 0.8713162239800003,
      "stddev": 0.022501895890936735,
      "median": 0.8692994117800001,
      "user": 0.9615878600000001,
      "system": 0.19667853999999999,
      "min": 0.83311746078,
      "max": 0.9037788947800001,
      "times": [
        0.88371836278,
        0.83311746078,
        0.8989213687800001,
        0.8952285267800001,
        0.8664314537800001,
        0.9037788947800001,
        0.8721673697800001,
        0.84837582978,
        0.8592374327800001,
        0.8521855397800001
      ],
      "exit_codes": [
        0,
        0,
        0,
        0,
        0,
        0,
        0,
        0,
        0,
        0
      ]
    },
    {
      "command": "snpm",
      "mean": 0.23895256928000003,
      "stddev": 0.007838828384857204,
      "median": 0.23692144578000002,
      "user": 0.11713246,
      "system": 0.12928434,
      "min": 0.23084596378000002,
      "max": 0.26057389178,
      "times": [
        0.26057389178,
        0.23736978478,
        0.24004817778,
        0.23472576078000001,
        0.23084596378000002,
        0.23647310678000003,
        0.23267291878000002,
        0.23587425378000001,
        0.24060064378,
        0.24034119078000002
      ],
      "exit_codes": [
        0,
        0,
        0,
        0,
        0,
        0,
        0,
        0,
        0,
        0
      ]
    },
    {
      "command": "yarn",
      "mean": 3.2749086094799997,
      "stddev": 0.20111459472160473,
      "median": 3.22887834228,
      "user": 2.16485156,
      "system": 0.9120520399999998,
      "min": 2.96145392078,
      "max": 3.58460978278,
      "times": [
        2.96145392078,
        3.54453155578,
        3.2295682487799997,
        3.58460978278,
        3.10098523378,
        3.1383963147799996,
        3.22818843578,
        3.4750844387799997,
        3.38872346378,
        3.09754469978
      ],
      "exit_codes": [
        0,
        0,
        0,
        0,
        0,
        0,
        0,
        0,
        0,
        0
      ]
    },
    {
      "command": "berry",
      "mean": 1.9137626489800001,
      "stddev": 0.1215416785404694,
      "median": 1.8633414992800001,
      "user": 2.1482629600000003,
      "system": 0.37939604,
      "min": 1.79037859178,
      "max": 2.1559539867799997,
      "times": [
        1.8476042937800001,
        1.79037859178,
        1.8581654277800002,
        1.8701183037800002,
        1.8619485107800002,
        2.1559539867799997,
        1.88133988178,
        1.8585077917800001,
        2.14887521378,
        1.86473448778
      ],
      "exit_codes": [
        0,
        0,
        0,
        0,
        0,
        0,
        0,
        0,
        0,
        0
      ]
    },
    {
      "command": "pnpm",
      "mean": 1.0755981184799999,
      "stddev": 0.02920708054031757,
      "median": 1.07237689778,
      "user": 1.4938852599999999,
      "system": 0.27364274000000005,
      "min": 1.01538502978,
      "max": 1.1258257117800001,
      "times": [
        1.09812383478,
        1.10021727678,
        1.06008473478,
        1.1258257117800001,
        1.06828994978,
        1.05614214678,
        1.06060420378,
        1.07646384578,
        1.01538502978,
        1.09484445078
      ],
      "exit_codes": [
        0,
        0,
        0,
        0,
        0,
        0,
        0,
        0,
        0,
        0
      ]
    },
    {
      "command": "vlt",
      "mean": 0.32083799258,
      "stddev": 0.0030184685945614147,
      "median": 0.32043779078,
      "user": 0.33225735999999995,
      "system": 0.07123704,
      "min": 0.31507442378,
      "max": 0.32539610978,
      "times": [
        0.31926754077999997,
        0.32236643478,
        0.31507442378,
        0.32029506778,
        0.32058051378,
        0.32524252078,
        0.32271598678,
        0.31889380878,
        0.31854751878,
        0.32539610978
      ],
      "exit_codes": [
        0,
        0,
        0,
        0,
        0,
        0,
        0,
        0,
        0,
        0
      ]
    },
    {
      "command": "bun",
      "mean": 0.020122620280000003,
      "stddev": 0.0016778678859645205,
      "median": 0.019432824780000003,
      "user": 0.008130559999999998,
      "system": 0.01793334,
      "min": 0.01884016478,
      "max": 0.02491944578,
      "times": [
        0.02491944578,
        0.02014043978,
        0.019247699780000002,
        0.01943621078,
        0.02015430178,
        0.01940419078,
        0.01884016478,
        0.02056504878,
        0.019089261780000002,
        0.019429438780000002
      ],
      "exit_codes": [
        0,
        0,
        0,
        0,
        0,
        0,
        0,
        0,
        0,
        0
      ]
    },
    {
      "command": "deno",
      "mean": 0.37865143997999995,
      "stddev": 0.005540123075555432,
      "median": 0.37989715828000004,
      "user": 0.49157735999999985,
      "system": 0.17473663999999997,
      "min": 0.37038915678,
      "max": 0.38863834778,
      "times": [
        0.37286860777999997,
        0.37552234878,
        0.38012314778,
        0.38474091878,
        0.38863834778,
        0.38212827678,
        0.37038915678,
        0.37225029278,
        0.38018213378,
        0.37967116878
      ],
      "exit_codes": [
        0,
        0,
        0,
        0,
        0,
        0,
        0,
        0,
        0,
        0
      ]
    }
  ]
}