{
  "results": [
    {
      "command": "npm",
      "mean": 0.8329472033400002,
      "stddev": 0.007754371035688592,
      "median": 0.8318026094400002,
      "user": 0.9121787400000001,
      "system": 0.18505886,
      "min": 0.8230008064400001,
      "max": 0.8516210394400001,
      "times": [
        0.8285581464400001,
        0.8230008064400001,
        0.8516210394400001,
        0.8367954954400001,
        0.8326441914400001,
        0.8297741224400002,
        0.8388809164400001,
        0.8309610274400001,
        0.82456901144,
        0.83266727644
      ],
      "exit_codes": [
        0,
        0,
        0,
        0,
        0,
        0,
        0,
        0,
        0,
        0
      ]
    },
    {
      "command": "snpm",
      "mean": 0.23284179624,
      "stddev": 0.01105000519786486,
      "median": 0.22925807394000003,
      "user": 0.11332603999999999,
      "system": 0.12517926,
      "min": 0.22586107544,
      "max": 0.26477854044,
      "times": [
        0.22775703044,
        0.22932593444000002,
        0.22958750944,
        0.22982843144,
        0.22919021344,
        0.26477854044,
        0.22586107544,
        0.22614374044,
        0.22871710744,
        0.23722837944
      ],
      "exit_codes": [
        0,
        0,
        0,
        0,
        0,
        0,
        0,
        0,
        0,
        0
      ]
    },
    {
      "command": "yarn",
      "mean": 3.11669055844,
      "stddev": 0.09713310679091725,
      "median": 3.09324424994,
      "user": 1.95416864,
      "system": 0.78258116,
      "min": 3.00679616644,
      "max": 3.32265980344,
      "times": [
        3.13026241244,
        3.0562260874400002,
        3.05557544744,
        3.23960440344,
        3.04815679744,
        3.01394517844,
        3.13998926844,
        3.15369001944,
        3.32265980344,
        3.00679616644
      ],
      "exit_codes": [
        0,
        0,
        0,
        0,
        0,
        0,
        0,
        0,
        0,
        0
      ]
    },
    {
      "command": "berry",
      "mean": 1.7996446608399999,
      "stddev": 0.030456587889173853,
      "median": 1.7977752884400002,
      "user": 2.08738704,
      "system": 0.37319905999999997,
      "min": 1.75714416944,
      "max": 1.84533846844,
      "times": [
        1.78497711744,
        1.76846764044,
        1.75714416944,
        1.7976788094400002,
        1.7592170074400002,
        1.7978717674400002,
        1.82906347444,
        1.84533846844,
        1.8238443124400001,
        1.8328438414400001
      ],
      "exit_codes": [
        0,
        0,
        0,
        0,
        0,
        0,
        0,
        0,
        0,
        0
      ]
    },
    {
      "command": "pnpm",
      "mean": 1.0124736650400001,
      "stddev": 0.016905830261431838,
      "median": 1.0047539204400002,
      "user": 1.3913286399999998,
      "system": 0.25321805999999997,
      "min": 0.9885550984400001,
      "max": 1.03980933144,
      "times": [
        1.0068846364400001,
        1.00262320444,
        1.02665161244,
        1.0012449564400001,
        1.03071354444,
        1.03980933144,
        1.00048039344,
        1.03124840444,
        0.9885550984400001,
        0.9965254684400001
      ],
      "exit_codes": [
        0,
        0,
        0,
        0,
        0,
        0,
        0,
        0,
        0,
        0
      ]
    },
    {
      "command": "vlt",
      "mean": 0.32096668104,
      "stddev": 0.005193714465122575,
      "median": 0.31912253344,
      "user": 0.33100694,
      "system": 0.07019025999999999,
      "min": 0.31525890044,
      "max": 0.33460259044,
      "times": [
        0.32323669244000003,
        0.31736674144,
        0.32353960344,
        0.31989403444000003,
        0.33460259044,
        0.31796123844,
        0.31835103244,
        0.31793859244,
        0.32151738444,
        0.31525890044
      ],
      "exit_codes": [
        0,
        0,
        0,
        0,
        0,
        0,
        0,
        0,
        0,
        0
      ]
    },
    {
      "command": "bun",
      "mean": 0.018910391239999998,
      "stddev": 0.00036472337803595775,
      "median": 0.01891155144,
      "user": 0.00837064,
      "system": 0.016147960000000003,
      "min": 0.01843938444,
      "max": 0.019672577440000002,
      "times": [
        0.019108013440000002,
        0.01916337744,
        0.018633026440000002,
        0.019135585440000002,
        0.01843938444,
        0.019672577440000002,
        0.01907277744,
        0.01851257244,
        0.01875032544,
        0.01861627244
      ],
      "exit_codes": [
        0,
        0,
        0,
        0,
        0,
        0,
        0,
        0,
        0,
        0
      ]
    },
    {
      "command": "deno",
      "mean": 0.36573406314,
      "stddev": 0.003846371308642162,
      "median": 0.36578828244000006,
      "user": 0.48035084,
      "system": 0.16732666000000002,
      "min": 0.35987608844,
      "max": 0.37186439244,
      "times": [
        0.36197617044,
        0.36570591144000003,
        0.36998318344000003,
        0.36198084444,
        0.36777813344,
        0.35987608844,
        0.36587065344,
        0.36260034444,
        0.37186439244,
        0.36970490944
      ],
      "exit_codes": [
        0,
        0,
        0,
        0,
        0,
        0,
        0,
        0,
        0,
        0
      ]
    }
  ]
}