{
  "results": [
    {
      "command": "npm",
      "mean": 0.8455975711000001,
      "stddev": 0.005751482047571319,
      "median": 0.8457684286,
      "user": 0.91993224,
      "system": 0.19652402,
      "min": 0.8369823586000001,
      "max": 0.8582466136000001,
      "times": [
        0.8492629756000001,
        0.8464612946000001,
        0.8478972006000001,
        0.8443231286000001,
        0.8582466136000001,
        0.8383766956,
        0.8450755626,
        0.8414064886000001,
        0.8369823586000001,
        0.8479433926000001
      ],
      "exit_codes": [
        0,
        0,
        0,
        0,
        0,
        0,
        0,
        0,
        0,
        0
      ]
    },
    {
      "command": "snpm",
      "mean": 0.237237815,
      "stddev": 0.007877032020172378,
      "median": 0.2344190566,
      "user": 0.11669394000000002,
      "system": 0.12714852,
      "min": 0.2277644916,
      "max": 0.2500443766,
      "times": [
        0.24941402359999998,
        0.2500443766,
        0.2422187686,
        0.2323107616,
        0.23571460460000002,
        0.2331235086,
        0.2427470366,
        0.2289462566,
        0.2300943216,
        0.2277644916
      ],
      "exit_codes": [
        0,
        0,
        0,
        0,
        0,
        0,
        0,
        0,
        0,
        0
      ]
    },
    {
      "command": "yarn",
      "mean": 3.2914100880999997,
      "stddev": 0.10617916780129137,
      "median": 3.2523202186,
      "user": 2.10492104,
      "system": 0.89598052,
      "min": 3.1807879386,
      "max": 3.5363904416,
      "times": [
        3.5363904416,
        3.2077593746,
        3.2802628686,
        3.2136413626,
        3.3931280076,
        3.3815846486,
        3.2587594176,
        3.2159058016,
        3.2458810196,
        3.1807879386
      ],
      "exit_codes": [
        0,
        0,
        0,
        0,
        0,
        0,
        0,
        0,
        0,
        0
      ]
    },
    {
      "command": "berry",
      "mean": 1.8660455539000005,
      "stddev": 0.03152941901204989,
      "median": 1.8737521981,
      "user": 2.1489758399999994,
      "system": 0.37500762000000004,
      "min": 1.8178555026,
      "max": 1.9211548176000002,
      "times": [
        1.8263690726000001,
        1.8828509416,
        1.9211548176000002,
        1.8780658346,
        1.8718194816000002,
        1.8756849146,
        1.8637973926,
        1.8961178416000002,
        1.8178555026,
        1.8267397396000002
      ],
      "exit_codes": [
        0,
        0,
        0,
        0,
        0,
        0,
        0,
        0,
        0,
        0
      ]
    },
    {
      "command": "pnpm",
      "mean": 1.0435341564000002,
      "stddev": 0.008501731938213483,
      "median": 1.0419688821,
      "user": 1.4322737399999999,
      "system": 0.26274891999999994,
      "min": 1.0346768266000002,
      "max": 1.0644029846,
      "times": [
        1.0367784706,
        1.0437733986,
        1.0644029846,
        1.0517797856,
        1.0346768266000002,
        1.0441770426,
        1.0401643656000001,
        1.0355615536,
        1.0392575126,
        1.0447696236000001
      ],
      "exit_codes": [
        0,
        0,
        0,
        0,
        0,
        0,
        0,
        0,
        0,
        0
      ]
    },
    {
      "command": "vlt",
      "mean": 0.32260631759999997,
      "stddev": 0.0027664293000586554,
      "median": 0.3232089336,
      "user": 0.33372504000000003,
      "system": 0.07276011999999998,
      "min": 0.3173007946,
      "max": 0.3263181246,
      "times": [
        0.3251050656,
        0.3238552766,
        0.3226619006,
        0.3263181246,
        0.3200483106,
        0.3255718396,
        0.3194890676,
        0.3219568296,
        0.3237559666,
        0.3173007946
      ],
      "exit_codes": [
        0,
        0,
        0,
        0,
        0,
        0,
        0,
        0,
        0,
        0
      ]
    },
    {
      "command": "bun",
      "mean": 0.0189192367,
      "stddev": 0.00019817440726917752,
      "median": 0.018940376600000003,
      "user": 0.007510040000000001,
      "system": 0.016979920000000003,
      "min": 0.018476243600000004,
      "max": 0.019183563600000002,
      "times": [
        0.0187313976,
        0.018890184600000002,
        0.0190879286,
        0.019012016600000004,
        0.018957344600000002,
        0.019119643600000003,
        0.019183563600000002,
        0.018810635600000004,
        0.018476243600000004,
        0.018923408600000004
      ],
      "exit_codes": [
        0,
        0,
        0,
        0,
        0,
        0,
        0,
        0,
        0,
        0
      ]
    },
    {
      "command": "deno",
      "mean": 0.36800534239999994,
      "stddev": 0.005354996537900878,
      "median": 0.36681064110000006,
      "user": 0.47981234000000006,
      "system": 0.16545762,
      "min": 0.3620602666,
      "max": 0.3781017226,
      "times": [
        0.3639018826,
        0.3688960476,
        0.3767349896,
        0.3683274456,
        0.3628594236,
        0.3700557546,
        0.3781017226,
        0.3620602666,
        0.36529383660000003,
        0.3638220546
      ],
      "exit_codes": [
        0,
        0,
        0,
        0,
        0,
        0,
        0,
        0,
        0,
        0
      ]
    }
  ]
}