{
  "results": [
    {
      "command": "npm",
      "mean": 9.526514075939998,
      "stddev": 0.04908994329538303,
      "median": 9.509318909840001,
      "user": 9.645462420000001,
      "system": 5.307366539999999,
      "min": 9.46964453034,
      "max": 9.61523693934,
      "times": [
        9.54313789934,
        9.49171116034,
        9.61126904734,
        9.48773063334,
        9.46964453034,
        9.54436419034,
        9.48340853934,
        9.61523693934,
        9.51427457534,
        9.50436324434
      ],
      "exit_codes": [
        0,
        0,
        0,
        0,
        0,
        0,
        0,
        0,
        0,
        0
      ]
    },
    {
      "command": "snpm",
      "mean": 0.15026481894000004,
      "stddev": 0.0028574477420634406,
      "median": 0.14930832634000002,
      "user": 0.027088519999999994,
      "system": 0.12551964,
      "min": 0.14690859134,
      "max": 0.15477765234000002,
      "times": [
        0.15314712934,
        0.15440264534,
        0.14690859134,
        0.14988732834000001,
        0.15477765234000002,
        0.14730040434,
        0.14791861934,
        0.15170448534,
        0.14787200934,
        0.14872932434
      ],
      "exit_codes": [
        0,
        0,
        0,
        0,
        0,
        0,
        0,
        0,
        0,
        0
      ]
    },
    {
      "command": "yarn",
      "mean": 19.214723016140002,
      "stddev": 0.14595640184683026,
      "median": 19.25076868584,
      "user": 25.778274720000002,
      "system": 14.211754039999999,
      "min": 18.96544496634,
      "max": 19.38460863634,
      "times": [
        19.174689047340003,
        19.08322015734,
        19.000831887340002,
        18.96544496634,
        19.273490375340003,
        19.38460863634,
        19.38164289234,
        19.313509526340003,
        19.22804699634,
        19.34174567634
      ],
      "exit_codes": [
        0,
        0,
        0,
        0,
        0,
        0,
        0,
        0,
        0,
        0
      ]
    },
    {
      "command": "berry",
      "mean": 7.851058784740002,
      "stddev": 0.10244049738061659,
      "median": 7.82725098284,
      "user": 12.032691820000002,
      "system": 5.156158939999999,
      "min": 7.73009469434,
      "max": 8.08463557234,
      "times": [
        7.73009469434,
        7.75011760134,
        7.80553704134,
        7.87683542834,
        7.82921414734,
        7.82528781834,
        7.9388063973400005,
        7.91709508234,
        8.08463557234,
        7.75296406434
      ],
      "exit_codes": [
        0,
        0,
        0,
        0,
        0,
        0,
        0,
        0,
        0,
        0
      ]
    },
    {
      "command": "pnpm",
      "mean": 3.58324164374,
      "stddev": 0.032212383405058165,
      "median": 3.58699296184,
      "user": 7.120169619999999,
      "system": 3.00736674,
      "min": 3.5371190933400003,
      "max": 3.6366883683399998,
      "times": [
        3.5454117483400003,
        3.58509367134,
        3.60432511334,
        3.58889225234,
        3.54078551034,
        3.5371190933400003,
        3.62041171734,
        3.57519409834,
        3.6366883683399998,
        3.59849486434
      ],
      "exit_codes": [
        0,
        0,
        0,
        0,
        0,
        0,
        0,
        0,
        0,
        0
      ]
    },
    {
      "command": "vlt",
      "mean": 4.948020941240001,
      "stddev": 0.06902246975868612,
      "median": 4.97159956084,
      "user": 6.603885319999999,
      "system": 3.48713234,
      "min": 4.84326288134,
      "max": 5.05099097634,
      "times": [
        5.01586542234,
        4.90259437234,
        4.99375273134,
        4.84790723734,
        4.84326288134,
        4.95899258834,
        4.98420653334,
        5.05099097634,
        4.9950012603400005,
        4.88763540934
      ],
      "exit_codes": [
        0,
        0,
        0,
        0,
        0,
        0,
        0,
        0,
        0,
        0
      ]
    },
    {
      "command": "bun",
      "mean": 1.5764766392400003,
      "stddev": 0.0512661941353901,
      "median": 1.56814357634,
      "user": 1.77945722,
      "system": 2.53038584,
      "min": 1.46019205634,
      "max": 1.65425116634,
      "times": [
        1.55891950934,
        1.61626294034,
        1.5546665163400002,
        1.5793433613399999,
        1.65425116634,
        1.56479304534,
        1.46019205634,
        1.56505303934,
        1.57123411334,
        1.64005064434
      ],
      "exit_codes": [
        0,
        0,
        0,
        0,
        0,
        0,
        0,
        0,
        0,
        0
      ]
    },
    {
      "command": "deno",
      "mean": 3.708542412240001,
      "stddev": 0.16121624171814547,
      "median": 3.71355930084,
      "user": 3.95068122,
      "system": 2.31032554,
      "min": 3.42932260734,
      "max": 4.02030716934,
      "times": [
        3.71506339034,
        3.66451622734,
        3.53728609734,
        3.90434841034,
        4.02030716934,
        3.77882725734,
        3.60807440034,
        3.42932260734,
        3.71562335134,
        3.71205521134
      ],
      "exit_codes": [
        0,
        0,
        0,
        0,
        0,
        0,
        0,
        0,
        0,
        0
      ]
    }
  ]
}