{
  "results": [
    {
      "command": "npm",
      "mean": 2.0292079964800003,
      "stddev": 0.0151846726236408,
      "median": 2.03655218518,
      "user": 2.0882390199999996,
      "system": 0.7929259399999999,
      "min": 1.9990403461800001,
      "max": 2.0433475631799998,
      "times": [
        1.9990403461800001,
        2.02538868318,
        2.0433475631799998,
        2.04208271518,
        2.03577715818,
        2.02755935718,
        2.03732721218,
        2.0028102951799998,
        2.03957719918,
        2.03916943518
      ],
      "exit_codes": [
        0,
        0,
        0,
        0,
        0,
        0,
        0,
        0,
        0,
        0
      ]
    },
    {
      "command": "snpm",
      "mean": 0.10849479628,
      "stddev": 0.0005179387503939932,
      "median": 0.10832796268,
      "user": 0.06607442000000001,
      "system": 0.04565434,
      "min": 0.10791575318,
      "max": 0.10936464918000001,
      "times": [
        0.10936464918000001,
        0.10826643918000001,
        0.10918686718000001,
        0.10838948618000001,
        0.10808319918,
        0.10881101118000001,
        0.10799546918000001,
        0.10795361118,
        0.10898147718000001,
        0.10791575318
      ],
      "exit_codes": [
        0,
        0,
        0,
        0,
        0,
        0,
        0,
        0,
        0,
        0
      ]
    },
    {
      "command": "yarn",
      "mean": 2.05726950128,
      "stddev": 0.06027187049211914,
      "median": 2.02855929018,
      "user": 1.12356622,
      "system": 0.6267645400000001,
      "min": 1.99204017718,
      "max": 2.19325962318,
      "times": [
        2.02449904818,
        2.00850943818,
        2.10295264618,
        2.01700418318,
        2.03261953218,
        2.01013113018,
        2.11336330318,
        2.19325962318,
        1.99204017718,
        2.07831593118
      ],
      "exit_codes": [
        0,
        0,
        0,
        0,
        0,
        0,
        0,
        0,
        0,
        0
      ]
    },
    {
      "command": "berry",
      "mean": 1.54235475168,
      "stddev": 0.019850097782260812,
      "median": 1.54235099668,
      "user": 1.78846622,
      "system": 0.46437853999999995,
      "min": 1.5161132741799999,
      "max": 1.5888273801800001,
      "times": [
        1.54606991618,
        1.52351344718,
        1.53691000318,
        1.5161132741799999,
        1.54508090418,
        1.55748578318,
        1.5480083171799999,
        1.5219174021800002,
        1.53962108918,
        1.5888273801800001
      ],
      "exit_codes": [
        0,
        0,
        0,
        0,
        0,
        0,
        0,
        0,
        0,
        0
      ]
    },
    {
      "command": "pnpm",
      "mean": 1.1927684838800001,
      "stddev": 0.013839287409719842,
      "median": 1.19728284968,
      "user": 1.57736862,
      "system": 0.38302213999999996,
      "min": 1.17394796518,
      "max": 1.21346327718,
      "times": [
        1.2014283911799999,
        1.19361634918,
        1.17751175518,
        1.21346327718,
        1.20748976918,
        1.20304616718,
        1.17394796518,
        1.20094935018,
        1.17643928418,
        1.17979253018
      ],
      "exit_codes": [
        0,
        0,
        0,
        0,
        0,
        0,
        0,
        0,
        0,
        0
      ]
    },
    {
      "command": "vlt",
      "mean": 0.59587948128,
      "stddev": 0.004460842590980709,
      "median": 0.59555943418,
      "user": 0.61846592,
      "system": 0.36075783999999994,
      "min": 0.58920722118,
      "max": 0.60290115718,
      "times": [
        0.59885090818,
        0.60152941318,
        0.59645778918,
        0.59466107918,
        0.5926651161800001,
        0.59931969918,
        0.60290115718,
        0.59298392118,
        0.59021850818,
        0.58920722118
      ],
      "exit_codes": [
        0,
        0,
        0,
        0,
        0,
        0,
        0,
        0,
        0,
        0
      ]
    },
    {
      "command": "bun",
      "mean": 0.037040758980000005,
      "stddev": 0.0014411750623505675,
      "median": 0.036692500680000004,
      "user": 0.00673762,
      "system": 0.03581674,
      "min": 0.03580739318,
      "max": 0.04108308018,
      "times": [
        0.03663810418,
        0.04108308018,
        0.03600181718,
        0.03580739318,
        0.03674689718,
        0.03683799818,
        0.03609652318,
        0.03694914718,
        0.03768264518,
        0.03656398418
      ],
      "exit_codes": [
        0,
        0,
        0,
        0,
        0,
        0,
        0,
        0,
        0,
        0
      ]
    },
    {
      "command": "deno",
      "mean": 0.24074673777999997,
      "stddev": 0.0030545414360085657,
      "median": 0.24068633068,
      "user": 0.26532592,
      "system": 0.16220843999999998,
      "min": 0.23665317818,
      "max": 0.24831382318000003,
      "times": [
        0.23925290018,
        0.24831382318000003,
        0.23718363518000002,
        0.24098776518,
        0.23665317818,
        0.24072928618000003,
        0.24064337518,
        0.24270512118,
        0.24009293218000002,
        0.24090536118000003
      ],
      "exit_codes": [
        0,
        0,
        0,
        0,
        0,
        0,
        0,
        0,
        0,
        0
      ]
    }
  ]
}