{
  "results": [
    {
      "command": "npm",
      "mean": 3.4081981066800004,
      "stddev": 0.19126467979805448,
      "median": 3.4254300452799997,
      "user": 1.3154444,
      "system": 0.24588514,
      "min": 3.11487640378,
      "max": 3.77563032678,
      "times": [
        3.22997263278,
        3.37212286278,
        3.11487640378,
        3.48953388278,
        3.21464777878,
        3.77563032678,
        3.56242829278,
        3.47873722778,
        3.28328918778,
        3.56074247078
      ],
      "exit_codes": [
        0,
        0,
        0,
        0,
        0,
        0,
        0,
        0,
        0,
        0
      ]
    },
    {
      "command": "snpm",
      "mean": 0.6009195119800002,
      "stddev": 0.015772769279566452,
      "median": 0.5963727452800001,
      "user": 0.3988648,
      "system": 0.21149823999999998,
      "min": 0.58350659878,
      "max": 0.6381934057800001,
      "times": [
        0.5897090407800001,
        0.60347391178,
        0.58350659878,
        0.58864335578,
        0.59547118078,
        0.5972743097800001,
        0.6381934057800001,
        0.61615117178,
        0.6089816907800001,
        0.58779045378
      ],
      "exit_codes": [
        0,
        0,
        0,
        0,
        0,
        0,
        0,
        0,
        0,
        0
      ]
    },
    {
      "command": "yarn",
      "mean": 17.565819269180004,
      "stddev": 0.4981469237591288,
      "median": 17.40227575028,
      "user": 18.3008364,
      "system": 9.120301040000001,
      "min": 16.94010061478,
      "max": 18.48822577178,
      "times": [
        16.94010061478,
        17.18749430378,
        17.60801294478,
        17.09131674878,
        18.48822577178,
        17.33296606778,
        17.80138152578,
        17.44160174078,
        17.36294975978,
        18.40414321378
      ],
      "exit_codes": [
        0,
        0,
        0,
        0,
        0,
        0,
        0,
        0,
        0,
        0
      ]
    },
    {
      "command": "berry",
      "mean": 5.18047764318,
      "stddev": 0.08555370168376072,
      "median": 5.1654878237799995,
      "user": 9.7764262,
      "system": 2.26877504,
      "min": 5.08877077578,
      "max": 5.39548408878,
      "times": [
        5.19911598978,
        5.14653248678,
        5.10401080878,
        5.18359025878,
        5.10589764278,
        5.15325291078,
        5.17772273678,
        5.25039873278,
        5.39548408878,
        5.08877077578
      ],
      "exit_codes": [
        0,
        0,
        0,
        0,
        0,
        0,
        0,
        0,
        0,
        0
      ]
    },
    {
      "command": "pnpm",
      "mean": 2.47993511998,
      "stddev": 0.06821237157779297,
      "median": 2.49053109978,
      "user": 4.273588299999999,
      "system": 1.3992079400000001,
      "min": 2.38177207778,
      "max": 2.6317773837800003,
      "times": [
        2.43085027178,
        2.47799664178,
        2.6317773837800003,
        2.50562370678,
        2.50820795378,
        2.46667433678,
        2.50603706278,
        2.5030655577800003,
        2.38177207778,
        2.38734620678
      ],
      "exit_codes": [
        0,
        0,
        0,
        0,
        0,
        0,
        0,
        0,
        0,
        0
      ]
    },
    {
      "command": "vlt",
      "mean": 0.36041142698,
      "stddev": 0.007956116228691827,
      "median": 0.36108284328,
      "user": 0.3873,
      "system": 0.07988774,
      "min": 0.34990928278,
      "max": 0.37877842078,
      "times": [
        0.36113023478,
        0.36124075778000003,
        0.36266323778000004,
        0.37877842078,
        0.34990928278,
        0.35398600378,
        0.36761543178,
        0.36103545178,
        0.35413222078,
        0.35362322778
      ],
      "exit_codes": [
        0,
        0,
        0,
        0,
        0,
        0,
        0,
        0,
        0,
        0
      ]
    },
    {
      "command": "bun",
      "mean": 1.1438729861800003,
      "stddev": 0.06848457678527993,
      "median": 1.14861863028,
      "user": 1.9294806000000002,
      "system": 1.50233674,
      "min": 1.04725064378,
      "max": 1.27055399678,
      "times": [
        1.21472455078,
        1.16506839178,
        1.18927074478,
        1.04725064378,
        1.12932820278,
        1.13337359578,
        1.05669527478,
        1.0686007957800001,
        1.27055399678,
        1.16386366478
      ],
      "exit_codes": [
        0,
        0,
        0,
        0,
        0,
        0,
        0,
        0,
        0,
        0
      ]
    },
    {
      "command": "deno",
      "mean": 10.001363547280002,
      "stddev": 0.36164994155962144,
      "median": 10.07113612478,
      "user": 3.1926098,
      "system": 0.8662892400000001,
      "min": 9.41495821278,
      "max": 10.58466497278,
      "times": [
        10.24423672778,
        10.20875695778,
        9.41495821278,
        9.872402793780001,
        10.35122972178,
        9.66619229878,
        10.20803164178,
        10.58466497278,
        9.93424060778,
        9.52892153778
      ],
      "exit_codes": [
        0,
        0,
        0,
        0,
        0,
        0,
        0,
        0,
        0,
        0
      ]
    }
  ]
}