{
  "results": [
    {
      "command": "npm",
      "mean": 0.95236336662,
      "stddev": 0.01362576688252633,
      "median": 0.94869583422,
      "user": 1.06146798,
      "system": 0.19457929999999996,
      "min": 0.9353621902200001,
      "max": 0.9829403162200001,
      "times": [
        0.9353621902200001,
        0.9386026312200001,
        0.9488642352200001,
        0.9454580412200001,
        0.95554421822,
        0.95141202822,
        0.9465610002200001,
        0.9829403162200001,
        0.9485274332200001,
        0.9703615722200001
      ],
      "exit_codes": [
        0,
        0,
        0,
        0,
        0,
        0,
        0,
        0,
        0,
        0
      ]
    },
    {
      "command": "snpm",
      "mean": 0.5863109415200001,
      "stddev": 0.010789229129723223,
      "median": 0.58257540472,
      "user": 0.39164488000000003,
      "system": 0.20427709999999996,
      "min": 0.57924008622,
      "max": 0.6175406562200001,
      "times": [
        0.58221031022,
        0.58782832322,
        0.5852166202200001,
        0.57924008622,
        0.5798341532200001,
        0.58294049922,
        0.5870176822200001,
        0.58022077622,
        0.6175406562200001,
        0.5810603082200001
      ],
      "exit_codes": [
        0,
        0,
        0,
        0,
        0,
        0,
        0,
        0,
        0,
        0
      ]
    },
    {
      "command": "yarn",
      "mean": 7.650663719420001,
      "stddev": 0.21795441080117234,
      "median": 7.68370354672,
      "user": 3.8164280799999992,
      "system": 1.4526748,
      "min": 7.30535890522,
      "max": 8.01330901922,
      "times": [
        8.01330901922,
        7.70124339922,
        7.93613939922,
        7.41854127922,
        7.66616369422,
        7.75721593822,
        7.56080782022,
        7.40822650522,
        7.73963123422,
        7.30535890522
      ],
      "exit_codes": [
        0,
        0,
        0,
        0,
        0,
        0,
        0,
        0,
        0,
        0
      ]
    },
    {
      "command": "berry",
      "mean": 2.7345149769200003,
      "stddev": 0.16224369425854201,
      "median": 2.6696049457199997,
      "user": 3.52849188,
      "system": 0.5998818,
      "min": 2.6477740782200003,
      "max": 3.20950336322,
      "times": [
        3.20950336322,
        2.68148139422,
        2.67960514322,
        2.7575404362200002,
        2.65960474822,
        2.65720686922,
        2.73912707622,
        2.6477740782200003,
        2.65693682522,
        2.65636983522
      ],
      "exit_codes": [
        0,
        0,
        0,
        0,
        0,
        0,
        0,
        0,
        0,
        0
      ]
    },
    {
      "command": "pnpm",
      "mean": 1.3094811394200003,
      "stddev": 0.012372717694822212,
      "median": 1.30933561322,
      "user": 1.6425009799999999,
      "system": 0.28925100000000004,
      "min": 1.28949224122,
      "max": 1.32947624622,
      "times": [
        1.32506733222,
        1.30204631822,
        1.3104896562200001,
        1.32076927422,
        1.28949224122,
        1.32947624622,
        1.29531963722,
        1.3002713942200002,
        1.31369772422,
        1.30818157022
      ],
      "exit_codes": [
        0,
        0,
        0,
        0,
        0,
        0,
        0,
        0,
        0,
        0
      ]
    },
    {
      "command": "vlt",
      "mean": 0.3465214220200001,
      "stddev": 0.0022227023498620707,
      "median": 0.34635881872,
      "user": 0.36714658,
      "system": 0.07762559999999999,
      "min": 0.34364828422000004,
      "max": 0.35122653222000005,
      "times": [
        0.34493473722,
        0.34753832822,
        0.34740134322000005,
        0.34881814822,
        0.35122653222000005,
        0.34439423022000004,
        0.34569308022,
        0.34702455722000003,
        0.34453497922000004,
        0.34364828422000004
      ],
      "exit_codes": [
        0,
        0,
        0,
        0,
        0,
        0,
        0,
        0,
        0,
        0
      ]
    },
    {
      "command": "bun",
      "mean": 0.04068959342,
      "stddev": 0.0007328246415591935,
      "median": 0.04081135022,
      "user": 0.00993718,
      "system": 0.03627980000000001,
      "min": 0.03959220522,
      "max": 0.04174438322000001,
      "times": [
        0.03959220522,
        0.03999011822000001,
        0.04117604022000001,
        0.04174438322000001,
        0.041518815220000005,
        0.03984310722000001,
        0.041277275220000006,
        0.041155378220000004,
        0.040467322220000004,
        0.040131289220000005
      ],
      "exit_codes": [
        0,
        0,
        0,
        0,
        0,
        0,
        0,
        0,
        0,
        0
      ]
    },
    {
      "command": "deno",
      "mean": 0.8037173464200003,
      "stddev": 0.016324208656940783,
      "median": 0.8043661132200001,
      "user": 0.9867314799999999,
      "system": 0.2849306,
      "min": 0.78221255722,
      "max": 0.84237853922,
      "times": [
        0.80848496022,
        0.8102401302200001,
        0.8101545302200001,
        0.8029411112200001,
        0.7848349482200001,
        0.8017708492200001,
        0.7883647232200001,
        0.78221255722,
        0.84237853922,
        0.80579111522
      ],
      "exit_codes": [
        0,
        0,
        0,
        0,
        0,
        0,
        0,
        0,
        0,
        0
      ]
    }
  ]
}