{
  "results": [
    {
      "command": "npm",
      "mean": 0.5013914885,
      "stddev": 0.004079224116973357,
      "median": 0.5025384002000001,
      "user": 0.5453244599999999,
      "system": 0.10459023999999997,
      "min": 0.4926598502,
      "max": 0.5072910562,
      "times": [
        0.4926598502,
        0.4997805582,
        0.49744782120000003,
        0.5025835822000001,
        0.5040034912000001,
        0.49858108720000005,
        0.5043624702,
        0.5072910562,
        0.5047117502,
        0.5024932182
      ],
      "exit_codes": [
        0,
        0,
        0,
        0,
        0,
        0,
        0,
        0,
        0,
        0
      ]
    },
    {
      "command": "snpm",
      "mean": 0.031110739399999997,
      "stddev": 0.0004116573387500351,
      "median": 0.0310160217,
      "user": 0.018373659999999997,
      "system": 0.014934039999999999,
      "min": 0.0306353992,
      "max": 0.0317877302,
      "times": [
        0.0312123232,
        0.031784283200000006,
        0.0311845482,
        0.030847495200000002,
        0.0317877302,
        0.0306572192,
        0.0307735952,
        0.030836470200000004,
        0.0306353992,
        0.0313883302
      ],
      "exit_codes": [
        0,
        0,
        0,
        0,
        0,
        0,
        0,
        0,
        0,
        0
      ]
    },
    {
      "command": "yarn",
      "mean": 0.29130277280000005,
      "stddev": 0.008462419572143758,
      "median": 0.2887976937,
      "user": 0.31141385999999993,
      "system": 0.06270154,
      "min": 0.2840577872,
      "max": 0.3158236192,
      "times": [
        0.2884527002,
        0.29087833720000006,
        0.29026375020000006,
        0.2887431052,
        0.2840577872,
        0.28566941120000006,
        0.29187557620000004,
        0.28841115920000004,
        0.28885228220000003,
        0.3158236192
      ],
      "exit_codes": [
        0,
        0,
        0,
        0,
        0,
        0,
        0,
        0,
        0,
        0
      ]
    },
    {
      "command": "berry",
      "mean": 0.7206523415999999,
      "stddev": 0.012306103062021576,
      "median": 0.7213395522000001,
      "user": 0.82771916,
      "system": 0.13683004000000001,
      "min": 0.7073520792000001,
      "max": 0.7462111822,
      "times": [
        0.7462111822,
        0.7085104022000001,
        0.7090127822000001,
        0.7081491812,
        0.7073520792000001,
        0.7215666802,
        0.7211124242000001,
        0.7250950062000001,
        0.7351626992000001,
        0.7243509792
      ],
      "exit_codes": [
        0,
        0,
        0,
        0,
        0,
        0,
        0,
        0,
        0,
        0
      ]
    },
    {
      "command": "pnpm",
      "mean": 0.7273825431000001,
      "stddev": 0.08135398953641276,
      "median": 0.6902838637,
      "user": 0.7706074599999997,
      "system": 0.12345424,
      "min": 0.6553971072000001,
      "max": 0.9442877102000001,
      "times": [
        0.7799742332,
        0.9442877102000001,
        0.6894835682,
        0.6910841592000001,
        0.6829662262,
        0.6553971072000001,
        0.7077874252,
        0.6765418452,
        0.7647317072,
        0.6815714492
      ],
      "exit_codes": [
        0,
        0,
        0,
        0,
        0,
        0,
        0,
        0,
        0,
        0
      ]
    },
    {
      "command": "vlt",
      "mean": 0.3101709451,
      "stddev": 0.0030568162813593967,
      "median": 0.30948433770000006,
      "user": 0.32147326,
      "system": 0.06500263999999999,
      "min": 0.3067181762,
      "max": 0.31784358420000003,
      "times": [
        0.31136392920000006,
        0.31059966920000004,
        0.3118450332,
        0.3078280862,
        0.30804156820000006,
        0.3067181762,
        0.30810109620000004,
        0.31784358420000003,
        0.31099930220000005,
        0.3083690062
      ],
      "exit_codes": [
        0,
        0,
        0,
        0,
        0,
        0,
        0,
        0,
        0,
        0
      ]
    },
    {
      "command": "bun",
      "mean": 0.011127860900000001,
      "stddev": 0.0007882344115299776,
      "median": 0.011105312200000002,
      "user": 0.009200159999999999,
      "system": 0.00801124,
      "min": 0.0102053152,
      "max": 0.0121958832,
      "times": [
        0.0102053152,
        0.0103610242,
        0.011745537200000001,
        0.012071101200000002,
        0.010662044200000002,
        0.010248735200000001,
        0.010347168200000001,
        0.0121958832,
        0.0118932202,
        0.011548580200000002
      ],
      "exit_codes": [
        0,
        0,
        0,
        0,
        0,
        0,
        0,
        0,
        0,
        0
      ]
    },
    {
      "command": "deno",
      "mean": 0.0407274421,
      "stddev": 0.00025481256104613337,
      "median": 0.0407377632,
      "user": 0.02457566,
      "system": 0.02027664,
      "min": 0.040231475200000005,
      "max": 0.0410762952,
      "times": [
        0.040231475200000005,
        0.04046798720000001,
        0.0410162982,
        0.0408123202,
        0.0410762952,
        0.0407282262,
        0.0410008732,
        0.040681591200000006,
        0.0405120542,
        0.0407473002
      ],
      "exit_codes": [
        0,
        0,
        0,
        0,
        0,
        0,
        0,
        0,
        0,
        0
      ]
    }
  ]
}