{
  "results": [
    {
      "command": "npm",
      "mean": 0.5044696457,
      "stddev": 0.005457316926803726,
      "median": 0.5052993088,
      "user": 0.6035585,
      "system": 0.07280391999999998,
      "min": 0.49570964930000005,
      "max": 0.5151508423000001,
      "times": [
        0.5056183553,
        0.5057735103000001,
        0.49570964930000005,
        0.5032500083,
        0.5092621773,
        0.49826446230000004,
        0.49897203330000006,
        0.5151508423000001,
        0.5077151563000001,
        0.5049802623
      ],
      "exit_codes": [
        0,
        0,
        0,
        0,
        0,
        0,
        0,
        0,
        0,
        0
      ]
    },
    {
      "command": "snpm",
      "mean": 0.030099928600000003,
      "stddev": 0.0004341455654872106,
      "median": 0.030053031800000005,
      "user": 0.021288099999999997,
      "system": 0.01128712,
      "min": 0.0295151043,
      "max": 0.0307704403,
      "times": [
        0.030760108300000002,
        0.029992639300000002,
        0.030113424300000004,
        0.0295151043,
        0.030462852300000003,
        0.030262642300000003,
        0.029826390300000002,
        0.029692065300000004,
        0.0307704403,
        0.0296036193
      ],
      "exit_codes": [
        0,
        0,
        0,
        0,
        0,
        0,
        0,
        0,
        0,
        0
      ]
    },
    {
      "command": "yarn",
      "mean": 0.30570369160000005,
      "stddev": 0.004145086291265165,
      "median": 0.3053830793,
      "user": 0.3644192,
      "system": 0.052547319999999995,
      "min": 0.2993887183,
      "max": 0.31180569430000005,
      "times": [
        0.30498044230000004,
        0.3057857163,
        0.3076485533,
        0.3108036933,
        0.31180569430000005,
        0.3041281093,
        0.29992303730000003,
        0.2993887183,
        0.3025579333,
        0.3100150183
      ],
      "exit_codes": [
        0,
        0,
        0,
        0,
        0,
        0,
        0,
        0,
        0,
        0
      ]
    },
    {
      "command": "berry",
      "mean": 5.0623573048,
      "stddev": 0.12010362589872517,
      "median": 5.0665584088,
      "user": 9.6092963,
      "system": 2.52519192,
      "min": 4.861412652299999,
      "max": 5.2689265653,
      "times": [
        4.9401334633,
        4.928068673299999,
        5.0296310813,
        5.067551992299999,
        5.1328086413,
        5.0655648253,
        5.1891505153,
        4.861412652299999,
        5.2689265653,
        5.1403246383
      ],
      "exit_codes": [
        0,
        0,
        0,
        0,
        0,
        0,
        0,
        0,
        0,
        0
      ]
    },
    {
      "command": "pnpm",
      "mean": 0.7128692786,
      "stddev": 0.030746961366190408,
      "median": 0.7028178293,
      "user": 0.8169619999999999,
      "system": 0.11633402,
      "min": 0.6918702833,
      "max": 0.8029667353000001,
      "times": [
        0.6918702833,
        0.6981648373,
        0.7038980193000001,
        0.8029667353000001,
        0.7017376393000001,
        0.6950640653000001,
        0.7075953213,
        0.7014784283000001,
        0.7130627113000001,
        0.7128547453
      ],
      "exit_codes": [
        0,
        0,
        0,
        0,
        0,
        0,
        0,
        0,
        0,
        0
      ]
    },
    {
      "command": "vlt",
      "mean": 0.31871660570000004,
      "stddev": 0.002804684721317962,
      "median": 0.3184756563,
      "user": 0.3559919,
      "system": 0.06138782,
      "min": 0.3143780313,
      "max": 0.3232485793,
      "times": [
        0.3232485793,
        0.3208117823,
        0.32025927130000004,
        0.3176334733,
        0.3193178393,
        0.3224733993,
        0.3164711323,
        0.3143780313,
        0.3161687133,
        0.31640383530000005
      ],
      "exit_codes": [
        0,
        0,
        0,
        0,
        0,
        0,
        0,
        0,
        0,
        0
      ]
    },
    {
      "command": "bun",
      "mean": 0.010015642800000002,
      "stddev": 0.0005615587637760182,
      "median": 0.0098337293,
      "user": 0.0084449,
      "system": 0.007389419999999999,
      "min": 0.009601612300000001,
      "max": 0.011636086300000001,
      "times": [
        0.009702183300000002,
        0.0099136393,
        0.010057835300000002,
        0.009697662300000002,
        0.009740609300000001,
        0.009601612300000001,
        0.010015527300000002,
        0.011636086300000001,
        0.0100374533,
        0.009753819300000001
      ],
      "exit_codes": [
        0,
        0,
        0,
        0,
        0,
        0,
        0,
        0,
        0,
        0
      ]
    },
    {
      "command": "deno",
      "mean": 0.7801635935,
      "stddev": 0.06677822637050213,
      "median": 0.7523863858000001,
      "user": 0.3166186,
      "system": 0.09341991999999998,
      "min": 0.7016219723,
      "max": 0.9009752543,
      "times": [
        0.7192361753000001,
        0.7572437133000001,
        0.7016219723,
        0.8069126013000001,
        0.7464674203,
        0.8635996083,
        0.7475290583,
        0.7093419083000001,
        0.9009752543,
        0.8487082233000001
      ],
      "exit_codes": [
        0,
        0,
        0,
        0,
        0,
        0,
        0,
        0,
        0,
        0
      ]
    }
  ]
}