{
  "results": [
    {
      "command": "npm",
      "mean": 10.02080898278,
      "stddev": 0.04926848673110819,
      "median": 10.01766087248,
      "user": 10.4438445,
      "system": 4.65756882,
      "min": 9.94728923748,
      "max": 10.09986885848,
      "times": [
        10.09121229348,
        10.01650861948,
        9.94728923748,
        10.09986885848,
        9.968292596480001,
        10.06944749948,
        10.02470798248,
        9.97991674048,
        10.018813125480001,
        9.992032874480001
      ],
      "exit_codes": [
        0,
        0,
        0,
        0,
        0,
        0,
        0,
        0,
        0,
        0
      ]
    },
    {
      "command": "snpm",
      "mean": 0.60682520388,
      "stddev": 0.006400308872803531,
      "median": 0.60834720448,
      "user": 0.3821971,
      "system": 0.23282972000000002,
      "min": 0.5946465604800001,
      "max": 0.6152495504800001,
      "times": [
        0.59610426248,
        0.61079196148,
        0.6119729554800001,
        0.6093454824800001,
        0.6057359144800001,
        0.60734892648,
        0.61165585948,
        0.6152495504800001,
        0.6054005654800001,
        0.5946465604800001
      ],
      "exit_codes": [
        0,
        0,
        0,
        0,
        0,
        0,
        0,
        0,
        0,
        0
      ]
    },
    {
      "command": "yarn",
      "mean": 7.397147149380001,
      "stddev": 0.16517375881269236,
      "median": 7.37707637998,
      "user": 5.6447023,
      "system": 4.744805219999999,
      "min": 7.14613922348,
      "max": 7.72045195948,
      "times": [
        7.33715568448,
        7.2092551794799995,
        7.56960708348,
        7.14613922348,
        7.72045195948,
        7.48988102548,
        7.26635262548,
        7.33598445348,
        7.416997075479999,
        7.47964718348
      ],
      "exit_codes": [
        0,
        0,
        0,
        0,
        0,
        0,
        0,
        0,
        0,
        0
      ]
    },
    {
      "command": "berry",
      "mean": 5.573069926379999,
      "stddev": 0.06264577176824924,
      "median": 5.56804042898,
      "user": 7.083651000000001,
      "system": 2.6902839199999997,
      "min": 5.4634137664799995,
      "max": 5.698408211479999,
      "times": [
        5.62888462148,
        5.4634137664799995,
        5.58657013948,
        5.50574345248,
        5.698408211479999,
        5.5640032774799995,
        5.572077580479999,
        5.5636646794799995,
        5.5320912264799995,
        5.6158423084799995
      ],
      "exit_codes": [
        0,
        0,
        0,
        0,
        0,
        0,
        0,
        0,
        0,
        0
      ]
    },
    {
      "command": "pnpm",
      "mean": 3.33188824698,
      "stddev": 0.03936390817565748,
      "median": 3.31876512048,
      "user": 4.5093722000000005,
      "system": 1.38823892,
      "min": 3.28331996148,
      "max": 3.41006452548,
      "times": [
        3.31069037948,
        3.29388926748,
        3.41006452548,
        3.3255805244800003,
        3.35429110248,
        3.29276466648,
        3.36432933248,
        3.37200299348,
        3.31194971648,
        3.28331996148
      ],
      "exit_codes": [
        0,
        0,
        0,
        0,
        0,
        0,
        0,
        0,
        0,
        0
      ]
    },
    {
      "command": "vlt",
      "mean": 3.4976947458800005,
      "stddev": 0.032763469625432716,
      "median": 3.5058110354800003,
      "user": 3.5255637,
      "system": 2.84108802,
      "min": 3.43305590148,
      "max": 3.55530559848,
      "times": [
        3.5040198134800002,
        3.51356272648,
        3.51459782948,
        3.47682389848,
        3.4761599334800004,
        3.43305590148,
        3.4690813464800003,
        3.5076022574800003,
        3.52673815348,
        3.55530559848
      ],
      "exit_codes": [
        0,
        0,
        0,
        0,
        0,
        0,
        0,
        0,
        0,
        0
      ]
    },
    {
      "command": "bun",
      "mean": 0.31110701947999997,
      "stddev": 0.008512787202878288,
      "median": 0.3083090404800001,
      "user": 0.0182717,
      "system": 0.29722681999999995,
      "min": 0.30306729048000003,
      "max": 0.33505819848000007,
      "times": [
        0.30306729048000003,
        0.30885234548000007,
        0.30800771648,
        0.30965194448000005,
        0.30861036448000007,
        0.30684225948000005,
        0.30772626748000004,
        0.30755374448000006,
        0.31570006348000007,
        0.33505819848000007
      ],
      "exit_codes": [
        0,
        0,
        0,
        0,
        0,
        0,
        0,
        0,
        0,
        0
      ]
    },
    {
      "command": "deno",
      "mean": 1.0548567752799998,
      "stddev": 0.012201427257572412,
      "median": 1.0536542574799999,
      "user": 1.2892495,
      "system": 0.79821522,
      "min": 1.02877274848,
      "max": 1.0726656984799998,
      "times": [
        1.0620888064799998,
        1.02877274848,
        1.0520313534799999,
        1.04884339748,
        1.05052524948,
        1.06693752848,
        1.06639978248,
        1.0552771614799998,
        1.04502602648,
        1.0726656984799998
      ],
      "exit_codes": [
        0,
        0,
        0,
        0,
        0,
        0,
        0,
        0,
        0,
        0
      ]
    }
  ]
}