{
  "results": [
    {
      "command": "npm",
      "mean": 1.5100117885399997,
      "stddev": 0.012308995157589896,
      "median": 1.51026198924,
      "user": 1.54256932,
      "system": 0.6637697599999999,
      "min": 1.4845321027399998,
      "max": 1.53144218474,
      "times": [
        1.49834781874,
        1.53144218474,
        1.51187901674,
        1.5204223307399998,
        1.4845321027399998,
        1.51717880074,
        1.51715018274,
        1.50864496174,
        1.50742564274,
        1.50309484374
      ],
      "exit_codes": [
        0,
        0,
        0,
        0,
        0,
        0,
        0,
        0,
        0,
        0
      ]
    },
    {
      "command": "snpm",
      "mean": 0.04001201674,
      "stddev": 0.00039588536778719096,
      "median": 0.03997210724,
      "user": 0.017827519999999996,
      "system": 0.024454760000000002,
      "min": 0.03927222474,
      "max": 0.04055387974,
      "times": [
        0.03927222474,
        0.039497220740000005,
        0.03986391274,
        0.04002235374,
        0.04050332274,
        0.04055387974,
        0.03992186074,
        0.04039261274,
        0.04019226974,
        0.03990050974
      ],
      "exit_codes": [
        0,
        0,
        0,
        0,
        0,
        0,
        0,
        0,
        0,
        0
      ]
    },
    {
      "command": "yarn",
      "mean": 3.925108364639999,
      "stddev": 0.05324547973702471,
      "median": 3.9157223747399996,
      "user": 5.828397519999998,
      "system": 2.27510816,
      "min": 3.85053266174,
      "max": 3.99716037374,
      "times": [
        3.85839632374,
        3.97879350374,
        3.99716037374,
        3.89123158174,
        3.88303957574,
        3.89821482674,
        3.99571853974,
        3.96476633674,
        3.93322992274,
        3.85053266174
      ],
      "exit_codes": [
        0,
        0,
        0,
        0,
        0,
        0,
        0,
        0,
        0,
        0
      ]
    },
    {
      "command": "berry",
      "mean": 2.50246869104,
      "stddev": 0.05018150427074721,
      "median": 2.48961152424,
      "user": 3.7749600200000004,
      "system": 1.14559966,
      "min": 2.45248843674,
      "max": 2.6369422767399997,
      "times": [
        2.6369422767399997,
        2.46374959174,
        2.52892606774,
        2.45248843674,
        2.52125065074,
        2.46733116974,
        2.48960048274,
        2.48360526974,
        2.49117039874,
        2.48962256574
      ],
      "exit_codes": [
        0,
        0,
        0,
        0,
        0,
        0,
        0,
        0,
        0,
        0
      ]
    },
    {
      "command": "pnpm",
      "mean": 1.2623161164399999,
      "stddev": 0.022717614418347055,
      "median": 1.26066899074,
      "user": 1.7008599199999999,
      "system": 0.49484135999999995,
      "min": 1.22480675774,
      "max": 1.31950298774,
      "times": [
        1.2454069797399998,
        1.26845218574,
        1.2631174917399999,
        1.22480675774,
        1.25196006474,
        1.31950298774,
        1.2611313607399999,
        1.2686767777399999,
        1.25989993774,
        1.26020662074
      ],
      "exit_codes": [
        0,
        0,
        0,
        0,
        0,
        0,
        0,
        0,
        0,
        0
      ]
    },
    {
      "command": "vlt",
      "mean": 0.9703765507400002,
      "stddev": 0.007137948144250872,
      "median": 0.9699451882400001,
      "user": 1.1263290200000002,
      "system": 0.45256266,
      "min": 0.9533150367400001,
      "max": 0.98116894174,
      "times": [
        0.9533150367400001,
        0.9681116137400001,
        0.97132807174,
        0.98116894174,
        0.96856230474,
        0.96769962874,
        0.97701553074,
        0.97561604574,
        0.9678386477400001,
        0.9731096857400001
      ],
      "exit_codes": [
        0,
        0,
        0,
        0,
        0,
        0,
        0,
        0,
        0,
        0
      ]
    },
    {
      "command": "bun",
      "mean": 0.31337452524,
      "stddev": 0.046816369163773415,
      "median": 0.29420439574,
      "user": 0.18445421999999997,
      "system": 0.20899806,
      "min": 0.27073403574000005,
      "max": 0.41518061974000003,
      "times": [
        0.28218086474000004,
        0.41518061974000003,
        0.30712669174,
        0.38397121074,
        0.29739584674,
        0.29101294474,
        0.28001951974,
        0.27073403574000005,
        0.33185793074000003,
        0.27426558774000004
      ],
      "exit_codes": [
        0,
        0,
        0,
        0,
        0,
        0,
        0,
        0,
        0,
        0
      ]
    },
    {
      "command": "deno",
      "mean": 2.61091309614,
      "stddev": 0.33154183001998005,
      "median": 2.71301039574,
      "user": 0.7765685200000001,
      "system": 0.4059082599999999,
      "min": 2.0965798477399997,
      "max": 3.0493806487399997,
      "times": [
        2.80985147874,
        2.95173983874,
        2.77452144674,
        2.3026203497399997,
        2.95282961674,
        3.0493806487399997,
        2.65149934474,
        2.2530606617399997,
        2.0965798477399997,
        2.26704772774
      ],
      "exit_codes": [
        0,
        0,
        0,
        0,
        0,
        0,
        0,
        0,
        0,
        0
      ]
    }
  ]
}