{
  "results": [
    {
      "command": "npm",
      "mean": 4.23237099342,
      "stddev": 0.41259268925747494,
      "median": 4.22768924092,
      "user": 1.4271410999999998,
      "system": 0.2995933,
      "min": 3.73833096842,
      "max": 4.90693229642,
      "times": [
        4.32637324442,
        4.49812763542,
        3.7933196804200002,
        4.850651265420001,
        3.73833096842,
        4.402293585420001,
        4.90693229642,
        3.82906206542,
        4.12900523742,
        3.84961395542
      ],
      "exit_codes": [
        0,
        0,
        0,
        0,
        0,
        0,
        0,
        0,
        0,
        0
      ]
    },
    {
      "command": "snpm",
      "mean": 0.57647250932,
      "stddev": 0.00794026943134259,
      "median": 0.5762248514200001,
      "user": 0.3489424,
      "system": 0.23343329999999995,
      "min": 0.5660380084200001,
      "max": 0.5927293664200001,
      "times": [
        0.58631775742,
        0.56782259142,
        0.57507777642,
        0.5728922084200001,
        0.5660380084200001,
        0.5773719264200001,
        0.5789806044200001,
        0.5927293664200001,
        0.56880530642,
        0.5786895474200001
      ],
      "exit_codes": [
        0,
        0,
        0,
        0,
        0,
        0,
        0,
        0,
        0,
        0
      ]
    },
    {
      "command": "yarn",
      "mean": 23.873237066519998,
      "stddev": 0.678537035119031,
      "median": 23.58609334492,
      "user": 30.688082999999995,
      "system": 15.1132103,
      "min": 23.31634122242,
      "max": 25.57057749942,
      "times": [
        23.389230069419998,
        23.33161610442,
        23.96572172542,
        24.09342625442,
        25.57057749942,
        23.37536687942,
        23.31634122242,
        24.51790422042,
        23.585278700419998,
        23.58690798942
      ],
      "exit_codes": [
        0,
        0,
        0,
        0,
        0,
        0,
        0,
        0,
        0,
        0
      ]
    },
    {
      "command": "berry",
      "mean": 6.47580614182,
      "stddev": 0.21718299342078573,
      "median": 6.49098149642,
      "user": 11.865002299999999,
      "system": 3.3724237,
      "min": 6.10616376142,
      "max": 6.8764884444200005,
      "times": [
        6.35104528042,
        6.10616376142,
        6.17542105242,
        6.48618482942,
        6.58721387942,
        6.408184379420001,
        6.639331906420001,
        6.495778163420001,
        6.8764884444200005,
        6.63224972142
      ],
      "exit_codes": [
        0,
        0,
        0,
        0,
        0,
        0,
        0,
        0,
        0,
        0
      ]
    },
    {
      "command": "pnpm",
      "mean": 4.441043271220001,
      "stddev": 0.10373368143430686,
      "median": 4.424535196920001,
      "user": 6.569584000000001,
      "system": 2.3067035,
      "min": 4.28005235442,
      "max": 4.67911009142,
      "times": [
        4.67911009142,
        4.488738043420001,
        4.35583581042,
        4.4740322714200005,
        4.439884939420001,
        4.40918545442,
        4.28005235442,
        4.36299991342,
        4.403108325420001,
        4.51748550842
      ],
      "exit_codes": [
        0,
        0,
        0,
        0,
        0,
        0,
        0,
        0,
        0,
        0
      ]
    },
    {
      "command": "vlt",
      "mean": 0.34380400812,
      "stddev": 0.002004374516319853,
      "median": 0.34380869092,
      "user": 0.3569291,
      "system": 0.08039550000000001,
      "min": 0.34065831842,
      "max": 0.34672468542,
      "times": [
        0.34154126442,
        0.34590208942,
        0.34625655042000003,
        0.34224244342,
        0.34328801442,
        0.34672468542,
        0.34230340142,
        0.34479394642,
        0.34432936742,
        0.34065831842
      ],
      "exit_codes": [
        0,
        0,
        0,
        0,
        0,
        0,
        0,
        0,
        0,
        0
      ]
    },
    {
      "command": "bun",
      "mean": 2.44067726482,
      "stddev": 0.0858325062393578,
      "median": 2.42918147942,
      "user": 3.3277028,
      "system": 2.9619386999999997,
      "min": 2.35071199042,
      "max": 2.64667124442,
      "times": [
        2.52491202142,
        2.43795424142,
        2.46530411742,
        2.35071199042,
        2.64667124442,
        2.36452345542,
        2.37090077842,
        2.42040871742,
        2.45004489342,
        2.3753411884199997
      ],
      "exit_codes": [
        0,
        0,
        0,
        0,
        0,
        0,
        0,
        0,
        0,
        0
      ]
    },
    {
      "command": "deno",
      "mean": 7.81273963862,
      "stddev": 0.5026780640186049,
      "median": 7.716330511420001,
      "user": 3.7609658,
      "system": 0.8273134000000001,
      "min": 7.38870601442,
      "max": 9.19177182242,
      "times": [
        7.41035131842,
        7.792115462420001,
        7.74545791542,
        9.19177182242,
        7.4602317644200005,
        8.00509346542,
        7.68720310742,
        7.38870601442,
        7.51658649642,
        7.92987901942
      ],
      "exit_codes": [
        0,
        0,
        0,
        0,
        0,
        0,
        0,
        0,
        0,
        0
      ]
    }
  ]
}