{
  "results": [
    {
      "command": "npm",
      "mean": 5.259019327780001,
      "stddev": 0.49135541644222364,
      "median": 5.00777250718,
      "user": 1.5312204799999998,
      "system": 0.30012436,
      "min": 4.80993563368,
      "max": 6.20977150768,
      "times": [
        4.86381348968,
        5.56411306868,
        4.88631067468,
        5.43114312068,
        4.813807493680001,
        6.20977150768,
        4.80993563368,
        4.89903663468,
        5.11650837968,
        5.99575327468
      ],
      "exit_codes": [
        0,
        0,
        0,
        0,
        0,
        0,
        0,
        0,
        0,
        0
      ]
    },
    {
      "command": "snpm",
      "mean": 0.58692136598,
      "stddev": 0.004931696325407826,
      "median": 0.58704481868,
      "user": 0.35053448,
      "system": 0.24316845999999998,
      "min": 0.58008464268,
      "max": 0.59545932268,
      "times": [
        0.58584017268,
        0.58636320468,
        0.58911424868,
        0.59545932268,
        0.58772643268,
        0.5918352836799999,
        0.5804646516799999,
        0.5811801316799999,
        0.58008464268,
        0.59114556868
      ],
      "exit_codes": [
        0,
        0,
        0,
        0,
        0,
        0,
        0,
        0,
        0,
        0
      ]
    },
    {
      "command": "yarn",
      "mean": 25.12449276908,
      "stddev": 0.44562141925756193,
      "median": 25.101813921679998,
      "user": 30.912876779999998,
      "system": 15.64507166,
      "min": 24.51203153368,
      "max": 26.321116691679997,
      "times": [
        25.110956763679997,
        26.321116691679997,
        24.85303716768,
        24.84925696468,
        25.127016349679998,
        25.11220885268,
        24.51203153368,
        25.015385625679997,
        25.09267107968,
        25.25124666168
      ],
      "exit_codes": [
        0,
        0,
        0,
        0,
        0,
        0,
        0,
        0,
        0,
        0
      ]
    },
    {
      "command": "berry",
      "mean": 6.957177424079999,
      "stddev": 0.5986927202144392,
      "median": 6.794701895179999,
      "user": 11.892071179999999,
      "system": 3.39123326,
      "min": 6.47938475068,
      "max": 8.66000129968,
      "times": [
        7.02161303068,
        6.92492376668,
        6.57668968568,
        7.07516094568,
        8.66000129968,
        6.70771853568,
        6.60935911468,
        6.47938475068,
        6.88168525468,
        6.63523785668
      ],
      "exit_codes": [
        0,
        0,
        0,
        0,
        0,
        0,
        0,
        0,
        0,
        0
      ]
    },
    {
      "command": "pnpm",
      "mean": 5.567042193780001,
      "stddev": 0.6244324550564019,
      "median": 5.58249263268,
      "user": 6.488947680000001,
      "system": 2.2853678600000005,
      "min": 4.61811532668,
      "max": 6.5381498026800005,
      "times": [
        4.61811532668,
        4.67604140568,
        4.96690225468,
        6.03123693268,
        5.54528350468,
        5.47494848268,
        5.61970176068,
        6.5381498026800005,
        6.33051915068,
        5.8695233166800005
      ],
      "exit_codes": [
        0,
        0,
        0,
        0,
        0,
        0,
        0,
        0,
        0,
        0
      ]
    },
    {
      "command": "vlt",
      "mean": 0.33138070018000004,
      "stddev": 0.005166088694531653,
      "median": 0.33146210718,
      "user": 0.36354848000000006,
      "system": 0.07417465999999999,
      "min": 0.32395764868000004,
      "max": 0.34230883068,
      "times": [
        0.32395764868000004,
        0.34230883068,
        0.33670751968,
        0.32727680568,
        0.32641557668000004,
        0.33040593268,
        0.33317757368,
        0.33330625568000005,
        0.32773257668000005,
        0.33251828168
      ],
      "exit_codes": [
        0,
        0,
        0,
        0,
        0,
        0,
        0,
        0,
        0,
        0
      ]
    },
    {
      "command": "bun",
      "mean": 3.8559426946800004,
      "stddev": 0.4931065519165933,
      "median": 3.73116936668,
      "user": 3.1137410800000005,
      "system": 2.8693034600000002,
      "min": 3.23400426368,
      "max": 4.51648626768,
      "times": [
        4.3923257296800005,
        3.37149019368,
        3.23400426368,
        3.82711227868,
        3.3588630196800002,
        4.44364072868,
        4.36006011368,
        4.51648626768,
        3.42021789668,
        3.63522645468
      ],
      "exit_codes": [
        0,
        0,
        0,
        0,
        0,
        0,
        0,
        0,
        0,
        0
      ]
    },
    {
      "command": "deno",
      "mean": 10.52285357658,
      "stddev": 0.5984219664196099,
      "median": 10.367287042680001,
      "user": 3.6716606799999996,
      "system": 0.7984351599999999,
      "min": 9.66490574068,
      "max": 11.59044311768,
      "times": [
        11.40609560768,
        10.32457623868,
        11.59044311768,
        10.70374311668,
        9.93350047668,
        9.66490574068,
        10.35772316468,
        10.90539073868,
        9.96530664368,
        10.37685092068
      ],
      "exit_codes": [
        0,
        0,
        0,
        0,
        0,
        0,
        0,
        0,
        0,
        0
      ]
    }
  ]
}