{
  "results": [
    {
      "command": "npm",
      "mean": 3.3802876732000002,
      "stddev": 0.21451631527306703,
      "median": 3.2804681308,
      "user": 1.4925039,
      "system": 0.30946444,
      "min": 3.1922370228,
      "max": 3.8440513028,
      "times": [
        3.2504036198,
        3.5401254578000003,
        3.2767121868,
        3.1922370228,
        3.6779592308,
        3.2118010658,
        3.2842240748,
        3.8440513028,
        3.2259384138000002,
        3.2994243568
      ],
      "exit_codes": [
        0,
        0,
        0,
        0,
        0,
        0,
        0,
        0,
        0,
        0
      ]
    },
    {
      "command": "snpm",
      "mean": 0.6024285031999999,
      "stddev": 0.016781538735338577,
      "median": 0.6032446893,
      "user": 0.3669914,
      "system": 0.24238603999999997,
      "min": 0.5813330418,
      "max": 0.6310271458,
      "times": [
        0.5860294858,
        0.6145481998,
        0.6310271458,
        0.6077650008,
        0.6253108628,
        0.5995876207999999,
        0.6069017578,
        0.5881650258,
        0.5836168908,
        0.5813330418
      ],
      "exit_codes": [
        0,
        0,
        0,
        0,
        0,
        0,
        0,
        0,
        0,
        0
      ]
    },
    {
      "command": "yarn",
      "mean": 23.9949237136,
      "stddev": 0.9600382366012746,
      "median": 23.557658423299998,
      "user": 31.1612006,
      "system": 15.18892444,
      "min": 23.0541689948,
      "max": 25.6001326158,
      "times": [
        25.135324536800002,
        23.2555482368,
        23.086906944800003,
        23.5661969658,
        23.2596577858,
        25.4645736698,
        23.9776075048,
        25.6001326158,
        23.0541689948,
        23.5491198808
      ],
      "exit_codes": [
        0,
        0,
        0,
        0,
        0,
        0,
        0,
        0,
        0,
        0
      ]
    },
    {
      "command": "berry",
      "mean": 6.6555671476,
      "stddev": 0.3034713375944376,
      "median": 6.6364494453,
      "user": 12.5761431,
      "system": 3.53252894,
      "min": 6.1666328168,
      "max": 7.3723640448,
      "times": [
        6.5727096928,
        6.6051568578,
        6.747847101800001,
        6.1666328168,
        6.5935614938,
        6.3047395688,
        6.7513417398,
        6.7735761268,
        6.6677420328000006,
        7.3723640448
      ],
      "exit_codes": [
        0,
        0,
        0,
        0,
        0,
        0,
        0,
        0,
        0,
        0
      ]
    },
    {
      "command": "pnpm",
      "mean": 4.3323920587,
      "stddev": 0.10377482582007583,
      "median": 4.3285144038,
      "user": 6.9507298,
      "system": 2.47587564,
      "min": 4.2032344878000005,
      "max": 4.5881636468,
      "times": [
        4.5881636468,
        4.2582423398,
        4.3271000108,
        4.3536959688,
        4.3684225348,
        4.3183797528,
        4.3299287968,
        4.3727446938000005,
        4.2040083548,
        4.2032344878000005
      ],
      "exit_codes": [
        0,
        0,
        0,
        0,
        0,
        0,
        0,
        0,
        0,
        0
      ]
    },
    {
      "command": "vlt",
      "mean": 0.3364568781,
      "stddev": 0.015152426913897649,
      "median": 0.32959156580000004,
      "user": 0.36804049999999994,
      "system": 0.07554454,
      "min": 0.32475299580000005,
      "max": 0.37709871180000004,
      "times": [
        0.34481841180000006,
        0.37709871180000004,
        0.32947364780000005,
        0.34314962480000005,
        0.3358385158,
        0.32825194080000003,
        0.32475299580000005,
        0.32513935880000006,
        0.32970948380000004,
        0.3263360898
      ],
      "exit_codes": [
        0,
        0,
        0,
        0,
        0,
        0,
        0,
        0,
        0,
        0
      ]
    },
    {
      "command": "bun",
      "mean": 2.3487895218,
      "stddev": 0.10513446564850208,
      "median": 2.3496504773,
      "user": 3.404826599999999,
      "system": 2.9911355399999993,
      "min": 2.2079407008,
      "max": 2.5325129768,
      "times": [
        2.4037208748000003,
        2.2280203108,
        2.4743442178,
        2.3298894868,
        2.3694114678,
        2.4243849338,
        2.2377105738000003,
        2.2079407008,
        2.2799596748,
        2.5325129768
      ],
      "exit_codes": [
        0,
        0,
        0,
        0,
        0,
        0,
        0,
        0,
        0,
        0
      ]
    },
    {
      "command": "deno",
      "mean": 6.467981053,
      "stddev": 0.35174647656751695,
      "median": 6.3383478457999995,
      "user": 3.766517199999999,
      "system": 0.8848894399999999,
      "min": 6.1067476208,
      "max": 7.1798793358,
      "times": [
        6.9214089398,
        6.1174075338,
        6.742125493800001,
        7.1798793358,
        6.1977946838,
        6.1824479468,
        6.5553032838,
        6.3217839208,
        6.1067476208,
        6.3549117708
      ],
      "exit_codes": [
        0,
        0,
        0,
        0,
        0,
        0,
        0,
        0,
        0,
        0
      ]
    }
  ]
}