{
  "results": [
    {
      "command": "npm",
      "mean": 5.4203823702400005,
      "stddev": 0.6892665123318973,
      "median": 5.26794369294,
      "user": 1.47411926,
      "system": 0.30713988,
      "min": 4.698303104440001,
      "max": 7.24142764944,
      "times": [
        5.4153829174400006,
        4.698303104440001,
        4.8877722314400005,
        5.31523885344,
        5.566262031440001,
        5.17649811744,
        5.22064853244,
        4.848542822440001,
        5.83374744244,
        7.24142764944
      ],
      "exit_codes": [
        0,
        0,
        0,
        0,
        0,
        0,
        0,
        0,
        0,
        0
      ]
    },
    {
      "command": "snpm",
      "mean": 0.58449560714,
      "stddev": 0.0026279399749876875,
      "median": 0.58403764144,
      "user": 0.34849536,
      "system": 0.24291168000000002,
      "min": 0.58151945244,
      "max": 0.5896473854400001,
      "times": [
        0.58151945244,
        0.5896473854400001,
        0.58448131144,
        0.58359397144,
        0.58822860744,
        0.58217955844,
        0.58614387844,
        0.58224499744,
        0.58480315344,
        0.58211375544
      ],
      "exit_codes": [
        0,
        0,
        0,
        0,
        0,
        0,
        0,
        0,
        0,
        0
      ]
    },
    {
      "command": "yarn",
      "mean": 26.17413631764,
      "stddev": 1.1933118957788542,
      "median": 26.03165566394,
      "user": 30.90716336,
      "system": 15.110612079999996,
      "min": 24.73033454144,
      "max": 28.411283400440002,
      "times": [
        26.06832642844,
        25.55272974344,
        25.994984899440002,
        28.411283400440002,
        24.73033454144,
        25.02694976944,
        26.75281571544,
        24.766454929440002,
        27.89187998144,
        26.54560376744
      ],
      "exit_codes": [
        0,
        0,
        0,
        0,
        0,
        0,
        0,
        0,
        0,
        0
      ]
    },
    {
      "command": "berry",
      "mean": 7.24212489154,
      "stddev": 0.6812208954345869,
      "median": 6.966246416940001,
      "user": 12.07614586,
      "system": 3.4155602800000002,
      "min": 6.63483732344,
      "max": 8.79401342044,
      "times": [
        6.88922536244,
        6.66275519944,
        7.423903360440001,
        7.27404663244,
        8.79401342044,
        6.63483732344,
        6.753164340440001,
        7.04326747144,
        6.7716109944400005,
        8.17442481044
      ],
      "exit_codes": [
        0,
        0,
        0,
        0,
        0,
        0,
        0,
        0,
        0,
        0
      ]
    },
    {
      "command": "pnpm",
      "mean": 5.82154138904,
      "stddev": 1.1324840114294548,
      "median": 5.265273967440001,
      "user": 6.51968976,
      "system": 2.28800138,
      "min": 4.945700871440001,
      "max": 8.76666852344,
      "times": [
        6.93562077044,
        6.120847282440001,
        5.21192256344,
        5.17443902044,
        5.16441631244,
        5.31172237344,
        4.945700871440001,
        5.3652506114400005,
        8.76666852344,
        5.21882556144
      ],
      "exit_codes": [
        0,
        0,
        0,
        0,
        0,
        0,
        0,
        0,
        0,
        0
      ]
    },
    {
      "command": "vlt",
      "mean": 0.3275660049400001,
      "stddev": 0.007015442990027341,
      "median": 0.33028212494000003,
      "user": 0.35205205999999994,
      "system": 0.07876227999999999,
      "min": 0.31582762544000004,
      "max": 0.33942373244,
      "times": [
        0.32486698344000003,
        0.32447274544000004,
        0.33051492444,
        0.33174050444000003,
        0.31582762544000004,
        0.33060045644,
        0.31598432944000004,
        0.33004932544000004,
        0.33217942244000004,
        0.33942373244
      ],
      "exit_codes": [
        0,
        0,
        0,
        0,
        0,
        0,
        0,
        0,
        0,
        0
      ]
    },
    {
      "command": "bun",
      "mean": 3.5193418217400003,
      "stddev": 0.3952750495148838,
      "median": 3.49935247344,
      "user": 3.1282850599999996,
      "system": 2.80159078,
      "min": 3.02736105144,
      "max": 4.41595738144,
      "times": [
        3.49622584344,
        3.98203185544,
        3.50247910344,
        3.52197888044,
        3.21709114344,
        4.41595738144,
        3.02736105144,
        3.62297141144,
        3.19506503444,
        3.2122565124399998
      ],
      "exit_codes": [
        0,
        0,
        0,
        0,
        0,
        0,
        0,
        0,
        0,
        0
      ]
    },
    {
      "command": "deno",
      "mean": 12.82429897774,
      "stddev": 3.037645927621907,
      "median": 11.538607306940001,
      "user": 3.5219700599999997,
      "system": 0.7872274800000001,
      "min": 10.40608690144,
      "max": 18.99663306344,
      "times": [
        10.40608690144,
        18.30472850544,
        18.99663306344,
        10.95634263444,
        11.66959869744,
        10.642172093440001,
        11.58214625944,
        11.49506835444,
        13.56732444144,
        10.62288882644
      ],
      "exit_codes": [
        0,
        0,
        0,
        0,
        0,
        0,
        0,
        0,
        0,
        0
      ]
    }
  ]
}