{
  "results": [
    {
      "command": "npm",
      "mean": 0.10099847558,
      "stddev": 0.003258785235938271,
      "median": 0.10006239568,
      "user": 0.08956776,
      "system": 0.02668372,
      "min": 0.09775087318,
      "max": 0.11002105518000001,
      "times": [
        0.10098204318,
        0.10233019918,
        0.09918020118,
        0.10132582318,
        0.10033062218,
        0.09880809118,
        0.09775087318,
        0.09979416918,
        0.09946167818,
        0.11002105518000001
      ],
      "exit_codes": [
        0,
        0,
        0,
        0,
        0,
        0,
        0,
        0,
        0,
        0
      ]
    },
    {
      "command": "snpm",
      "mean": 0.02825895438,
      "stddev": 0.00016376468972327266,
      "median": 0.02824705418,
      "user": 0.01644956,
      "system": 0.014191720000000001,
      "min": 0.027931899180000004,
      "max": 0.028472303180000002,
      "times": [
        0.028100936180000004,
        0.028390311180000002,
        0.02840522918,
        0.028194717180000002,
        0.028253106180000005,
        0.027931899180000004,
        0.028241002180000002,
        0.028151309180000004,
        0.028472303180000002,
        0.028448730180000003
      ],
      "exit_codes": [
        0,
        0,
        0,
        0,
        0,
        0,
        0,
        0,
        0,
        0
      ]
    },
    {
      "command": "yarn",
      "mean": 0.17819542428000001,
      "stddev": 0.0014596690327893151,
      "median": 0.17817852868,
      "user": 0.14209126,
      "system": 0.046081620000000004,
      "min": 0.17513315918,
      "max": 0.18043829318000001,
      "times": [
        0.17788516918,
        0.17652584318,
        0.17885913218000002,
        0.17942399018,
        0.17793223818,
        0.17953193218,
        0.17842481918,
        0.17513315918,
        0.17779966618,
        0.18043829318000001
      ],
      "exit_codes": [
        0,
        0,
        0,
        0,
        0,
        0,
        0,
        0,
        0,
        0
      ]
    },
    {
      "command": "berry",
      "mean": 0.30234044118000003,
      "stddev": 0.012571805251143712,
      "median": 0.29675565018000005,
      "user": 0.32018226000000005,
      "system": 0.06589882,
      "min": 0.28636091218000004,
      "max": 0.32584149918,
      "times": [
        0.29020191718,
        0.28636091218000004,
        0.31261354318,
        0.30346789018000003,
        0.29479539218,
        0.32584149918,
        0.29604757918,
        0.32109700518,
        0.29551495218,
        0.29746372118000003
      ],
      "exit_codes": [
        0,
        0,
        0,
        0,
        0,
        0,
        0,
        0,
        0,
        0
      ]
    },
    {
      "command": "pnpm",
      "mean": 0.43011259948,
      "stddev": 0.04177929677479992,
      "median": 0.41190999118000005,
      "user": 0.42879396,
      "system": 0.07488391999999999,
      "min": 0.39447256818000004,
      "max": 0.5192634861800001,
      "times": [
        0.5192634861800001,
        0.41203198718,
        0.40670604618,
        0.43116799318000004,
        0.40512323818,
        0.39810605618,
        0.41976381018000003,
        0.39447256818000004,
        0.41178799518000003,
        0.5027028141800001
      ],
      "exit_codes": [
        0,
        0,
        0,
        0,
        0,
        0,
        0,
        0,
        0,
        0
      ]
    },
    {
      "command": "vlt",
      "mean": 0.22364657798,
      "stddev": 0.0016967707581091128,
      "median": 0.22395584068000002,
      "user": 0.21498986000000003,
      "system": 0.05588201999999999,
      "min": 0.22119857618,
      "max": 0.22604418918000002,
      "times": [
        0.22399770618,
        0.22604418918000002,
        0.22196478118000001,
        0.22119857618,
        0.22585230718000002,
        0.22174026918,
        0.22415576118,
        0.22218343818,
        0.22391397518,
        0.22541477618
      ],
      "exit_codes": [
        0,
        0,
        0,
        0,
        0,
        0,
        0,
        0,
        0,
        0
      ]
    },
    {
      "command": "bun",
      "mean": 0.0033312872800000002,
      "stddev": 0.00005970855351195518,
      "median": 0.0033243166800000002,
      "user": 0.0006564079999999999,
      "system": 0.00277102,
      "min": 0.0032517841800000003,
      "max": 0.0034713621800000006,
      "times": [
        0.0032517841800000003,
        0.003328599180000001,
        0.0033216241800000006,
        0.00327951918,
        0.00332593118,
        0.00333285718,
        0.0033971141800000007,
        0.0033227021800000004,
        0.00328137918,
        0.0034713621800000006
      ],
      "exit_codes": [
        0,
        0,
        0,
        0,
        0,
        0,
        0,
        0,
        0,
        0
      ]
    },
    {
      "command": "deno",
      "mean": 0.06280378828000001,
      "stddev": 0.000620134594819936,
      "median": 0.06271492568,
      "user": 0.03731126,
      "system": 0.032279119999999994,
      "min": 0.06195449018000001,
      "max": 0.06394773118,
      "times": [
        0.06394773118,
        0.06373227517999999,
        0.06288127618,
        0.06311708618,
        0.06287260018,
        0.06252065518,
        0.06208751618,
        0.06195449018000001,
        0.06255725118,
        0.06236700118
      ],
      "exit_codes": [
        0,
        0,
        0,
        0,
        0,
        0,
        0,
        0,
        0,
        0
      ]
    },
    {
      "command": "nx",
      "mean": 0.81937612418,
      "stddev": 0.009577151015781235,
      "median": 0.8184421281800001,
      "user": 0.60496086,
      "system": 0.16370942,
      "min": 0.80826375118,
      "max": 0.83739960018,
      "times": [
        0.81942654118,
        0.8089366181800001,
        0.8182276661800001,
        0.8125190681800001,
        0.81124797618,
        0.81865659018,
        0.80826375118,
        0.8339178261800001,
        0.83739960018,
        0.8251656041800001
      ],
      "exit_codes": [
        0,
        0,
        0,
        0,
        0,
        0,
        0,
        0,
        0,
        0
      ]
    },
    {
      "command": "turbo",
      "mean": 0.38189823458,
      "stddev": 0.012846875751595082,
      "median": 0.38017857668,
      "user": 0.12578666,
      "system": 0.08432152,
      "min": 0.36318997118,
      "max": 0.40949594218,
      "times": [
        0.38418542318000004,
        0.36748085118,
        0.40949594218,
        0.37617173018,
        0.36318997118,
        0.37466619018,
        0.38803606518,
        0.38780645518,
        0.37504744818,
        0.39290226918000004
      ],
      "exit_codes": [
        0,
        0,
        0,
        0,
        0,
        0,
        0,
        0,
        0,
        0
      ]
    },
    {
      "command": "node",
      "mean": 0.00547542708,
      "stddev": 0.00021966901049872746,
      "median": 0.00547408318,
      "user": 0.00210076,
      "system": 0.0033824199999999997,
      "min": 0.00508273418,
      "max": 0.005809943180000001,
      "times": [
        0.005378300180000001,
        0.005632035180000001,
        0.005348703180000001,
        0.005670394180000001,
        0.00556651018,
        0.005809943180000001,
        0.00567553618,
        0.0053816561800000004,
        0.00508273418,
        0.00520845818
      ],
      "exit_codes": [
        0,
        0,
        0,
        0,
        0,
        0,
        0,
        0,
        0,
        0
      ]
    }
  ]
}