{
  "results": [
    {
      "command": "npm",
      "mean": 0.09982649446000001,
      "stddev": 0.0018400947406629477,
      "median": 0.10001026436000002,
      "user": 0.08655318000000001,
      "system": 0.0281263,
      "min": 0.09661795586000001,
      "max": 0.10284485186,
      "times": [
        0.09848898786,
        0.10012344686,
        0.09925957186,
        0.09661795586000001,
        0.09749958386,
        0.10031810586,
        0.10284485186,
        0.10125457686000001,
        0.10196078186,
        0.09989708186000001
      ],
      "exit_codes": [
        0,
        0,
        0,
        0,
        0,
        0,
        0,
        0,
        0,
        0
      ]
    },
    {
      "command": "snpm",
      "mean": 0.026364600760000002,
      "stddev": 0.00023744656425328647,
      "median": 0.026285886860000003,
      "user": 0.015583679999999997,
      "system": 0.012991799999999998,
      "min": 0.02610997486,
      "max": 0.02688627986,
      "times": [
        0.02688627986,
        0.02610997486,
        0.02669741586,
        0.02618746986,
        0.02629332686,
        0.02620363586,
        0.02648408186,
        0.02631162486,
        0.02619375086,
        0.026278446860000002
      ],
      "exit_codes": [
        0,
        0,
        0,
        0,
        0,
        0,
        0,
        0,
        0,
        0
      ]
    },
    {
      "command": "yarn",
      "mean": 0.17700379455999998,
      "stddev": 0.0013548309730109557,
      "median": 0.17658097386,
      "user": 0.14490628000000003,
      "system": 0.042082499999999995,
      "min": 0.17574193186,
      "max": 0.18070450686,
      "times": [
        0.17574193186,
        0.17655139386,
        0.17578038786,
        0.17773969386,
        0.17661055386,
        0.17647893686,
        0.18070450686,
        0.17645853186,
        0.17676565886,
        0.17720634986
      ],
      "exit_codes": [
        0,
        0,
        0,
        0,
        0,
        0,
        0,
        0,
        0,
        0
      ]
    },
    {
      "command": "berry",
      "mean": 0.31883235536,
      "stddev": 0.006607928451666819,
      "median": 0.31825979736,
      "user": 0.3249247799999999,
      "system": 0.06116840000000001,
      "min": 0.31143394086,
      "max": 0.33411530986,
      "times": [
        0.31942340786,
        0.31143394086,
        0.33411530986,
        0.32207517186,
        0.31709618686,
        0.31972705486,
        0.31147343886,
        0.32470881886,
        0.31348422386,
        0.31478599986
      ],
      "exit_codes": [
        0,
        0,
        0,
        0,
        0,
        0,
        0,
        0,
        0,
        0
      ]
    },
    {
      "command": "pnpm",
      "mean": 0.43150923106000005,
      "stddev": 0.006079267072042095,
      "median": 0.42949332586,
      "user": 0.42766178000000005,
      "system": 0.07162069999999998,
      "min": 0.42314048686,
      "max": 0.44427468486,
      "times": [
        0.44427468486,
        0.43297871786000003,
        0.42898237086,
        0.42854608286,
        0.44076819786,
        0.42928372586,
        0.42970292586000003,
        0.42651498986,
        0.43090012786000004,
        0.42314048686
      ],
      "exit_codes": [
        0,
        0,
        0,
        0,
        0,
        0,
        0,
        0,
        0,
        0
      ]
    },
    {
      "command": "vlt",
      "mean": 0.22067651715999997,
      "stddev": 0.0017711801493797345,
      "median": 0.22041957986,
      "user": 0.21460548000000004,
      "system": 0.0526697,
      "min": 0.21844510886000001,
      "max": 0.22449352886,
      "times": [
        0.21924187986,
        0.22243383386,
        0.22059368886,
        0.22024547086000001,
        0.21854187786,
        0.21844510886000001,
        0.22449352886,
        0.22012971386,
        0.22195213986,
        0.22068792886
      ],
      "exit_codes": [
        0,
        0,
        0,
        0,
        0,
        0,
        0,
        0,
        0,
        0
      ]
    },
    {
      "command": "bun",
      "mean": 0.01471153866,
      "stddev": 0.000029848487378090258,
      "median": 0.014696250860000001,
      "user": 0.006105579999999999,
      "system": 0.008618899999999999,
      "min": 0.014673547860000002,
      "max": 0.014768190860000002,
      "times": [
        0.014747211860000001,
        0.014692058860000001,
        0.014696906860000001,
        0.014695594860000001,
        0.014738835860000002,
        0.014727558860000002,
        0.014768190860000002,
        0.014686814860000001,
        0.014688665860000002,
        0.014673547860000002
      ],
      "exit_codes": [
        0,
        0,
        0,
        0,
        0,
        0,
        0,
        0,
        0,
        0
      ]
    },
    {
      "command": "deno",
      "mean": 0.056452939260000015,
      "stddev": 0.0006572680872988133,
      "median": 0.05629068786000001,
      "user": 0.03354348,
      "system": 0.029097099999999997,
      "min": 0.05557374886000001,
      "max": 0.05797444486000001,
      "times": [
        0.05595610586000001,
        0.05797444486000001,
        0.057225344860000006,
        0.056198264860000006,
        0.056232056860000004,
        0.056377815860000006,
        0.056655687860000005,
        0.056349318860000004,
        0.05557374886000001,
        0.055986603860000005
      ],
      "exit_codes": [
        0,
        0,
        0,
        0,
        0,
        0,
        0,
        0,
        0,
        0
      ]
    },
    {
      "command": "nx",
      "mean": 0.7940360309600001,
      "stddev": 0.004835921182434899,
      "median": 0.7951767948600001,
      "user": 0.59027418,
      "system": 0.14878039999999998,
      "min": 0.7833609008600001,
      "max": 0.80113232586,
      "times": [
        0.79531024386,
        0.80113232586,
        0.80027933386,
        0.7902776628600001,
        0.7929300948600001,
        0.7950433458600001,
        0.79541453786,
        0.7833609008600001,
        0.7954983738600001,
        0.7911134898600001
      ],
      "exit_codes": [
        0,
        0,
        0,
        0,
        0,
        0,
        0,
        0,
        0,
        0
      ]
    },
    {
      "command": "turbo",
      "mean": 0.25240719266000006,
      "stddev": 0.025476421797058574,
      "median": 0.24686204036,
      "user": 0.12143898,
      "system": 0.0803904,
      "min": 0.22957496086,
      "max": 0.31165094086,
      "times": [
        0.23334301586,
        0.25282300086,
        0.31165094086,
        0.25430239586000003,
        0.22957496086,
        0.23333241286,
        0.22985428286,
        0.28546683586,
        0.24115142586,
        0.25257265486
      ],
      "exit_codes": [
        0,
        0,
        0,
        0,
        0,
        0,
        0,
        0,
        0,
        0
      ]
    },
    {
      "command": "node",
      "mean": 0.00517449446,
      "stddev": 0.00005210720752103315,
      "median": 0.00518881336,
      "user": 0.001865952,
      "system": 0.0033403999999999994,
      "min": 0.00508102186,
      "max": 0.00524214386,
      "times": [
        0.00524214386,
        0.00509019886,
        0.0052191608600000005,
        0.00508102186,
        0.00520027186,
        0.00514060286,
        0.00522415986,
        0.0051697578600000006,
        0.00518528186,
        0.00519234486
      ],
      "exit_codes": [
        0,
        0,
        0,
        0,
        0,
        0,
        0,
        0,
        0,
        0
      ]
    }
  ]
}