{
  "results": [
    {
      "command": "npm",
      "mean": 0.10267741552000001,
      "stddev": 0.0019611732325578598,
      "median": 0.10266903642,
      "user": 0.09158881999999999,
      "system": 0.0279528,
      "min": 0.09918618292,
      "max": 0.10608962692000001,
      "times": [
        0.10337381792000001,
        0.10061879292,
        0.10266269792,
        0.10540713892,
        0.10608962692000001,
        0.10331213292000001,
        0.10138106692000001,
        0.10206732292000001,
        0.10267537492,
        0.09918618292
      ],
      "exit_codes": [
        0,
        0,
        0,
        0,
        0,
        0,
        0,
        0,
        0,
        0
      ]
    },
    {
      "command": "snpm",
      "mean": 0.027770067420000006,
      "stddev": 0.0002725180327322402,
      "median": 0.02774253692,
      "user": 0.01772282,
      "system": 0.0123811,
      "min": 0.02745441792,
      "max": 0.028432307920000004,
      "times": [
        0.027666402920000003,
        0.028432307920000004,
        0.027963122920000003,
        0.02754535992,
        0.02745441792,
        0.027814761920000004,
        0.02787039892,
        0.02746882792,
        0.02777107092,
        0.02771400292
      ],
      "exit_codes": [
        0,
        0,
        0,
        0,
        0,
        0,
        0,
        0,
        0,
        0
      ]
    },
    {
      "command": "yarn",
      "mean": 0.17997996102,
      "stddev": 0.0018604500915229865,
      "median": 0.17947796142,
      "user": 0.14494221999999998,
      "system": 0.0450714,
      "min": 0.17836365592,
      "max": 0.18494484592,
      "times": [
        0.18013498992,
        0.18494484592,
        0.17955452491999999,
        0.17836365592,
        0.17882978291999999,
        0.17901259992,
        0.17838472791999999,
        0.17940139792,
        0.18138375892,
        0.17978932592
      ],
      "exit_codes": [
        0,
        0,
        0,
        0,
        0,
        0,
        0,
        0,
        0,
        0
      ]
    },
    {
      "command": "berry",
      "mean": 0.30239595232000005,
      "stddev": 0.004380302791588202,
      "median": 0.30110833892,
      "user": 0.3366923200000001,
      "system": 0.06061609999999999,
      "min": 0.29803716392,
      "max": 0.31421552692,
      "times": [
        0.29893301892,
        0.30302539892,
        0.31421552692,
        0.30264851392000003,
        0.30484731992,
        0.30092743192,
        0.30010991992,
        0.30128924592,
        0.29992598292,
        0.29803716392
      ],
      "exit_codes": [
        0,
        0,
        0,
        0,
        0,
        0,
        0,
        0,
        0,
        0
      ]
    },
    {
      "command": "pnpm",
      "mean": 0.41887113791999997,
      "stddev": 0.008138006207806428,
      "median": 0.41652819292,
      "user": 0.44095671999999997,
      "system": 0.07035759999999999,
      "min": 0.40884988992,
      "max": 0.43200985392,
      "times": [
        0.43169622892000004,
        0.41676776492,
        0.40970163692,
        0.41065294992,
        0.42060192192,
        0.41628862092,
        0.41610393092000003,
        0.43200985392,
        0.42603858092,
        0.40884988992
      ],
      "exit_codes": [
        0,
        0,
        0,
        0,
        0,
        0,
        0,
        0,
        0,
        0
      ]
    },
    {
      "command": "vlt",
      "mean": 0.21906938642,
      "stddev": 0.0028264466723213195,
      "median": 0.21922121742,
      "user": 0.20315882,
      "system": 0.054016999999999996,
      "min": 0.21492869792,
      "max": 0.22389209692,
      "times": [
        0.21925315692,
        0.22285017992,
        0.21506574392,
        0.21733881292,
        0.21768545392,
        0.21939753692,
        0.22389209692,
        0.21918927792,
        0.22109290692,
        0.21492869792
      ],
      "exit_codes": [
        0,
        0,
        0,
        0,
        0,
        0,
        0,
        0,
        0,
        0
      ]
    },
    {
      "command": "bun",
      "mean": 0.00333893612,
      "stddev": 0.00005240410445337272,
      "median": 0.00332556942,
      "user": 0.0006968959999999999,
      "system": 0.0027446,
      "min": 0.00328531892,
      "max": 0.00347188792,
      "times": [
        0.0033900839199999997,
        0.00329220192,
        0.00332494192,
        0.00328531892,
        0.00347188792,
        0.00333803892,
        0.00333882792,
        0.0033261969200000002,
        0.00330135892,
        0.00332050392
      ],
      "exit_codes": [
        0,
        0,
        0,
        0,
        0,
        0,
        0,
        0,
        0,
        0
      ]
    },
    {
      "command": "deno",
      "mean": 0.057346862619999994,
      "stddev": 0.0003541375704900706,
      "median": 0.057323171920000006,
      "user": 0.03462522,
      "system": 0.0288726,
      "min": 0.05658569992,
      "max": 0.05792313392,
      "times": [
        0.05792313392,
        0.05716176592,
        0.057176448920000005,
        0.05764631792,
        0.05766336392,
        0.05658569992,
        0.057134158920000004,
        0.05753139292000001,
        0.057390669920000005,
        0.05725567392000001
      ],
      "exit_codes": [
        0,
        0,
        0,
        0,
        0,
        0,
        0,
        0,
        0,
        0
      ]
    },
    {
      "command": "nx",
      "mean": 0.8099923385200001,
      "stddev": 0.00774125312707821,
      "median": 0.81007479892,
      "user": 0.60977682,
      "system": 0.1468296,
      "min": 0.79256654492,
      "max": 0.81886274292,
      "times": [
        0.81830915392,
        0.81886274292,
        0.81018642592,
        0.8168509659200001,
        0.80879936492,
        0.81582382592,
        0.8042535619200001,
        0.79256654492,
        0.80430762692,
        0.80996317192
      ],
      "exit_codes": [
        0,
        0,
        0,
        0,
        0,
        0,
        0,
        0,
        0,
        0
      ]
    },
    {
      "command": "turbo",
      "mean": 0.18917718402,
      "stddev": 0.0018929883982429171,
      "median": 0.18914831191999998,
      "user": 0.12434841999999999,
      "system": 0.07774239999999998,
      "min": 0.18577725892,
      "max": 0.19227120492,
      "times": [
        0.19114359292,
        0.18824503192,
        0.19007347391999999,
        0.18865102892,
        0.18686466492,
        0.18577725892,
        0.18964559492,
        0.18831698591999999,
        0.19078300292,
        0.19227120492
      ],
      "exit_codes": [
        0,
        0,
        0,
        0,
        0,
        0,
        0,
        0,
        0,
        0
      ]
    },
    {
      "command": "node",
      "mean": 0.005212510020000001,
      "stddev": 0.00007934841854939526,
      "median": 0.005210151420000001,
      "user": 0.0021012579999999995,
      "system": 0.0031613,
      "min": 0.005120371920000001,
      "max": 0.005411047920000001,
      "times": [
        0.005411047920000001,
        0.00520774592,
        0.0052516299200000005,
        0.00521996492,
        0.0051242419200000005,
        0.005164143920000001,
        0.005120371920000001,
        0.00516639792,
        0.005246998920000001,
        0.005212556920000001
      ],
      "exit_codes": [
        0,
        0,
        0,
        0,
        0,
        0,
        0,
        0,
        0,
        0
      ]
    }
  ]
}