{
  "results": [
    {
      "command": "npm",
      "mean": 0.09887446282000001,
      "stddev": 0.002294216700104863,
      "median": 0.09854623372000001,
      "user": 0.08651729999999999,
      "system": 0.02671368,
      "min": 0.09633784622000001,
      "max": 0.10246569722000001,
      "times": [
        0.09657781422000002,
        0.09633784622000001,
        0.09649140222000001,
        0.09657738222000001,
        0.10095118922000001,
        0.10148831222000002,
        0.09751000422000002,
        0.09958246322000001,
        0.10246569722000001,
        0.10076251722000001
      ],
      "exit_codes": [
        0,
        0,
        0,
        0,
        0,
        0,
        0,
        0,
        0,
        0
      ]
    },
    {
      "command": "snpm",
      "mean": 0.027478116220000005,
      "stddev": 0.00040031121832993956,
      "median": 0.02737066372,
      "user": 0.0160431,
      "system": 0.01372218,
      "min": 0.02710354522,
      "max": 0.028622821220000004,
      "times": [
        0.02738984922,
        0.028622821220000004,
        0.027351478220000003,
        0.027197530220000002,
        0.02710354522,
        0.027327012220000002,
        0.027425606220000003,
        0.027335568220000002,
        0.027493703220000002,
        0.027534048220000003
      ],
      "exit_codes": [
        0,
        0,
        0,
        0,
        0,
        0,
        0,
        0,
        0,
        0
      ]
    },
    {
      "command": "yarn",
      "mean": 0.17695228002000002,
      "stddev": 0.0016306986753979898,
      "median": 0.17647354772,
      "user": 0.1447598,
      "system": 0.041825179999999997,
      "min": 0.17434878022,
      "max": 0.18058081022,
      "times": [
        0.17554425322,
        0.17609373922,
        0.17434878022,
        0.17637182822,
        0.18058081022,
        0.17766495322,
        0.17846976622,
        0.17657360322,
        0.17637349222,
        0.17750157422
      ],
      "exit_codes": [
        0,
        0,
        0,
        0,
        0,
        0,
        0,
        0,
        0,
        0
      ]
    },
    {
      "command": "berry",
      "mean": 0.36830987932000003,
      "stddev": 0.009492528338086866,
      "median": 0.36797422522,
      "user": 0.3320569,
      "system": 0.05978587999999999,
      "min": 0.35091936322,
      "max": 0.38766741322000003,
      "times": [
        0.36814721922,
        0.37608513022,
        0.36644337822,
        0.38766741322000003,
        0.37149280522,
        0.35091936322,
        0.36543277422000003,
        0.37207479022,
        0.36780123122,
        0.35703468822
      ],
      "exit_codes": [
        0,
        0,
        0,
        0,
        0,
        0,
        0,
        0,
        0,
        0
      ]
    },
    {
      "command": "pnpm",
      "mean": 0.5338657223200001,
      "stddev": 0.06641454046588324,
      "median": 0.51406064222,
      "user": 0.42875969999999997,
      "system": 0.07214518,
      "min": 0.50142379022,
      "max": 0.73222144522,
      "times": [
        0.73222144522,
        0.51392395222,
        0.51146906822,
        0.50142379022,
        0.50350283622,
        0.51419733222,
        0.52470362222,
        0.5155466442200001,
        0.50744481822,
        0.51422371422
      ],
      "exit_codes": [
        0,
        0,
        0,
        0,
        0,
        0,
        0,
        0,
        0,
        0
      ]
    },
    {
      "command": "vlt",
      "mean": 0.22413538272000003,
      "stddev": 0.0025080278347371383,
      "median": 0.22446277172,
      "user": 0.21865439999999997,
      "system": 0.054679679999999994,
      "min": 0.21961942822,
      "max": 0.22771018522,
      "times": [
        0.22435613322,
        0.22094503522,
        0.22665163022,
        0.21961942822,
        0.22771018522,
        0.22289186822,
        0.22263325822,
        0.22706354522,
        0.22491333322,
        0.22456941022000002
      ],
      "exit_codes": [
        0,
        0,
        0,
        0,
        0,
        0,
        0,
        0,
        0,
        0
      ]
    },
    {
      "command": "bun",
      "mean": 0.003309731920000001,
      "stddev": 0.000024609459482280363,
      "median": 0.0033028297200000003,
      "user": 0.0006499799999999999,
      "system": 0.00271198,
      "min": 0.0032741272200000004,
      "max": 0.0033701862200000003,
      "times": [
        0.0033261942200000006,
        0.0032741272200000004,
        0.0032971292200000006,
        0.003322486220000001,
        0.0033701862200000003,
        0.0033019182200000005,
        0.00329834122,
        0.00331114522,
        0.0032920502200000008,
        0.0033037412200000002
      ],
      "exit_codes": [
        0,
        0,
        0,
        0,
        0,
        0,
        0,
        0,
        0,
        0
      ]
    },
    {
      "command": "deno",
      "mean": 0.05734712911999999,
      "stddev": 0.00036963813517261793,
      "median": 0.057325369220000005,
      "user": 0.0341364,
      "system": 0.029231779999999995,
      "min": 0.05679626122,
      "max": 0.05798130522,
      "times": [
        0.05798130522,
        0.05791434922,
        0.05724761322,
        0.05702655122,
        0.057403125220000004,
        0.05720902222,
        0.05693618222,
        0.05679626122,
        0.05749721022,
        0.05745967122
      ],
      "exit_codes": [
        0,
        0,
        0,
        0,
        0,
        0,
        0,
        0,
        0,
        0
      ]
    },
    {
      "command": "nx",
      "mean": 0.80074076232,
      "stddev": 0.00401742554871574,
      "median": 0.80019133122,
      "user": 0.6019407,
      "system": 0.14772878,
      "min": 0.7946205902200001,
      "max": 0.8089640932200001,
      "times": [
        0.7946205902200001,
        0.79642953322,
        0.79897969822,
        0.80199270722,
        0.80000009122,
        0.7988942412200001,
        0.8061159722200001,
        0.80102812522,
        0.80038257122,
        0.8089640932200001
      ],
      "exit_codes": [
        0,
        0,
        0,
        0,
        0,
        0,
        0,
        0,
        0,
        0
      ]
    },
    {
      "command": "turbo",
      "mean": 0.4326005197200001,
      "stddev": 0.05242278030355769,
      "median": 0.45991009722,
      "user": 0.12289109999999999,
      "system": 0.08074518,
      "min": 0.34126477922000004,
      "max": 0.49010377522000004,
      "times": [
        0.49010377522000004,
        0.48923568422,
        0.38566832122,
        0.46219043722,
        0.42597937722,
        0.34851382522,
        0.45873297922,
        0.46108721522,
        0.34126477922000004,
        0.46322880322000004
      ],
      "exit_codes": [
        0,
        0,
        0,
        0,
        0,
        0,
        0,
        0,
        0,
        0
      ]
    },
    {
      "command": "node",
      "mean": 0.00525751342,
      "stddev": 0.0001683978360328896,
      "median": 0.00520987322,
      "user": 0.00219008,
      "system": 0.00306618,
      "min": 0.00505237922,
      "max": 0.00570085122,
      "times": [
        0.00570085122,
        0.00513836922,
        0.00514684522,
        0.00522402022,
        0.00532225322,
        0.00527219122,
        0.00519367322,
        0.00519572622,
        0.00505237922,
        0.00532882522
      ],
      "exit_codes": [
        0,
        0,
        0,
        0,
        0,
        0,
        0,
        0,
        0,
        0
      ]
    }
  ]
}