{
  "results": [
    {
      "command": "npm",
      "mean": 0.10187864032000002,
      "stddev": 0.0020612776553623454,
      "median": 0.10241899142000001,
      "user": 0.09134314,
      "system": 0.0258595,
      "min": 0.09740176142000001,
      "max": 0.10402008742,
      "times": [
        0.10399752142000002,
        0.10079487842000001,
        0.10197377642000001,
        0.09740176142000001,
        0.09921511642000001,
        0.10335592142000001,
        0.10327109442000001,
        0.10189203942000001,
        0.10402008742,
        0.10286420642
      ],
      "exit_codes": [
        0,
        0,
        0,
        0,
        0,
        0,
        0,
        0,
        0,
        0
      ]
    },
    {
      "command": "snpm",
      "mean": 0.027644669020000002,
      "stddev": 0.00040753275621579154,
      "median": 0.02758926842,
      "user": 0.01640034,
      "system": 0.013504999999999998,
      "min": 0.02682788142,
      "max": 0.02835558242,
      "times": [
        0.02755623742,
        0.02791790242,
        0.027531418420000002,
        0.027447250420000003,
        0.02805750442,
        0.02727334542,
        0.02682788142,
        0.027622299420000003,
        0.02835558242,
        0.02785726842
      ],
      "exit_codes": [
        0,
        0,
        0,
        0,
        0,
        0,
        0,
        0,
        0,
        0
      ]
    },
    {
      "command": "yarn",
      "mean": 0.17934705071999998,
      "stddev": 0.000990637061929245,
      "median": 0.17886116042,
      "user": 0.14752744,
      "system": 0.0422007,
      "min": 0.17823331342,
      "max": 0.18126775342,
      "times": [
        0.17823331342,
        0.17884014942,
        0.17888217142,
        0.17972030842,
        0.17929513242,
        0.17860789542,
        0.18109177442,
        0.17880716742,
        0.18126775342,
        0.17872484142
      ],
      "exit_codes": [
        0,
        0,
        0,
        0,
        0,
        0,
        0,
        0,
        0,
        0
      ]
    },
    {
      "command": "berry",
      "mean": 0.30276403242,
      "stddev": 0.006540689771641913,
      "median": 0.30136369342,
      "user": 0.33717024,
      "system": 0.06278520000000001,
      "min": 0.29075335342,
      "max": 0.31237319442,
      "times": [
        0.30142189942000003,
        0.30512870342000004,
        0.29772751642,
        0.30130548742,
        0.30984154942000003,
        0.29844919542000004,
        0.29075335342,
        0.29921418542,
        0.31237319442,
        0.31142523942
      ],
      "exit_codes": [
        0,
        0,
        0,
        0,
        0,
        0,
        0,
        0,
        0,
        0
      ]
    },
    {
      "command": "pnpm",
      "mean": 0.41643895182,
      "stddev": 0.01093958983504361,
      "median": 0.41275277192000004,
      "user": 0.43174294,
      "system": 0.0768871,
      "min": 0.40496353042,
      "max": 0.44047859142,
      "times": [
        0.41219640042,
        0.41651231242000003,
        0.40496353042,
        0.41330914342,
        0.44047859142,
        0.43368178342,
        0.41148934742000004,
        0.40605038842,
        0.41425341742,
        0.41145460342
      ],
      "exit_codes": [
        0,
        0,
        0,
        0,
        0,
        0,
        0,
        0,
        0,
        0
      ]
    },
    {
      "command": "vlt",
      "mean": 0.22213921762000002,
      "stddev": 0.0037848113213675505,
      "median": 0.22333548442,
      "user": 0.20991724,
      "system": 0.056212399999999996,
      "min": 0.21418655842,
      "max": 0.22543530542,
      "times": [
        0.22182897342,
        0.22525396842,
        0.21418655842,
        0.22284010742000002,
        0.22458111842,
        0.22320418742,
        0.21564962342,
        0.22494555242,
        0.22543530542,
        0.22346678142
      ],
      "exit_codes": [
        0,
        0,
        0,
        0,
        0,
        0,
        0,
        0,
        0,
        0
      ]
    },
    {
      "command": "bun",
      "mean": 0.01475713242,
      "stddev": 0.0000720432152211432,
      "median": 0.014767101920000001,
      "user": 0.00503494,
      "system": 0.0097526,
      "min": 0.014614439420000002,
      "max": 0.014881710420000001,
      "times": [
        0.014760543420000001,
        0.014684899420000001,
        0.014797485420000001,
        0.014784641420000001,
        0.014692646420000002,
        0.014766116420000001,
        0.014614439420000002,
        0.01482075442,
        0.014768087420000001,
        0.014881710420000001
      ],
      "exit_codes": [
        0,
        0,
        0,
        0,
        0,
        0,
        0,
        0,
        0,
        0
      ]
    },
    {
      "command": "deno",
      "mean": 0.057493992019999995,
      "stddev": 0.0005148916027146293,
      "median": 0.05755708792000001,
      "user": 0.03586283999999999,
      "system": 0.0276575,
      "min": 0.056404867420000004,
      "max": 0.05825706642,
      "times": [
        0.056404867420000004,
        0.057006373420000006,
        0.05825706642,
        0.057973339420000006,
        0.05795790842000001,
        0.05749827242000001,
        0.05709137042000001,
        0.05761590342,
        0.05764528542,
        0.05748953342
      ],
      "exit_codes": [
        0,
        0,
        0,
        0,
        0,
        0,
        0,
        0,
        0,
        0
      ]
    },
    {
      "command": "nx",
      "mean": 0.8084058355200001,
      "stddev": 0.006111104849835091,
      "median": 0.8098851009200001,
      "user": 0.59757194,
      "system": 0.15733569999999997,
      "min": 0.7922065984200001,
      "max": 0.8142967894200001,
      "times": [
        0.80803817842,
        0.8133795704200001,
        0.81308307242,
        0.8087563304200001,
        0.8142967894200001,
        0.8047400194200001,
        0.80730671542,
        0.7922065984200001,
        0.81101387142,
        0.81123720942
      ],
      "exit_codes": [
        0,
        0,
        0,
        0,
        0,
        0,
        0,
        0,
        0,
        0
      ]
    },
    {
      "command": "turbo",
      "mean": 0.38386801032000006,
      "stddev": 0.021180761820679954,
      "median": 0.37913893292,
      "user": 0.12548774,
      "system": 0.08091960000000001,
      "min": 0.36256587142,
      "max": 0.44377978842000004,
      "times": [
        0.38098308442,
        0.44377978842000004,
        0.37439633042000003,
        0.39177198242,
        0.37953954342,
        0.37873832242,
        0.36256587142,
        0.37162165342000003,
        0.37987573542,
        0.37540779142
      ],
      "exit_codes": [
        0,
        0,
        0,
        0,
        0,
        0,
        0,
        0,
        0,
        0
      ]
    },
    {
      "command": "node",
      "mean": 0.0053411306200000005,
      "stddev": 0.00006743594426832024,
      "median": 0.0053626249200000005,
      "user": 0.0018197400000000002,
      "system": 0.0035249999999999995,
      "min": 0.00520875942,
      "max": 0.00545131842,
      "times": [
        0.005348594420000001,
        0.00539554942,
        0.00545131842,
        0.005301042420000001,
        0.005384193420000001,
        0.00537738842,
        0.00520875942,
        0.00537665542,
        0.005294081420000001,
        0.00527372342
      ],
      "exit_codes": [
        0,
        0,
        0,
        0,
        0,
        0,
        0,
        0,
        0,
        0
      ]
    }
  ]
}