{
  "results": [
    {
      "command": "npm",
      "mean": 9.550166930360001,
      "stddev": 0.04390295268916178,
      "median": 9.557394117560001,
      "user": 9.587835299999998,
      "system": 5.360496079999999,
      "min": 9.47679237106,
      "max": 9.618612118060001,
      "times": [
        9.56395429406,
        9.55154376406,
        9.599568145060001,
        9.47679237106,
        9.56324447106,
        9.618612118060001,
        9.50920637606,
        9.499707673060001,
        9.52786749006,
        9.59117260106
      ],
      "exit_codes": [
        0,
        0,
        0,
        0,
        0,
        0,
        0,
        0,
        0,
        0
      ]
    },
    {
      "command": "snpm",
      "mean": 0.16220277956,
      "stddev": 0.003566620316217783,
      "median": 0.16061014406000002,
      "user": 0.028976599999999998,
      "system": 0.13551318,
      "min": 0.15748603906,
      "max": 0.16749117406,
      "times": [
        0.16317857606,
        0.16716127606,
        0.15879585906000002,
        0.16080454906,
        0.16702558006,
        0.15748603906,
        0.16041573906,
        0.16749117406,
        0.15950161606000002,
        0.16016738706
      ],
      "exit_codes": [
        0,
        0,
        0,
        0,
        0,
        0,
        0,
        0,
        0,
        0
      ]
    },
    {
      "command": "yarn",
      "mean": 19.59477815776,
      "stddev": 0.6858162143671913,
      "median": 19.46832658006,
      "user": 25.7630425,
      "system": 14.516579380000001,
      "min": 18.798560610059997,
      "max": 21.44845841606,
      "times": [
        21.44845841606,
        19.88982450706,
        19.339613633059997,
        19.63000066706,
        19.36101774406,
        19.01123537106,
        18.798560610059997,
        19.58913880306,
        19.304296410059997,
        19.57563541606
      ],
      "exit_codes": [
        0,
        0,
        0,
        0,
        0,
        0,
        0,
        0,
        0,
        0
      ]
    },
    {
      "command": "berry",
      "mean": 7.958642347660001,
      "stddev": 0.1727911054906547,
      "median": 8.015284838060001,
      "user": 12.0935709,
      "system": 5.19112628,
      "min": 7.684574565059999,
      "max": 8.21759131206,
      "times": [
        8.103746241060001,
        7.684574565059999,
        7.96857940406,
        8.097806507060001,
        8.06600096506,
        8.061990272060001,
        7.75441030806,
        8.21759131206,
        7.89066008606,
        7.74106381606
      ],
      "exit_codes": [
        0,
        0,
        0,
        0,
        0,
        0,
        0,
        0,
        0,
        0
      ]
    },
    {
      "command": "pnpm",
      "mean": 3.64253994206,
      "stddev": 0.06596027397055851,
      "median": 3.61583892806,
      "user": 7.0844062999999995,
      "system": 3.0496616799999994,
      "min": 3.55241337706,
      "max": 3.7645090850600003,
      "times": [
        3.7356037890600002,
        3.6114323460600004,
        3.62071657506,
        3.61520334706,
        3.6081330150600004,
        3.61647450906,
        3.55241337706,
        3.58853898606,
        3.71237439106,
        3.7645090850600003
      ],
      "exit_codes": [
        0,
        0,
        0,
        0,
        0,
        0,
        0,
        0,
        0,
        0
      ]
    },
    {
      "command": "vlt",
      "mean": 5.002879077359999,
      "stddev": 0.046423471080780966,
      "median": 4.99595581856,
      "user": 6.5990793,
      "system": 3.59101788,
      "min": 4.91064469106,
      "max": 5.069152005059999,
      "times": [
        5.069152005059999,
        5.04120291106,
        4.97953666706,
        5.0482361850599995,
        4.983649961059999,
        5.00339072306,
        5.04697334506,
        4.91064469106,
        4.9574833710599995,
        4.9885209140599995
      ],
      "exit_codes": [
        0,
        0,
        0,
        0,
        0,
        0,
        0,
        0,
        0,
        0
      ]
    },
    {
      "command": "bun",
      "mean": 1.8194780656599998,
      "stddev": 0.13481253350846484,
      "median": 1.8106654890600002,
      "user": 1.6858700000000002,
      "system": 2.4581954799999997,
      "min": 1.6383415610600003,
      "max": 2.04765160106,
      "times": [
        1.6383415610600003,
        1.8957194620600002,
        1.6750383080600002,
        1.71913926606,
        1.7110412380600002,
        1.87895199106,
        1.7424784460600002,
        1.8788525320600002,
        2.00756625106,
        2.04765160106
      ],
      "exit_codes": [
        0,
        0,
        0,
        0,
        0,
        0,
        0,
        0,
        0,
        0
      ]
    },
    {
      "command": "deno",
      "mean": 4.716279505859999,
      "stddev": 0.4605885811779199,
      "median": 4.61847302056,
      "user": 3.8903838,
      "system": 2.25566198,
      "min": 4.04861436406,
      "max": 5.7369289940599995,
      "times": [
        4.43902441006,
        5.19986946106,
        4.29099658906,
        4.60888524906,
        5.7369289940599995,
        4.04861436406,
        4.628060792059999,
        4.47104716706,
        4.95856664706,
        4.780801385059999
      ],
      "exit_codes": [
        0,
        0,
        0,
        0,
        0,
        0,
        0,
        0,
        0,
        0
      ]
    }
  ]
}