{
  "results": [
    {
      "command": "npm",
      "mean": 9.765182098779999,
      "stddev": 0.049250278170469744,
      "median": 9.75872006178,
      "user": 9.93319376,
      "system": 5.595373200000001,
      "min": 9.68642571078,
      "max": 9.87023160978,
      "times": [
        9.68642571078,
        9.75365909078,
        9.73794154778,
        9.763781032779999,
        9.80997158178,
        9.72547856578,
        9.78999495778,
        9.727047383779999,
        9.787289506779999,
        9.87023160978
      ],
      "exit_codes": [
        0,
        0,
        0,
        0,
        0,
        0,
        0,
        0,
        0,
        0
      ]
    },
    {
      "command": "snpm",
      "mean": 0.17177200687999997,
      "stddev": 0.0043434158086405345,
      "median": 0.17213676628000002,
      "user": 0.03212356,
      "system": 0.14230969999999998,
      "min": 0.16605229078,
      "max": 0.17725464978,
      "times": [
        0.17689711178,
        0.17725464978,
        0.16780996978,
        0.17129833278,
        0.17678742078,
        0.16772427278,
        0.17297519978,
        0.17477680378,
        0.16614401678,
        0.16605229078
      ],
      "exit_codes": [
        0,
        0,
        0,
        0,
        0,
        0,
        0,
        0,
        0,
        0
      ]
    },
    {
      "command": "yarn",
      "mean": 19.44646791778,
      "stddev": 0.15974133993905285,
      "median": 19.39648241678,
      "user": 26.369069959999997,
      "system": 14.7176729,
      "min": 19.27328934478,
      "max": 19.834273254779998,
      "times": [
        19.50675425578,
        19.39136469978,
        19.40160013378,
        19.33713874678,
        19.331179826779998,
        19.834273254779998,
        19.27328934478,
        19.50910230078,
        19.57573436778,
        19.30424224678
      ],
      "exit_codes": [
        0,
        0,
        0,
        0,
        0,
        0,
        0,
        0,
        0,
        0
      ]
    },
    {
      "command": "berry",
      "mean": 8.327896012879998,
      "stddev": 0.08870653881628181,
      "median": 8.309055108279999,
      "user": 13.016217059999999,
      "system": 5.4440273,
      "min": 8.16740022078,
      "max": 8.49723528278,
      "times": [
        8.424734704779999,
        8.304443663779999,
        8.16740022078,
        8.28206054278,
        8.313666552779999,
        8.49723528278,
        8.283794391779999,
        8.40755929078,
        8.331167859779999,
        8.26689761878
      ],
      "exit_codes": [
        0,
        0,
        0,
        0,
        0,
        0,
        0,
        0,
        0,
        0
      ]
    },
    {
      "command": "pnpm",
      "mean": 3.7308732252800008,
      "stddev": 0.06076746233154797,
      "median": 3.71083573428,
      "user": 7.27205736,
      "system": 3.161755499999999,
      "min": 3.6757762567800003,
      "max": 3.88859302478,
      "times": [
        3.6988527177800004,
        3.71726516778,
        3.71856635978,
        3.70440630078,
        3.88859302478,
        3.6757762567800003,
        3.6850002927800003,
        3.68768964878,
        3.75087752178,
        3.78170496178
      ],
      "exit_codes": [
        0,
        0,
        0,
        0,
        0,
        0,
        0,
        0,
        0,
        0
      ]
    },
    {
      "command": "vlt",
      "mean": 5.07658772838,
      "stddev": 0.043677217159068055,
      "median": 5.05812156928,
      "user": 6.782282559999999,
      "system": 3.7128856,
      "min": 5.00514043178,
      "max": 5.15460843478,
      "times": [
        5.13749746778,
        5.00514043178,
        5.09938561378,
        5.05687242678,
        5.05491585578,
        5.0433402667800005,
        5.15460843478,
        5.05937071178,
        5.103772755780001,
        5.0509733187800006
      ],
      "exit_codes": [
        0,
        0,
        0,
        0,
        0,
        0,
        0,
        0,
        0,
        0
      ]
    },
    {
      "command": "bun",
      "mean": 1.7886692616799997,
      "stddev": 0.11695973193707715,
      "median": 1.77096376928,
      "user": 1.8208251599999996,
      "system": 2.5808675,
      "min": 1.6417291907799998,
      "max": 2.02041092178,
      "times": [
        2.02041092178,
        1.6417291907799998,
        1.83699108978,
        1.75199332878,
        1.78993420978,
        1.74101667178,
        1.6717539687799998,
        1.94227670178,
        1.83049986778,
        1.66008666578
      ],
      "exit_codes": [
        0,
        0,
        0,
        0,
        0,
        0,
        0,
        0,
        0,
        0
      ]
    },
    {
      "command": "deno",
      "mean": 4.0328269811799995,
      "stddev": 0.15726026312189992,
      "median": 4.00145060028,
      "user": 4.04335396,
      "system": 2.3000298,
      "min": 3.84445425078,
      "max": 4.29954962378,
      "times": [
        4.27252073178,
        3.89214079078,
        3.8870491137800003,
        4.29954962378,
        3.9867815387800003,
        4.01611966178,
        4.11693405478,
        4.13148285878,
        3.84445425078,
        3.88123718678
      ],
      "exit_codes": [
        0,
        0,
        0,
        0,
        0,
        0,
        0,
        0,
        0,
        0
      ]
    }
  ]
}