{
  "results": [
    {
      "command": "npm",
      "mean": 8.362000519899999,
      "stddev": 0.056131608195432454,
      "median": 8.363671942899998,
      "user": 8.6625294,
      "system": 3.500858,
      "min": 8.2536695774,
      "max": 8.456879298399999,
      "times": [
        8.368348319399999,
        8.358995566399999,
        8.373993921399999,
        8.456879298399999,
        8.343505456399999,
        8.425799545399999,
        8.2536695774,
        8.330494760399999,
        8.404403131399999,
        8.3039156224
      ],
      "exit_codes": [
        0,
        0,
        0,
        0,
        0,
        0,
        0,
        0,
        0,
        0
      ]
    },
    {
      "command": "snpm",
      "mean": 0.0834458933,
      "stddev": 0.0012261680954185228,
      "median": 0.0832082424,
      "user": 0.027138299999999994,
      "system": 0.05853339999999999,
      "min": 0.0819377114,
      "max": 0.08581700639999999,
      "times": [
        0.0856781474,
        0.08581700639999999,
        0.0832016364,
        0.0825224064,
        0.0825157344,
        0.0829003084,
        0.0832148484,
        0.0819377114,
        0.0833676614,
        0.0833034724
      ],
      "exit_codes": [
        0,
        0,
        0,
        0,
        0,
        0,
        0,
        0,
        0,
        0
      ]
    },
    {
      "command": "yarn",
      "mean": 16.783134168500002,
      "stddev": 0.6223852667404343,
      "median": 16.5917923684,
      "user": 23.275787700000002,
      "system": 9.0167304,
      "min": 16.1763177184,
      "max": 18.4806671424,
      "times": [
        16.3723794884,
        16.4889815414,
        17.1442428404,
        16.1763177184,
        16.4967534884,
        16.6868312484,
        16.404699412400003,
        16.748143339400002,
        16.8323254654,
        18.4806671424
      ],
      "exit_codes": [
        0,
        0,
        0,
        0,
        0,
        0,
        0,
        0,
        0,
        0
      ]
    },
    {
      "command": "berry",
      "mean": 7.109103382500001,
      "stddev": 0.09120926555820456,
      "median": 7.0993840674,
      "user": 11.8876229,
      "system": 3.7483984,
      "min": 6.9996711584,
      "max": 7.3435830674,
      "times": [
        6.9996711584,
        7.1030147044000005,
        7.0509673424,
        7.1010908244,
        7.3435830674,
        7.116688362400001,
        7.0976773104,
        7.070697394400001,
        7.178102373400001,
        7.029541287400001
      ],
      "exit_codes": [
        0,
        0,
        0,
        0,
        0,
        0,
        0,
        0,
        0,
        0
      ]
    },
    {
      "command": "pnpm",
      "mean": 3.4257005727999994,
      "stddev": 0.05910721042486035,
      "median": 3.4095295074,
      "user": 7.036378999999999,
      "system": 1.9185548000000001,
      "min": 3.3541704424,
      "max": 3.5706730234,
      "times": [
        3.3778913184,
        3.3541704424,
        3.5706730234,
        3.4679045414,
        3.3926574474,
        3.4033270054,
        3.4157320093999997,
        3.3799437564,
        3.4448029784,
        3.4499032054
      ],
      "exit_codes": [
        0,
        0,
        0,
        0,
        0,
        0,
        0,
        0,
        0,
        0
      ]
    },
    {
      "command": "vlt",
      "mean": 4.3598479306,
      "stddev": 0.037827984315729896,
      "median": 4.359772860400001,
      "user": 6.2529459,
      "system": 2.3460327,
      "min": 4.2965419134000005,
      "max": 4.4345881154,
      "times": [
        4.357896252400001,
        4.3132502054,
        4.3616494684000005,
        4.2965419134000005,
        4.3737893454000005,
        4.4345881154,
        4.3552493414,
        4.389382294400001,
        4.3312028604,
        4.3849295094
      ],
      "exit_codes": [
        0,
        0,
        0,
        0,
        0,
        0,
        0,
        0,
        0,
        0
      ]
    },
    {
      "command": "bun",
      "mean": 1.4968033826000002,
      "stddev": 0.06495199981343973,
      "median": 1.4918408804,
      "user": 1.7223894000000002,
      "system": 1.6340665,
      "min": 1.4234767274000002,
      "max": 1.6523530034000002,
      "times": [
        1.4270289754,
        1.4939847174,
        1.5528739814,
        1.6523530034000002,
        1.4234767274000002,
        1.5256054954,
        1.4557522594,
        1.4517719174000001,
        1.4896970434,
        1.4954897054
      ],
      "exit_codes": [
        0,
        0,
        0,
        0,
        0,
        0,
        0,
        0,
        0,
        0
      ]
    },
    {
      "command": "deno",
      "mean": 4.3320743364,
      "stddev": 0.1071953293609892,
      "median": 4.3191059364,
      "user": 3.6395530000000003,
      "system": 1.2580179999999999,
      "min": 4.166751055400001,
      "max": 4.5727804434,
      "times": [
        4.3374481534000005,
        4.3805083174,
        4.166751055400001,
        4.3007637194,
        4.2894794094,
        4.2462620884,
        4.427655205400001,
        4.3536414864,
        4.245453485400001,
        4.5727804434
      ],
      "exit_codes": [
        0,
        0,
        0,
        0,
        0,
        0,
        0,
        0,
        0,
        0
      ]
    }
  ]
}