{
  "results": [
    {
      "command": "npm",
      "mean": 9.45856908954,
      "stddev": 0.07753282417460412,
      "median": 9.44592493004,
      "user": 9.60636912,
      "system": 5.28793738,
      "min": 9.36067439304,
      "max": 9.61751567404,
      "times": [
        9.36067439304,
        9.57834597804,
        9.440492685039999,
        9.45806556704,
        9.45135717504,
        9.61751567404,
        9.398522953039999,
        9.37897203204,
        9.46637643704,
        9.435368001039999
      ],
      "exit_codes": [
        0,
        0,
        0,
        0,
        0,
        0,
        0,
        0,
        0,
        0
      ]
    },
    {
      "command": "snpm",
      "mean": 0.14980376744,
      "stddev": 0.002970424272580408,
      "median": 0.14935241554,
      "user": 0.02873952,
      "system": 0.12334638,
      "min": 0.14632627804,
      "max": 0.15504187204,
      "times": [
        0.15279595104000002,
        0.15504187204,
        0.14672168404,
        0.15041959604,
        0.15370331704,
        0.14632627804,
        0.14901002004,
        0.14734426504,
        0.14969481104000001,
        0.14697988004
      ],
      "exit_codes": [
        0,
        0,
        0,
        0,
        0,
        0,
        0,
        0,
        0,
        0
      ]
    },
    {
      "command": "yarn",
      "mean": 19.11612184784,
      "stddev": 0.23004967157805545,
      "median": 19.13970581404,
      "user": 25.36242162,
      "system": 14.15493098,
      "min": 18.815353692040002,
      "max": 19.56203387404,
      "times": [
        18.97732437104,
        19.359375929040002,
        18.815353692040002,
        19.165506490040002,
        19.211792087040003,
        19.56203387404,
        19.11390513804,
        18.843744833040002,
        19.24115726404,
        18.87102480004
      ],
      "exit_codes": [
        0,
        0,
        0,
        0,
        0,
        0,
        0,
        0,
        0,
        0
      ]
    },
    {
      "command": "berry",
      "mean": 7.78040308874,
      "stddev": 0.06039235328611452,
      "median": 7.787811382040001,
      "user": 12.06683352,
      "system": 5.08224438,
      "min": 7.66226901104,
      "max": 7.86340578204,
      "times": [
        7.8462351550400005,
        7.719026679040001,
        7.7879307120400005,
        7.74794750504,
        7.7454370720400005,
        7.86340578204,
        7.66226901104,
        7.79312366504,
        7.787692052040001,
        7.850963254040001
      ],
      "exit_codes": [
        0,
        0,
        0,
        0,
        0,
        0,
        0,
        0,
        0,
        0
      ]
    },
    {
      "command": "pnpm",
      "mean": 3.58499817124,
      "stddev": 0.044772628609330054,
      "median": 3.57729278904,
      "user": 7.112231619999998,
      "system": 3.01838078,
      "min": 3.52571783204,
      "max": 3.65818408104,
      "times": [
        3.59192539604,
        3.52571783204,
        3.58063504804,
        3.65071634904,
        3.54050313104,
        3.57395053004,
        3.65818408104,
        3.62462619804,
        3.57332476104,
        3.53039838604
      ],
      "exit_codes": [
        0,
        0,
        0,
        0,
        0,
        0,
        0,
        0,
        0,
        0
      ]
    },
    {
      "command": "vlt",
      "mean": 4.930053002540001,
      "stddev": 0.049827047595483086,
      "median": 4.91677873904,
      "user": 6.626498119999999,
      "system": 3.4659121799999992,
      "min": 4.87378465304,
      "max": 5.01030862104,
      "times": [
        4.939654748040001,
        5.00321154504,
        4.90056230404,
        4.879335061040001,
        4.90216282204,
        4.93139465604,
        4.877359533040001,
        4.982756082040001,
        4.87378465304,
        5.01030862104
      ],
      "exit_codes": [
        0,
        0,
        0,
        0,
        0,
        0,
        0,
        0,
        0,
        0
      ]
    },
    {
      "command": "bun",
      "mean": 1.5777972761399999,
      "stddev": 0.06234138735147025,
      "median": 1.59187998254,
      "user": 1.82409712,
      "system": 2.4675348799999997,
      "min": 1.46092179804,
      "max": 1.6807526040399998,
      "times": [
        1.61122364804,
        1.6807526040399998,
        1.62835951404,
        1.5627228950399998,
        1.58247769604,
        1.60128226904,
        1.48045967404,
        1.56822589604,
        1.6015467670399999,
        1.46092179804
      ],
      "exit_codes": [
        0,
        0,
        0,
        0,
        0,
        0,
        0,
        0,
        0,
        0
      ]
    },
    {
      "command": "deno",
      "mean": 3.93655423064,
      "stddev": 0.24394030933416966,
      "median": 3.90790057054,
      "user": 3.9340451199999995,
      "system": 2.24226938,
      "min": 3.50793859504,
      "max": 4.33739367404,
      "times": [
        3.73294925504,
        4.33739367404,
        4.24336240804,
        3.75463347804,
        4.0324501900400005,
        3.93235840304,
        4.15444114104,
        3.88344273804,
        3.50793859504,
        3.78657242404
      ],
      "exit_codes": [
        0,
        0,
        0,
        0,
        0,
        0,
        0,
        0,
        0,
        0
      ]
    }
  ]
}