{
  "results": [
    {
      "command": "npm",
      "mean": 9.82650083726,
      "stddev": 0.1539160067529365,
      "median": 9.87314075366,
      "user": 9.92847884,
      "system": 5.6163989,
      "min": 9.58474206416,
      "max": 10.01579071916,
      "times": [
        9.83887343616,
        9.99451113716,
        9.95905728516,
        9.91041830416,
        10.01579071916,
        9.90740807116,
        9.80623018916,
        9.58474206416,
        9.60595796216,
        9.64201920416
      ],
      "exit_codes": [
        0,
        0,
        0,
        0,
        0,
        0,
        0,
        0,
        0,
        0
      ]
    },
    {
      "command": "snpm",
      "mean": 0.16150626676000002,
      "stddev": 0.004407989979113433,
      "median": 0.15855036316,
      "user": 0.028443040000000003,
      "system": 0.1352901,
      "min": 0.15577526416,
      "max": 0.16786267316,
      "times": [
        0.15845609216,
        0.15840218016000002,
        0.16657403516000002,
        0.16786267316,
        0.15577526416,
        0.15856870816000002,
        0.16737160816000002,
        0.15853201816,
        0.15826520316,
        0.16525488516
      ],
      "exit_codes": [
        0,
        0,
        0,
        0,
        0,
        0,
        0,
        0,
        0,
        0
      ]
    },
    {
      "command": "yarn",
      "mean": 19.448786177560002,
      "stddev": 0.11469266296524315,
      "median": 19.44797054616,
      "user": 25.882224439999998,
      "system": 14.723615899999999,
      "min": 19.28808079916,
      "max": 19.61811509016,
      "times": [
        19.56777266516,
        19.28808079916,
        19.37483413116,
        19.355079320159998,
        19.29467801216,
        19.61811509016,
        19.49880798016,
        19.42412528516,
        19.47181580716,
        19.59455268516
      ],
      "exit_codes": [
        0,
        0,
        0,
        0,
        0,
        0,
        0,
        0,
        0,
        0
      ]
    },
    {
      "command": "berry",
      "mean": 8.13297797896,
      "stddev": 0.6131799542532224,
      "median": 7.867318816659999,
      "user": 12.18587394,
      "system": 5.1752716,
      "min": 7.67305748316,
      "max": 9.76940709516,
      "times": [
        8.20233794116,
        7.9746573301599994,
        8.67515858516,
        7.84567188716,
        7.78222598216,
        7.79095513416,
        9.76940709516,
        7.888965746159999,
        7.72734260516,
        7.67305748316
      ],
      "exit_codes": [
        0,
        0,
        0,
        0,
        0,
        0,
        0,
        0,
        0,
        0
      ]
    },
    {
      "command": "pnpm",
      "mean": 3.69670382686,
      "stddev": 0.07129435505099087,
      "median": 3.68407581566,
      "user": 6.95058964,
      "system": 2.9738031000000005,
      "min": 3.5797188541600002,
      "max": 3.79981015216,
      "times": [
        3.6109585121600003,
        3.68465014216,
        3.5797188541600002,
        3.66707336916,
        3.79981015216,
        3.64589035516,
        3.74080414916,
        3.7624956051600003,
        3.68350148916,
        3.79213564016
      ],
      "exit_codes": [
        0,
        0,
        0,
        0,
        0,
        0,
        0,
        0,
        0,
        0
      ]
    },
    {
      "command": "vlt",
      "mean": 4.993958163559999,
      "stddev": 0.04287180707513992,
      "median": 4.98285310966,
      "user": 6.574445540000001,
      "system": 3.628637,
      "min": 4.925037812159999,
      "max": 5.07794356416,
      "times": [
        4.95864844916,
        4.925037812159999,
        5.03390975416,
        4.9794113071599995,
        5.039867237159999,
        5.07794356416,
        4.99890217516,
        4.960155117159999,
        4.98333416816,
        4.98237205116
      ],
      "exit_codes": [
        0,
        0,
        0,
        0,
        0,
        0,
        0,
        0,
        0,
        0
      ]
    },
    {
      "command": "bun",
      "mean": 2.3297020286600003,
      "stddev": 0.29975845183930916,
      "median": 2.39974647666,
      "user": 1.60741984,
      "system": 2.3630142,
      "min": 1.8131463571600002,
      "max": 2.78747790716,
      "times": [
        1.94982660416,
        2.38892059116,
        2.20362967716,
        2.59345551416,
        2.78747790716,
        2.41057236216,
        2.4916425921600003,
        1.8131463571600002,
        2.60857114516,
        2.04977753616
      ],
      "exit_codes": [
        0,
        0,
        0,
        0,
        0,
        0,
        0,
        0,
        0,
        0
      ]
    },
    {
      "command": "deno",
      "mean": 5.01429625666,
      "stddev": 0.19811673200497346,
      "median": 5.0401749986599995,
      "user": 3.7681247399999998,
      "system": 2.2048963,
      "min": 4.68291451816,
      "max": 5.26709317716,
      "times": [
        5.164935392159999,
        4.82816497516,
        5.26709317716,
        4.87951876816,
        4.68291451816,
        4.79016197116,
        5.07330529316,
        5.20501757716,
        5.244806190159999,
        5.007044704159999
      ],
      "exit_codes": [
        0,
        0,
        0,
        0,
        0,
        0,
        0,
        0,
        0,
        0
      ]
    }
  ]
}