{
  "results": [
    {
      "command": "npm",
      "mean": 9.35308527752,
      "stddev": 0.049781575974633424,
      "median": 9.34274311862,
      "user": 9.48787672,
      "system": 5.2356947599999994,
      "min": 9.29409229612,
      "max": 9.44995816112,
      "times": [
        9.34969180712,
        9.36762836212,
        9.43213162812,
        9.36270854912,
        9.33579443012,
        9.32379258812,
        9.312297921119999,
        9.44995816112,
        9.29409229612,
        9.30275703212
      ],
      "exit_codes": [
        0,
        0,
        0,
        0,
        0,
        0,
        0,
        0,
        0,
        0
      ]
    },
    {
      "command": "snpm",
      "mean": 0.14744066682000004,
      "stddev": 0.002464722557708437,
      "median": 0.14652645912,
      "user": 0.027916119999999996,
      "system": 0.12175036000000002,
      "min": 0.14557098512000002,
      "max": 0.15279730912000003,
      "times": [
        0.15169766712000002,
        0.15279730912000003,
        0.14595200512,
        0.14577873612000003,
        0.14705147212000003,
        0.14687702712000003,
        0.14562854812,
        0.14639496812000002,
        0.14557098512000002,
        0.14665795012000002
      ],
      "exit_codes": [
        0,
        0,
        0,
        0,
        0,
        0,
        0,
        0,
        0,
        0
      ]
    },
    {
      "command": "yarn",
      "mean": 19.06319444772,
      "stddev": 0.2332434850846463,
      "median": 19.042424786620003,
      "user": 25.52412002,
      "system": 14.228179959999997,
      "min": 18.65779195612,
      "max": 19.408664777120002,
      "times": [
        19.08213082712,
        19.30061762912,
        18.97636585812,
        18.98020777512,
        18.65779195612,
        19.229206187120003,
        19.002718746120003,
        19.408664777120002,
        18.723970968120003,
        19.27026975312
      ],
      "exit_codes": [
        0,
        0,
        0,
        0,
        0,
        0,
        0,
        0,
        0,
        0
      ]
    },
    {
      "command": "berry",
      "mean": 7.925075721019999,
      "stddev": 0.24108529555966485,
      "median": 7.85445685412,
      "user": 11.96394752,
      "system": 5.117574960000001,
      "min": 7.63462254212,
      "max": 8.50748275812,
      "times": [
        7.81148603812,
        8.06649879312,
        7.82607443512,
        8.08876235212,
        8.50748275812,
        7.85175045012,
        7.64758618712,
        7.85716325812,
        7.9593303961199995,
        7.63462254212
      ],
      "exit_codes": [
        0,
        0,
        0,
        0,
        0,
        0,
        0,
        0,
        0,
        0
      ]
    },
    {
      "command": "pnpm",
      "mean": 3.6292201193200007,
      "stddev": 0.0533740825564771,
      "median": 3.6250193316200003,
      "user": 7.035627919999999,
      "system": 2.99484656,
      "min": 3.53641424712,
      "max": 3.7282406651200004,
      "times": [
        3.7128874021200002,
        3.6095184501200004,
        3.5902510961200003,
        3.53641424712,
        3.6254641211200003,
        3.7282406651200004,
        3.59682753112,
        3.6380171321200003,
        3.6300060061200004,
        3.6245745421200004
      ],
      "exit_codes": [
        0,
        0,
        0,
        0,
        0,
        0,
        0,
        0,
        0,
        0
      ]
    },
    {
      "command": "vlt",
      "mean": 4.86528055632,
      "stddev": 0.038205972871401137,
      "median": 4.87221536112,
      "user": 6.475187919999999,
      "system": 3.45373866,
      "min": 4.77938718512,
      "max": 4.91841806012,
      "times": [
        4.87360990412,
        4.880846915119999,
        4.8708208181199995,
        4.8236447901199995,
        4.85318842212,
        4.90567884612,
        4.85941143212,
        4.77938718512,
        4.91841806012,
        4.88779919012
      ],
      "exit_codes": [
        0,
        0,
        0,
        0,
        0,
        0,
        0,
        0,
        0,
        0
      ]
    },
    {
      "command": "bun",
      "mean": 1.6705784304200002,
      "stddev": 0.10243499361339321,
      "median": 1.68397593062,
      "user": 1.7577599199999998,
      "system": 2.4748257599999994,
      "min": 1.50170993812,
      "max": 1.81397169612,
      "times": [
        1.70167966612,
        1.77044949212,
        1.6913061761200001,
        1.5498535521199999,
        1.60890578912,
        1.81397169612,
        1.67664568512,
        1.8070085021200002,
        1.50170993812,
        1.5842538071199999
      ],
      "exit_codes": [
        0,
        0,
        0,
        0,
        0,
        0,
        0,
        0,
        0,
        0
      ]
    },
    {
      "command": "deno",
      "mean": 4.293307545619999,
      "stddev": 0.13269876285431084,
      "median": 4.23818047962,
      "user": 3.81934782,
      "system": 2.1989209599999997,
      "min": 4.13801168112,
      "max": 4.4874886611199996,
      "times": [
        4.17395609012,
        4.4874886611199996,
        4.22267698812,
        4.21871895812,
        4.13801168112,
        4.25368397112,
        4.14388316312,
        4.35744946512,
        4.46914296912,
        4.468063509119999
      ],
      "exit_codes": [
        0,
        0,
        0,
        0,
        0,
        0,
        0,
        0,
        0,
        0
      ]
    }
  ]
}