{
  "results": [
    {
      "command": "npm",
      "mean": 9.34962687814,
      "stddev": 0.03421819745545585,
      "median": 9.347772069640001,
      "user": 9.41062356,
      "system": 5.26314188,
      "min": 9.30322538014,
      "max": 9.42227754614,
      "times": [
        9.35624736714,
        9.35942019814,
        9.392756524140001,
        9.34862038514,
        9.321883452140002,
        9.42227754614,
        9.30322538014,
        9.32587123114,
        9.319042943140001,
        9.34692375414
      ],
      "exit_codes": [
        0,
        0,
        0,
        0,
        0,
        0,
        0,
        0,
        0,
        0
      ]
    },
    {
      "command": "snpm",
      "mean": 0.16247759074,
      "stddev": 0.003682119221837802,
      "median": 0.16154938314000003,
      "user": 0.027890459999999995,
      "system": 0.13685508000000002,
      "min": 0.15794264914000003,
      "max": 0.16755269714,
      "times": [
        0.16003604414000003,
        0.16570971914000002,
        0.15924494314,
        0.16619070514000003,
        0.16755269714,
        0.15804889414000003,
        0.15984742414000003,
        0.16306272214000003,
        0.16714010914000002,
        0.15794264914000003
      ],
      "exit_codes": [
        0,
        0,
        0,
        0,
        0,
        0,
        0,
        0,
        0,
        0
      ]
    },
    {
      "command": "yarn",
      "mean": 19.091326647640003,
      "stddev": 0.2720959907342581,
      "median": 19.19360786564,
      "user": 25.464628759999997,
      "system": 14.066677679999998,
      "min": 18.49935856614,
      "max": 19.411878118140002,
      "times": [
        19.25433390714,
        18.49935856614,
        19.183339043140002,
        19.31533744514,
        19.411878118140002,
        19.35993271314,
        18.92591284114,
        19.20387668814,
        18.88888636714,
        18.870410787140003
      ],
      "exit_codes": [
        0,
        0,
        0,
        0,
        0,
        0,
        0,
        0,
        0,
        0
      ]
    },
    {
      "command": "berry",
      "mean": 7.792290443740001,
      "stddev": 0.10929046238035044,
      "median": 7.79096157714,
      "user": 12.015153260000002,
      "system": 5.124222380000001,
      "min": 7.60964480314,
      "max": 8.022128158140001,
      "times": [
        7.76408472014,
        7.72685370214,
        7.79590315814,
        7.78601999614,
        7.60964480314,
        7.83594864014,
        7.87574727514,
        8.022128158140001,
        7.84333066814,
        7.66324331614
      ],
      "exit_codes": [
        0,
        0,
        0,
        0,
        0,
        0,
        0,
        0,
        0,
        0
      ]
    },
    {
      "command": "pnpm",
      "mean": 3.8286155285399994,
      "stddev": 0.8464810435344746,
      "median": 3.55778844814,
      "user": 7.07021156,
      "system": 2.98493258,
      "min": 3.48990675714,
      "max": 6.36580978914,
      "times": [
        3.55840056914,
        3.55252982814,
        3.51002925514,
        3.61503099014,
        3.56921734014,
        3.49984383914,
        3.55717632714,
        6.36580978914,
        3.48990675714,
        3.56821059014
      ],
      "exit_codes": [
        0,
        0,
        0,
        0,
        0,
        0,
        0,
        0,
        0,
        0
      ]
    },
    {
      "command": "vlt",
      "mean": 4.89831970184,
      "stddev": 0.02564813422369656,
      "median": 4.90661389214,
      "user": 6.46885966,
      "system": 3.5341493799999997,
      "min": 4.84960582714,
      "max": 4.92662812214,
      "times": [
        4.92662812214,
        4.90831060014,
        4.86933159314,
        4.90491718414,
        4.91770223914,
        4.86736201014,
        4.92588818214,
        4.91633818914,
        4.84960582714,
        4.89711307114
      ],
      "exit_codes": [
        0,
        0,
        0,
        0,
        0,
        0,
        0,
        0,
        0,
        0
      ]
    },
    {
      "command": "bun",
      "mean": 1.5795847255399997,
      "stddev": 0.05190566688804638,
      "median": 1.5690285996399997,
      "user": 1.8084793599999998,
      "system": 2.46485858,
      "min": 1.48640717914,
      "max": 1.68639147914,
      "times": [
        1.68639147914,
        1.5833626671399998,
        1.62424009214,
        1.48640717914,
        1.5672887471399999,
        1.5659603251399998,
        1.62082632314,
        1.5590434551399999,
        1.5707684521399998,
        1.5315585351399998
      ],
      "exit_codes": [
        0,
        0,
        0,
        0,
        0,
        0,
        0,
        0,
        0,
        0
      ]
    },
    {
      "command": "deno",
      "mean": 3.8518539932399998,
      "stddev": 0.18890883821603732,
      "median": 3.8297400696399997,
      "user": 4.020989759999999,
      "system": 2.26140048,
      "min": 3.61944156014,
      "max": 4.20860900014,
      "times": [
        3.97520403414,
        3.71523944014,
        4.11479974214,
        3.8723658311399998,
        3.88306269414,
        3.64128130314,
        4.20860900014,
        3.70142201914,
        3.61944156014,
        3.78711430814
      ],
      "exit_codes": [
        0,
        0,
        0,
        0,
        0,
        0,
        0,
        0,
        0,
        0
      ]
    }
  ]
}