{
  "results": [
    {
      "command": "npm",
      "mean": 9.58951767824,
      "stddev": 0.08771943512917953,
      "median": 9.590527203239999,
      "user": 9.61997686,
      "system": 5.33201058,
      "min": 9.476632005739999,
      "max": 9.69068271574,
      "times": [
        9.51689242274,
        9.67345789074,
        9.490810506739999,
        9.476632005739999,
        9.50444200074,
        9.67298601874,
        9.69068271574,
        9.653603240739999,
        9.688218814739999,
        9.527451165739999
      ],
      "exit_codes": [
        0,
        0,
        0,
        0,
        0,
        0,
        0,
        0,
        0,
        0
      ]
    },
    {
      "command": "snpm",
      "mean": 0.15128194204,
      "stddev": 0.003190794423688685,
      "median": 0.15052760674000001,
      "user": 0.02885956,
      "system": 0.12478937999999999,
      "min": 0.14660274674,
      "max": 0.15607882174,
      "times": [
        0.15419945074,
        0.15573922674000001,
        0.14660274674,
        0.14978825774,
        0.15607882174,
        0.14724455174,
        0.15076710374000002,
        0.15313411674000002,
        0.14897703474000001,
        0.15028810974
      ],
      "exit_codes": [
        0,
        0,
        0,
        0,
        0,
        0,
        0,
        0,
        0,
        0
      ]
    },
    {
      "command": "yarn",
      "mean": 19.605624687440002,
      "stddev": 0.19839032311745064,
      "median": 19.61203046274,
      "user": 26.31853186,
      "system": 14.45980938,
      "min": 19.378303105740002,
      "max": 20.11324281574,
      "times": [
        19.61546404574,
        19.435325195740003,
        19.60906613874,
        19.48753883474,
        19.378303105740002,
        19.43585819974,
        19.614994786740002,
        19.693914180740002,
        20.11324281574,
        19.67253957074
      ],
      "exit_codes": [
        0,
        0,
        0,
        0,
        0,
        0,
        0,
        0,
        0,
        0
      ]
    },
    {
      "command": "berry",
      "mean": 8.111759619439999,
      "stddev": 0.10577359194446619,
      "median": 8.06750878974,
      "user": 12.240790059999998,
      "system": 5.164776379999999,
      "min": 8.001095374739998,
      "max": 8.343843399739999,
      "times": [
        8.001095374739998,
        8.009477406739999,
        8.07790176174,
        8.343843399739999,
        8.05711581774,
        8.208020575739999,
        8.16571318774,
        8.18846713174,
        8.01422304274,
        8.051738495739999
      ],
      "exit_codes": [
        0,
        0,
        0,
        0,
        0,
        0,
        0,
        0,
        0,
        0
      ]
    },
    {
      "command": "pnpm",
      "mean": 3.8181730661400004,
      "stddev": 0.10441420311964858,
      "median": 3.79510785624,
      "user": 7.06248296,
      "system": 3.02496658,
      "min": 3.6765291007400003,
      "max": 3.9767297167400004,
      "times": [
        3.71094444774,
        3.80031852274,
        3.8831684767400003,
        3.74500960674,
        3.71439541174,
        3.6765291007400003,
        3.78989718974,
        3.9767297167400004,
        3.94045288674,
        3.94428530174
      ],
      "exit_codes": [
        0,
        0,
        0,
        0,
        0,
        0,
        0,
        0,
        0,
        0
      ]
    },
    {
      "command": "vlt",
      "mean": 5.088618471640001,
      "stddev": 0.05962506516459178,
      "median": 5.07751366224,
      "user": 6.7458674599999995,
      "system": 3.5087290799999997,
      "min": 5.0095077557400005,
      "max": 5.1978245237400005,
      "times": [
        5.17209475774,
        5.1171255457400004,
        5.11703271274,
        5.0232029567400005,
        5.06208766774,
        5.06028842074,
        5.1978245237400005,
        5.03408071874,
        5.0929396567400005,
        5.0095077557400005
      ],
      "exit_codes": [
        0,
        0,
        0,
        0,
        0,
        0,
        0,
        0,
        0,
        0
      ]
    },
    {
      "command": "bun",
      "mean": 1.7053070958400003,
      "stddev": 0.04517334858897181,
      "median": 1.69916366174,
      "user": 1.7785628599999999,
      "system": 2.47791498,
      "min": 1.6544902407400002,
      "max": 1.8211480127400002,
      "times": [
        1.6651834647400001,
        1.7023220177400002,
        1.6913670337400002,
        1.6544902407400002,
        1.70289843274,
        1.66893865274,
        1.8211480127400002,
        1.6960053057400002,
        1.7117103927400001,
        1.7390074047400002
      ],
      "exit_codes": [
        0,
        0,
        0,
        0,
        0,
        0,
        0,
        0,
        0,
        0
      ]
    },
    {
      "command": "deno",
      "mean": 4.99618750824,
      "stddev": 0.3846984267024319,
      "median": 4.84902170774,
      "user": 3.8881911599999994,
      "system": 2.1685051799999995,
      "min": 4.5794436887400005,
      "max": 5.977192183740001,
      "times": [
        4.79132785874,
        4.73814175074,
        5.977192183740001,
        4.5794436887400005,
        4.99539613674,
        5.3875964317400005,
        4.99380616174,
        4.83059828474,
        4.80092745474,
        4.86744513074
      ],
      "exit_codes": [
        0,
        0,
        0,
        0,
        0,
        0,
        0,
        0,
        0,
        0
      ]
    }
  ]
}