{
  "results": [
    {
      "command": "npm",
      "mean": 9.852795765440002,
      "stddev": 0.05448179133076453,
      "median": 9.854233027640001,
      "user": 9.911592559999999,
      "system": 5.529133160000001,
      "min": 9.761034481140001,
      "max": 9.977079494140002,
      "times": [
        9.977079494140002,
        9.819024694140001,
        9.86420462214,
        9.873361536140001,
        9.802733495140002,
        9.761034481140001,
        9.88819845014,
        9.854171630140002,
        9.833854826140001,
        9.85429442514
      ],
      "exit_codes": [
        0,
        0,
        0,
        0,
        0,
        0,
        0,
        0,
        0,
        0
      ]
    },
    {
      "command": "snpm",
      "mean": 0.14943363703999998,
      "stddev": 0.0032469594572474237,
      "median": 0.14890810914,
      "user": 0.03028076,
      "system": 0.12134516,
      "min": 0.14514907814,
      "max": 0.15444518914,
      "times": [
        0.15068471314,
        0.15212090213999999,
        0.14514907814,
        0.14993680714,
        0.15441332514,
        0.14652146014,
        0.14732743214,
        0.15444518914,
        0.14585805214,
        0.14787941114
      ],
      "exit_codes": [
        0,
        0,
        0,
        0,
        0,
        0,
        0,
        0,
        0,
        0
      ]
    },
    {
      "command": "yarn",
      "mean": 20.077248380340002,
      "stddev": 0.166942103705653,
      "median": 20.12948191964,
      "user": 26.241742359999996,
      "system": 15.21571176,
      "min": 19.70732269214,
      "max": 20.24708898214,
      "times": [
        20.02026040414,
        20.24708898214,
        20.20192280414,
        20.09313450314,
        20.213377412139998,
        20.150068885139998,
        20.19046109914,
        19.83995206714,
        20.10889495414,
        19.70732269214
      ],
      "exit_codes": [
        0,
        0,
        0,
        0,
        0,
        0,
        0,
        0,
        0,
        0
      ]
    },
    {
      "command": "berry",
      "mean": 7.982772429740001,
      "stddev": 0.11944198629154185,
      "median": 8.044191596640001,
      "user": 12.00921086,
      "system": 5.252053860000001,
      "min": 7.78928950114,
      "max": 8.13954109614,
      "times": [
        8.08706069614,
        7.89735475814,
        8.07312737514,
        7.85814339314,
        8.066062290140001,
        8.13954109614,
        7.78928950114,
        7.82876199414,
        8.061252446140001,
        8.027130747140001
      ],
      "exit_codes": [
        0,
        0,
        0,
        0,
        0,
        0,
        0,
        0,
        0,
        0
      ]
    },
    {
      "command": "pnpm",
      "mean": 3.8187137405400002,
      "stddev": 0.25479509772282544,
      "median": 3.73801212664,
      "user": 7.09063496,
      "system": 3.0474719599999998,
      "min": 3.65885595314,
      "max": 4.57268168014,
      "times": [
        3.69290021414,
        3.65885595314,
        3.73798081914,
        3.74859001214,
        4.57268168014,
        3.72499815214,
        3.7380434341399997,
        3.81419096214,
        3.78826071914,
        3.7106354591399997
      ],
      "exit_codes": [
        0,
        0,
        0,
        0,
        0,
        0,
        0,
        0,
        0,
        0
      ]
    },
    {
      "command": "vlt",
      "mean": 5.05479262394,
      "stddev": 0.050504234481719805,
      "median": 5.08031808164,
      "user": 6.59978366,
      "system": 3.6528049599999997,
      "min": 4.95857093514,
      "max": 5.11263420614,
      "times": [
        5.08678058014,
        5.10861398714,
        5.07441276314,
        4.95857093514,
        5.00539425514,
        5.11263420614,
        5.08622340014,
        5.08840587514,
        4.99583232414,
        5.03105791314
      ],
      "exit_codes": [
        0,
        0,
        0,
        0,
        0,
        0,
        0,
        0,
        0,
        0
      ]
    },
    {
      "command": "bun",
      "mean": 1.8299391373399998,
      "stddev": 0.14238690467726614,
      "median": 1.84362632714,
      "user": 1.6976137599999999,
      "system": 2.4306248600000004,
      "min": 1.55271664614,
      "max": 2.09232260214,
      "times": [
        1.97522726814,
        1.85824453714,
        1.86957571614,
        1.88208676814,
        1.82900811714,
        1.55271664614,
        1.74759402514,
        2.09232260214,
        1.81727500014,
        1.67534069314
      ],
      "exit_codes": [
        0,
        0,
        0,
        0,
        0,
        0,
        0,
        0,
        0,
        0
      ]
    },
    {
      "command": "deno",
      "mean": 5.17220909964,
      "stddev": 0.2960159616332721,
      "median": 5.08632680314,
      "user": 3.92761066,
      "system": 2.24924146,
      "min": 4.8779203861400005,
      "max": 5.95341465114,
      "times": [
        5.23559581514,
        5.95341465114,
        5.04914768714,
        5.12350591914,
        4.8779203861400005,
        5.33059887914,
        4.97740580214,
        4.96530273514,
        4.95823604414,
        5.25096307714
      ],
      "exit_codes": [
        0,
        0,
        0,
        0,
        0,
        0,
        0,
        0,
        0,
        0
      ]
    }
  ]
}