{
  "results": [
    {
      "command": "npm",
      "mean": 0.5107003815200002,
      "stddev": 0.005468875881789779,
      "median": 0.5098190530200001,
      "user": 0.56588664,
      "system": 0.09846486,
      "min": 0.5023932950200001,
      "max": 0.5205134020200001,
      "times": [
        0.5101139980200001,
        0.5205134020200001,
        0.5057417340200001,
        0.50952410802,
        0.5023932950200001,
        0.5073322140200001,
        0.5113455690200001,
        0.5181973520200001,
        0.5064823480200001,
        0.5153597950200001
      ],
      "exit_codes": [
        0,
        0,
        0,
        0,
        0,
        0,
        0,
        0,
        0,
        0
      ]
    },
    {
      "command": "snpm",
      "mean": 0.031877086920000006,
      "stddev": 0.0006758341650433849,
      "median": 0.03176778052,
      "user": 0.020525939999999996,
      "system": 0.01358556,
      "min": 0.030877819020000002,
      "max": 0.03299300002,
      "times": [
        0.03246434902,
        0.030965671020000002,
        0.03184283302,
        0.03160120502,
        0.03299300002,
        0.03268534702,
        0.030877819020000002,
        0.03225867802,
        0.03138923902,
        0.03169272802
      ],
      "exit_codes": [
        0,
        0,
        0,
        0,
        0,
        0,
        0,
        0,
        0,
        0
      ]
    },
    {
      "command": "yarn",
      "mean": 0.29557584972000006,
      "stddev": 0.0034030569498300217,
      "median": 0.29613670452000007,
      "user": 0.31980124,
      "system": 0.06216096,
      "min": 0.28847518702,
      "max": 0.29937820202000004,
      "times": [
        0.29578274402000004,
        0.29768364402,
        0.28847518702,
        0.29461701502000004,
        0.29649066502000004,
        0.29098920702000003,
        0.29453155902,
        0.29937820202000004,
        0.29846203602000004,
        0.29934823802
      ],
      "exit_codes": [
        0,
        0,
        0,
        0,
        0,
        0,
        0,
        0,
        0,
        0
      ]
    },
    {
      "command": "berry",
      "mean": 2.8139644866200006,
      "stddev": 0.056747323267513264,
      "median": 2.7870300120200002,
      "user": 5.680729139999999,
      "system": 1.3528973599999998,
      "min": 2.76196097102,
      "max": 2.93022242402,
      "times": [
        2.93022242402,
        2.76196097102,
        2.84329205402,
        2.77507470402,
        2.7645228060200004,
        2.8453154730200003,
        2.88743825302,
        2.7620562270200004,
        2.77077663402,
        2.7989853200200003
      ],
      "exit_codes": [
        0,
        0,
        0,
        0,
        0,
        0,
        0,
        0,
        0,
        0
      ]
    },
    {
      "command": "pnpm",
      "mean": 0.6526044121200002,
      "stddev": 0.00938058145084134,
      "median": 0.6518308905200001,
      "user": 0.82613214,
      "system": 0.15412785999999998,
      "min": 0.6386134130200001,
      "max": 0.6655815380200001,
      "times": [
        0.6655815380200001,
        0.6386134130200001,
        0.6493629830200001,
        0.6451092230200001,
        0.6627330980200001,
        0.65724658302,
        0.64276860302,
        0.6542987980200001,
        0.6448632960200001,
        0.6654665860200001
      ],
      "exit_codes": [
        0,
        0,
        0,
        0,
        0,
        0,
        0,
        0,
        0,
        0
      ]
    },
    {
      "command": "vlt",
      "mean": 0.32015762332,
      "stddev": 0.003930336509652249,
      "median": 0.32164951852,
      "user": 0.33703074,
      "system": 0.06337946,
      "min": 0.31281566902,
      "max": 0.32442604202,
      "times": [
        0.32181430802,
        0.31281566902,
        0.32442604202,
        0.31691070902,
        0.32222623702000003,
        0.32384593302000003,
        0.32417595702,
        0.31944291302,
        0.31443373602,
        0.32148472902
      ],
      "exit_codes": [
        0,
        0,
        0,
        0,
        0,
        0,
        0,
        0,
        0,
        0
      ]
    },
    {
      "command": "bun",
      "mean": 0.01056769422,
      "stddev": 0.0006319701013680632,
      "median": 0.01030116352,
      "user": 0.009385540000000001,
      "system": 0.007088259999999999,
      "min": 0.010032161020000001,
      "max": 0.011906524020000002,
      "times": [
        0.010375364020000001,
        0.01043838602,
        0.010280395020000001,
        0.01014661902,
        0.010269158020000002,
        0.011906524020000002,
        0.01032193202,
        0.010032161020000001,
        0.01019350102,
        0.01171290202
      ],
      "exit_codes": [
        0,
        0,
        0,
        0,
        0,
        0,
        0,
        0,
        0,
        0
      ]
    },
    {
      "command": "deno",
      "mean": 0.04252492532,
      "stddev": 0.001414918343110518,
      "median": 0.04246541552,
      "user": 0.025953139999999996,
      "system": 0.02138626,
      "min": 0.04091418402,
      "max": 0.046241188020000004,
      "times": [
        0.04238531802,
        0.04091418402,
        0.04263037702,
        0.043083370020000004,
        0.04176405102,
        0.04254551302,
        0.04289517802,
        0.046241188020000004,
        0.04143134602,
        0.04135872802
      ],
      "exit_codes": [
        0,
        0,
        0,
        0,
        0,
        0,
        0,
        0,
        0,
        0
      ]
    }
  ]
}