{
  "results": [
    {
      "command": "npm",
      "mean": 4.40120213122,
      "stddev": 0.02396158620541907,
      "median": 4.40412427912,
      "user": 4.268558799999999,
      "system": 3.01432286,
      "min": 4.35433488662,
      "max": 4.43605031462,
      "times": [
        4.39532353462,
        4.429772556620001,
        4.418339228620001,
        4.4014546366200005,
        4.40679392162,
        4.4077783976200005,
        4.368792373620001,
        4.35433488662,
        4.43605031462,
        4.393381461620001
      ],
      "exit_codes": [
        0,
        0,
        0,
        0,
        0,
        0,
        0,
        0,
        0,
        0
      ]
    },
    {
      "command": "snpm",
      "mean": 0.11313494692,
      "stddev": 0.003466377197555458,
      "median": 0.11290533862000002,
      "user": 0.024938,
      "system": 0.09064345999999998,
      "min": 0.10949805162000001,
      "max": 0.12212128462000002,
      "times": [
        0.10975411562000001,
        0.11180756462000001,
        0.11277740862000002,
        0.11319887962000001,
        0.11329005862000001,
        0.11303326862000002,
        0.12212128462000002,
        0.11545807962000001,
        0.11041075762000001,
        0.10949805162000001
      ],
      "exit_codes": [
        0,
        0,
        0,
        0,
        0,
        0,
        0,
        0,
        0,
        0
      ]
    },
    {
      "command": "yarn",
      "mean": 2.72800184142,
      "stddev": 0.4676271370630431,
      "median": 2.59507280962,
      "user": 2.6627796999999993,
      "system": 2.8521938600000003,
      "min": 2.44937994262,
      "max": 4.117145998620001,
      "times": [
        2.5966268066200002,
        2.49611281762,
        2.53788691462,
        4.117145998620001,
        2.44937994262,
        2.5935188126199997,
        2.64876118462,
        2.62411032762,
        2.54351117062,
        2.6729644386199998
      ],
      "exit_codes": [
        0,
        0,
        0,
        0,
        0,
        0,
        0,
        0,
        0,
        0
      ]
    },
    {
      "command": "berry",
      "mean": 2.5848085238199996,
      "stddev": 0.022769335878596007,
      "median": 2.58491964712,
      "user": 3.0474018,
      "system": 1.44384906,
      "min": 2.54782746162,
      "max": 2.61526762462,
      "times": [
        2.56377595962,
        2.54782746162,
        2.59668219162,
        2.61526762462,
        2.57473444562,
        2.56892668162,
        2.56344470562,
        2.59510484862,
        2.61056866362,
        2.6117526556199997
      ],
      "exit_codes": [
        0,
        0,
        0,
        0,
        0,
        0,
        0,
        0,
        0,
        0
      ]
    },
    {
      "command": "pnpm",
      "mean": 1.13865265082,
      "stddev": 0.02841769902412348,
      "median": 1.1304793711199999,
      "user": 1.7352195,
      "system": 0.6175696599999999,
      "min": 1.10561053462,
      "max": 1.21404097662,
      "times": [
        1.12178604262,
        1.10561053462,
        1.1339759706199999,
        1.13932806762,
        1.15103131462,
        1.14996509262,
        1.12465658662,
        1.11914915062,
        1.21404097662,
        1.1269827716199998
      ],
      "exit_codes": [
        0,
        0,
        0,
        0,
        0,
        0,
        0,
        0,
        0,
        0
      ]
    },
    {
      "command": "vlt",
      "mean": 1.9573393342199998,
      "stddev": 0.03418932138443308,
      "median": 1.94340237462,
      "user": 2.070283,
      "system": 1.59291856,
      "min": 1.91810769662,
      "max": 2.02967067362,
      "times": [
        1.94494776362,
        1.92283193362,
        1.93883791362,
        1.91810769662,
        1.96731405362,
        1.93167184562,
        1.9418569856199999,
        1.9995398246199998,
        1.97861465162,
        2.02967067362
      ],
      "exit_codes": [
        0,
        0,
        0,
        0,
        0,
        0,
        0,
        0,
        0,
        0
      ]
    },
    {
      "command": "bun",
      "mean": 0.20525153482,
      "stddev": 0.0010465730942436663,
      "median": 0.20518569912,
      "user": 0.013441700000000001,
      "system": 0.19755046,
      "min": 0.20327184862000003,
      "max": 0.20721600562000003,
      "times": [
        0.20327184862000003,
        0.20537922962000002,
        0.20642375262,
        0.20523826662000003,
        0.20721600562000003,
        0.20407177762,
        0.20491202262000002,
        0.20513313162000002,
        0.20574777862000002,
        0.20512153462000002
      ],
      "exit_codes": [
        0,
        0,
        0,
        0,
        0,
        0,
        0,
        0,
        0,
        0
      ]
    },
    {
      "command": "deno",
      "mean": 0.41011283462000003,
      "stddev": 0.00789357247396014,
      "median": 0.40893713612000004,
      "user": 0.3120329,
      "system": 0.4936012599999999,
      "min": 0.39452023262,
      "max": 0.42481723762,
      "times": [
        0.41539381662,
        0.39452023262,
        0.41063918962,
        0.40723508262,
        0.41188547862,
        0.40561494562,
        0.40695887762,
        0.40545132662,
        0.41861215862,
        0.42481723762
      ],
      "exit_codes": [
        0,
        0,
        0,
        0,
        0,
        0,
        0,
        0,
        0,
        0
      ]
    }
  ]
}