{
  "results": [
    {
      "command": "npm",
      "mean": 24.5269741581,
      "stddev": 0.5144226895731626,
      "median": 24.4447937228,
      "user": 12.23159498,
      "system": 4.41484274,
      "min": 23.5214661378,
      "max": 25.4881388628,
      "times": [
        24.3661949498,
        24.2324867658,
        24.4972927948,
        24.1333686298,
        24.7902130428,
        23.5214661378,
        25.0657845638,
        25.4881388628,
        24.7825011828,
        24.3922946508
      ],
      "exit_codes": [
        0,
        0,
        0,
        0,
        0,
        0,
        0,
        0,
        0,
        0
      ]
    },
    {
      "command": "snpm",
      "mean": 0.23027314710000005,
      "stddev": 0.0009931617900364536,
      "median": 0.23012495630000002,
      "user": 0.11552738,
      "system": 0.12264793999999998,
      "min": 0.2284236778,
      "max": 0.2321236738,
      "times": [
        0.2300917398,
        0.2317597248,
        0.22963236680000002,
        0.23009460680000002,
        0.23034950080000002,
        0.23015530580000002,
        0.2284236778,
        0.2321236738,
        0.22972294380000002,
        0.23037793080000002
      ],
      "exit_codes": [
        0,
        0,
        0,
        0,
        0,
        0,
        0,
        0,
        0,
        0
      ]
    },
    {
      "command": "yarn",
      "mean": 12.543159189899999,
      "stddev": 0.07770853611422684,
      "median": 12.560683812299999,
      "user": 15.384620379999998,
      "system": 8.22724344,
      "min": 12.381883029799999,
      "max": 12.650212933799999,
      "times": [
        12.650212933799999,
        12.5274382478,
        12.5714606658,
        12.502215250799999,
        12.5499069588,
        12.590868944799999,
        12.6122553688,
        12.444393975799999,
        12.381883029799999,
        12.600956522799999
      ],
      "exit_codes": [
        0,
        0,
        0,
        0,
        0,
        0,
        0,
        0,
        0,
        0
      ]
    },
    {
      "command": "berry",
      "mean": 5.071773352800001,
      "stddev": 0.055552044315859264,
      "median": 5.0894326198,
      "user": 8.05256148,
      "system": 2.5604352399999994,
      "min": 4.975014504800001,
      "max": 5.1345955308,
      "times": [
        5.1345955308,
        5.0834950588000005,
        5.0444384808,
        5.007841286800001,
        5.095370180800001,
        5.1279363568,
        5.1303572028,
        4.975014504800001,
        5.0087100718,
        5.109974853800001
      ],
      "exit_codes": [
        0,
        0,
        0,
        0,
        0,
        0,
        0,
        0,
        0,
        0
      ]
    },
    {
      "command": "pnpm",
      "mean": 3.734751507,
      "stddev": 0.9244686432770833,
      "median": 3.4175746607999997,
      "user": 4.814704279999999,
      "system": 1.8671423399999998,
      "min": 3.3769409388,
      "max": 6.5049476968,
      "times": [
        6.5049476968,
        3.5153631128,
        3.4097749768,
        3.4033389518,
        3.3769409388,
        3.3837267638,
        3.4424410148,
        3.4253743448,
        3.4975163118,
        3.3880909578
      ],
      "exit_codes": [
        0,
        0,
        0,
        0,
        0,
        0,
        0,
        0,
        0,
        0
      ]
    },
    {
      "command": "vlt",
      "mean": 5.3406058712,
      "stddev": 0.21171205565801757,
      "median": 5.3857994023,
      "user": 4.8145197799999995,
      "system": 2.3128243399999997,
      "min": 5.0288568378,
      "max": 5.6663266808,
      "times": [
        5.270376237800001,
        5.6663266808,
        5.398062356800001,
        5.031786657800001,
        5.0288568378,
        5.3735364478,
        5.5022727618000005,
        5.4358782328,
        5.1204826578,
        5.5784798408
      ],
      "exit_codes": [
        0,
        0,
        0,
        0,
        0,
        0,
        0,
        0,
        0,
        0
      ]
    },
    {
      "command": "bun",
      "mean": 1.4008986489000002,
      "stddev": 0.03908877173665349,
      "median": 1.3992653603000003,
      "user": 0.8532391799999999,
      "system": 1.21110244,
      "min": 1.3542542378000002,
      "max": 1.4759859008000003,
      "times": [
        1.3869450428,
        1.4444391388000002,
        1.3627319868,
        1.4759859008000003,
        1.3702437908000002,
        1.3542542378000002,
        1.4278088578,
        1.3576547258,
        1.4115856778000002,
        1.4173371298000002
      ],
      "exit_codes": [
        0,
        0,
        0,
        0,
        0,
        0,
        0,
        0,
        0,
        0
      ]
    },
    {
      "command": "deno",
      "mean": 7.229193545799999,
      "stddev": 0.4063165198168743,
      "median": 7.0818811808,
      "user": 2.62753018,
      "system": 1.48769194,
      "min": 6.7439338998,
      "max": 7.8901160828000005,
      "times": [
        7.0824588168,
        7.603418497800001,
        7.0103061328,
        6.8526581188,
        7.0813035448,
        7.3425908898,
        7.8749883908000005,
        7.8901160828000005,
        6.7439338998,
        6.810161083800001
      ],
      "exit_codes": [
        0,
        0,
        0,
        0,
        0,
        0,
        0,
        0,
        0,
        0
      ]
    }
  ]
}