{
  "results": [
    {
      "command": "npm",
      "mean": 5.43219854144,
      "stddev": 0.3518817931502719,
      "median": 5.30449111984,
      "user": 5.2612376,
      "system": 3.17896494,
      "min": 5.25908348784,
      "max": 6.46957406684,
      "times": [
        6.46957406684,
        5.25908348784,
        5.29143490584,
        5.26139757584,
        5.27065245184,
        5.31025302984,
        5.32025588284,
        5.29872920984,
        5.34444831284,
        5.49615649084
      ],
      "exit_codes": [
        0,
        0,
        0,
        0,
        0,
        0,
        0,
        0,
        0,
        0
      ]
    },
    {
      "command": "snpm",
      "mean": 0.10740543654000001,
      "stddev": 0.0017452787586247093,
      "median": 0.10701993684000001,
      "user": 0.0250921,
      "system": 0.08458604,
      "min": 0.10544417284,
      "max": 0.11054929884,
      "times": [
        0.10700877584000001,
        0.10996465684000001,
        0.10703109784,
        0.10544417284,
        0.10606256084000001,
        0.10825519784000001,
        0.11054929884,
        0.10549177884000001,
        0.10579376884000001,
        0.10845305684
      ],
      "exit_codes": [
        0,
        0,
        0,
        0,
        0,
        0,
        0,
        0,
        0,
        0
      ]
    },
    {
      "command": "yarn",
      "mean": 10.83088756344,
      "stddev": 0.06738295329963256,
      "median": 10.84922251934,
      "user": 14.8830873,
      "system": 8.26426204,
      "min": 10.73044801584,
      "max": 10.94560137884,
      "times": [
        10.94560137884,
        10.77601111084,
        10.78272681484,
        10.84557439184,
        10.73044801584,
        10.85287064684,
        10.89071739384,
        10.85678229684,
        10.73886629384,
        10.88927729084
      ],
      "exit_codes": [
        0,
        0,
        0,
        0,
        0,
        0,
        0,
        0,
        0,
        0
      ]
    },
    {
      "command": "berry",
      "mean": 4.263935513240001,
      "stddev": 0.03619547900277349,
      "median": 4.26907673234,
      "user": 7.4344324,
      "system": 2.4434636399999996,
      "min": 4.18089532684,
      "max": 4.32151910484,
      "times": [
        4.28698616384,
        4.32151910484,
        4.24717916784,
        4.29756545584,
        4.26480185684,
        4.24296492984,
        4.24772474884,
        4.27636676984,
        4.18089532684,
        4.2733516078400005
      ],
      "exit_codes": [
        0,
        0,
        0,
        0,
        0,
        0,
        0,
        0,
        0,
        0
      ]
    },
    {
      "command": "pnpm",
      "mean": 2.0646461083400003,
      "stddev": 0.019141720185755325,
      "median": 2.0557621293399997,
      "user": 3.8492365,
      "system": 1.5738519399999997,
      "min": 2.04318639684,
      "max": 2.10068255284,
      "times": [
        2.05866200484,
        2.04818674784,
        2.05183604984,
        2.05286225384,
        2.06365308684,
        2.04318639684,
        2.09106374684,
        2.10068255284,
        2.08506977984,
        2.05125846384
      ],
      "exit_codes": [
        0,
        0,
        0,
        0,
        0,
        0,
        0,
        0,
        0,
        0
      ]
    },
    {
      "command": "vlt",
      "mean": 2.7232041184399995,
      "stddev": 0.022674040106913557,
      "median": 2.72599417234,
      "user": 3.4345120000000002,
      "system": 1.81449304,
      "min": 2.67860301084,
      "max": 2.7578580718400003,
      "times": [
        2.72429913784,
        2.73125770084,
        2.72208008284,
        2.75135808384,
        2.72768920684,
        2.7578580718400003,
        2.73059604184,
        2.69210592184,
        2.71619392584,
        2.67860301084
      ],
      "exit_codes": [
        0,
        0,
        0,
        0,
        0,
        0,
        0,
        0,
        0,
        0
      ]
    },
    {
      "command": "bun",
      "mean": 0.48884801024,
      "stddev": 0.02269048201618838,
      "median": 0.48308895684000003,
      "user": 0.5195072,
      "system": 1.03082074,
      "min": 0.46646835584,
      "max": 0.55281670184,
      "times": [
        0.48358070284000004,
        0.55281670184,
        0.47111259384000004,
        0.49661367484,
        0.48413188884,
        0.48198471884,
        0.48663809384,
        0.46646835584,
        0.48253616084,
        0.48259721084
      ],
      "exit_codes": [
        0,
        0,
        0,
        0,
        0,
        0,
        0,
        0,
        0,
        0
      ]
    },
    {
      "command": "deno",
      "mean": 3.5887696194399994,
      "stddev": 0.27625860088264936,
      "median": 3.48210780584,
      "user": 1.8099292999999999,
      "system": 1.49118424,
      "min": 3.27514836784,
      "max": 4.09944116184,
      "times": [
        3.35353071784,
        3.29442028884,
        3.4703582168400002,
        3.90269340584,
        3.47234441784,
        3.58341755084,
        3.94447087284,
        3.4918711938399998,
        4.09944116184,
        3.27514836784
      ],
      "exit_codes": [
        0,
        0,
        0,
        0,
        0,
        0,
        0,
        0,
        0,
        0
      ]
    }
  ]
}