{
  "results": [
    {
      "command": "npm",
      "mean": 7.736725883619999,
      "stddev": 0.030479374155976617,
      "median": 7.73573950902,
      "user": 7.2152208999999985,
      "system": 4.972958600000001,
      "min": 7.69093946102,
      "max": 7.78676426402,
      "times": [
        7.72602572502,
        7.7060606300200005,
        7.745453293020001,
        7.772554005020001,
        7.78676426402,
        7.766485252020001,
        7.74640501102,
        7.70336557202,
        7.72320562302,
        7.69093946102
      ],
      "exit_codes": [
        0,
        0,
        0,
        0,
        0,
        0,
        0,
        0,
        0,
        0
      ]
    },
    {
      "command": "snpm",
      "mean": 0.15691100712,
      "stddev": 0.002683679462378194,
      "median": 0.15734012702,
      "user": 0.0306899,
      "system": 0.1285055,
      "min": 0.15112460902,
      "max": 0.15990723802,
      "times": [
        0.15112460902,
        0.15516837802,
        0.15559588702,
        0.15582052102,
        0.15498136602,
        0.15990723802,
        0.15893392302,
        0.15885973302,
        0.15941157002,
        0.15930684602
      ],
      "exit_codes": [
        0,
        0,
        0,
        0,
        0,
        0,
        0,
        0,
        0,
        0
      ]
    },
    {
      "command": "yarn",
      "mean": 4.05794710412,
      "stddev": 0.5501679935456226,
      "median": 3.87750601602,
      "user": 3.4620125,
      "system": 4.263245499999999,
      "min": 3.82290537702,
      "max": 5.70504461502,
      "times": [
        3.88621735202,
        3.91352516302,
        5.70504461502,
        3.83563028502,
        3.87450709102,
        3.95101916902,
        3.8805049410200003,
        3.85622463302,
        3.8538924150200002,
        3.82290537702
      ],
      "exit_codes": [
        0,
        0,
        0,
        0,
        0,
        0,
        0,
        0,
        0,
        0
      ]
    },
    {
      "command": "berry",
      "mean": 4.41821355412,
      "stddev": 0.03164008572019402,
      "median": 4.417233980520001,
      "user": 4.661795799999999,
      "system": 2.5105337,
      "min": 4.37963030902,
      "max": 4.47010663202,
      "times": [
        4.38476455602,
        4.44498224702,
        4.47010663202,
        4.43751601802,
        4.39238250402,
        4.38073368802,
        4.4171294350200005,
        4.37963030902,
        4.457551626020001,
        4.417338526020001
      ],
      "exit_codes": [
        0,
        0,
        0,
        0,
        0,
        0,
        0,
        0,
        0,
        0
      ]
    },
    {
      "command": "pnpm",
      "mean": 1.32905921012,
      "stddev": 0.018913044603756795,
      "median": 1.32951769502,
      "user": 2.0065182,
      "system": 0.7790426,
      "min": 1.28867615802,
      "max": 1.35132434302,
      "times": [
        1.32673186002,
        1.28867615802,
        1.30414124502,
        1.32599828902,
        1.35080438202,
        1.33143687402,
        1.34085978902,
        1.35132434302,
        1.3275985160200001,
        1.34302064502
      ],
      "exit_codes": [
        0,
        0,
        0,
        0,
        0,
        0,
        0,
        0,
        0,
        0
      ]
    },
    {
      "command": "vlt",
      "mean": 2.9061750332200003,
      "stddev": 0.030340600164680116,
      "median": 2.89368398652,
      "user": 2.6640107,
      "system": 2.7626275999999996,
      "min": 2.87556012702,
      "max": 2.9690271420200003,
      "times": [
        2.91585011502,
        2.87777296602,
        2.89544612202,
        2.89192185102,
        2.88759588902,
        2.93956300402,
        2.87556012702,
        2.9690271420200003,
        2.87592506102,
        2.9330880550200003
      ],
      "exit_codes": [
        0,
        0,
        0,
        0,
        0,
        0,
        0,
        0,
        0,
        0
      ]
    },
    {
      "command": "bun",
      "mean": 0.2832493072200001,
      "stddev": 0.004254530462650764,
      "median": 0.28256783302,
      "user": 0.0172244,
      "system": 0.2716459,
      "min": 0.27917061702,
      "max": 0.29505371702,
      "times": [
        0.27919664602,
        0.27917061702,
        0.28312803602000003,
        0.28206841002,
        0.28231774602000004,
        0.28281792002,
        0.28390075202000004,
        0.28389306902,
        0.29505371702,
        0.28094615902000003
      ],
      "exit_codes": [
        0,
        0,
        0,
        0,
        0,
        0,
        0,
        0,
        0,
        0
      ]
    },
    {
      "command": "deno",
      "mean": 0.49142727522000007,
      "stddev": 0.005590202318388293,
      "median": 0.49116144752,
      "user": 0.4269162000000001,
      "system": 0.6278509999999999,
      "min": 0.47790462002,
      "max": 0.49801268202000004,
      "times": [
        0.49196297102000003,
        0.48899878002,
        0.48993345102,
        0.49006388002,
        0.49754290002,
        0.49038476302,
        0.49801268202000004,
        0.49193813202000003,
        0.47790462002,
        0.49753057302000003
      ],
      "exit_codes": [
        0,
        0,
        0,
        0,
        0,
        0,
        0,
        0,
        0,
        0
      ]
    }
  ]
}