{
  "results": [
    {
      "command": "npm",
      "mean": 1.3826478728599998,
      "stddev": 0.01059446434125539,
      "median": 1.38440501696,
      "user": 1.45806912,
      "system": 0.46493802000000006,
      "min": 1.35950904096,
      "max": 1.39906716996,
      "times": [
        1.37420267796,
        1.38746988196,
        1.38764449196,
        1.39906716996,
        1.37663248996,
        1.35950904096,
        1.38782156096,
        1.38134015196,
        1.37914527996,
        1.3936459829599999
      ],
      "exit_codes": [
        0,
        0,
        0,
        0,
        0,
        0,
        0,
        0,
        0,
        0
      ]
    },
    {
      "command": "snpm",
      "mean": 0.03135807386,
      "stddev": 0.0006761868612918258,
      "median": 0.03144099546,
      "user": 0.01834822,
      "system": 0.01531932,
      "min": 0.030413631960000003,
      "max": 0.032907560960000005,
      "times": [
        0.030413631960000003,
        0.03158657496,
        0.03142587396,
        0.030597995960000002,
        0.03182725496,
        0.03145611696,
        0.032907560960000005,
        0.03106763996,
        0.030800191960000004,
        0.03149789696000001
      ],
      "exit_codes": [
        0,
        0,
        0,
        0,
        0,
        0,
        0,
        0,
        0,
        0
      ]
    },
    {
      "command": "yarn",
      "mean": 3.651109133659999,
      "stddev": 0.06054642750943922,
      "median": 3.65213940946,
      "user": 5.639074819999999,
      "system": 1.5171386199999999,
      "min": 3.57617796796,
      "max": 3.75604206396,
      "times": [
        3.75604206396,
        3.59918745396,
        3.71103462296,
        3.59312326296,
        3.62008524696,
        3.68419357196,
        3.58340890196,
        3.57617796796,
        3.70016571796,
        3.68767252596
      ],
      "exit_codes": [
        0,
        0,
        0,
        0,
        0,
        0,
        0,
        0,
        0,
        0
      ]
    },
    {
      "command": "berry",
      "mean": 2.41281226096,
      "stddev": 0.028867663591995347,
      "median": 2.4160914474600004,
      "user": 3.7706838199999995,
      "system": 0.90076512,
      "min": 2.34796971596,
      "max": 2.44758758996,
      "times": [
        2.41508055896,
        2.40958363996,
        2.34796971596,
        2.38830147096,
        2.39514035596,
        2.44423379296,
        2.44343814196,
        2.41968500696,
        2.41710233596,
        2.44758758996
      ],
      "exit_codes": [
        0,
        0,
        0,
        0,
        0,
        0,
        0,
        0,
        0,
        0
      ]
    },
    {
      "command": "pnpm",
      "mean": 1.19741885586,
      "stddev": 0.018874493295016014,
      "median": 1.19157329946,
      "user": 1.6652273200000003,
      "system": 0.33905392,
      "min": 1.1805922739599999,
      "max": 1.24081682796,
      "times": [
        1.19005036696,
        1.19309623196,
        1.2079773679599999,
        1.18105067496,
        1.24081682796,
        1.18259558896,
        1.1805922739599999,
        1.2191377289599998,
        1.1973309749599998,
        1.18154052196
      ],
      "exit_codes": [
        0,
        0,
        0,
        0,
        0,
        0,
        0,
        0,
        0,
        0
      ]
    },
    {
      "command": "vlt",
      "mean": 0.9254054001600001,
      "stddev": 0.008232308799938087,
      "median": 0.9229474674600001,
      "user": 1.11148132,
      "system": 0.34322921999999995,
      "min": 0.9129648639600001,
      "max": 0.9392756939600001,
      "times": [
        0.9341544729600001,
        0.9129648639600001,
        0.9207060049600001,
        0.9175612189600001,
        0.9206130479600001,
        0.9315257719600001,
        0.9251889299600001,
        0.9392756939600001,
        0.9186449279600001,
        0.9334190689600002
      ],
      "exit_codes": [
        0,
        0,
        0,
        0,
        0,
        0,
        0,
        0,
        0,
        0
      ]
    },
    {
      "command": "bun",
      "mean": 0.30070420436,
      "stddev": 0.011612112227954016,
      "median": 0.30055687346000004,
      "user": 0.17629402,
      "system": 0.13312092000000003,
      "min": 0.28499016296,
      "max": 0.32446153596,
      "times": [
        0.29139005996,
        0.28515501196000004,
        0.32446153596,
        0.29517203596,
        0.30848871196,
        0.30950058296,
        0.30180578396,
        0.29930796296,
        0.28499016296,
        0.30677019496
      ],
      "exit_codes": [
        0,
        0,
        0,
        0,
        0,
        0,
        0,
        0,
        0,
        0
      ]
    },
    {
      "command": "deno",
      "mean": 2.27731879836,
      "stddev": 0.10484569335609763,
      "median": 2.2721807479600002,
      "user": 0.6548000199999999,
      "system": 0.24256251999999998,
      "min": 2.10388411496,
      "max": 2.45028220096,
      "times": [
        2.20370691296,
        2.20903582196,
        2.45028220096,
        2.32920309696,
        2.18133787596,
        2.32225601696,
        2.10388411496,
        2.33371372496,
        2.41766273896,
        2.22210547896
      ],
      "exit_codes": [
        0,
        0,
        0,
        0,
        0,
        0,
        0,
        0,
        0,
        0
      ]
    }
  ]
}