{
  "results": [
    {
      "command": "npm",
      "mean": 0.9427895673200002,
      "stddev": 0.010744692897622138,
      "median": 0.9413689579200001,
      "user": 1.0531892199999997,
      "system": 0.19125915999999998,
      "min": 0.9294377154200001,
      "max": 0.97069775942,
      "times": [
        0.94662689842,
        0.97069775942,
        0.94068702142,
        0.9352728294200001,
        0.9453154844200001,
        0.9420508944200001,
        0.94484272942,
        0.9325457964200001,
        0.9404185444200001,
        0.9294377154200001
      ],
      "exit_codes": [
        0,
        0,
        0,
        0,
        0,
        0,
        0,
        0,
        0,
        0
      ]
    },
    {
      "command": "snpm",
      "mean": 0.5761429082200001,
      "stddev": 0.002831668915114765,
      "median": 0.5750105434200001,
      "user": 0.3780395200000001,
      "system": 0.20756245999999998,
      "min": 0.5721730464200001,
      "max": 0.58214093142,
      "times": [
        0.58214093142,
        0.57848600242,
        0.57843166142,
        0.5744246914200001,
        0.5740008414200001,
        0.5742499054200001,
        0.5755963954200001,
        0.57419769842,
        0.5777279084200001,
        0.5721730464200001
      ],
      "exit_codes": [
        0,
        0,
        0,
        0,
        0,
        0,
        0,
        0,
        0,
        0
      ]
    },
    {
      "command": "yarn",
      "mean": 7.955611670320001,
      "stddev": 0.5561332185633987,
      "median": 7.80584407092,
      "user": 3.7889440199999997,
      "system": 1.44551576,
      "min": 7.117587975419999,
      "max": 8.94206052942,
      "times": [
        8.94206052942,
        7.80461432442,
        7.9942079784199995,
        7.80707381742,
        7.117587975419999,
        8.575852734420002,
        7.77860754242,
        7.3450290124199995,
        8.616656477420001,
        7.57442631142
      ],
      "exit_codes": [
        0,
        0,
        0,
        0,
        0,
        0,
        0,
        0,
        0,
        0
      ]
    },
    {
      "command": "berry",
      "mean": 2.6364701384200004,
      "stddev": 0.03904524192515193,
      "median": 2.63196450692,
      "user": 3.5220157199999997,
      "system": 0.6116371599999999,
      "min": 2.56025466242,
      "max": 2.7008564384200002,
      "times": [
        2.61620611942,
        2.6504313924200003,
        2.6298084864200004,
        2.6806994144200003,
        2.6672016394200004,
        2.7008564384200002,
        2.63024334442,
        2.56025466242,
        2.63368566942,
        2.59531421742
      ],
      "exit_codes": [
        0,
        0,
        0,
        0,
        0,
        0,
        0,
        0,
        0,
        0
      ]
    },
    {
      "command": "pnpm",
      "mean": 1.20677923192,
      "stddev": 0.03431900172264298,
      "median": 1.20842861842,
      "user": 1.63433882,
      "system": 0.29539795999999996,
      "min": 1.1460566744199998,
      "max": 1.2528177864199999,
      "times": [
        1.1460566744199998,
        1.22420444442,
        1.1926527924199999,
        1.18423913642,
        1.24139572142,
        1.17442868542,
        1.2528177864199999,
        1.22868704442,
        1.24472730942,
        1.17858272442
      ],
      "exit_codes": [
        0,
        0,
        0,
        0,
        0,
        0,
        0,
        0,
        0,
        0
      ]
    },
    {
      "command": "vlt",
      "mean": 0.34341037932,
      "stddev": 0.00567362670222184,
      "median": 0.34195160842000005,
      "user": 0.36504791999999997,
      "system": 0.07834186,
      "min": 0.33582817542000004,
      "max": 0.35439210042,
      "times": [
        0.35262390942000005,
        0.34215811642000005,
        0.34174510042000006,
        0.33968217642000004,
        0.34419604242000007,
        0.33582817542000004,
        0.34058242242000003,
        0.35439210042,
        0.34493821742,
        0.33795753242000004
      ],
      "exit_codes": [
        0,
        0,
        0,
        0,
        0,
        0,
        0,
        0,
        0,
        0
      ]
    },
    {
      "command": "bun",
      "mean": 0.04030731482000001,
      "stddev": 0.0004267924893871026,
      "median": 0.040353292420000006,
      "user": 0.009544619999999998,
      "system": 0.036331859999999994,
      "min": 0.03951672442,
      "max": 0.041000115420000004,
      "times": [
        0.041000115420000004,
        0.040462398420000004,
        0.04024418642,
        0.04062351042,
        0.04064460642000001,
        0.040085074420000005,
        0.03951672442,
        0.03989251842,
        0.04065783542,
        0.039946178420000006
      ],
      "exit_codes": [
        0,
        0,
        0,
        0,
        0,
        0,
        0,
        0,
        0,
        0
      ]
    },
    {
      "command": "deno",
      "mean": 0.8047012194200001,
      "stddev": 0.02755309624563614,
      "median": 0.79162530042,
      "user": 0.9865068199999998,
      "system": 0.28532876,
      "min": 0.7824583824200001,
      "max": 0.8670201014200001,
      "times": [
        0.7854872674200001,
        0.80046410142,
        0.8670201014200001,
        0.7893128184200001,
        0.7824583824200001,
        0.7917833284200001,
        0.80391857842,
        0.7865937564200001,
        0.8485065874200001,
        0.79146727242
      ],
      "exit_codes": [
        0,
        0,
        0,
        0,
        0,
        0,
        0,
        0,
        0,
        0
      ]
    }
  ]
}