{
  "results": [
    {
      "command": "npm",
      "mean": 3.70137772048,
      "stddev": 0.018225602442713162,
      "median": 3.6977556517799997,
      "user": 4.19275238,
      "system": 2.5500096,
      "min": 3.67113282478,
      "max": 3.73703507778,
      "times": [
        3.69781969778,
        3.69312908178,
        3.67113282478,
        3.69769160578,
        3.70943169378,
        3.6916118937799998,
        3.73703507778,
        3.72269220578,
        3.6828079487800003,
        3.71042517478
      ],
      "exit_codes": [
        0,
        0,
        0,
        0,
        0,
        0,
        0,
        0,
        0,
        0
      ]
    },
    {
      "command": "snpm",
      "mean": 0.15331860458,
      "stddev": 0.002882134365529717,
      "median": 0.15416963928,
      "user": 0.030848579999999997,
      "system": 0.12488569999999999,
      "min": 0.14696245478,
      "max": 0.15664366278000003,
      "times": [
        0.14696245478,
        0.15057183978000002,
        0.15063913578000002,
        0.15562168578000002,
        0.15357809778,
        0.15381026678,
        0.15470134978000002,
        0.15612854078000002,
        0.15664366278000003,
        0.15452901178
      ],
      "exit_codes": [
        0,
        0,
        0,
        0,
        0,
        0,
        0,
        0,
        0,
        0
      ]
    },
    {
      "command": "yarn",
      "mean": 2.9805990313800006,
      "stddev": 0.46263800995118687,
      "median": 2.8386495072800004,
      "user": 3.01153248,
      "system": 2.985358,
      "min": 2.77639424278,
      "max": 4.364068851780001,
      "times": [
        2.84928401678,
        2.89180317678,
        2.80316609578,
        4.364068851780001,
        2.87243038378,
        2.78206983178,
        2.8316489697800002,
        2.77639424278,
        2.84565004478,
        2.78947469978
      ],
      "exit_codes": [
        0,
        0,
        0,
        0,
        0,
        0,
        0,
        0,
        0,
        0
      ]
    },
    {
      "command": "berry",
      "mean": 3.10045116028,
      "stddev": 0.03357369430935628,
      "median": 3.09510681978,
      "user": 3.8088837799999995,
      "system": 1.6327968,
      "min": 3.05949100878,
      "max": 3.18212582978,
      "times": [
        3.08499631378,
        3.0738885477799998,
        3.11372452378,
        3.10591679778,
        3.06818785478,
        3.09856054778,
        3.09165309178,
        3.12596708678,
        3.05949100878,
        3.18212582978
      ],
      "exit_codes": [
        0,
        0,
        0,
        0,
        0,
        0,
        0,
        0,
        0,
        0
      ]
    },
    {
      "command": "pnpm",
      "mean": 1.26100433338,
      "stddev": 0.02238768771053042,
      "median": 1.2565062512799998,
      "user": 1.93427948,
      "system": 0.6992665,
      "min": 1.23641578178,
      "max": 1.31849853378,
      "times": [
        1.25835957378,
        1.26541453678,
        1.25673040878,
        1.2562820937799999,
        1.24570903778,
        1.27966685078,
        1.24255030978,
        1.31849853378,
        1.23641578178,
        1.25041620678
      ],
      "exit_codes": [
        0,
        0,
        0,
        0,
        0,
        0,
        0,
        0,
        0,
        0
      ]
    },
    {
      "command": "vlt",
      "mean": 1.96610230108,
      "stddev": 0.02153252646394659,
      "median": 1.9568762202799999,
      "user": 2.2478057799999993,
      "system": 1.6624396999999997,
      "min": 1.9435145497800002,
      "max": 1.99888415178,
      "times": [
        1.99888415178,
        1.99874592878,
        1.9883565227800002,
        1.9435145497800002,
        1.95144683378,
        1.94469554978,
        1.94373541578,
        1.95890667578,
        1.97789161778,
        1.95484576478
      ],
      "exit_codes": [
        0,
        0,
        0,
        0,
        0,
        0,
        0,
        0,
        0,
        0
      ]
    },
    {
      "command": "bun",
      "mean": 0.31387731318,
      "stddev": 0.00332509223850591,
      "median": 0.31294887728,
      "user": 0.15354478,
      "system": 0.2684275,
      "min": 0.30918464678,
      "max": 0.32027471978,
      "times": [
        0.31100270677999997,
        0.31159863578,
        0.31238906478,
        0.31350868978,
        0.32027471978,
        0.31457742478,
        0.30918464678,
        0.31498161378,
        0.31908973678,
        0.31216589278
      ],
      "exit_codes": [
        0,
        0,
        0,
        0,
        0,
        0,
        0,
        0,
        0,
        0
      ]
    },
    {
      "command": "deno",
      "mean": 0.5730289940800001,
      "stddev": 0.014673998583197323,
      "median": 0.58041925228,
      "user": 0.52344808,
      "system": 0.5676143,
      "min": 0.54717052778,
      "max": 0.58831139678,
      "times": [
        0.58658765878,
        0.58103239878,
        0.58004720478,
        0.58831139678,
        0.54717052778,
        0.58079129978,
        0.57047964078,
        0.56217930878,
        0.54823131278,
        0.58545919178
      ],
      "exit_codes": [
        0,
        0,
        0,
        0,
        0,
        0,
        0,
        0,
        0,
        0
      ]
    }
  ]
}