{
  "results": [
    {
      "command": "npm",
      "mean": 0.5747617977,
      "stddev": 0.01811218953391849,
      "median": 0.5692485551,
      "user": 0.6322175800000001,
      "system": 0.10965103999999999,
      "min": 0.5576089771,
      "max": 0.6255905251,
      "times": [
        0.5617633801,
        0.5702008761,
        0.5576089771,
        0.5682962341000001,
        0.5681033641000001,
        0.5653760111,
        0.5790211551000001,
        0.5788556401,
        0.6255905251,
        0.5728018141000001
      ],
      "exit_codes": [
        0,
        0,
        0,
        0,
        0,
        0,
        0,
        0,
        0,
        0
      ]
    },
    {
      "command": "snpm",
      "mean": 0.0356493451,
      "stddev": 0.0003701614386286075,
      "median": 0.0355147876,
      "user": 0.022536579999999997,
      "system": 0.015405839999999999,
      "min": 0.0352843671,
      "max": 0.0363456581,
      "times": [
        0.035292571099999996,
        0.035355453099999996,
        0.0355173571,
        0.0355789521,
        0.0355122181,
        0.0363456581,
        0.0354856311,
        0.0352843671,
        0.0363177161,
        0.035803527099999996
      ],
      "exit_codes": [
        0,
        0,
        0,
        0,
        0,
        0,
        0,
        0,
        0,
        0
      ]
    },
    {
      "command": "yarn",
      "mean": 0.3214468334,
      "stddev": 0.007647688880035366,
      "median": 0.32174782360000004,
      "user": 0.3673716799999999,
      "system": 0.06739964,
      "min": 0.31063551910000003,
      "max": 0.3399900021,
      "times": [
        0.32487862010000007,
        0.32480395210000007,
        0.32292685810000005,
        0.3229040141,
        0.31750049610000003,
        0.31555396410000003,
        0.3399900021,
        0.31468327510000005,
        0.32059163310000005,
        0.31063551910000003
      ],
      "exit_codes": [
        0,
        0,
        0,
        0,
        0,
        0,
        0,
        0,
        0,
        0
      ]
    },
    {
      "command": "berry",
      "mean": 1.1248330859,
      "stddev": 0.014309117054064274,
      "median": 1.1250375506,
      "user": 1.20516418,
      "system": 0.20674193999999999,
      "min": 1.1007370831,
      "max": 1.1563249831,
      "times": [
        1.1214563691000001,
        1.1070046451,
        1.1348593291,
        1.1007370831,
        1.1286000681000001,
        1.1210698401,
        1.1563249831,
        1.1282034401,
        1.1267071651,
        1.1233679361
      ],
      "exit_codes": [
        0,
        0,
        0,
        0,
        0,
        0,
        0,
        0,
        0,
        0
      ]
    },
    {
      "command": "pnpm",
      "mean": 0.8396991404000002,
      "stddev": 0.10323948502011145,
      "median": 0.7822154761000001,
      "user": 0.81831858,
      "system": 0.12956363999999998,
      "min": 0.7700558391000001,
      "max": 1.0825795721,
      "times": [
        0.7723543371000001,
        0.7703231371000001,
        0.7844773071000001,
        0.7760634011,
        0.7700558391000001,
        0.7850743491000001,
        0.9520977441,
        0.7799536451000001,
        1.0825795721,
        0.9240120721000001
      ],
      "exit_codes": [
        0,
        0,
        0,
        0,
        0,
        0,
        0,
        0,
        0,
        0
      ]
    },
    {
      "command": "vlt",
      "mean": 0.31976829460000006,
      "stddev": 0.0065682048560193095,
      "median": 0.3184129291000001,
      "user": 0.3447251799999999,
      "system": 0.07362594000000001,
      "min": 0.31180396810000005,
      "max": 0.33381985710000006,
      "times": [
        0.32006994510000003,
        0.31539972310000003,
        0.31987578810000006,
        0.31180396810000005,
        0.31663467410000007,
        0.3195288761,
        0.31361224610000005,
        0.32964088610000003,
        0.33381985710000006,
        0.31729698210000007
      ],
      "exit_codes": [
        0,
        0,
        0,
        0,
        0,
        0,
        0,
        0,
        0,
        0
      ]
    },
    {
      "command": "bun",
      "mean": 0.011769232800000001,
      "stddev": 0.0005750611202860179,
      "median": 0.011499528600000001,
      "user": 0.008751779999999999,
      "system": 0.00883414,
      "min": 0.011251179100000001,
      "max": 0.012909031100000001,
      "times": [
        0.012764892100000001,
        0.011283939100000001,
        0.011278679100000001,
        0.011251179100000001,
        0.011463212100000002,
        0.011495346100000001,
        0.011793721100000001,
        0.011503711100000001,
        0.012909031100000001,
        0.011948617100000001
      ],
      "exit_codes": [
        0,
        0,
        0,
        0,
        0,
        0,
        0,
        0,
        0,
        0
      ]
    },
    {
      "command": "deno",
      "mean": 0.17380470250000002,
      "stddev": 0.0059066476474293455,
      "median": 0.1728781081,
      "user": 0.14156818,
      "system": 0.05168884,
      "min": 0.16811996110000002,
      "max": 0.1907023431,
      "times": [
        0.17304625110000002,
        0.1907023431,
        0.1727099651,
        0.1732130581,
        0.1744900681,
        0.17118641810000002,
        0.1701582841,
        0.17094363410000002,
        0.16811996110000002,
        0.1734770421
      ],
      "exit_codes": [
        0,
        0,
        0,
        0,
        0,
        0,
        0,
        0,
        0,
        0
      ]
    }
  ]
}