{
  "results": [
    {
      "command": "npm",
      "mean": 0.50527525042,
      "stddev": 0.004813177706275768,
      "median": 0.50466717742,
      "user": 0.601777,
      "system": 0.07750415999999999,
      "min": 0.49768941942,
      "max": 0.51547399842,
      "times": [
        0.49768941942,
        0.49991512441999997,
        0.50599483842,
        0.50456730042,
        0.50651168542,
        0.50476705442,
        0.51547399842,
        0.5107883654200001,
        0.50251468242,
        0.50453003542
      ],
      "exit_codes": [
        0,
        0,
        0,
        0,
        0,
        0,
        0,
        0,
        0,
        0
      ]
    },
    {
      "command": "snpm",
      "mean": 0.030937031120000003,
      "stddev": 0.0003080054075298193,
      "median": 0.030881982420000006,
      "user": 0.021406199999999997,
      "system": 0.011977459999999999,
      "min": 0.030472582420000005,
      "max": 0.031612890420000005,
      "times": [
        0.031171219420000007,
        0.030578627420000004,
        0.031072300420000004,
        0.031612890420000005,
        0.031105181420000003,
        0.03081771942,
        0.030885296420000007,
        0.030775825420000007,
        0.030472582420000005,
        0.030878668420000005
      ],
      "exit_codes": [
        0,
        0,
        0,
        0,
        0,
        0,
        0,
        0,
        0,
        0
      ]
    },
    {
      "command": "yarn",
      "mean": 0.30274003631999996,
      "stddev": 0.003558417876883022,
      "median": 0.30249063692,
      "user": 0.358046,
      "system": 0.05381666,
      "min": 0.29528791242,
      "max": 0.31029364842,
      "times": [
        0.31029364842,
        0.29528791242,
        0.30043700942,
        0.30188851442,
        0.30451095342,
        0.30231961542,
        0.30295677642,
        0.30221566042,
        0.30482861442,
        0.30266165842
      ],
      "exit_codes": [
        0,
        0,
        0,
        0,
        0,
        0,
        0,
        0,
        0,
        0
      ]
    },
    {
      "command": "berry",
      "mean": 1.14987634562,
      "stddev": 0.015396043774874033,
      "median": 1.1415183834200002,
      "user": 1.2446419999999998,
      "system": 0.18041205999999999,
      "min": 1.13534598242,
      "max": 1.1824415694200001,
      "times": [
        1.15913435942,
        1.1724378834200002,
        1.1391893614200002,
        1.1365809664200002,
        1.13534598242,
        1.14143914442,
        1.1415976224200002,
        1.1824415694200001,
        1.14926078942,
        1.1413357774200001
      ],
      "exit_codes": [
        0,
        0,
        0,
        0,
        0,
        0,
        0,
        0,
        0,
        0
      ]
    },
    {
      "command": "pnpm",
      "mean": 0.7383618377200001,
      "stddev": 0.033865984968110954,
      "median": 0.72595493392,
      "user": 0.7720729000000002,
      "system": 0.09734345999999999,
      "min": 0.7135099784200001,
      "max": 0.8329172864200001,
      "times": [
        0.71652626842,
        0.7220443374200001,
        0.76134930142,
        0.7135099784200001,
        0.72684429842,
        0.72506556942,
        0.72441643942,
        0.73279857142,
        0.8329172864200001,
        0.72814632642
      ],
      "exit_codes": [
        0,
        0,
        0,
        0,
        0,
        0,
        0,
        0,
        0,
        0
      ]
    },
    {
      "command": "vlt",
      "mean": 0.29874810112,
      "stddev": 0.0052395487834271445,
      "median": 0.29784553492,
      "user": 0.3448653,
      "system": 0.05740736,
      "min": 0.29076698042,
      "max": 0.30860715342,
      "times": [
        0.30335631942,
        0.30051856042,
        0.29567651742,
        0.30425250042,
        0.29514172542,
        0.29440108442,
        0.30860715342,
        0.30001455242,
        0.29474561742,
        0.29076698042
      ],
      "exit_codes": [
        0,
        0,
        0,
        0,
        0,
        0,
        0,
        0,
        0,
        0
      ]
    },
    {
      "command": "bun",
      "mean": 0.00985793162,
      "stddev": 0.0001373875507058775,
      "median": 0.009824679420000001,
      "user": 0.0097457,
      "system": 0.0056130600000000004,
      "min": 0.00968161642,
      "max": 0.010076126420000001,
      "times": [
        0.009802542420000001,
        0.009846816420000001,
        0.00970663442,
        0.00977698942,
        0.009971592420000001,
        0.00968161642,
        0.010076126420000001,
        0.009929789420000001,
        0.01006212142,
        0.00972508742
      ],
      "exit_codes": [
        0,
        0,
        0,
        0,
        0,
        0,
        0,
        0,
        0,
        0
      ]
    },
    {
      "command": "deno",
      "mean": 0.15170952352000003,
      "stddev": 0.0021199828894176696,
      "median": 0.15242573592000003,
      "user": 0.1361806,
      "system": 0.03249176000000001,
      "min": 0.14828525542,
      "max": 0.15423377342000003,
      "times": [
        0.14991933742000002,
        0.15322558442,
        0.15423377342000003,
        0.15383384642000003,
        0.14900944742000002,
        0.15222254742000002,
        0.14828525542,
        0.14982124042000003,
        0.15262892442,
        0.15391527842000002
      ],
      "exit_codes": [
        0,
        0,
        0,
        0,
        0,
        0,
        0,
        0,
        0,
        0
      ]
    }
  ]
}