{
  "results": [
    {
      "command": "npm",
      "mean": 0.58280460146,
      "stddev": 0.005890820402740208,
      "median": 0.58137172106,
      "user": 0.6462025999999998,
      "system": 0.11163732,
      "min": 0.57622256856,
      "max": 0.59683722256,
      "times": [
        0.5788580385600001,
        0.58192811056,
        0.5810148645600001,
        0.57622256856,
        0.57946893656,
        0.57844028956,
        0.58328127956,
        0.59026612656,
        0.5817285775600001,
        0.59683722256
      ],
      "exit_codes": [
        0,
        0,
        0,
        0,
        0,
        0,
        0,
        0,
        0,
        0
      ]
    },
    {
      "command": "snpm",
      "mean": 0.03299744155999999,
      "stddev": 0.0009693449153694466,
      "median": 0.03259942556,
      "user": 0.020356599999999996,
      "system": 0.01486942,
      "min": 0.03210533356,
      "max": 0.03503410556,
      "times": [
        0.03418782156,
        0.03392343956,
        0.03286102556,
        0.03215753656,
        0.03215098056,
        0.032355321560000004,
        0.03266370756,
        0.03210533356,
        0.03253514356,
        0.03503410556
      ],
      "exit_codes": [
        0,
        0,
        0,
        0,
        0,
        0,
        0,
        0,
        0,
        0
      ]
    },
    {
      "command": "yarn",
      "mean": 0.32158264756,
      "stddev": 0.00721561402522941,
      "median": 0.32119256506000005,
      "user": 0.3708969,
      "system": 0.06465262,
      "min": 0.30815852356,
      "max": 0.33221036156,
      "times": [
        0.32870912556,
        0.32117752956,
        0.33221036156,
        0.32120760056000003,
        0.31294734556,
        0.33104051856,
        0.32160904756,
        0.31821949356,
        0.32054692956,
        0.30815852356
      ],
      "exit_codes": [
        0,
        0,
        0,
        0,
        0,
        0,
        0,
        0,
        0,
        0
      ]
    },
    {
      "command": "berry",
      "mean": 1.1127661284600001,
      "stddev": 0.029520017046877896,
      "median": 1.10157125306,
      "user": 1.2335042999999999,
      "system": 0.20316912,
      "min": 1.08878389556,
      "max": 1.1972915205599999,
      "times": [
        1.11431225556,
        1.11721853156,
        1.11464375856,
        1.09676104356,
        1.10132141956,
        1.10012157556,
        1.0953861975599999,
        1.1972915205599999,
        1.10182108656,
        1.08878389556
      ],
      "exit_codes": [
        0,
        0,
        0,
        0,
        0,
        0,
        0,
        0,
        0,
        0
      ]
    },
    {
      "command": "pnpm",
      "mean": 0.72609159876,
      "stddev": 0.03771853340131781,
      "median": 0.71838248406,
      "user": 0.7936919999999998,
      "system": 0.12932272000000003,
      "min": 0.69045098456,
      "max": 0.83091264156,
      "times": [
        0.73049793356,
        0.71039480856,
        0.72694164656,
        0.73618567256,
        0.83091264156,
        0.72254030256,
        0.69616713356,
        0.69045098456,
        0.7142246655600001,
        0.70260019856
      ],
      "exit_codes": [
        0,
        0,
        0,
        0,
        0,
        0,
        0,
        0,
        0,
        0
      ]
    },
    {
      "command": "vlt",
      "mean": 0.33369776646,
      "stddev": 0.0044437648012282255,
      "median": 0.33322386806000004,
      "user": 0.35430329999999993,
      "system": 0.07391981999999998,
      "min": 0.32626614856,
      "max": 0.34231989156000003,
      "times": [
        0.33228113956,
        0.32626614856,
        0.34231989156000003,
        0.33891377256,
        0.33416659656000003,
        0.33545923456,
        0.32920067956,
        0.33057724756,
        0.33226492156,
        0.33552803256
      ],
      "exit_codes": [
        0,
        0,
        0,
        0,
        0,
        0,
        0,
        0,
        0,
        0
      ]
    },
    {
      "command": "bun",
      "mean": 0.011626950360000003,
      "stddev": 0.0004865632403500699,
      "median": 0.011473298060000001,
      "user": 0.008963599999999999,
      "system": 0.00850062,
      "min": 0.011206839560000001,
      "max": 0.01282410756,
      "times": [
        0.012202015560000001,
        0.01171014056,
        0.011462427560000002,
        0.011336973560000001,
        0.01148416856,
        0.011206839560000001,
        0.011244537560000002,
        0.01282410756,
        0.011538015560000002,
        0.01126027756
      ],
      "exit_codes": [
        0,
        0,
        0,
        0,
        0,
        0,
        0,
        0,
        0,
        0
      ]
    },
    {
      "command": "deno",
      "mean": 0.17511514886000001,
      "stddev": 0.004166899928564306,
      "median": 0.17397007906000003,
      "user": 0.1410111,
      "system": 0.054034320000000004,
      "min": 0.16927277956000003,
      "max": 0.18548077156000004,
      "times": [
        0.17228729856000002,
        0.17410213856000004,
        0.17480868656000004,
        0.17353017556000003,
        0.17482307856,
        0.17922883156000002,
        0.17383801956000003,
        0.18548077156000004,
        0.16927277956000003,
        0.17377970856000002
      ],
      "exit_codes": [
        0,
        0,
        0,
        0,
        0,
        0,
        0,
        0,
        0,
        0
      ]
    }
  ]
}