{
  "results": [
    {
      "command": "npm",
      "mean": 0.5772441671999999,
      "stddev": 0.006244093009846925,
      "median": 0.5767380873,
      "user": 0.6408464200000001,
      "system": 0.10859087999999999,
      "min": 0.5695228403,
      "max": 0.5925039443,
      "times": [
        0.5715001453,
        0.5695228403,
        0.5777735213,
        0.5764344053,
        0.5784598093,
        0.5752955243,
        0.5770417693,
        0.5715699603,
        0.5823397523,
        0.5925039443
      ],
      "exit_codes": [
        0,
        0,
        0,
        0,
        0,
        0,
        0,
        0,
        0,
        0
      ]
    },
    {
      "command": "snpm",
      "mean": 0.033292892000000004,
      "stddev": 0.00038279121909104696,
      "median": 0.03328262480000001,
      "user": 0.021468320000000003,
      "system": 0.014021979999999998,
      "min": 0.032698851300000005,
      "max": 0.034164710300000005,
      "times": [
        0.0331528123,
        0.032982390300000004,
        0.033310710300000004,
        0.032698851300000005,
        0.0336501493,
        0.033337706300000006,
        0.032984697300000004,
        0.033392353300000004,
        0.033254539300000004,
        0.034164710300000005
      ],
      "exit_codes": [
        0,
        0,
        0,
        0,
        0,
        0,
        0,
        0,
        0,
        0
      ]
    },
    {
      "command": "yarn",
      "mean": 0.31818243930000006,
      "stddev": 0.00641667411999154,
      "median": 0.31670233280000004,
      "user": 0.36085072,
      "system": 0.06632548,
      "min": 0.3094627623,
      "max": 0.33472460330000003,
      "times": [
        0.3094627623,
        0.31318085030000004,
        0.3212137453,
        0.3165665333,
        0.31687951230000005,
        0.3159111693,
        0.31566442530000005,
        0.3168381323,
        0.32138265930000004,
        0.33472460330000003
      ],
      "exit_codes": [
        0,
        0,
        0,
        0,
        0,
        0,
        0,
        0,
        0,
        0
      ]
    },
    {
      "command": "berry",
      "mean": 1.0840957914,
      "stddev": 0.025105469145899315,
      "median": 1.0750013353,
      "user": 1.2157203199999997,
      "system": 0.21871188,
      "min": 1.0649339653,
      "max": 1.1470118293,
      "times": [
        1.0746786333,
        1.0776857733,
        1.0649339653,
        1.0727661183000001,
        1.0782051323000001,
        1.0656408423000001,
        1.1161299983000001,
        1.1470118293,
        1.0685815843000002,
        1.0753240373000001
      ],
      "exit_codes": [
        0,
        0,
        0,
        0,
        0,
        0,
        0,
        0,
        0,
        0
      ]
    },
    {
      "command": "pnpm",
      "mean": 0.7168660599999999,
      "stddev": 0.05030729598841725,
      "median": 0.6999944923,
      "user": 0.80616302,
      "system": 0.13647907999999997,
      "min": 0.6953968623,
      "max": 0.8674155753,
      "times": [
        0.6995416953,
        0.6956546833,
        0.6995586403,
        0.6964526043,
        0.7004303443,
        0.6953968623,
        0.7039404973,
        0.7064386263,
        0.8674155753,
        0.7038310713
      ],
      "exit_codes": [
        0,
        0,
        0,
        0,
        0,
        0,
        0,
        0,
        0,
        0
      ]
    },
    {
      "command": "vlt",
      "mean": 0.33896228920000004,
      "stddev": 0.0025674959898032714,
      "median": 0.33875238780000005,
      "user": 0.36449442,
      "system": 0.07292347999999998,
      "min": 0.33492760930000004,
      "max": 0.3432716543,
      "times": [
        0.3389602203,
        0.3370622113,
        0.3432716543,
        0.33680069630000004,
        0.33492760930000004,
        0.34117991830000005,
        0.33635585830000003,
        0.34084613030000005,
        0.33854455530000005,
        0.34167403830000004
      ],
      "exit_codes": [
        0,
        0,
        0,
        0,
        0,
        0,
        0,
        0,
        0,
        0
      ]
    },
    {
      "command": "bun",
      "mean": 0.0118664226,
      "stddev": 0.0004914584760327263,
      "median": 0.011656241300000002,
      "user": 0.008406720000000001,
      "system": 0.00920838,
      "min": 0.011380415300000002,
      "max": 0.013178893300000001,
      "times": [
        0.0121325843,
        0.011597165300000002,
        0.011625315300000001,
        0.013178893300000001,
        0.011380415300000002,
        0.011498495300000001,
        0.012035737300000002,
        0.011630557300000002,
        0.011903137300000002,
        0.011681925300000002
      ],
      "exit_codes": [
        0,
        0,
        0,
        0,
        0,
        0,
        0,
        0,
        0,
        0
      ]
    },
    {
      "command": "deno",
      "mean": 0.17512191520000003,
      "stddev": 0.002612285296716056,
      "median": 0.17450663030000002,
      "user": 0.13881661999999997,
      "system": 0.054815380000000004,
      "min": 0.1718585753,
      "max": 0.17942085430000002,
      "times": [
        0.1720943433,
        0.17700593030000003,
        0.1718585753,
        0.1781732333,
        0.1776892653,
        0.17433098430000002,
        0.17942085430000002,
        0.17468227630000002,
        0.17247494730000001,
        0.17348874230000003
      ],
      "exit_codes": [
        0,
        0,
        0,
        0,
        0,
        0,
        0,
        0,
        0,
        0
      ]
    }
  ]
}