{
  "results": [
    {
      "command": "npm",
      "mean": 0.55430254682,
      "stddev": 0.002764730056484971,
      "median": 0.55377368552,
      "user": 0.6087191399999999,
      "system": 0.10588958,
      "min": 0.55066590252,
      "max": 0.55989893652,
      "times": [
        0.5569148955200001,
        0.55989893652,
        0.55066590252,
        0.55484090852,
        0.55641968152,
        0.55213906552,
        0.55260910852,
        0.55270646252,
        0.55549198852,
        0.55133851852
      ],
      "exit_codes": [
        0,
        0,
        0,
        0,
        0,
        0,
        0,
        0,
        0,
        0
      ]
    },
    {
      "command": "snpm",
      "mean": 0.03234552232,
      "stddev": 0.00031662019690405197,
      "median": 0.03247358802,
      "user": 0.020619340000000003,
      "system": 0.013867180000000002,
      "min": 0.03178900352,
      "max": 0.03282998552,
      "times": [
        0.03197630552,
        0.03223079952,
        0.03245806352,
        0.03282998552,
        0.03178900352,
        0.03198763152,
        0.03258971352,
        0.03248911252,
        0.03258445352,
        0.03252015452
      ],
      "exit_codes": [
        0,
        0,
        0,
        0,
        0,
        0,
        0,
        0,
        0,
        0
      ]
    },
    {
      "command": "yarn",
      "mean": 0.30581929402,
      "stddev": 0.0024882725984806432,
      "median": 0.30605374102,
      "user": 0.35385414000000004,
      "system": 0.06150878,
      "min": 0.30204600452,
      "max": 0.31121498152,
      "times": [
        0.30281697652,
        0.30204600452,
        0.30422902652,
        0.30673028252,
        0.30455626452,
        0.30647602252,
        0.30563145952,
        0.30741700452,
        0.31121498152,
        0.30707491752
      ],
      "exit_codes": [
        0,
        0,
        0,
        0,
        0,
        0,
        0,
        0,
        0,
        0
      ]
    },
    {
      "command": "berry",
      "mean": 1.07726535192,
      "stddev": 0.014893105698824401,
      "median": 1.0719740310199999,
      "user": 1.19668154,
      "system": 0.19780408,
      "min": 1.05915610152,
      "max": 1.10921996052,
      "times": [
        1.06938993652,
        1.05915610152,
        1.10921996052,
        1.06156651252,
        1.0691547025199999,
        1.09532746052,
        1.08754349952,
        1.07012164052,
        1.07382642152,
        1.07734728352
      ],
      "exit_codes": [
        0,
        0,
        0,
        0,
        0,
        0,
        0,
        0,
        0,
        0
      ]
    },
    {
      "command": "pnpm",
      "mean": 0.69837265522,
      "stddev": 0.01016610774633496,
      "median": 0.6958733325199999,
      "user": 0.7888274399999999,
      "system": 0.12177128,
      "min": 0.68413564052,
      "max": 0.72180762852,
      "times": [
        0.69925718252,
        0.69448862852,
        0.6936489475200001,
        0.69674313652,
        0.69500352852,
        0.68413564052,
        0.7055192235200001,
        0.68729353052,
        0.70582910552,
        0.72180762852
      ],
      "exit_codes": [
        0,
        0,
        0,
        0,
        0,
        0,
        0,
        0,
        0,
        0
      ]
    },
    {
      "command": "vlt",
      "mean": 0.33055658012,
      "stddev": 0.003226738456034333,
      "median": 0.33057152402,
      "user": 0.34902443999999994,
      "system": 0.06749068,
      "min": 0.32716308352,
      "max": 0.33844853652,
      "times": [
        0.33114426952,
        0.32733244552,
        0.32851688952,
        0.33282560152,
        0.33149352852,
        0.33043080552,
        0.33071224252,
        0.32716308352,
        0.33844853652,
        0.32749839852
      ],
      "exit_codes": [
        0,
        0,
        0,
        0,
        0,
        0,
        0,
        0,
        0,
        0
      ]
    },
    {
      "command": "bun",
      "mean": 0.01174493842,
      "stddev": 0.0007645209832583341,
      "median": 0.01146729852,
      "user": 0.007677140000000001,
      "system": 0.009687279999999998,
      "min": 0.01113558052,
      "max": 0.01365964952,
      "times": [
        0.01132144752,
        0.011248160520000001,
        0.01113558052,
        0.012734835520000001,
        0.011530708520000002,
        0.011523846520000002,
        0.01151611852,
        0.01365964952,
        0.01141847852,
        0.011360558520000001
      ],
      "exit_codes": [
        0,
        0,
        0,
        0,
        0,
        0,
        0,
        0,
        0,
        0
      ]
    },
    {
      "command": "deno",
      "mean": 0.17013676132000002,
      "stddev": 0.001599555492869178,
      "median": 0.17035948602,
      "user": 0.13716624000000002,
      "system": 0.05197008000000001,
      "min": 0.16692646352,
      "max": 0.17252985752000002,
      "times": [
        0.17030511052000002,
        0.16906125952000003,
        0.17124780552000002,
        0.17214319852,
        0.16965881152,
        0.16692646352,
        0.17252985752000002,
        0.17041386152000002,
        0.16851797452000003,
        0.17056327052000003
      ],
      "exit_codes": [
        0,
        0,
        0,
        0,
        0,
        0,
        0,
        0,
        0,
        0
      ]
    }
  ]
}