{
  "results": [
    {
      "command": "npm",
      "mean": 0.55988887734,
      "stddev": 0.003950693569025832,
      "median": 0.55851473604,
      "user": 0.6106893999999999,
      "system": 0.11154313999999999,
      "min": 0.5554584045400001,
      "max": 0.5691251945400001,
      "times": [
        0.55601467654,
        0.5581069605400001,
        0.5691251945400001,
        0.5640317905400001,
        0.5616815825400001,
        0.5554584045400001,
        0.5571293935400001,
        0.55892251154,
        0.55796288654,
        0.5604553725400001
      ],
      "exit_codes": [
        0,
        0,
        0,
        0,
        0,
        0,
        0,
        0,
        0,
        0
      ]
    },
    {
      "command": "snpm",
      "mean": 0.03235125844,
      "stddev": 0.0004113211128029901,
      "median": 0.032301147540000005,
      "user": 0.0203949,
      "system": 0.014104139999999998,
      "min": 0.03193998054,
      "max": 0.033421947540000004,
      "times": [
        0.03260226454,
        0.032400401540000005,
        0.03226948754,
        0.031990970540000004,
        0.032126411540000004,
        0.032421427540000006,
        0.03233280754000001,
        0.03200688554,
        0.033421947540000004,
        0.03193998054
      ],
      "exit_codes": [
        0,
        0,
        0,
        0,
        0,
        0,
        0,
        0,
        0,
        0
      ]
    },
    {
      "command": "yarn",
      "mean": 0.31590012764000003,
      "stddev": 0.012011181792775518,
      "median": 0.31326243254,
      "user": 0.35742910000000006,
      "system": 0.06684833999999999,
      "min": 0.30434833754,
      "max": 0.35067686254,
      "times": [
        0.35067686254,
        0.31091482054,
        0.31611011854,
        0.31432789354,
        0.31045598254,
        0.31072618954000003,
        0.31491620654,
        0.31402371754,
        0.31250114754,
        0.30434833754
      ],
      "exit_codes": [
        0,
        0,
        0,
        0,
        0,
        0,
        0,
        0,
        0,
        0
      ]
    },
    {
      "command": "berry",
      "mean": 1.0948737213400004,
      "stddev": 0.028180235603764547,
      "median": 1.0841969635400002,
      "user": 1.1921566000000001,
      "system": 0.21321263999999998,
      "min": 1.06976841354,
      "max": 1.16350306054,
      "times": [
        1.07403510454,
        1.0794665675400001,
        1.08892735954,
        1.16350306054,
        1.07821437854,
        1.06976841354,
        1.09191078154,
        1.07139958454,
        1.12536121854,
        1.10615074454
      ],
      "exit_codes": [
        0,
        0,
        0,
        0,
        0,
        0,
        0,
        0,
        0,
        0
      ]
    },
    {
      "command": "pnpm",
      "mean": 0.7097356063400001,
      "stddev": 0.0412360227571682,
      "median": 0.6980560885400001,
      "user": 0.7906787,
      "system": 0.12268794000000001,
      "min": 0.6757899895400001,
      "max": 0.8239446245400001,
      "times": [
        0.6774337815400001,
        0.6857691695400001,
        0.6757899895400001,
        0.6862933695400001,
        0.71514759254,
        0.6994506925400001,
        0.6966614845400001,
        0.70885471854,
        0.8239446245400001,
        0.7280106405400001
      ],
      "exit_codes": [
        0,
        0,
        0,
        0,
        0,
        0,
        0,
        0,
        0,
        0
      ]
    },
    {
      "command": "vlt",
      "mean": 0.33016988424,
      "stddev": 0.002206039028316957,
      "median": 0.32974545954,
      "user": 0.34966849999999994,
      "system": 0.07202293999999998,
      "min": 0.32701869754,
      "max": 0.33468898954000004,
      "times": [
        0.32701869754,
        0.32984851554,
        0.33187608854,
        0.33468898954000004,
        0.32948534854,
        0.32743145054,
        0.32861059254,
        0.32964240354,
        0.33218933654,
        0.33090741954
      ],
      "exit_codes": [
        0,
        0,
        0,
        0,
        0,
        0,
        0,
        0,
        0,
        0
      ]
    },
    {
      "command": "bun",
      "mean": 0.01152198984,
      "stddev": 0.00018681565869918437,
      "median": 0.01154605554,
      "user": 0.007549099999999999,
      "system": 0.00952954,
      "min": 0.01122598554,
      "max": 0.011883096540000002,
      "times": [
        0.011370764540000002,
        0.01122598554,
        0.011359630540000002,
        0.011883096540000002,
        0.011597806540000002,
        0.011615148540000002,
        0.011581796540000001,
        0.01136002254,
        0.01151031454,
        0.011715332540000001
      ],
      "exit_codes": [
        0,
        0,
        0,
        0,
        0,
        0,
        0,
        0,
        0,
        0
      ]
    },
    {
      "command": "deno",
      "mean": 0.17153054724,
      "stddev": 0.0026463484042431426,
      "median": 0.17130804004,
      "user": 0.13787929999999998,
      "system": 0.05250204000000001,
      "min": 0.16789522554,
      "max": 0.17620058554,
      "times": [
        0.17065562954,
        0.16940828354,
        0.16789522554,
        0.16869326454,
        0.17367012354,
        0.17395908854,
        0.17620058554,
        0.16908545154,
        0.17377736954,
        0.17196045054
      ],
      "exit_codes": [
        0,
        0,
        0,
        0,
        0,
        0,
        0,
        0,
        0,
        0
      ]
    }
  ]
}