{
  "results": [
    {
      "command": "npm",
      "mean": 0.54744607718,
      "stddev": 0.003304488806418784,
      "median": 0.54778570658,
      "user": 0.60073904,
      "system": 0.10471219999999999,
      "min": 0.5410215005800001,
      "max": 0.5524195755800001,
      "times": [
        0.5410215005800001,
        0.54849427258,
        0.54741070558,
        0.5524195755800001,
        0.54433169158,
        0.5503970865800001,
        0.5481607075800001,
        0.5472360395800001,
        0.5440947245800001,
        0.55089446758
      ],
      "exit_codes": [
        0,
        0,
        0,
        0,
        0,
        0,
        0,
        0,
        0,
        0
      ]
    },
    {
      "command": "snpm",
      "mean": 0.03406032578,
      "stddev": 0.0008060064131405892,
      "median": 0.034292686579999995,
      "user": 0.021637039999999996,
      "system": 0.014520299999999996,
      "min": 0.03206417158,
      "max": 0.03524844358,
      "times": [
        0.03441075958,
        0.03460372058,
        0.03383446758,
        0.03432921858,
        0.03524844358,
        0.03404932058,
        0.03341813858,
        0.03438886258,
        0.03206417158,
        0.034256154579999996
      ],
      "exit_codes": [
        0,
        0,
        0,
        0,
        0,
        0,
        0,
        0,
        0,
        0
      ]
    },
    {
      "command": "yarn",
      "mean": 0.30237320418,
      "stddev": 0.004732930830350455,
      "median": 0.30286246458,
      "user": 0.34854383999999994,
      "system": 0.06067999999999999,
      "min": 0.29557307158,
      "max": 0.30795314458,
      "times": [
        0.29627889558000003,
        0.30316071458,
        0.29557307158,
        0.29666954258,
        0.30256421458,
        0.30010799058000004,
        0.30791487558,
        0.30573946758000003,
        0.30795314458,
        0.30777012458
      ],
      "exit_codes": [
        0,
        0,
        0,
        0,
        0,
        0,
        0,
        0,
        0,
        0
      ]
    },
    {
      "command": "berry",
      "mean": 1.07067976428,
      "stddev": 0.01305141598896354,
      "median": 1.07176854558,
      "user": 1.1732094399999997,
      "system": 0.2056123,
      "min": 1.04987822958,
      "max": 1.0943088375799999,
      "times": [
        1.06810360758,
        1.07859255258,
        1.04987822958,
        1.0943088375799999,
        1.06103953258,
        1.07543348358,
        1.06791738558,
        1.08165327058,
        1.05202157558,
        1.07784916758
      ],
      "exit_codes": [
        0,
        0,
        0,
        0,
        0,
        0,
        0,
        0,
        0,
        0
      ]
    },
    {
      "command": "pnpm",
      "mean": 0.7105575891800001,
      "stddev": 0.014642133545244984,
      "median": 0.7091037115800001,
      "user": 0.77792224,
      "system": 0.12550959999999997,
      "min": 0.6829743965800001,
      "max": 0.7413116955800001,
      "times": [
        0.6988675315800001,
        0.7086672745800001,
        0.7141871695800001,
        0.7050732805800001,
        0.7095401485800001,
        0.7183548525800001,
        0.7227050705800001,
        0.7413116955800001,
        0.6829743965800001,
        0.7038944715800001
      ],
      "exit_codes": [
        0,
        0,
        0,
        0,
        0,
        0,
        0,
        0,
        0,
        0
      ]
    },
    {
      "command": "vlt",
      "mean": 0.33568953358,
      "stddev": 0.007234622895843035,
      "median": 0.33664156458000005,
      "user": 0.36211393999999997,
      "system": 0.0736274,
      "min": 0.32113852658,
      "max": 0.34893661058000003,
      "times": [
        0.33895350258,
        0.34330073358,
        0.33098547658,
        0.33004830858,
        0.32113852658,
        0.33641211558,
        0.33687101358000004,
        0.34893661058000003,
        0.33747919058000003,
        0.33276985758
      ],
      "exit_codes": [
        0,
        0,
        0,
        0,
        0,
        0,
        0,
        0,
        0,
        0
      ]
    },
    {
      "command": "bun",
      "mean": 0.011543505580000002,
      "stddev": 0.0004833413986914427,
      "median": 0.01143189258,
      "user": 0.00833864,
      "system": 0.0088326,
      "min": 0.01086510758,
      "max": 0.01269456558,
      "times": [
        0.011534480580000001,
        0.01269456558,
        0.01148352458,
        0.01138026058,
        0.01122890858,
        0.01187045058,
        0.01187828558,
        0.01086510758,
        0.01137252658,
        0.01112694558
      ],
      "exit_codes": [
        0,
        0,
        0,
        0,
        0,
        0,
        0,
        0,
        0,
        0
      ]
    },
    {
      "command": "deno",
      "mean": 0.16881633738000001,
      "stddev": 0.004101737337832612,
      "median": 0.16864471408,
      "user": 0.13667053999999998,
      "system": 0.0517022,
      "min": 0.16299878158,
      "max": 0.17548418158,
      "times": [
        0.16299878158,
        0.16657045458,
        0.16329921858000002,
        0.17064739458,
        0.17090001458,
        0.16584181458,
        0.17548418158,
        0.17290868158,
        0.16664203358000002,
        0.17287079858
      ],
      "exit_codes": [
        0,
        0,
        0,
        0,
        0,
        0,
        0,
        0,
        0,
        0
      ]
    }
  ]
}