{
  "results": [
    {
      "command": "npm",
      "mean": 0.5083039100000001,
      "stddev": 0.005850766845563178,
      "median": 0.506225004,
      "user": 0.55839456,
      "system": 0.10516719999999999,
      "min": 0.502392916,
      "max": 0.522524611,
      "times": [
        0.505180218,
        0.505416601,
        0.511250597,
        0.522524611,
        0.507033407,
        0.51386502,
        0.504167104,
        0.502392916,
        0.50826332,
        0.502945306
      ],
      "exit_codes": [
        0,
        0,
        0,
        0,
        0,
        0,
        0,
        0,
        0,
        0
      ]
    },
    {
      "command": "snpm",
      "mean": 0.0318275877,
      "stddev": 0.00041184114932266163,
      "median": 0.031785969500000004,
      "user": 0.019276759999999997,
      "system": 0.014817199999999999,
      "min": 0.031194491,
      "max": 0.03288257000000001,
      "times": [
        0.03190665,
        0.031754476000000004,
        0.03163047100000001,
        0.031957758,
        0.031194491,
        0.03288257000000001,
        0.031532508,
        0.031914226000000004,
        0.031685264000000005,
        0.031817463000000004
      ],
      "exit_codes": [
        0,
        0,
        0,
        0,
        0,
        0,
        0,
        0,
        0,
        0
      ]
    },
    {
      "command": "yarn",
      "mean": 0.3006810040000001,
      "stddev": 0.026376725091371227,
      "median": 0.29302289300000006,
      "user": 0.31819806,
      "system": 0.0616386,
      "min": 0.287831861,
      "max": 0.37951300900000007,
      "times": [
        0.28967040800000005,
        0.28851933100000005,
        0.29290615200000003,
        0.29269745700000005,
        0.287831861,
        0.294569212,
        0.29352727200000006,
        0.294435704,
        0.37951300900000007,
        0.29313963400000004
      ],
      "exit_codes": [
        0,
        0,
        0,
        0,
        0,
        0,
        0,
        0,
        0,
        0
      ]
    },
    {
      "command": "berry",
      "mean": 0.6921219092000002,
      "stddev": 0.012385996880250359,
      "median": 0.6880680610000001,
      "user": 0.8129447599999999,
      "system": 0.137169,
      "min": 0.677416795,
      "max": 0.720481104,
      "times": [
        0.701352692,
        0.688233036,
        0.703515942,
        0.677642685,
        0.687658392,
        0.677416795,
        0.690743246,
        0.686272114,
        0.720481104,
        0.687903086
      ],
      "exit_codes": [
        0,
        0,
        0,
        0,
        0,
        0,
        0,
        0,
        0,
        0
      ]
    },
    {
      "command": "pnpm",
      "mean": 0.6768649731,
      "stddev": 0.011287357496082135,
      "median": 0.67603443,
      "user": 0.77874756,
      "system": 0.1167757,
      "min": 0.6649406760000001,
      "max": 0.705445827,
      "times": [
        0.683819721,
        0.68073718,
        0.705445827,
        0.6649406760000001,
        0.667769827,
        0.678306205,
        0.676480373,
        0.667734613,
        0.667826822,
        0.675588487
      ],
      "exit_codes": [
        0,
        0,
        0,
        0,
        0,
        0,
        0,
        0,
        0,
        0
      ]
    },
    {
      "command": "vlt",
      "mean": 0.3127182784000001,
      "stddev": 0.002613434896376496,
      "median": 0.3126973820000001,
      "user": 0.32462016000000005,
      "system": 0.06607199999999999,
      "min": 0.30773550200000005,
      "max": 0.316132795,
      "times": [
        0.30773550200000005,
        0.31161486400000005,
        0.31188902600000007,
        0.31601199700000004,
        0.310834749,
        0.31414498700000004,
        0.31519120100000003,
        0.310121925,
        0.316132795,
        0.31350573800000003
      ],
      "exit_codes": [
        0,
        0,
        0,
        0,
        0,
        0,
        0,
        0,
        0,
        0
      ]
    },
    {
      "command": "bun",
      "mean": 0.010681394900000002,
      "stddev": 0.0006980641759088413,
      "median": 0.010451689,
      "user": 0.007920759999999999,
      "system": 0.008476399999999999,
      "min": 0.009994228,
      "max": 0.012103278,
      "times": [
        0.010171291,
        0.010634072000000001,
        0.011888021,
        0.010153751,
        0.012103278,
        0.010584317000000001,
        0.009994228,
        0.010197722000000001,
        0.010319061000000001,
        0.010768208000000001
      ],
      "exit_codes": [
        0,
        0,
        0,
        0,
        0,
        0,
        0,
        0,
        0,
        0
      ]
    },
    {
      "command": "deno",
      "mean": 0.0410955342,
      "stddev": 0.0004441111498289123,
      "median": 0.041126759500000006,
      "user": 0.024671459999999996,
      "system": 0.020676499999999997,
      "min": 0.04038131600000001,
      "max": 0.042048159,
      "times": [
        0.040650843000000006,
        0.042048159,
        0.041104903000000005,
        0.04038131600000001,
        0.041148616000000006,
        0.041243326000000004,
        0.041278423,
        0.041074282000000004,
        0.040635486000000005,
        0.041389988
      ],
      "exit_codes": [
        0,
        0,
        0,
        0,
        0,
        0,
        0,
        0,
        0,
        0
      ]
    }
  ]
}