{
  "results": [
    {
      "command": "npm",
      "mean": 0.09217759694000001,
      "stddev": 0.0015139148643506868,
      "median": 0.09188982114,
      "user": 0.08748565999999999,
      "system": 0.02127904,
      "min": 0.09036033714000001,
      "max": 0.09559693914,
      "times": [
        0.09181234914,
        0.09124443314000001,
        0.09062700914,
        0.09036033714000001,
        0.09249523514,
        0.09404100514000001,
        0.09125125914,
        0.09196729314,
        0.09238010914,
        0.09559693914
      ],
      "exit_codes": [
        0,
        0,
        0,
        0,
        0,
        0,
        0,
        0,
        0,
        0
      ]
    },
    {
      "command": "snpm",
      "mean": 0.025397174039999998,
      "stddev": 0.0006011796647972135,
      "median": 0.025222336140000003,
      "user": 0.015346559999999999,
      "system": 0.01244334,
      "min": 0.02454668214,
      "max": 0.02687380714,
      "times": [
        0.02509225814,
        0.025126325140000003,
        0.02577742614,
        0.02553676314,
        0.02454668214,
        0.02566138814,
        0.02491241814,
        0.02513853714,
        0.02530613514,
        0.02687380714
      ],
      "exit_codes": [
        0,
        0,
        0,
        0,
        0,
        0,
        0,
        0,
        0,
        0
      ]
    },
    {
      "command": "yarn",
      "mean": 0.18179637924,
      "stddev": 0.001971790602053547,
      "median": 0.18116756364000003,
      "user": 0.15327646,
      "system": 0.03852004,
      "min": 0.17974425514000003,
      "max": 0.18569477314000002,
      "times": [
        0.17974425514000003,
        0.18028746714000002,
        0.17991500414000003,
        0.18569477314000002,
        0.18144395114000003,
        0.18257722514000002,
        0.18082877814000003,
        0.18104037914,
        0.18513721114000004,
        0.18129474814000002
      ],
      "exit_codes": [
        0,
        0,
        0,
        0,
        0,
        0,
        0,
        0,
        0,
        0
      ]
    },
    {
      "command": "berry",
      "mean": 0.31542916174,
      "stddev": 0.020913126455481223,
      "median": 0.30670843214000004,
      "user": 0.35808805999999993,
      "system": 0.05398583999999999,
      "min": 0.30190453114000004,
      "max": 0.37066633514,
      "times": [
        0.30669573714000004,
        0.30190453114000004,
        0.30957004014000006,
        0.37066633514,
        0.33804641314000006,
        0.30848581714,
        0.30245316714000003,
        0.30383600014,
        0.30591244914000004,
        0.30672112714000005
      ],
      "exit_codes": [
        0,
        0,
        0,
        0,
        0,
        0,
        0,
        0,
        0,
        0
      ]
    },
    {
      "command": "pnpm",
      "mean": 0.42473442223999996,
      "stddev": 0.031140211830924757,
      "median": 0.41228860164000003,
      "user": 0.4080179599999999,
      "system": 0.06453124,
      "min": 0.38611461614000003,
      "max": 0.47103181614000006,
      "times": [
        0.44742134714000004,
        0.39037806214000004,
        0.39403418714000005,
        0.45563722614,
        0.41448682614000004,
        0.41009037714,
        0.38611461614000003,
        0.46856121114000004,
        0.40958855314000003,
        0.47103181614000006
      ],
      "exit_codes": [
        0,
        0,
        0,
        0,
        0,
        0,
        0,
        0,
        0,
        0
      ]
    },
    {
      "command": "vlt",
      "mean": 0.21235147604000004,
      "stddev": 0.004773125001331821,
      "median": 0.21407412264000003,
      "user": 0.21852916000000003,
      "system": 0.041128139999999994,
      "min": 0.20317547714000003,
      "max": 0.21876346014000003,
      "times": [
        0.21397966814000002,
        0.21135190114000002,
        0.21559954314000002,
        0.21477434514000002,
        0.20449747614000002,
        0.21416857714000004,
        0.20317547714000003,
        0.21627879214000004,
        0.21876346014000003,
        0.21092552014000002
      ],
      "exit_codes": [
        0,
        0,
        0,
        0,
        0,
        0,
        0,
        0,
        0,
        0
      ]
    },
    {
      "command": "bun",
      "mean": 0.00847911494,
      "stddev": 0.00007553510351988673,
      "median": 0.008478315640000001,
      "user": 0.0033954599999999995,
      "system": 0.0050617399999999995,
      "min": 0.00839264114,
      "max": 0.00867457814,
      "times": [
        0.008523068140000001,
        0.00867457814,
        0.008481282140000001,
        0.00839264114,
        0.00848016914,
        0.00843212214,
        0.00844642414,
        0.00840081914,
        0.00847646214,
        0.00848358314
      ],
      "exit_codes": [
        0,
        0,
        0,
        0,
        0,
        0,
        0,
        0,
        0,
        0
      ]
    },
    {
      "command": "deno",
      "mean": 0.052086786940000004,
      "stddev": 0.00043620705223593095,
      "median": 0.05222291464000001,
      "user": 0.03460226,
      "system": 0.022791739999999998,
      "min": 0.051209722140000004,
      "max": 0.05272052314,
      "times": [
        0.05231842414,
        0.05156152314,
        0.05220437314,
        0.052539493140000004,
        0.05272052314,
        0.052322908140000006,
        0.05179118714,
        0.051209722140000004,
        0.051958259140000004,
        0.05224145614
      ],
      "exit_codes": [
        0,
        0,
        0,
        0,
        0,
        0,
        0,
        0,
        0,
        0
      ]
    },
    {
      "command": "nx",
      "mean": 0.71522574654,
      "stddev": 0.008847234732096303,
      "median": 0.71417457314,
      "user": 0.57148936,
      "system": 0.10723004,
      "min": 0.69846846614,
      "max": 0.7298499631400001,
      "times": [
        0.70814089314,
        0.69846846614,
        0.72675636114,
        0.71923511714,
        0.7298499631400001,
        0.72111211014,
        0.71448986614,
        0.71385928014,
        0.71076923214,
        0.70957617614
      ],
      "exit_codes": [
        0,
        0,
        0,
        0,
        0,
        0,
        0,
        0,
        0,
        0
      ]
    },
    {
      "command": "turbo",
      "mean": 0.26259249014,
      "stddev": 0.01118416571330034,
      "median": 0.26202346964,
      "user": 0.12231486,
      "system": 0.05937394,
      "min": 0.24592339714000003,
      "max": 0.28293099614000006,
      "times": [
        0.24592339714000003,
        0.26780875314,
        0.26611886914000005,
        0.28293099614000006,
        0.27545946814000005,
        0.25792807014,
        0.26998622314000004,
        0.25168968714,
        0.25153539714,
        0.25654404014000004
      ],
      "exit_codes": [
        0,
        0,
        0,
        0,
        0,
        0,
        0,
        0,
        0,
        0
      ]
    },
    {
      "command": "node",
      "mean": 0.00446690664,
      "stddev": 0.00007005630666435405,
      "median": 0.00444702914,
      "user": 0.0023504600000000004,
      "system": 0.002094066,
      "min": 0.00437152814,
      "max": 0.00458736114,
      "times": [
        0.00442481814,
        0.00449736114,
        0.00437152814,
        0.00442139914,
        0.00456960414,
        0.00443205714,
        0.0044620011400000005,
        0.00458736114,
        0.00451643214,
        0.00438650414
      ],
      "exit_codes": [
        0,
        0,
        0,
        0,
        0,
        0,
        0,
        0,
        0,
        0
      ]
    }
  ]
}