{
  "results": [
    {
      "command": "npm",
      "mean": 1.44470131392,
      "stddev": 0.006755539447536852,
      "median": 1.4448199525199998,
      "user": 1.53926776,
      "system": 0.64311914,
      "min": 1.43226598702,
      "max": 1.45862795202,
      "times": [
        1.4457208820199998,
        1.45862795202,
        1.43843407602,
        1.43226598702,
        1.44313999102,
        1.44043958002,
        1.4439190230199999,
        1.44692381602,
        1.4467470810199998,
        1.4507947510199999
      ],
      "exit_codes": [
        0,
        0,
        0,
        0,
        0,
        0,
        0,
        0,
        0,
        0
      ]
    },
    {
      "command": "snpm",
      "mean": 0.03958245232,
      "stddev": 0.000508155734334671,
      "median": 0.03948739152,
      "user": 0.018156659999999998,
      "system": 0.02365764,
      "min": 0.03896742502,
      "max": 0.04080399402,
      "times": [
        0.03937364402,
        0.03967357702,
        0.04080399402,
        0.03943936102,
        0.038987168020000004,
        0.04005649502,
        0.03896742502,
        0.03934814902,
        0.03953542202,
        0.03963928802
      ],
      "exit_codes": [
        0,
        0,
        0,
        0,
        0,
        0,
        0,
        0,
        0,
        0
      ]
    },
    {
      "command": "yarn",
      "mean": 3.7935489142199996,
      "stddev": 0.028671104479093924,
      "median": 3.7838920165200003,
      "user": 5.739670559999999,
      "system": 2.2309932399999997,
      "min": 3.75363041502,
      "max": 3.83507494402,
      "times": [
        3.77732422002,
        3.82769802902,
        3.77580308302,
        3.83000888102,
        3.8123457630199997,
        3.83507494402,
        3.79045981302,
        3.76885300002,
        3.76429099402,
        3.75363041502
      ],
      "exit_codes": [
        0,
        0,
        0,
        0,
        0,
        0,
        0,
        0,
        0,
        0
      ]
    },
    {
      "command": "berry",
      "mean": 2.37674391432,
      "stddev": 0.023926178350202453,
      "median": 2.3665457220199997,
      "user": 3.79154166,
      "system": 1.13271504,
      "min": 2.34651571302,
      "max": 2.42744540502,
      "times": [
        2.36212874702,
        2.38773259702,
        2.36175610602,
        2.42744540502,
        2.36995455802,
        2.38045696202,
        2.34651571302,
        2.4099080970199998,
        2.36313688602,
        2.35840407202
      ],
      "exit_codes": [
        0,
        0,
        0,
        0,
        0,
        0,
        0,
        0,
        0,
        0
      ]
    },
    {
      "command": "pnpm",
      "mean": 1.09481751242,
      "stddev": 0.014191005941020532,
      "median": 1.0949500000199999,
      "user": 1.7112594600000002,
      "system": 0.49733413999999987,
      "min": 1.07668033602,
      "max": 1.1172260270199998,
      "times": [
        1.11172753702,
        1.1172260270199998,
        1.07668033602,
        1.0957952600199998,
        1.1028953420199998,
        1.09410474002,
        1.10851871202,
        1.08310842202,
        1.07698332202,
        1.08113542602
      ],
      "exit_codes": [
        0,
        0,
        0,
        0,
        0,
        0,
        0,
        0,
        0,
        0
      ]
    },
    {
      "command": "vlt",
      "mean": 0.9342392441200001,
      "stddev": 0.009933231149317606,
      "median": 0.93431198902,
      "user": 1.12269916,
      "system": 0.45796854,
      "min": 0.91875424802,
      "max": 0.9520441140200001,
      "times": [
        0.9430680400200001,
        0.93927753702,
        0.9520441140200001,
        0.9341689160200001,
        0.9344550620200001,
        0.91875424802,
        0.9330852020200001,
        0.9216278280200001,
        0.9419788950200001,
        0.9239325990200001
      ],
      "exit_codes": [
        0,
        0,
        0,
        0,
        0,
        0,
        0,
        0,
        0,
        0
      ]
    },
    {
      "command": "bun",
      "mean": 0.18819692232000002,
      "stddev": 0.007338795904614424,
      "median": 0.18744558002,
      "user": 0.19847805999999998,
      "system": 0.22089924,
      "min": 0.17484169302000002,
      "max": 0.20562591202000002,
      "times": [
        0.19264560202000003,
        0.19074309702000003,
        0.18437615002000002,
        0.18770212602000003,
        0.18549980902000002,
        0.18718903402,
        0.18557859802,
        0.17484169302000002,
        0.18776720202000002,
        0.20562591202000002
      ],
      "exit_codes": [
        0,
        0,
        0,
        0,
        0,
        0,
        0,
        0,
        0,
        0
      ]
    },
    {
      "command": "deno",
      "mean": 2.0564085245199997,
      "stddev": 0.19704635491606323,
      "median": 2.06188855402,
      "user": 0.8343974600000001,
      "system": 0.42261424,
      "min": 1.62691233102,
      "max": 2.48713160502,
      "times": [
        2.48713160502,
        2.0363878080199997,
        2.05067370002,
        2.00504940002,
        1.62691233102,
        2.10101657302,
        2.11247778802,
        2.10252060802,
        2.0731034080199997,
        1.96881202402
      ],
      "exit_codes": [
        0,
        0,
        0,
        0,
        0,
        0,
        0,
        0,
        0,
        0
      ]
    }
  ]
}