{
  "results": [
    {
      "command": "npm",
      "mean": 6.29005125654,
      "stddev": 0.1574822710889083,
      "median": 6.24977466774,
      "user": 3.66148654,
      "system": 1.13097316,
      "min": 6.05671135474,
      "max": 6.53466200874,
      "times": [
        6.25948456074,
        6.12165447374,
        6.19080487974,
        6.43764851874,
        6.2400647747399995,
        6.44709028274,
        6.05671135474,
        6.456390616739999,
        6.53466200874,
        6.15600109474
      ],
      "exit_codes": [
        0,
        0,
        0,
        0,
        0,
        0,
        0,
        0,
        0,
        0
      ]
    },
    {
      "command": "snpm",
      "mean": 0.11425915553999999,
      "stddev": 0.0013626962361436097,
      "median": 0.11404506024,
      "user": 0.06880354,
      "system": 0.049022659999999996,
      "min": 0.11257865774,
      "max": 0.11656872374,
      "times": [
        0.11257865774,
        0.11305084374,
        0.11643095274000001,
        0.11531366374,
        0.11435354374000001,
        0.11279796274000001,
        0.11376147974,
        0.11432864074,
        0.11340708674000001,
        0.11656872374
      ],
      "exit_codes": [
        0,
        0,
        0,
        0,
        0,
        0,
        0,
        0,
        0,
        0
      ]
    },
    {
      "command": "yarn",
      "mean": 5.60842588514,
      "stddev": 0.16537195245329456,
      "median": 5.501750610739999,
      "user": 6.62654594,
      "system": 2.37592436,
      "min": 5.40789051074,
      "max": 5.8732769847399995,
      "times": [
        5.40789051074,
        5.79728088074,
        5.82862847074,
        5.71452569474,
        5.47439987774,
        5.506413741739999,
        5.8732769847399995,
        5.4906994427399995,
        5.497087479739999,
        5.49405576774
      ],
      "exit_codes": [
        0,
        0,
        0,
        0,
        0,
        0,
        0,
        0,
        0,
        0
      ]
    },
    {
      "command": "berry",
      "mean": 2.8877974762400003,
      "stddev": 0.07257560317411794,
      "median": 2.88830690224,
      "user": 4.33199604,
      "system": 1.24548696,
      "min": 2.80282246274,
      "max": 3.03065325674,
      "times": [
        2.91317665574,
        2.87408154874,
        2.90253225574,
        3.03065325674,
        2.8173239227400004,
        2.9543225747400004,
        2.80282246274,
        2.82362255074,
        2.95166864274,
        2.80777089174
      ],
      "exit_codes": [
        0,
        0,
        0,
        0,
        0,
        0,
        0,
        0,
        0,
        0
      ]
    },
    {
      "command": "pnpm",
      "mean": 1.48659231154,
      "stddev": 0.04218354855021882,
      "median": 1.4723588427399998,
      "user": 2.30145064,
      "system": 0.6481278599999999,
      "min": 1.44472572374,
      "max": 1.58043357174,
      "times": [
        1.44472572374,
        1.46380850674,
        1.53075843674,
        1.4560496887399998,
        1.48090917874,
        1.4507367307399999,
        1.49014288674,
        1.51946907174,
        1.58043357174,
        1.44888931974
      ],
      "exit_codes": [
        0,
        0,
        0,
        0,
        0,
        0,
        0,
        0,
        0,
        0
      ]
    },
    {
      "command": "vlt",
      "mean": 3.1929097197400003,
      "stddev": 0.27173882470038835,
      "median": 3.13903103074,
      "user": 2.04521494,
      "system": 0.73416796,
      "min": 2.85986576774,
      "max": 3.69966889174,
      "times": [
        3.69966889174,
        3.0895412657400003,
        3.18852079574,
        3.01343733074,
        2.9024530527400003,
        3.19651845574,
        2.97049144574,
        2.85986576774,
        3.50606052974,
        3.50253966174
      ],
      "exit_codes": [
        0,
        0,
        0,
        0,
        0,
        0,
        0,
        0,
        0,
        0
      ]
    },
    {
      "command": "bun",
      "mean": 0.5135693835399999,
      "stddev": 0.09196788571663218,
      "median": 0.47309139974000003,
      "user": 0.45415864,
      "system": 0.34943936,
      "min": 0.42843661774,
      "max": 0.74002528274,
      "times": [
        0.74002528274,
        0.47974122174000006,
        0.46644157774000006,
        0.43535399374000006,
        0.5937999797400001,
        0.53017140974,
        0.45606788874000004,
        0.44662170074,
        0.42843661774,
        0.5590341627400001
      ],
      "exit_codes": [
        0,
        0,
        0,
        0,
        0,
        0,
        0,
        0,
        0,
        0
      ]
    },
    {
      "command": "deno",
      "mean": 2.7106679404400005,
      "stddev": 0.28646800802695355,
      "median": 2.68090569324,
      "user": 1.2514513399999998,
      "system": 0.47966925999999993,
      "min": 2.39485070974,
      "max": 3.39576364274,
      "times": [
        2.39485070974,
        2.85054209974,
        2.7485001867400003,
        2.61331119974,
        2.92220866374,
        2.47193325874,
        3.39576364274,
        2.75068321374,
        2.55290566074,
        2.40598076874
      ],
      "exit_codes": [
        0,
        0,
        0,
        0,
        0,
        0,
        0,
        0,
        0,
        0
      ]
    }
  ]
}