{
  "results": [
    {
      "command": "npm",
      "mean": 0.6090507743,
      "stddev": 0.005085878114951144,
      "median": 0.6087922810000002,
      "user": 0.67702098,
      "system": 0.11784173999999999,
      "min": 0.6027464815000001,
      "max": 0.6219559325,
      "times": [
        0.6041014225000001,
        0.6219559325,
        0.6027464815000001,
        0.6097269635000001,
        0.6064538465000001,
        0.6056886925,
        0.6078575985000001,
        0.6108804535000001,
        0.6103057045000001,
        0.6107906475
      ],
      "exit_codes": [
        0,
        0,
        0,
        0,
        0,
        0,
        0,
        0,
        0,
        0
      ]
    },
    {
      "command": "snpm",
      "mean": 0.03287760240000001,
      "stddev": 0.00022826600749496193,
      "median": 0.03290562400000001,
      "user": 0.021345879999999998,
      "system": 0.013712940000000002,
      "min": 0.0325624075,
      "max": 0.0333645565,
      "times": [
        0.0329889125,
        0.0325624075,
        0.032699752500000005,
        0.032835904500000006,
        0.0333645565,
        0.032731641500000005,
        0.0329836795,
        0.0326055535,
        0.032975343500000004,
        0.033028272500000004
      ],
      "exit_codes": [
        0,
        0,
        0,
        0,
        0,
        0,
        0,
        0,
        0,
        0
      ]
    },
    {
      "command": "yarn",
      "mean": 0.3056435343,
      "stddev": 0.0032666518574181952,
      "median": 0.30525052550000004,
      "user": 0.33823588000000004,
      "system": 0.06333554,
      "min": 0.30065227750000006,
      "max": 0.31211003550000005,
      "times": [
        0.3077539865,
        0.30813756350000004,
        0.30295279950000004,
        0.30065227750000006,
        0.30473064250000004,
        0.30577040850000003,
        0.30832708350000004,
        0.31211003550000005,
        0.30314699050000005,
        0.30285355550000004
      ],
      "exit_codes": [
        0,
        0,
        0,
        0,
        0,
        0,
        0,
        0,
        0,
        0
      ]
    },
    {
      "command": "berry",
      "mean": 3.8521285920000006,
      "stddev": 0.03870484529572622,
      "median": 3.845355038,
      "user": 7.415728579999998,
      "system": 1.96523134,
      "min": 3.7906431855,
      "max": 3.9141680355,
      "times": [
        3.8449588265,
        3.9141680355,
        3.7906431855,
        3.8193794225,
        3.8915042875,
        3.8124474385,
        3.8647455765,
        3.8346117665,
        3.8457512495,
        3.9030761315
      ],
      "exit_codes": [
        0,
        0,
        0,
        0,
        0,
        0,
        0,
        0,
        0,
        0
      ]
    },
    {
      "command": "pnpm",
      "mean": 0.7131971608000001,
      "stddev": 0.01787365372215953,
      "median": 0.7041040630000002,
      "user": 0.8921017799999997,
      "system": 0.17344404000000002,
      "min": 0.6956401875000001,
      "max": 0.7512269895000001,
      "times": [
        0.7042411785000001,
        0.7512269895000001,
        0.7039669475000001,
        0.6956401875000001,
        0.6963816435000001,
        0.6962193775000001,
        0.7028636385000001,
        0.7284189455000001,
        0.7241618735,
        0.7288508265000001
      ],
      "exit_codes": [
        0,
        0,
        0,
        0,
        0,
        0,
        0,
        0,
        0,
        0
      ]
    },
    {
      "command": "vlt",
      "mean": 0.3434324818,
      "stddev": 0.004029478209091742,
      "median": 0.34373303450000003,
      "user": 0.36858537999999996,
      "system": 0.07501304,
      "min": 0.33575106250000003,
      "max": 0.34985774150000004,
      "times": [
        0.3447062785,
        0.3484558985,
        0.33575106250000003,
        0.34093471650000007,
        0.3458399395,
        0.34026356950000003,
        0.34533526750000004,
        0.34985774150000004,
        0.34042055350000006,
        0.34275979050000005
      ],
      "exit_codes": [
        0,
        0,
        0,
        0,
        0,
        0,
        0,
        0,
        0,
        0
      ]
    },
    {
      "command": "bun",
      "mean": 0.014261768900000003,
      "stddev": 0.0005331112986161892,
      "median": 0.014087129,
      "user": 0.008190079999999999,
      "system": 0.011850740000000002,
      "min": 0.013906459500000001,
      "max": 0.0158190065,
      "times": [
        0.0139849915,
        0.0139997325,
        0.0143264415,
        0.013906459500000001,
        0.014106060500000002,
        0.0140681975,
        0.0142275065,
        0.014187754500000002,
        0.0158190065,
        0.013991538500000001
      ],
      "exit_codes": [
        0,
        0,
        0,
        0,
        0,
        0,
        0,
        0,
        0,
        0
      ]
    },
    {
      "command": "deno",
      "mean": 0.11869718020000002,
      "stddev": 0.003947525831904639,
      "median": 0.1184014075,
      "user": 0.030169079999999997,
      "system": 0.02743164,
      "min": 0.11306461450000001,
      "max": 0.1262037125,
      "times": [
        0.1183704695,
        0.1202296825,
        0.1262037125,
        0.11733929750000001,
        0.11446561350000001,
        0.11843234550000001,
        0.1152475595,
        0.1244748165,
        0.1191436905,
        0.11306461450000001
      ],
      "exit_codes": [
        0,
        0,
        0,
        0,
        0,
        0,
        0,
        0,
        0,
        0
      ]
    }
  ]
}