{
  "results": [
    {
      "command": "npm",
      "mean": 6.721869037180001,
      "stddev": 0.04442489316683584,
      "median": 6.71681102338,
      "user": 6.591624819999998,
      "system": 3.28265662,
      "min": 6.65224794538,
      "max": 6.802220393380001,
      "times": [
        6.65224794538,
        6.74022392238,
        6.78841510438,
        6.70112152738,
        6.73272057338,
        6.802220393380001,
        6.72372078638,
        6.67654314538,
        6.709901260380001,
        6.691575713380001
      ],
      "exit_codes": [
        0,
        0,
        0,
        0,
        0,
        0,
        0,
        0,
        0,
        0
      ]
    },
    {
      "command": "snpm",
      "mean": 0.09065209328,
      "stddev": 0.0030623627775703344,
      "median": 0.09046806888,
      "user": 0.02659182,
      "system": 0.06630052,
      "min": 0.08515782538,
      "max": 0.09527929438,
      "times": [
        0.08515782538,
        0.08808931437999999,
        0.08937998038,
        0.09024072938,
        0.08760234238,
        0.09069540838,
        0.09207331438,
        0.09418768738,
        0.09381503638,
        0.09527929438
      ],
      "exit_codes": [
        0,
        0,
        0,
        0,
        0,
        0,
        0,
        0,
        0,
        0
      ]
    },
    {
      "command": "yarn",
      "mean": 3.58446942948,
      "stddev": 0.536669806900923,
      "median": 3.41674348238,
      "user": 3.0974884199999995,
      "system": 2.7370382199999996,
      "min": 3.33282513638,
      "max": 5.18954231938,
      "times": [
        3.46418541038,
        3.35508371138,
        3.4753335583799996,
        5.18954231938,
        3.42301095338,
        3.33282513638,
        3.41067824038,
        3.3796873653799997,
        3.42280872438,
        3.3915388753799998
      ],
      "exit_codes": [
        0,
        0,
        0,
        0,
        0,
        0,
        0,
        0,
        0,
        0
      ]
    },
    {
      "command": "berry",
      "mean": 4.03034197658,
      "stddev": 0.024587812001344314,
      "median": 4.03441730238,
      "user": 4.44600592,
      "system": 1.7390639199999995,
      "min": 3.97864901638,
      "max": 4.06028341538,
      "times": [
        4.0252999133800005,
        4.04917710438,
        4.05223301838,
        4.03040007638,
        3.97864901638,
        4.03225700838,
        3.9934848983799998,
        4.04505771838,
        4.06028341538,
        4.03657759638
      ],
      "exit_codes": [
        0,
        0,
        0,
        0,
        0,
        0,
        0,
        0,
        0,
        0
      ]
    },
    {
      "command": "pnpm",
      "mean": 1.22720724508,
      "stddev": 0.053046318903138476,
      "median": 1.21353377138,
      "user": 1.8609137199999999,
      "system": 0.47137301999999986,
      "min": 1.18079089338,
      "max": 1.38035486538,
      "times": [
        1.20190440638,
        1.22823092638,
        1.19535751638,
        1.2134971483800001,
        1.21357039438,
        1.18079089338,
        1.38035486538,
        1.21068448238,
        1.21371261138,
        1.23396920638
      ],
      "exit_codes": [
        0,
        0,
        0,
        0,
        0,
        0,
        0,
        0,
        0,
        0
      ]
    },
    {
      "command": "vlt",
      "mean": 2.5423800645799997,
      "stddev": 0.02344295510024694,
      "median": 2.5431031323799997,
      "user": 2.48279202,
      "system": 1.8265120199999998,
      "min": 2.49796202438,
      "max": 2.58217072338,
      "times": [
        2.58217072338,
        2.5237003843799997,
        2.5686003663799997,
        2.54266751338,
        2.5316570173799997,
        2.54353875138,
        2.55974761038,
        2.49796202438,
        2.52231027338,
        2.5514459813799997
      ],
      "exit_codes": [
        0,
        0,
        0,
        0,
        0,
        0,
        0,
        0,
        0,
        0
      ]
    },
    {
      "command": "bun",
      "mean": 0.14475072817999998,
      "stddev": 0.004495150432224175,
      "median": 0.14306558138000003,
      "user": 0.01406572,
      "system": 0.13617182,
      "min": 0.14162972438000002,
      "max": 0.15594644138000002,
      "times": [
        0.14208546138000003,
        0.14311194638000002,
        0.14259158338000003,
        0.14316597238,
        0.14304087638000001,
        0.14162972438000002,
        0.14202100438,
        0.14309028638000001,
        0.15082398538000003,
        0.15594644138000002
      ],
      "exit_codes": [
        0,
        0,
        0,
        0,
        0,
        0,
        0,
        0,
        0,
        0
      ]
    },
    {
      "command": "deno",
      "mean": 0.38872566438,
      "stddev": 0.006698855759068728,
      "median": 0.39027810838000004,
      "user": 0.3888960199999999,
      "system": 0.38431242,
      "min": 0.37645519338000005,
      "max": 0.39972842938,
      "times": [
        0.39052337738000004,
        0.39221305638000004,
        0.38873404738000006,
        0.39267251438,
        0.39003283938000005,
        0.39972842938,
        0.38177507738000005,
        0.38072665538000006,
        0.37645519338000005,
        0.39439545338000004
      ],
      "exit_codes": [
        0,
        0,
        0,
        0,
        0,
        0,
        0,
        0,
        0,
        0
      ]
    }
  ]
}