{
  "results": [
    {
      "command": "npm",
      "mean": 6.6397813161200006,
      "stddev": 0.09701731918932437,
      "median": 6.618424750020001,
      "user": 6.485555219999999,
      "system": 3.2315310000000004,
      "min": 6.55005288202,
      "max": 6.90484212802,
      "times": [
        6.90484212802,
        6.62612309402,
        6.61072640602,
        6.63949031702,
        6.5774522630200005,
        6.65983200402,
        6.55005288202,
        6.6817857830200005,
        6.57638712502,
        6.5711211590200005
      ],
      "exit_codes": [
        0,
        0,
        0,
        0,
        0,
        0,
        0,
        0,
        0,
        0
      ]
    },
    {
      "command": "snpm",
      "mean": 0.08843370442000002,
      "stddev": 0.0029154649236662836,
      "median": 0.08944506952,
      "user": 0.02714122,
      "system": 0.06374729999999999,
      "min": 0.08407717302,
      "max": 0.09277294002000001,
      "times": [
        0.08662570002,
        0.08552879002000001,
        0.08407717302,
        0.08432820202,
        0.08928076202,
        0.08996129602000001,
        0.08960937702,
        0.09073912002000001,
        0.09141368402000001,
        0.09277294002000001
      ],
      "exit_codes": [
        0,
        0,
        0,
        0,
        0,
        0,
        0,
        0,
        0,
        0
      ]
    },
    {
      "command": "yarn",
      "mean": 3.4838673436199996,
      "stddev": 0.49750037137567016,
      "median": 3.31183758852,
      "user": 3.0312067199999992,
      "system": 2.6438073,
      "min": 3.2137354450199997,
      "max": 4.96645576302,
      "times": [
        3.32859296602,
        3.42292429302,
        3.38600490402,
        4.96645576302,
        3.2137354450199997,
        3.36753010602,
        3.2950240910199997,
        3.2844179580199997,
        3.29508221102,
        3.2789056990199996
      ],
      "exit_codes": [
        0,
        0,
        0,
        0,
        0,
        0,
        0,
        0,
        0,
        0
      ]
    },
    {
      "command": "berry",
      "mean": 3.99650915932,
      "stddev": 0.0439562975663327,
      "median": 3.98115720102,
      "user": 4.374428719999999,
      "system": 1.7409385,
      "min": 3.94922384302,
      "max": 4.10839761302,
      "times": [
        3.9818257460199997,
        4.10839761302,
        3.96777339802,
        4.03691966302,
        3.94922384302,
        3.97720504702,
        4.0126401750200005,
        3.98048865602,
        3.98251451002,
        3.96810294202
      ],
      "exit_codes": [
        0,
        0,
        0,
        0,
        0,
        0,
        0,
        0,
        0,
        0
      ]
    },
    {
      "command": "pnpm",
      "mean": 1.19804131682,
      "stddev": 0.018542964663581647,
      "median": 1.20067532752,
      "user": 1.8413218199999999,
      "system": 0.4924099,
      "min": 1.16310747402,
      "max": 1.22452468602,
      "times": [
        1.22452468602,
        1.21655327102,
        1.1899931590200001,
        1.20114227802,
        1.17118656902,
        1.2023701660200001,
        1.16310747402,
        1.19473699502,
        1.20020837702,
        1.21659019302
      ],
      "exit_codes": [
        0,
        0,
        0,
        0,
        0,
        0,
        0,
        0,
        0,
        0
      ]
    },
    {
      "command": "vlt",
      "mean": 2.481891048519999,
      "stddev": 0.02382066837688313,
      "median": 2.47990177152,
      "user": 2.4033271199999993,
      "system": 1.7935421000000003,
      "min": 2.43780705302,
      "max": 2.52304782002,
      "times": [
        2.4628920700199997,
        2.51640129702,
        2.52304782002,
        2.49574674402,
        2.48249189202,
        2.4793762250199998,
        2.4673344180199996,
        2.48042731802,
        2.43780705302,
        2.47338564802
      ],
      "exit_codes": [
        0,
        0,
        0,
        0,
        0,
        0,
        0,
        0,
        0,
        0
      ]
    },
    {
      "command": "bun",
      "mean": 0.14525060271999998,
      "stddev": 0.007232179312317571,
      "median": 0.14180574652,
      "user": 0.015565319999999999,
      "system": 0.13522159999999997,
      "min": 0.14096113702,
      "max": 0.16051309902,
      "times": [
        0.14132829202,
        0.14163389301999998,
        0.14226315202,
        0.14161343101999999,
        0.14096113702,
        0.14210819302,
        0.16051309902,
        0.14126849302,
        0.14197760001999998,
        0.15883873702
      ],
      "exit_codes": [
        0,
        0,
        0,
        0,
        0,
        0,
        0,
        0,
        0,
        0
      ]
    },
    {
      "command": "deno",
      "mean": 0.40052019452000004,
      "stddev": 0.04992027479207983,
      "median": 0.38971066252000003,
      "user": 0.3823582199999999,
      "system": 0.37267409999999995,
      "min": 0.36938697302,
      "max": 0.5481722630200001,
      "times": [
        0.39263890002,
        0.38923065502000004,
        0.39283877602,
        0.37935899502000003,
        0.37237815902,
        0.39270985802,
        0.37829669602,
        0.39019067002,
        0.36938697302,
        0.5481722630200001
      ],
      "exit_codes": [
        0,
        0,
        0,
        0,
        0,
        0,
        0,
        0,
        0,
        0
      ]
    }
  ]
}