{
  "results": [
    {
      "command": "npm",
      "mean": 7.870094575140001,
      "stddev": 0.040846233788839954,
      "median": 7.86199750664,
      "user": 7.168271239999998,
      "system": 5.025138559999999,
      "min": 7.815834140640001,
      "max": 7.94870352864,
      "times": [
        7.815834140640001,
        7.841580141640001,
        7.858297336640001,
        7.86569767664,
        7.819335741640001,
        7.847005948640001,
        7.94870352864,
        7.91566550864,
        7.883924938640001,
        7.90490078964
      ],
      "exit_codes": [
        0,
        0,
        0,
        0,
        0,
        0,
        0,
        0,
        0,
        0
      ]
    },
    {
      "command": "snpm",
      "mean": 0.16914350494000002,
      "stddev": 0.0032281161677305856,
      "median": 0.16921556364,
      "user": 0.02982784,
      "system": 0.14155476,
      "min": 0.16239104464,
      "max": 0.17484276964,
      "times": [
        0.16239104464,
        0.16640067364,
        0.16822559164,
        0.16820587064,
        0.16772897864,
        0.17057201164,
        0.17064140064,
        0.17020553564,
        0.17222117264,
        0.17484276964
      ],
      "exit_codes": [
        0,
        0,
        0,
        0,
        0,
        0,
        0,
        0,
        0,
        0
      ]
    },
    {
      "command": "yarn",
      "mean": 3.8271622989400003,
      "stddev": 0.07177234472880528,
      "median": 3.81804785964,
      "user": 3.37191014,
      "system": 4.22878886,
      "min": 3.69770442364,
      "max": 3.94427490164,
      "times": [
        3.7965828836399997,
        3.81447190064,
        3.94427490164,
        3.88899057864,
        3.75450208564,
        3.69770442364,
        3.82162381864,
        3.77552901964,
        3.90481672364,
        3.87312665364
      ],
      "exit_codes": [
        0,
        0,
        0,
        0,
        0,
        0,
        0,
        0,
        0,
        0
      ]
    },
    {
      "command": "berry",
      "mean": 4.369311085440001,
      "stddev": 0.028272283881427697,
      "median": 4.374260101640001,
      "user": 4.58898684,
      "system": 2.4897986599999995,
      "min": 4.32252105764,
      "max": 4.42233884964,
      "times": [
        4.38770396364,
        4.42233884964,
        4.3784989886400005,
        4.32252105764,
        4.337832732640001,
        4.356809295640001,
        4.37002121464,
        4.34216103364,
        4.3903143276400005,
        4.384909390640001
      ],
      "exit_codes": [
        0,
        0,
        0,
        0,
        0,
        0,
        0,
        0,
        0,
        0
      ]
    },
    {
      "command": "pnpm",
      "mean": 1.2989986326399998,
      "stddev": 0.019059959507589812,
      "median": 1.3083824761399998,
      "user": 1.9508027399999999,
      "system": 0.77423156,
      "min": 1.25844707664,
      "max": 1.31740587264,
      "times": [
        1.30990326664,
        1.31740587264,
        1.2842704886399998,
        1.30885451564,
        1.30973585164,
        1.30629402764,
        1.25844707664,
        1.31491307164,
        1.27225171864,
        1.3079104366399998
      ],
      "exit_codes": [
        0,
        0,
        0,
        0,
        0,
        0,
        0,
        0,
        0,
        0
      ]
    },
    {
      "command": "vlt",
      "mean": 2.9224572479399997,
      "stddev": 0.05539870784525549,
      "median": 2.91911831664,
      "user": 2.61895994,
      "system": 2.81367036,
      "min": 2.82621801564,
      "max": 3.00252985264,
      "times": [
        2.91867324164,
        2.92573886064,
        2.88449948464,
        3.00085298064,
        2.91385383264,
        2.82621801564,
        2.97651732264,
        2.91956339164,
        3.00252985264,
        2.85612549664
      ],
      "exit_codes": [
        0,
        0,
        0,
        0,
        0,
        0,
        0,
        0,
        0,
        0
      ]
    },
    {
      "command": "bun",
      "mean": 0.2809408903400001,
      "stddev": 0.002980757671922196,
      "median": 0.2806116456400001,
      "user": 0.017610539999999997,
      "system": 0.26818726,
      "min": 0.27661977064000004,
      "max": 0.28834696564000006,
      "times": [
        0.27661977064000004,
        0.27777221564000004,
        0.27972125364000006,
        0.28218741864,
        0.28028499164000004,
        0.28143608564000006,
        0.28193005164,
        0.28017185064000005,
        0.28093829964000006,
        0.28834696564000006
      ],
      "exit_codes": [
        0,
        0,
        0,
        0,
        0,
        0,
        0,
        0,
        0,
        0
      ]
    },
    {
      "command": "deno",
      "mean": 0.48279011124000004,
      "stddev": 0.006677041246840616,
      "median": 0.48119929364,
      "user": 0.40790884,
      "system": 0.6272894600000001,
      "min": 0.47505916264000003,
      "max": 0.49538316164000007,
      "times": [
        0.4772625796400001,
        0.48105715264000004,
        0.48750550864000003,
        0.47657539464000004,
        0.48134143464000007,
        0.48998006464000005,
        0.49538316164000007,
        0.47505916264000003,
        0.48809602364000004,
        0.47564062964000003
      ],
      "exit_codes": [
        0,
        0,
        0,
        0,
        0,
        0,
        0,
        0,
        0,
        0
      ]
    }
  ]
}