{
  "results": [
    {
      "command": "npm",
      "mean": 8.10595135132,
      "stddev": 0.031240119500474214,
      "median": 8.106067999419999,
      "user": 7.571350359999999,
      "system": 5.185894579999999,
      "min": 8.06418167242,
      "max": 8.15022563042,
      "times": [
        8.09144763442,
        8.14122525442,
        8.06418167242,
        8.12068836442,
        8.08656211842,
        8.07749200242,
        8.064191727419999,
        8.12394220042,
        8.13955690842,
        8.15022563042
      ],
      "exit_codes": [
        0,
        0,
        0,
        0,
        0,
        0,
        0,
        0,
        0,
        0
      ]
    },
    {
      "command": "snpm",
      "mean": 0.15877858932000002,
      "stddev": 0.002602183080435478,
      "median": 0.15837644292000003,
      "user": 0.03009036,
      "system": 0.13109228,
      "min": 0.15356182042000002,
      "max": 0.16237799242,
      "times": [
        0.15356182042000002,
        0.15740844442000002,
        0.15783628842000003,
        0.15631125642000002,
        0.15810272742,
        0.16039526042000002,
        0.16163620942,
        0.15865015842000002,
        0.16150573542000002,
        0.16237799242
      ],
      "exit_codes": [
        0,
        0,
        0,
        0,
        0,
        0,
        0,
        0,
        0,
        0
      ]
    },
    {
      "command": "yarn",
      "mean": 4.196308821919999,
      "stddev": 0.06281872709668267,
      "median": 4.182885110419999,
      "user": 3.7509146600000003,
      "system": 4.5643075799999995,
      "min": 4.11485502542,
      "max": 4.30553704742,
      "times": [
        4.23241306342,
        4.1877507414199995,
        4.30553704742,
        4.11485502542,
        4.17801947942,
        4.13930958642,
        4.15435930242,
        4.12615964842,
        4.278693856419999,
        4.24599046842
      ],
      "exit_codes": [
        0,
        0,
        0,
        0,
        0,
        0,
        0,
        0,
        0,
        0
      ]
    },
    {
      "command": "berry",
      "mean": 4.5898352213199995,
      "stddev": 0.03857657787931912,
      "median": 4.59060827892,
      "user": 4.84358846,
      "system": 2.61822468,
      "min": 4.51555179242,
      "max": 4.64309308042,
      "times": [
        4.64309308042,
        4.58738884042,
        4.51555179242,
        4.61270499942,
        4.59786562642,
        4.5327884664199996,
        4.64144801642,
        4.58629483342,
        4.58969864642,
        4.5915179114199995
      ],
      "exit_codes": [
        0,
        0,
        0,
        0,
        0,
        0,
        0,
        0,
        0,
        0
      ]
    },
    {
      "command": "pnpm",
      "mean": 1.35352286792,
      "stddev": 0.024668196720098238,
      "median": 1.34623205142,
      "user": 2.03324906,
      "system": 0.7820728800000001,
      "min": 1.3210002114200001,
      "max": 1.40191562342,
      "times": [
        1.3210002114200001,
        1.35104881542,
        1.35183299942,
        1.34141528742,
        1.40191562342,
        1.3408584034200002,
        1.35342310242,
        1.34111467242,
        1.39703985642,
        1.33557970742
      ],
      "exit_codes": [
        0,
        0,
        0,
        0,
        0,
        0,
        0,
        0,
        0,
        0
      ]
    },
    {
      "command": "vlt",
      "mean": 3.0289913625200002,
      "stddev": 0.03895442625698025,
      "median": 3.0201324959199995,
      "user": 2.76575356,
      "system": 2.84242568,
      "min": 2.9786707414199998,
      "max": 3.09962547642,
      "times": [
        3.0080378524199998,
        3.05003459742,
        3.07693101242,
        3.00519230342,
        3.00233462842,
        2.97994280542,
        2.9786707414199998,
        3.0569170684199998,
        3.0322271394199998,
        3.09962547642
      ],
      "exit_codes": [
        0,
        0,
        0,
        0,
        0,
        0,
        0,
        0,
        0,
        0
      ]
    },
    {
      "command": "bun",
      "mean": 0.27956074282000004,
      "stddev": 0.0014842124560190332,
      "median": 0.27997252392,
      "user": 0.017449259999999998,
      "system": 0.26775747999999994,
      "min": 0.27702636442,
      "max": 0.28167875042,
      "times": [
        0.27702636442,
        0.27993362142,
        0.27816429642,
        0.28062516942,
        0.28145576342,
        0.28001142642,
        0.28014527742,
        0.27778412142,
        0.27878263742,
        0.28167875042
      ],
      "exit_codes": [
        0,
        0,
        0,
        0,
        0,
        0,
        0,
        0,
        0,
        0
      ]
    },
    {
      "command": "deno",
      "mean": 0.5710006255200001,
      "stddev": 0.20692996299901345,
      "median": 0.50066837992,
      "user": 0.42030396000000003,
      "system": 0.63694098,
      "min": 0.49255050642000003,
      "max": 1.1912002804200001,
      "times": [
        0.5040859064200001,
        0.49725085342,
        0.49255050642000003,
        0.49724647842,
        0.49315438142,
        0.49261781242,
        0.5118329144200001,
        0.50901549542,
        1.1912002804200001,
        0.52105162642
      ],
      "exit_codes": [
        0,
        0,
        0,
        0,
        0,
        0,
        0,
        0,
        0,
        0
      ]
    }
  ]
}