{
  "results": [
    {
      "command": "npm",
      "mean": 7.745324093959999,
      "stddev": 0.028402352858253092,
      "median": 7.741073200359999,
      "user": 7.219323159999999,
      "system": 5.01191604,
      "min": 7.70617224936,
      "max": 7.79601190136,
      "times": [
        7.742629217359999,
        7.746157794359999,
        7.739517183359999,
        7.78834067836,
        7.76407393536,
        7.70617224936,
        7.72667113436,
        7.79601190136,
        7.73344373836,
        7.71022310736
      ],
      "exit_codes": [
        0,
        0,
        0,
        0,
        0,
        0,
        0,
        0,
        0,
        0
      ]
    },
    {
      "command": "snpm",
      "mean": 0.15648075676,
      "stddev": 0.003962906190082382,
      "median": 0.15843343486,
      "user": 0.02959366,
      "system": 0.12926764,
      "min": 0.15042996036,
      "max": 0.16074504136,
      "times": [
        0.15342448336,
        0.15042996036,
        0.15049966736,
        0.15299896136,
        0.15767472236,
        0.16074504136,
        0.16004366236,
        0.15961110936,
        0.16018781236000001,
        0.15919214736
      ],
      "exit_codes": [
        0,
        0,
        0,
        0,
        0,
        0,
        0,
        0,
        0,
        0
      ]
    },
    {
      "command": "yarn",
      "mean": 4.00739237836,
      "stddev": 0.06834098626775004,
      "median": 3.99742360336,
      "user": 3.6166409600000002,
      "system": 4.35341174,
      "min": 3.92007210936,
      "max": 4.14388420036,
      "times": [
        4.0946476253599995,
        4.14388420036,
        4.026977168359999,
        3.98059321236,
        3.9254851693600004,
        3.9986643983600003,
        4.040876873359999,
        3.99618280836,
        3.92007210936,
        3.94654021836
      ],
      "exit_codes": [
        0,
        0,
        0,
        0,
        0,
        0,
        0,
        0,
        0,
        0
      ]
    },
    {
      "command": "berry",
      "mean": 4.5105135266600005,
      "stddev": 0.03963200570714066,
      "median": 4.490784486859999,
      "user": 4.736993560000001,
      "system": 2.5781273399999995,
      "min": 4.4744491023599995,
      "max": 4.608258473359999,
      "times": [
        4.48233174636,
        4.4919254423599995,
        4.54528372036,
        4.48308585536,
        4.608258473359999,
        4.52421368736,
        4.4744491023599995,
        4.48045226736,
        4.48964353136,
        4.52549144036
      ],
      "exit_codes": [
        0,
        0,
        0,
        0,
        0,
        0,
        0,
        0,
        0,
        0
      ]
    },
    {
      "command": "pnpm",
      "mean": 1.37430977516,
      "stddev": 0.10094568555030431,
      "median": 1.34261586386,
      "user": 2.00391736,
      "system": 0.78640674,
      "min": 1.32454970636,
      "max": 1.67380251336,
      "times": [
        1.32454970636,
        1.3572384503600001,
        1.32871161236,
        1.3247837283600001,
        1.3428618813600002,
        1.3533634513600001,
        1.67380251336,
        1.37053087036,
        1.32488569136,
        1.34236984636
      ],
      "exit_codes": [
        0,
        0,
        0,
        0,
        0,
        0,
        0,
        0,
        0,
        0
      ]
    },
    {
      "command": "vlt",
      "mean": 2.9099665683599993,
      "stddev": 0.025809355365611436,
      "median": 2.9185097738600003,
      "user": 2.646809459999999,
      "system": 2.7741073399999996,
      "min": 2.86815333336,
      "max": 2.94370531336,
      "times": [
        2.93135923236,
        2.94370531336,
        2.88307564236,
        2.92967126636,
        2.92535442636,
        2.91166512136,
        2.90261077236,
        2.86815333336,
        2.9319179433600002,
        2.87215263236
      ],
      "exit_codes": [
        0,
        0,
        0,
        0,
        0,
        0,
        0,
        0,
        0,
        0
      ]
    },
    {
      "command": "bun",
      "mean": 0.28563869006000003,
      "stddev": 0.010437510965194536,
      "median": 0.28320324036,
      "user": 0.018065460000000002,
      "system": 0.27283514,
      "min": 0.27956811036000007,
      "max": 0.31655172536000004,
      "times": [
        0.27956811036000007,
        0.28016861836000007,
        0.27978054236000005,
        0.28343051036000005,
        0.28326234036000003,
        0.28400434936,
        0.28229801036,
        0.28417855336000003,
        0.28314414036,
        0.31655172536000004
      ],
      "exit_codes": [
        0,
        0,
        0,
        0,
        0,
        0,
        0,
        0,
        0,
        0
      ]
    },
    {
      "command": "deno",
      "mean": 0.51685752766,
      "stddev": 0.04351778714306699,
      "median": 0.5017253448600001,
      "user": 0.41981776000000004,
      "system": 0.63680034,
      "min": 0.49662402136000006,
      "max": 0.64641019836,
      "times": [
        0.50270571736,
        0.50074497236,
        0.51415179236,
        0.49756837436000007,
        0.49662402136000006,
        0.49662914136,
        0.50940157336,
        0.50002880936,
        0.50431067636,
        0.64641019836
      ],
      "exit_codes": [
        0,
        0,
        0,
        0,
        0,
        0,
        0,
        0,
        0,
        0
      ]
    }
  ]
}