{
  "results": [
    {
      "command": "npm",
      "mean": 7.69569958282,
      "stddev": 0.029778609243458327,
      "median": 7.69464485222,
      "user": 7.15684624,
      "system": 4.97642722,
      "min": 7.65163390572,
      "max": 7.75736930572,
      "times": [
        7.69957210572,
        7.70013538872,
        7.72432409472,
        7.65163390572,
        7.68971759872,
        7.66268755672,
        7.67748932772,
        7.6769343577199995,
        7.75736930572,
        7.71713218672
      ],
      "exit_codes": [
        0,
        0,
        0,
        0,
        0,
        0,
        0,
        0,
        0,
        0
      ]
    },
    {
      "command": "snpm",
      "mean": 0.15167778602000004,
      "stddev": 0.004160870763078085,
      "median": 0.15018537972,
      "user": 0.029261039999999995,
      "system": 0.12473342000000001,
      "min": 0.14641643672000001,
      "max": 0.15861483872,
      "times": [
        0.14943419172000003,
        0.15380252672000003,
        0.14842620372,
        0.14820911572000003,
        0.15499569672000002,
        0.15798451272000003,
        0.15861483872,
        0.14641643672000001,
        0.15093656772000003,
        0.14795776972000002
      ],
      "exit_codes": [
        0,
        0,
        0,
        0,
        0,
        0,
        0,
        0,
        0,
        0
      ]
    },
    {
      "command": "yarn",
      "mean": 3.84125876442,
      "stddev": 0.04029448155191383,
      "median": 3.8385147767200003,
      "user": 3.4571570400000007,
      "system": 4.21081482,
      "min": 3.78943041872,
      "max": 3.90415419972,
      "times": [
        3.8096595787200003,
        3.87531447372,
        3.89578990472,
        3.78943041872,
        3.84911515872,
        3.90415419972,
        3.86449527272,
        3.79926862272,
        3.82791439472,
        3.79744561972
      ],
      "exit_codes": [
        0,
        0,
        0,
        0,
        0,
        0,
        0,
        0,
        0,
        0
      ]
    },
    {
      "command": "berry",
      "mean": 4.419105411019999,
      "stddev": 0.05601605733011279,
      "median": 4.430630820719999,
      "user": 4.625013139999999,
      "system": 2.5365897200000003,
      "min": 4.32462582372,
      "max": 4.52096978272,
      "times": [
        4.39127153072,
        4.455353981719999,
        4.4467315977199995,
        4.3404495147199995,
        4.32462582372,
        4.46120227372,
        4.52096978272,
        4.43783271372,
        4.42342892772,
        4.3891879637199995
      ],
      "exit_codes": [
        0,
        0,
        0,
        0,
        0,
        0,
        0,
        0,
        0,
        0
      ]
    },
    {
      "command": "pnpm",
      "mean": 1.3224494619200002,
      "stddev": 0.0524467679897858,
      "median": 1.3063657512200002,
      "user": 1.9883982399999998,
      "system": 0.7700566199999999,
      "min": 1.2835898327200002,
      "max": 1.47401752472,
      "times": [
        1.3098917387200002,
        1.29584442972,
        1.3028397637200002,
        1.2835898327200002,
        1.3212369647200002,
        1.30139702872,
        1.47401752472,
        1.3333751237200002,
        1.31344616172,
        1.2888560507200002
      ],
      "exit_codes": [
        0,
        0,
        0,
        0,
        0,
        0,
        0,
        0,
        0,
        0
      ]
    },
    {
      "command": "vlt",
      "mean": 2.91733596022,
      "stddev": 0.02839537332513105,
      "median": 2.9234643782200003,
      "user": 2.64494344,
      "system": 2.76311672,
      "min": 2.86236471972,
      "max": 2.95908717972,
      "times": [
        2.94210159372,
        2.95908717972,
        2.9187225957200003,
        2.87962590572,
        2.93464693172,
        2.9061390677200003,
        2.90269772772,
        2.9282061607200003,
        2.86236471972,
        2.9397677197200003
      ],
      "exit_codes": [
        0,
        0,
        0,
        0,
        0,
        0,
        0,
        0,
        0,
        0
      ]
    },
    {
      "command": "bun",
      "mean": 0.28303976562000005,
      "stddev": 0.010410138186104211,
      "median": 0.27921320972,
      "user": 0.019404039999999997,
      "system": 0.26808622,
      "min": 0.27755001972000004,
      "max": 0.31371262172000003,
      "times": [
        0.27819492072,
        0.27755001972000004,
        0.28504092372,
        0.27855985172000003,
        0.27883316172000006,
        0.27904548472,
        0.27975179572000003,
        0.27938093472000003,
        0.28032794172000003,
        0.31371262172000003
      ],
      "exit_codes": [
        0,
        0,
        0,
        0,
        0,
        0,
        0,
        0,
        0,
        0
      ]
    },
    {
      "command": "deno",
      "mean": 0.49292750762000004,
      "stddev": 0.01969471103059003,
      "median": 0.4934634452200001,
      "user": 0.41048903999999997,
      "system": 0.6235468200000001,
      "min": 0.46041054072000004,
      "max": 0.53570964672,
      "times": [
        0.49612506472000006,
        0.47281204072000005,
        0.49992758072000004,
        0.46041054072000004,
        0.50464771972,
        0.50431001972,
        0.53570964672,
        0.48603933772,
        0.47849129972000004,
        0.49080182572000003
      ],
      "exit_codes": [
        0,
        0,
        0,
        0,
        0,
        0,
        0,
        0,
        0,
        0
      ]
    }
  ]
}