{
  "results": [
    {
      "command": "npm",
      "mean": 21.81586658504,
      "stddev": 0.6718985877061896,
      "median": 21.78144441174,
      "user": 12.49483418,
      "system": 4.42631698,
      "min": 20.97249737124,
      "max": 22.90556402924,
      "times": [
        21.74448718924,
        20.98234758724,
        22.45983177524,
        22.90556402924,
        21.92662744824,
        21.14123706624,
        21.44505941024,
        21.81840163424,
        22.76261233924,
        20.97249737124
      ],
      "exit_codes": [
        0,
        0,
        0,
        0,
        0,
        0,
        0,
        0,
        0,
        0
      ]
    },
    {
      "command": "snpm",
      "mean": 0.22915068083999998,
      "stddev": 0.0009141382906720637,
      "median": 0.22906435674000003,
      "user": 0.11214348,
      "system": 0.12492338,
      "min": 0.22807348024000001,
      "max": 0.23094786424000002,
      "times": [
        0.23094786424000002,
        0.22903432424000003,
        0.22829706824,
        0.22927905124000003,
        0.22909438924000003,
        0.22807348024000001,
        0.23000787624000002,
        0.22833989224000004,
        0.23016606524000002,
        0.22826679724
      ],
      "exit_codes": [
        0,
        0,
        0,
        0,
        0,
        0,
        0,
        0,
        0,
        0
      ]
    },
    {
      "command": "yarn",
      "mean": 12.039699579739999,
      "stddev": 0.11080540784507176,
      "median": 12.05426569474,
      "user": 15.411704479999997,
      "system": 8.208599379999999,
      "min": 11.85551976824,
      "max": 12.180270718240001,
      "times": [
        11.85551976824,
        12.15838467124,
        12.10089732824,
        12.10814070724,
        11.87146463424,
        11.98468507924,
        12.180270718240001,
        12.14544343224,
        11.984555397240001,
        12.007634061240001
      ],
      "exit_codes": [
        0,
        0,
        0,
        0,
        0,
        0,
        0,
        0,
        0,
        0
      ]
    },
    {
      "command": "berry",
      "mean": 4.92662824784,
      "stddev": 0.07461814491744426,
      "median": 4.931476741740001,
      "user": 8.289219880000001,
      "system": 2.55366318,
      "min": 4.819134609240001,
      "max": 5.02859908724,
      "times": [
        5.02859908724,
        4.819134609240001,
        4.82077151124,
        4.92207363524,
        4.86670932024,
        4.8722203012400005,
        4.993122034240001,
        4.940879848240001,
        5.00995493224,
        4.99281719924
      ],
      "exit_codes": [
        0,
        0,
        0,
        0,
        0,
        0,
        0,
        0,
        0,
        0
      ]
    },
    {
      "command": "pnpm",
      "mean": 3.1046442782399994,
      "stddev": 0.07180703247710012,
      "median": 3.09650724924,
      "user": 5.155932579999999,
      "system": 1.9335102800000001,
      "min": 3.0105267052399998,
      "max": 3.26429309724,
      "times": [
        3.11616773224,
        3.0105267052399998,
        3.26429309724,
        3.19508730124,
        3.05329675124,
        3.10673543524,
        3.08961660124,
        3.07411686624,
        3.03320439524,
        3.10339789724
      ],
      "exit_codes": [
        0,
        0,
        0,
        0,
        0,
        0,
        0,
        0,
        0,
        0
      ]
    },
    {
      "command": "vlt",
      "mean": 5.25986475814,
      "stddev": 0.20147966446231022,
      "median": 5.270817558740001,
      "user": 5.08549178,
      "system": 2.34025818,
      "min": 4.922362379240001,
      "max": 5.62075256524,
      "times": [
        5.44982106324,
        5.41205938624,
        4.922362379240001,
        5.111363010240001,
        5.62075256524,
        5.272797805240001,
        5.33512508224,
        4.990469255240001,
        5.21505972224,
        5.2688373122400005
      ],
      "exit_codes": [
        0,
        0,
        0,
        0,
        0,
        0,
        0,
        0,
        0,
        0
      ]
    },
    {
      "command": "bun",
      "mean": 1.40165826224,
      "stddev": 0.34534515324428755,
      "median": 1.27271098424,
      "user": 0.87282208,
      "system": 1.2216509799999997,
      "min": 1.18035470924,
      "max": 2.39642904024,
      "times": [
        1.35342182124,
        1.38833901124,
        2.39642904024,
        1.18035470924,
        1.28928612924,
        1.21099042824,
        1.20089917524,
        1.25613583924,
        1.23042938324,
        1.51029708524
      ],
      "exit_codes": [
        0,
        0,
        0,
        0,
        0,
        0,
        0,
        0,
        0,
        0
      ]
    },
    {
      "command": "deno",
      "mean": 6.37643072954,
      "stddev": 0.4117735360593766,
      "median": 6.32726888124,
      "user": 2.7179320799999998,
      "system": 1.5148612799999999,
      "min": 5.885386014240001,
      "max": 7.032152085240001,
      "times": [
        6.855411459240001,
        6.8766024452400005,
        5.885386014240001,
        5.92047742924,
        6.49752623224,
        7.032152085240001,
        5.91972528724,
        6.47631077624,
        6.17822698624,
        6.122488580240001
      ],
      "exit_codes": [
        0,
        0,
        0,
        0,
        0,
        0,
        0,
        0,
        0,
        0
      ]
    }
  ]
}