{
  "results": [
    {
      "command": "npm",
      "mean": 20.97680718334,
      "stddev": 0.6088549151974083,
      "median": 21.022482674639996,
      "user": 12.82369694,
      "system": 4.445979499999999,
      "min": 19.99557785714,
      "max": 21.841054973139997,
      "times": [
        21.75534283514,
        21.32194653214,
        20.20698154714,
        20.603112548139997,
        21.038698453139997,
        20.48279694914,
        21.841054973139997,
        19.99557785714,
        21.006266896139998,
        21.516293242139998
      ],
      "exit_codes": [
        0,
        0,
        0,
        0,
        0,
        0,
        0,
        0,
        0,
        0
      ]
    },
    {
      "command": "snpm",
      "mean": 0.23703831074000004,
      "stddev": 0.00438219956913672,
      "median": 0.23752019114,
      "user": 0.11933024,
      "system": 0.12580669999999997,
      "min": 0.23176046814,
      "max": 0.24481443114,
      "times": [
        0.24481443114,
        0.23273459114,
        0.23814641214,
        0.23689397014,
        0.23176046814,
        0.23823265214,
        0.23955558214,
        0.23328572314,
        0.23192501114,
        0.24303426614
      ],
      "exit_codes": [
        0,
        0,
        0,
        0,
        0,
        0,
        0,
        0,
        0,
        0
      ]
    },
    {
      "command": "yarn",
      "mean": 12.255241382140003,
      "stddev": 0.10359018600333052,
      "median": 12.249842310640002,
      "user": 15.915779639999997,
      "system": 8.358230200000001,
      "min": 12.03203578214,
      "max": 12.43497814014,
      "times": [
        12.19824651214,
        12.21414997414,
        12.43497814014,
        12.250892179140001,
        12.248792442140001,
        12.03203578214,
        12.220141699140001,
        12.38720412614,
        12.28280469614,
        12.283168270140001
      ],
      "exit_codes": [
        0,
        0,
        0,
        0,
        0,
        0,
        0,
        0,
        0,
        0
      ]
    },
    {
      "command": "berry",
      "mean": 5.001688344640001,
      "stddev": 0.05317793926056619,
      "median": 4.9960258276400005,
      "user": 8.451596040000002,
      "system": 2.6012005999999994,
      "min": 4.90289986014,
      "max": 5.0990345801400005,
      "times": [
        5.00777043214,
        5.0714759881400004,
        5.00509273514,
        4.98695892014,
        4.97453395514,
        5.0990345801400005,
        4.96332078914,
        4.90289986014,
        4.97378393814,
        5.03201224814
      ],
      "exit_codes": [
        0,
        0,
        0,
        0,
        0,
        0,
        0,
        0,
        0,
        0
      ]
    },
    {
      "command": "pnpm",
      "mean": 3.0122587487400003,
      "stddev": 0.08385695272301873,
      "median": 2.9770349026400003,
      "user": 5.107236939999999,
      "system": 1.9320400999999996,
      "min": 2.92429425114,
      "max": 3.1887722711400004,
      "times": [
        3.1887722711400004,
        3.10073766014,
        2.9852974271400003,
        3.1052318901400002,
        2.9546772381400004,
        2.9385526141400002,
        3.00318858414,
        2.9530631731400003,
        2.96877237814,
        2.92429425114
      ],
      "exit_codes": [
        0,
        0,
        0,
        0,
        0,
        0,
        0,
        0,
        0,
        0
      ]
    },
    {
      "command": "vlt",
      "mean": 5.02897245894,
      "stddev": 0.1739388388370557,
      "median": 4.982932997640001,
      "user": 5.089969939999999,
      "system": 2.3125043,
      "min": 4.787909372140001,
      "max": 5.37448304414,
      "times": [
        5.21135494814,
        4.96838104714,
        4.787909372140001,
        4.98608518514,
        4.90676002314,
        4.83156827214,
        4.97978081014,
        5.04181679014,
        5.201585097140001,
        5.37448304414
      ],
      "exit_codes": [
        0,
        0,
        0,
        0,
        0,
        0,
        0,
        0,
        0,
        0
      ]
    },
    {
      "command": "bun",
      "mean": 1.20667802394,
      "stddev": 0.04694351983779927,
      "median": 1.20958451964,
      "user": 0.9010752399999999,
      "system": 1.2107717,
      "min": 1.12333167414,
      "max": 1.27505008314,
      "times": [
        1.22161509014,
        1.2348979281399999,
        1.27505008314,
        1.12333167414,
        1.15960462614,
        1.25403798114,
        1.19155611214,
        1.15652266814,
        1.19755394914,
        1.25261012714
      ],
      "exit_codes": [
        0,
        0,
        0,
        0,
        0,
        0,
        0,
        0,
        0,
        0
      ]
    },
    {
      "command": "deno",
      "mean": 5.63602464594,
      "stddev": 0.6248178335165551,
      "median": 5.4616822236400004,
      "user": 2.7725368400000003,
      "system": 1.5257299,
      "min": 5.1150631121400005,
      "max": 7.44190658514,
      "times": [
        5.727310426140001,
        5.3311725901400004,
        7.44190658514,
        5.39903067014,
        5.62053965714,
        5.37432468314,
        5.524333777140001,
        5.1150631121400005,
        5.28386245114,
        5.5427025071400005
      ],
      "exit_codes": [
        0,
        0,
        0,
        0,
        0,
        0,
        0,
        0,
        0,
        0
      ]
    }
  ]
}