{
  "results": [
    {
      "command": "npm",
      "mean": 29.042252307220004,
      "stddev": 0.4631519102054242,
      "median": 29.015609341020003,
      "user": 12.9013155,
      "system": 4.62341758,
      "min": 28.29504564702,
      "max": 29.82138807802,
      "times": [
        28.86177869502,
        29.143275268020002,
        28.75500467202,
        28.29504564702,
        28.96062568302,
        29.07059299902,
        29.71829094302,
        29.31567964702,
        28.48084144002,
        29.82138807802
      ],
      "exit_codes": [
        0,
        0,
        0,
        0,
        0,
        0,
        0,
        0,
        0,
        0
      ]
    },
    {
      "command": "snpm",
      "mean": 0.22898492352000002,
      "stddev": 0.004350669799953297,
      "median": 0.22833173202,
      "user": 0.1144785,
      "system": 0.12238088,
      "min": 0.22389687002,
      "max": 0.24052432302,
      "times": [
        0.22389687002,
        0.22922149702000003,
        0.22930347202,
        0.22521612302000002,
        0.22734463902000002,
        0.23041300002,
        0.22628581702,
        0.22744196702000002,
        0.23020152702000002,
        0.24052432302
      ],
      "exit_codes": [
        0,
        0,
        0,
        0,
        0,
        0,
        0,
        0,
        0,
        0
      ]
    },
    {
      "command": "yarn",
      "mean": 13.249139339320001,
      "stddev": 0.19562167367769143,
      "median": 13.20650207652,
      "user": 15.773387099999999,
      "system": 8.658484679999999,
      "min": 13.004906202019999,
      "max": 13.737889446019999,
      "times": [
        13.05611965902,
        13.737889446019999,
        13.35558173802,
        13.198227185019999,
        13.004906202019999,
        13.19729862302,
        13.30881811602,
        13.314488623019999,
        13.214776968019999,
        13.103286833019999
      ],
      "exit_codes": [
        0,
        0,
        0,
        0,
        0,
        0,
        0,
        0,
        0,
        0
      ]
    },
    {
      "command": "berry",
      "mean": 5.27976189112,
      "stddev": 0.3090949479459226,
      "median": 5.19319919352,
      "user": 8.264987399999999,
      "system": 2.62243098,
      "min": 5.0257118620200005,
      "max": 6.034967416020001,
      "times": [
        5.22621230002,
        5.68097400102,
        5.19836987502,
        5.246890871020001,
        5.10846531702,
        6.034967416020001,
        5.0257118620200005,
        5.18802851202,
        5.038962891020001,
        5.0490358660200005
      ],
      "exit_codes": [
        0,
        0,
        0,
        0,
        0,
        0,
        0,
        0,
        0,
        0
      ]
    },
    {
      "command": "pnpm",
      "mean": 3.5194664215199998,
      "stddev": 0.10417586306225857,
      "median": 3.4858514450200007,
      "user": 4.8132228999999995,
      "system": 1.8815498799999997,
      "min": 3.3867155710200003,
      "max": 3.71641903302,
      "times": [
        3.3867155710200003,
        3.4877647100200004,
        3.45959539502,
        3.58850977302,
        3.71641903302,
        3.4839381800200004,
        3.5779179990200003,
        3.4203523120200003,
        3.41912831502,
        3.6543229270200004
      ],
      "exit_codes": [
        0,
        0,
        0,
        0,
        0,
        0,
        0,
        0,
        0,
        0
      ]
    },
    {
      "command": "vlt",
      "mean": 6.17582994652,
      "stddev": 0.6587981975054774,
      "median": 5.87780328152,
      "user": 4.9956059999999995,
      "system": 2.35462398,
      "min": 5.64208870802,
      "max": 8.012535486019999,
      "times": [
        8.012535486019999,
        6.33528837002,
        5.81018691702,
        5.84692102102,
        5.908685542020001,
        6.08117646002,
        5.806308905020001,
        5.64208870802,
        5.843753476020001,
        6.47135458002
      ],
      "exit_codes": [
        0,
        0,
        0,
        0,
        0,
        0,
        0,
        0,
        0,
        0
      ]
    },
    {
      "command": "bun",
      "mean": 1.7646988491199997,
      "stddev": 0.28708669832320893,
      "median": 1.7868582715199999,
      "user": 0.8609307999999999,
      "system": 1.2083002799999998,
      "min": 1.3586343330200001,
      "max": 2.31071626602,
      "times": [
        1.48241918002,
        2.01775776202,
        2.0558417560200004,
        1.49400679902,
        1.82128636402,
        1.53260948802,
        2.31071626602,
        1.76082357202,
        1.81289297102,
        1.3586343330200001
      ],
      "exit_codes": [
        0,
        0,
        0,
        0,
        0,
        0,
        0,
        0,
        0,
        0
      ]
    },
    {
      "command": "deno",
      "mean": 8.552365951119999,
      "stddev": 0.7653855406559952,
      "median": 8.623164035519999,
      "user": 2.6406377,
      "system": 1.4810790799999998,
      "min": 7.46074547202,
      "max": 9.834466300019999,
      "times": [
        7.5906255190200005,
        8.756060828019999,
        9.11740729002,
        8.59225729902,
        8.11244977702,
        8.654070772019999,
        9.564852688019998,
        7.46074547202,
        7.84072356602,
        9.834466300019999
      ],
      "exit_codes": [
        0,
        0,
        0,
        0,
        0,
        0,
        0,
        0,
        0,
        0
      ]
    }
  ]
}