{
  "results": [
    {
      "command": "npm",
      "mean": 26.383970815279998,
      "stddev": 0.8619165600266566,
      "median": 26.446908704180004,
      "user": 12.34018406,
      "system": 4.3632140999999995,
      "min": 24.61307310368,
      "max": 27.404311538680002,
      "times": [
        25.97429666568,
        25.42382302368,
        26.765153647680002,
        27.04588947868,
        27.15145475068,
        26.04813945068,
        24.61307310368,
        27.404311538680002,
        27.28490273268,
        26.128663760680002
      ],
      "exit_codes": [
        0,
        0,
        0,
        0,
        0,
        0,
        0,
        0,
        0,
        0
      ]
    },
    {
      "command": "snpm",
      "mean": 0.22879717618,
      "stddev": 0.0018231700419759093,
      "median": 0.22933209868000004,
      "user": 0.10681015999999999,
      "system": 0.12937569999999998,
      "min": 0.22492179868000003,
      "max": 0.23083435468000002,
      "times": [
        0.22922369868000003,
        0.22586756868000002,
        0.22995478668000002,
        0.23083435468000002,
        0.22994372768000002,
        0.22944049868000002,
        0.22901603468000004,
        0.23025057768,
        0.22851871568,
        0.22492179868000003
      ],
      "exit_codes": [
        0,
        0,
        0,
        0,
        0,
        0,
        0,
        0,
        0,
        0
      ]
    },
    {
      "command": "yarn",
      "mean": 12.680883514479998,
      "stddev": 0.19647350005619746,
      "median": 12.66175382768,
      "user": 15.632650860000002,
      "system": 8.379999100000001,
      "min": 12.23910572968,
      "max": 12.99428457968,
      "times": [
        12.60221841768,
        12.23910572968,
        12.77905307868,
        12.65485836368,
        12.59345878168,
        12.91245750368,
        12.76811860368,
        12.99428457968,
        12.66864929168,
        12.596630794680001
      ],
      "exit_codes": [
        0,
        0,
        0,
        0,
        0,
        0,
        0,
        0,
        0,
        0
      ]
    },
    {
      "command": "berry",
      "mean": 5.112214474180001,
      "stddev": 0.1532154990997581,
      "median": 5.11285215018,
      "user": 8.154985159999999,
      "system": 2.5280277999999994,
      "min": 4.92396890868,
      "max": 5.43151502068,
      "times": [
        5.235305520680001,
        5.0115291516800005,
        5.11866612968,
        4.93272138968,
        4.92396890868,
        4.96242279268,
        5.43151502068,
        5.2320031386800006,
        5.10703817068,
        5.16697451868
      ],
      "exit_codes": [
        0,
        0,
        0,
        0,
        0,
        0,
        0,
        0,
        0,
        0
      ]
    },
    {
      "command": "pnpm",
      "mean": 3.57228245608,
      "stddev": 0.38044561227102475,
      "median": 3.40601085368,
      "user": 4.96170176,
      "system": 1.9213097000000001,
      "min": 3.2401759706799997,
      "max": 4.520031261680001,
      "times": [
        3.41214579468,
        3.9699991566799997,
        3.59647199668,
        3.25117459368,
        3.39987591268,
        3.66116627568,
        3.36722046368,
        3.2401759706799997,
        3.30456313468,
        4.520031261680001
      ],
      "exit_codes": [
        0,
        0,
        0,
        0,
        0,
        0,
        0,
        0,
        0,
        0
      ]
    },
    {
      "command": "vlt",
      "mean": 5.618322646980001,
      "stddev": 0.29170390819731745,
      "median": 5.50549564418,
      "user": 4.86325146,
      "system": 2.3443118999999997,
      "min": 5.3391890686800005,
      "max": 6.36039007068,
      "times": [
        5.40203326468,
        5.39955012368,
        5.700575954680001,
        5.73554145768,
        6.36039007068,
        5.55984783268,
        5.4511434556800005,
        5.3391890686800005,
        5.81217495068,
        5.4227802906800004
      ],
      "exit_codes": [
        0,
        0,
        0,
        0,
        0,
        0,
        0,
        0,
        0,
        0
      ]
    },
    {
      "command": "bun",
      "mean": 1.61456440388,
      "stddev": 0.25448686955372246,
      "median": 1.55979377318,
      "user": 0.86181056,
      "system": 1.1725155999999999,
      "min": 1.39381732968,
      "max": 2.32610190668,
      "times": [
        1.6421828206800002,
        1.47946713668,
        1.62448800868,
        1.4349068776800002,
        1.5955843356800001,
        1.39381732968,
        1.6792896586800001,
        2.32610190668,
        1.52400321068,
        1.44580275368
      ],
      "exit_codes": [
        0,
        0,
        0,
        0,
        0,
        0,
        0,
        0,
        0,
        0
      ]
    },
    {
      "command": "deno",
      "mean": 8.41879519918,
      "stddev": 0.8785367141857104,
      "median": 8.38276652118,
      "user": 2.64669546,
      "system": 1.4490583000000001,
      "min": 7.063738139680001,
      "max": 9.75838355768,
      "times": [
        8.65379809368,
        7.83311021068,
        7.063738139680001,
        9.740888251680001,
        7.377027994680001,
        7.8492571066800005,
        8.37972012168,
        8.385812920680001,
        9.75838355768,
        9.146215594680001
      ],
      "exit_codes": [
        0,
        0,
        0,
        0,
        0,
        0,
        0,
        0,
        0,
        0
      ]
    }
  ]
}