{
  "results": [
    {
      "command": "npm",
      "mean": 25.220940564560003,
      "stddev": 1.0317228324241678,
      "median": 25.23290853246,
      "user": 12.445229939999999,
      "system": 3.9696023000000005,
      "min": 23.70568723946,
      "max": 27.280191329460003,
      "times": [
        25.559711218460002,
        25.839813011460002,
        23.70568723946,
        25.33210955246,
        26.229987898460003,
        24.44659376146,
        23.88080216846,
        24.800801953460002,
        27.280191329460003,
        25.133707512460003
      ],
      "exit_codes": [
        0,
        0,
        0,
        0,
        0,
        0,
        0,
        0,
        0,
        0
      ]
    },
    {
      "command": "snpm",
      "mean": 0.23413889886000003,
      "stddev": 0.001087471854594883,
      "median": 0.23425139896000002,
      "user": 0.12255433999999998,
      "system": 0.11975099999999998,
      "min": 0.23261601146000002,
      "max": 0.23581395146,
      "times": [
        0.23287362646,
        0.23556368346,
        0.23371141246000002,
        0.23443310146000002,
        0.23503589946,
        0.23261601146000002,
        0.23277408146,
        0.23406969646,
        0.23581395146,
        0.23449752446000002
      ],
      "exit_codes": [
        0,
        0,
        0,
        0,
        0,
        0,
        0,
        0,
        0,
        0
      ]
    },
    {
      "command": "yarn",
      "mean": 11.994380605759996,
      "stddev": 0.2251065135541688,
      "median": 11.872952180959999,
      "user": 15.062606039999997,
      "system": 7.483429199999999,
      "min": 11.72270903446,
      "max": 12.44050210346,
      "times": [
        12.153132505459999,
        12.257891037459999,
        12.142490841459999,
        11.779269548459999,
        12.44050210346,
        11.873260430459998,
        11.836503792459999,
        11.72270903446,
        11.86540283246,
        11.872643931459999
      ],
      "exit_codes": [
        0,
        0,
        0,
        0,
        0,
        0,
        0,
        0,
        0,
        0
      ]
    },
    {
      "command": "berry",
      "mean": 4.7717277098599995,
      "stddev": 0.22454228826469796,
      "median": 4.72029109196,
      "user": 7.76494354,
      "system": 2.4043152,
      "min": 4.5477826204600005,
      "max": 5.37822435046,
      "times": [
        4.820357002460001,
        4.56349963246,
        4.718925570460001,
        4.5477826204600005,
        5.37822435046,
        4.81339251046,
        4.72165661346,
        4.68084871046,
        4.84277977846,
        4.62981030946
      ],
      "exit_codes": [
        0,
        0,
        0,
        0,
        0,
        0,
        0,
        0,
        0,
        0
      ]
    },
    {
      "command": "pnpm",
      "mean": 3.2160440836600004,
      "stddev": 0.09713569621956449,
      "median": 3.2028998354600002,
      "user": 4.76439804,
      "system": 1.8692719999999998,
      "min": 3.08044824046,
      "max": 3.40884552146,
      "times": [
        3.21607859546,
        3.08044824046,
        3.1526991034600003,
        3.1401800044600003,
        3.13314132146,
        3.2712423734600002,
        3.21464623046,
        3.3520060054600003,
        3.19115344046,
        3.40884552146
      ],
      "exit_codes": [
        0,
        0,
        0,
        0,
        0,
        0,
        0,
        0,
        0,
        0
      ]
    },
    {
      "command": "vlt",
      "mean": 5.581398762259999,
      "stddev": 0.3530392639107022,
      "median": 5.50889112146,
      "user": 4.989535939999999,
      "system": 2.1895052,
      "min": 5.1521578774600005,
      "max": 6.1017902814600005,
      "times": [
        5.64091982146,
        6.03268178246,
        5.24687402046,
        5.1521578774600005,
        5.2207935794600004,
        6.04875309146,
        6.1017902814600005,
        5.31283079946,
        5.37686242146,
        5.68032394746
      ],
      "exit_codes": [
        0,
        0,
        0,
        0,
        0,
        0,
        0,
        0,
        0,
        0
      ]
    },
    {
      "command": "bun",
      "mean": 1.53529702266,
      "stddev": 0.5413015504939224,
      "median": 1.3532410284599998,
      "user": 0.85234124,
      "system": 1.0940123,
      "min": 1.21499285046,
      "max": 3.13439724846,
      "times": [
        1.28983906646,
        1.21499285046,
        1.28006235046,
        1.31548469046,
        3.13439724846,
        1.43448065746,
        1.4985616284599999,
        1.28283989546,
        1.39099736646,
        1.5113144724599998
      ],
      "exit_codes": [
        0,
        0,
        0,
        0,
        0,
        0,
        0,
        0,
        0,
        0
      ]
    },
    {
      "command": "deno",
      "mean": 8.07607437136,
      "stddev": 1.1622289810746502,
      "median": 7.63479154996,
      "user": 2.57553464,
      "system": 1.3158393999999998,
      "min": 6.73374173546,
      "max": 10.28816943246,
      "times": [
        7.81044088946,
        9.61885274646,
        7.4591422104600005,
        7.34497027046,
        8.117540802459999,
        9.23895913446,
        10.28816943246,
        7.28209957546,
        6.73374173546,
        6.86682691646
      ],
      "exit_codes": [
        0,
        0,
        0,
        0,
        0,
        0,
        0,
        0,
        0,
        0
      ]
    }
  ]
}