{
  "results": [
    {
      "command": "npm",
      "mean": 30.82441319774,
      "stddev": 1.703190859134207,
      "median": 30.27811840914,
      "user": 12.493630999999999,
      "system": 4.4903689,
      "min": 28.926902547639997,
      "max": 34.235613835639995,
      "times": [
        33.51481980364,
        30.221419224639998,
        29.88478647564,
        30.38389769864,
        34.235613835639995,
        29.279024657639997,
        30.334817593639997,
        28.926902547639997,
        31.83770027764,
        29.625149862639997
      ],
      "exit_codes": [
        0,
        0,
        0,
        0,
        0,
        0,
        0,
        0,
        0,
        0
      ]
    },
    {
      "command": "snpm",
      "mean": 0.22704288504,
      "stddev": 0.0009594809312981902,
      "median": 0.22716880914000004,
      "user": 0.1036572,
      "system": 0.1307675,
      "min": 0.22520642464,
      "max": 0.22886897764000003,
      "times": [
        0.22717683264000002,
        0.22776580164000002,
        0.22716078564000003,
        0.22639236464,
        0.22604150364000003,
        0.22757789864000003,
        0.22886897764000003,
        0.22678703364000002,
        0.22745122764,
        0.22520642464
      ],
      "exit_codes": [
        0,
        0,
        0,
        0,
        0,
        0,
        0,
        0,
        0,
        0
      ]
    },
    {
      "command": "yarn",
      "mean": 13.400415515739999,
      "stddev": 0.3704992124250288,
      "median": 13.232287922640001,
      "user": 15.572883799999996,
      "system": 8.6239233,
      "min": 13.03700514564,
      "max": 14.29160441564,
      "times": [
        13.226769987640001,
        13.16237784264,
        13.03700514564,
        13.23780585764,
        13.29924155664,
        13.19343755364,
        14.29160441564,
        13.730044749640001,
        13.12043581664,
        13.70543223164
      ],
      "exit_codes": [
        0,
        0,
        0,
        0,
        0,
        0,
        0,
        0,
        0,
        0
      ]
    },
    {
      "command": "berry",
      "mean": 5.291393702940001,
      "stddev": 0.18707687468348239,
      "median": 5.265313495640001,
      "user": 8.2032684,
      "system": 2.5837715999999995,
      "min": 5.01769348064,
      "max": 5.5844796186400005,
      "times": [
        5.205850095640001,
        5.32477689564,
        5.10854460064,
        5.116178988640001,
        5.01769348064,
        5.5844796186400005,
        5.5551143966400005,
        5.436590642640001,
        5.16876259364,
        5.39594571664
      ],
      "exit_codes": [
        0,
        0,
        0,
        0,
        0,
        0,
        0,
        0,
        0,
        0
      ]
    },
    {
      "command": "pnpm",
      "mean": 4.123158013439999,
      "stddev": 0.3225922143063889,
      "median": 4.00339232464,
      "user": 4.7801664,
      "system": 1.8701702,
      "min": 3.7585941416399997,
      "max": 4.63849504764,
      "times": [
        4.06884255664,
        3.85263634564,
        4.63849504764,
        4.13581740364,
        4.57501006764,
        3.9379420926399997,
        3.9056546386399997,
        3.8092935986399996,
        4.54929424164,
        3.7585941416399997
      ],
      "exit_codes": [
        0,
        0,
        0,
        0,
        0,
        0,
        0,
        0,
        0,
        0
      ]
    },
    {
      "command": "vlt",
      "mean": 6.685988480840001,
      "stddev": 0.5112414940953803,
      "median": 6.622402235140001,
      "user": 5.0417232,
      "system": 2.376153,
      "min": 6.05395500664,
      "max": 7.56704911664,
      "times": [
        7.00958878364,
        6.05395500664,
        6.21664663864,
        6.6247200286400005,
        6.53242228964,
        6.62008444164,
        6.6657748016400005,
        7.56704911664,
        6.05635731064,
        7.51328639064
      ],
      "exit_codes": [
        0,
        0,
        0,
        0,
        0,
        0,
        0,
        0,
        0,
        0
      ]
    },
    {
      "command": "bun",
      "mean": 2.0440034482400002,
      "stddev": 0.37767089506847,
      "median": 1.95472874364,
      "user": 0.8531535,
      "system": 1.1820737000000001,
      "min": 1.67357482064,
      "max": 3.0358298376399997,
      "times": [
        1.9246646436400001,
        1.67357482064,
        2.36900680764,
        3.0358298376399997,
        1.8147464986400001,
        1.99608443564,
        2.0096013606399996,
        1.95939954064,
        1.95005794664,
        1.70706859064
      ],
      "exit_codes": [
        0,
        0,
        0,
        0,
        0,
        0,
        0,
        0,
        0,
        0
      ]
    },
    {
      "command": "deno",
      "mean": 10.495324649939999,
      "stddev": 1.9623563472456325,
      "median": 9.87682454714,
      "user": 2.7157492,
      "system": 1.5262021000000001,
      "min": 8.87447074964,
      "max": 15.74425151764,
      "times": [
        15.74425151764,
        8.87447074964,
        11.61023092464,
        10.063833968640001,
        9.689815125640001,
        10.63375117764,
        11.02832082164,
        8.88724706064,
        9.03444642664,
        9.386878726640001
      ],
      "exit_codes": [
        0,
        0,
        0,
        0,
        0,
        0,
        0,
        0,
        0,
        0
      ]
    }
  ]
}