{
  "results": [
    {
      "command": "npm",
      "mean": 20.22658328814,
      "stddev": 0.48025330458525484,
      "median": 20.21798083554,
      "user": 11.918755459999996,
      "system": 3.6765570599999995,
      "min": 19.48123365854,
      "max": 21.12117510154,
      "times": [
        21.12117510154,
        20.35373974054,
        20.03438006054,
        20.08222193054,
        20.35668094054,
        20.66897172254,
        20.65274300154,
        19.61238906954,
        19.48123365854,
        19.90229765554
      ],
      "exit_codes": [
        0,
        0,
        0,
        0,
        0,
        0,
        0,
        0,
        0,
        0
      ]
    },
    {
      "command": "snpm",
      "mean": 0.23584820133999998,
      "stddev": 0.0015753282218632888,
      "median": 0.23526129303999999,
      "user": 0.11648366000000002,
      "system": 0.12757956,
      "min": 0.23403573154,
      "max": 0.23901256954,
      "times": [
        0.23847442254,
        0.23901256954,
        0.23489808354,
        0.23431862354000002,
        0.23610407354000001,
        0.23508219354,
        0.23403573154,
        0.23603372954000001,
        0.23530231354,
        0.23522027254
      ],
      "exit_codes": [
        0,
        0,
        0,
        0,
        0,
        0,
        0,
        0,
        0,
        0
      ]
    },
    {
      "command": "yarn",
      "mean": 11.10972924054,
      "stddev": 0.082362764114202,
      "median": 11.12196341504,
      "user": 14.77380746,
      "system": 7.149533159999999,
      "min": 10.99150121754,
      "max": 11.24776868454,
      "times": [
        11.13917701254,
        11.15096307854,
        11.24776868454,
        10.99150121754,
        11.13687246754,
        10.99588214454,
        11.04628697254,
        11.10705436254,
        11.061635066540001,
        11.22015139854
      ],
      "exit_codes": [
        0,
        0,
        0,
        0,
        0,
        0,
        0,
        0,
        0,
        0
      ]
    },
    {
      "command": "berry",
      "mean": 4.50235805074,
      "stddev": 0.05237210265561148,
      "median": 4.49205114054,
      "user": 7.7276209599999985,
      "system": 2.3545620599999992,
      "min": 4.428592521540001,
      "max": 4.59825487654,
      "times": [
        4.428592521540001,
        4.48464928754,
        4.59328273854,
        4.50655511354,
        4.476782737540001,
        4.59825487654,
        4.49945299354,
        4.46154250154,
        4.51375155654,
        4.46071618054
      ],
      "exit_codes": [
        0,
        0,
        0,
        0,
        0,
        0,
        0,
        0,
        0,
        0
      ]
    },
    {
      "command": "pnpm",
      "mean": 2.91136101584,
      "stddev": 0.04351518145225977,
      "median": 2.90004668154,
      "user": 4.84119386,
      "system": 1.8654934600000002,
      "min": 2.8409410095400003,
      "max": 3.00657927654,
      "times": [
        2.9004206335400005,
        2.89810614654,
        2.90851017554,
        3.00657927654,
        2.8409410095400003,
        2.89967272954,
        2.97004193854,
        2.8925602825400003,
        2.88541548454,
        2.9113624815400003
      ],
      "exit_codes": [
        0,
        0,
        0,
        0,
        0,
        0,
        0,
        0,
        0,
        0
      ]
    },
    {
      "command": "vlt",
      "mean": 4.90415423954,
      "stddev": 0.26839587148346966,
      "median": 4.87601324304,
      "user": 4.7974710599999995,
      "system": 2.1226183599999997,
      "min": 4.5531090055400005,
      "max": 5.24458709454,
      "times": [
        5.21990794854,
        4.5531090055400005,
        4.56261516054,
        4.55548085054,
        5.102981299540001,
        4.83470249454,
        5.21613205554,
        4.87132602254,
        5.24458709454,
        4.88070046354
      ],
      "exit_codes": [
        0,
        0,
        0,
        0,
        0,
        0,
        0,
        0,
        0,
        0
      ]
    },
    {
      "command": "bun",
      "mean": 1.1595341445399998,
      "stddev": 0.04356321482891303,
      "median": 1.14166448554,
      "user": 0.86759556,
      "system": 1.09114906,
      "min": 1.1110614995399999,
      "max": 1.24277888054,
      "times": [
        1.13162219754,
        1.12332428254,
        1.23223672354,
        1.24277888054,
        1.14632726454,
        1.15869814954,
        1.1110614995399999,
        1.18457562454,
        1.13700170654,
        1.12771511654
      ],
      "exit_codes": [
        0,
        0,
        0,
        0,
        0,
        0,
        0,
        0,
        0,
        0
      ]
    },
    {
      "command": "deno",
      "mean": 5.844198189239999,
      "stddev": 0.5555028919604006,
      "median": 5.651400667540001,
      "user": 2.6888081600000002,
      "system": 1.3931542600000002,
      "min": 5.3612606865400005,
      "max": 7.20612140254,
      "times": [
        6.15167161654,
        5.46416323654,
        5.39727196754,
        5.47044135054,
        6.40705364354,
        5.62267844954,
        5.68012288554,
        5.3612606865400005,
        5.681196653540001,
        7.20612140254
      ],
      "exit_codes": [
        0,
        0,
        0,
        0,
        0,
        0,
        0,
        0,
        0,
        0
      ]
    }
  ]
}