{
  "results": [
    {
      "command": "npm",
      "mean": 25.884112566120002,
      "stddev": 1.3497513708980142,
      "median": 25.468577569220002,
      "user": 12.902837020000002,
      "system": 4.62792586,
      "min": 24.42790884572,
      "max": 29.15763653472,
      "times": [
        24.53017361572,
        24.42790884572,
        27.19819494072,
        24.989922629720002,
        25.59907848472,
        26.19982846272,
        29.15763653472,
        25.21255569472,
        25.33807665372,
        26.18774979872
      ],
      "exit_codes": [
        0,
        0,
        0,
        0,
        0,
        0,
        0,
        0,
        0,
        0
      ]
    },
    {
      "command": "snpm",
      "mean": 0.23483098932000007,
      "stddev": 0.002183912836533144,
      "median": 0.23453431072000003,
      "user": 0.11717752,
      "system": 0.12574426,
      "min": 0.23142840472,
      "max": 0.23844377872000003,
      "times": [
        0.23844377872000003,
        0.23729873972,
        0.23142840472,
        0.23292532172000002,
        0.23457976172000003,
        0.23765436972,
        0.23289322472,
        0.23448885972000003,
        0.23363903572000003,
        0.23495839672000002
      ],
      "exit_codes": [
        0,
        0,
        0,
        0,
        0,
        0,
        0,
        0,
        0,
        0
      ]
    },
    {
      "command": "yarn",
      "mean": 12.81037118882,
      "stddev": 0.18718107847208376,
      "median": 12.77851181322,
      "user": 15.860091619999997,
      "system": 8.69864966,
      "min": 12.478981903720001,
      "max": 13.09799477472,
      "times": [
        13.09799477472,
        12.478981903720001,
        12.964982671720001,
        12.88671624672,
        12.68372860272,
        12.78545213872,
        12.59951078872,
        12.77151570672,
        13.06325756672,
        12.771571487720001
      ],
      "exit_codes": [
        0,
        0,
        0,
        0,
        0,
        0,
        0,
        0,
        0,
        0
      ]
    },
    {
      "command": "berry",
      "mean": 5.0908182674199995,
      "stddev": 0.06894489840065458,
      "median": 5.1004754837199995,
      "user": 8.377077519999999,
      "system": 2.63863126,
      "min": 4.98548664372,
      "max": 5.2104129627199995,
      "times": [
        5.1728075017199995,
        4.98548664372,
        5.12024405672,
        5.10911684272,
        4.99754113972,
        5.024910878719999,
        5.091834124719999,
        5.2104129627199995,
        5.074813894719999,
        5.121014628719999
      ],
      "exit_codes": [
        0,
        0,
        0,
        0,
        0,
        0,
        0,
        0,
        0,
        0
      ]
    },
    {
      "command": "pnpm",
      "mean": 3.2695338770199998,
      "stddev": 0.07269172951969971,
      "median": 3.26792731322,
      "user": 4.979674819999999,
      "system": 1.9522344600000001,
      "min": 3.14376976272,
      "max": 3.37765173872,
      "times": [
        3.34948389172,
        3.26283269972,
        3.14376976272,
        3.27302192672,
        3.22470371172,
        3.35013801672,
        3.17139529472,
        3.37765173872,
        3.25190428672,
        3.29043744072
      ],
      "exit_codes": [
        0,
        0,
        0,
        0,
        0,
        0,
        0,
        0,
        0,
        0
      ]
    },
    {
      "command": "vlt",
      "mean": 5.868261824319999,
      "stddev": 0.2467518335560505,
      "median": 5.966486312219999,
      "user": 5.01538912,
      "system": 2.4362533599999994,
      "min": 5.46441916272,
      "max": 6.1719510907199995,
      "times": [
        5.477665786719999,
        5.968449082719999,
        5.82294069572,
        6.16254531372,
        5.98915943072,
        5.63612169472,
        5.46441916272,
        6.02484244372,
        5.964523541719999,
        6.1719510907199995
      ],
      "exit_codes": [
        0,
        0,
        0,
        0,
        0,
        0,
        0,
        0,
        0,
        0
      ]
    },
    {
      "command": "bun",
      "mean": 2.0233441451200003,
      "stddev": 1.6570869766302971,
      "median": 1.4289697007200002,
      "user": 0.8806402199999999,
      "system": 1.22534736,
      "min": 1.27409302272,
      "max": 6.96247556372,
      "times": [
        1.37609874672,
        6.96247556372,
        1.3855762287200002,
        1.4723631727200002,
        1.27409302272,
        1.99219771972,
        1.48049007872,
        1.36381996872,
        1.55115202572,
        1.37517492372
      ],
      "exit_codes": [
        0,
        0,
        0,
        0,
        0,
        0,
        0,
        0,
        0,
        0
      ]
    },
    {
      "command": "deno",
      "mean": 7.59820988172,
      "stddev": 0.550344175174309,
      "median": 7.49303827022,
      "user": 2.6660784200000003,
      "system": 1.4833574600000001,
      "min": 6.49704519072,
      "max": 8.64564263872,
      "times": [
        7.32573374172,
        7.62215102172,
        8.64564263872,
        7.9300399937199995,
        7.31298970372,
        7.514648417719999,
        6.49704519072,
        7.47142812272,
        7.4304634277199995,
        8.23195655872
      ],
      "exit_codes": [
        0,
        0,
        0,
        0,
        0,
        0,
        0,
        0,
        0,
        0
      ]
    }
  ]
}